{
  "uid": "3858",
  "frontal_image": "3858_IM-1953-4004.dcm.png",
  "lateral_image": "3858_IM-1953-1001.dcm.png|3858_IM-1953-2001.dcm.png",
  "fusion_mode": "weighted_avg(f=0.65,l=0.35)",
  "predicted_classes": [
    "Lesion"
  ],
  "resolved_classes": [
    "Lesion"
  ],
  "kg_classes": [
    "Lesion"
  ],
  "num_predicted": 1,
  "conflict_resolution": "no_conflict",
  "is_uncertain": false,
  "uncertainty_reason": "",
  "inference_time_s": 0.3833,
  "gt_labels": "Calcinosis;Fractures",
  "probabilities": {
    "Airspace Disease": 0.383502,
    "Bronchiectasis": 0.057516,
    "Bronchiolitis": 0.030361,
    "Bullous Disease": 0.119533,
    "Calcified Granuloma": 0.395062,
    "Calcinosis": 0.338438,
    "Cardiac Shadow (abnormal)": 0.280083,
    "Cardiomegaly": 0.403724,
    "Consolidation": 0.251266,
    "Degenerative Change": 0.485341,
    "Edema": 0.307182,
    "Effusion": 0.111633,
    "Emphysema": 0.228726,
    "Fibrosis": 0.353458,
    "Fractures": 0.323281,
    "Hernia": 0.243348,
    "Hyperinflation": 0.479323,
    "Increased Lung Markings": 0.367867,
    "Interstitial Lung Disease": 0.189675,
    "Kyphosis": 0.210739,
    "Lesion": 0.526388,
    "Mass": 0.115842,
    "Nodule": 0.287822,
    "Osteophyte": 0.281983,
    "Pleural Effusion": 0.328574,
    "Pleural Thickening": 0.225207,
    "Pneumothorax": 0.171681,
    "Pulmonary Artery Enlargement": 0.105714,
    "Pulmonary Fibrosis": 0.134161,
    "Rib Fracture": 0.077758,
    "Scoliosis": 0.200735,
    "Subcutaneous Emphysema": 0.062716,
    "Thickening": 0.264945,
    "Volume Loss": 0.388549,
    "normal": 0.461062
  },
  "frontal_probs": {
    "Airspace Disease": 0.4281254708766937,
    "Bronchiectasis": 0.06575939804315567,
    "Bronchiolitis": 0.04093378782272339,
    "Bullous Disease": 0.15706582367420197,
    "Calcified Granuloma": 0.40728601813316345,
    "Calcinosis": 0.3530755639076233,
    "Cardiac Shadow (abnormal)": 0.3115359842777252,
    "Cardiomegaly": 0.41161394119262695,
    "Consolidation": 0.28990769386291504,
    "Degenerative Change": 0.5055252909660339,
    "Edema": 0.35131585597991943,
    "Effusion": 0.13002173602581024,
    "Emphysema": 0.20990274846553802,
    "Fibrosis": 0.353163480758667,
    "Fractures": 0.35237911343574524,
    "Hernia": 0.27678123116493225,
    "Hyperinflation": 0.48981523513793945,
    "Increased Lung Markings": 0.40589043498039246,
    "Interstitial Lung Disease": 0.1703648418188095,
    "Kyphosis": 0.22365246713161469,
    "Lesion": 0.554632842540741,
    "Mass": 0.11682048439979553,
    "Nodule": 0.31696024537086487,
    "Osteophyte": 0.3084052503108978,
    "Pleural Effusion": 0.37477120757102966,
    "Pleural Thickening": 0.24839234352111816,
    "Pneumothorax": 0.19089508056640625,
    "Pulmonary Artery Enlargement": 0.10198651999235153,
    "Pulmonary Fibrosis": 0.1383892297744751,
    "Rib Fracture": 0.09992822259664536,
    "Scoliosis": 0.21847468614578247,
    "Subcutaneous Emphysema": 0.06616336852312088,
    "Thickening": 0.2865886986255646,
    "Volume Loss": 0.42928507924079895,
    "normal": 0.4010450541973114
  },
  "lateral_probs": {
    "Airspace Disease": 0.30063024163246155,
    "Bronchiectasis": 0.0422073770314455,
    "Bronchiolitis": 0.010726250009611249,
    "Bullous Disease": 0.04983050934970379,
    "Calcified Granuloma": 0.37235940992832184,
    "Calcinosis": 0.31125257909297943,
    "Cardiac Shadow (abnormal)": 0.22167006134986877,
    "Cardiomegaly": 0.3890714645385742,
    "Consolidation": 0.1795034110546112,
    "Degenerative Change": 0.44785556197166443,
    "Edema": 0.22522040456533432,
    "Effusion": 0.0774812288582325,
    "Emphysema": 0.2636845335364342,
    "Fibrosis": 0.3540041893720627,
    "Fractures": 0.2692425474524498,
    "Hernia": 0.18125775456428528,
    "Hyperinflation": 0.4598362594842911,
    "Increased Lung Markings": 0.29725272953510284,
    "Interstitial Lung Disease": 0.22553566843271255,
    "Kyphosis": 0.18675607442855835,
    "Lesion": 0.4739343523979187,
    "Mass": 0.11402488499879837,
    "Nodule": 0.23370717465877533,
    "Osteophyte": 0.23291298002004623,
    "Pleural Effusion": 0.24277887493371964,
    "Pleural Thickening": 0.18214965611696243,
    "Pneumothorax": 0.13599766790866852,
    "Pulmonary Artery Enlargement": 0.11263726279139519,
    "Pulmonary Fibrosis": 0.1263076551258564,
    "Rib Fracture": 0.03658386878669262,
    "Scoliosis": 0.16779017448425293,
    "Subcutaneous Emphysema": 0.056312449276447296,
    "Thickening": 0.22475003451108932,
    "Volume Loss": 0.31289663910865784,
    "normal": 0.5725206434726715
  }
}