{
  "uid": "3770",
  "frontal_image": "3770_IM-1890-1001.dcm.png",
  "lateral_image": "3770_IM-1890-2001.dcm.png",
  "fusion_mode": "weighted_avg(f=0.65,l=0.35)",
  "predicted_classes": [
    "normal"
  ],
  "resolved_classes": [
    "normal"
  ],
  "kg_classes": [
    "Normal"
  ],
  "num_predicted": 1,
  "conflict_resolution": "no_conflict",
  "is_uncertain": false,
  "uncertainty_reason": "",
  "inference_time_s": 0.2929,
  "gt_labels": "Degenerative Change",
  "probabilities": {
    "Airspace Disease": 0.064222,
    "Bronchiectasis": 0.002709,
    "Bronchiolitis": 0.000291,
    "Bullous Disease": 0.004258,
    "Calcified Granuloma": 0.205176,
    "Calcinosis": 0.155309,
    "Cardiac Shadow (abnormal)": 0.017882,
    "Cardiomegaly": 0.057109,
    "Consolidation": 0.026793,
    "Degenerative Change": 0.223891,
    "Edema": 0.027339,
    "Effusion": 0.006552,
    "Emphysema": 0.071933,
    "Fibrosis": 0.100979,
    "Fractures": 0.098762,
    "Hernia": 0.041723,
    "Hyperinflation": 0.155453,
    "Increased Lung Markings": 0.050877,
    "Interstitial Lung Disease": 0.042976,
    "Kyphosis": 0.02724,
    "Lesion": 0.131727,
    "Mass": 0.014409,
    "Nodule": 0.07301,
    "Osteophyte": 0.111178,
    "Pleural Effusion": 0.025638,
    "Pleural Thickening": 0.056783,
    "Pneumothorax": 0.057781,
    "Pulmonary Artery Enlargement": 0.019144,
    "Pulmonary Fibrosis": 0.011043,
    "Rib Fracture": 0.003337,
    "Scoliosis": 0.081488,
    "Subcutaneous Emphysema": 0.001738,
    "Thickening": 0.043252,
    "Volume Loss": 0.08924,
    "normal": 0.910529
  },
  "frontal_probs": {
    "Airspace Disease": 0.04051284119486809,
    "Bronchiectasis": 0.0004024349618703127,
    "Bronchiolitis": 0.0002637447905726731,
    "Bullous Disease": 0.005041736643761396,
    "Calcified Granuloma": 0.16564211249351501,
    "Calcinosis": 0.13714978098869324,
    "Cardiac Shadow (abnormal)": 0.0058628893457353115,
    "Cardiomegaly": 0.0350227877497673,
    "Consolidation": 0.011312703602015972,
    "Degenerative Change": 0.1504243165254593,
    "Edema": 0.009677520953118801,
    "Effusion": 0.0028959629125893116,
    "Emphysema": 0.03709818422794342,
    "Fibrosis": 0.07444951683282852,
    "Fractures": 0.08861466497182846,
    "Hernia": 0.029340313747525215,
    "Hyperinflation": 0.10976202040910721,
    "Increased Lung Markings": 0.035492077469825745,
    "Interstitial Lung Disease": 0.017344722524285316,
    "Kyphosis": 0.03309314697980881,
    "Lesion": 0.07092207670211792,
    "Mass": 0.0007860168116167188,
    "Nodule": 0.043339379131793976,
    "Osteophyte": 0.07242050766944885,
    "Pleural Effusion": 0.018982812762260437,
    "Pleural Thickening": 0.050186894834041595,
    "Pneumothorax": 0.07698773592710495,
    "Pulmonary Artery Enlargement": 0.008435817435383797,
    "Pulmonary Fibrosis": 0.003659352660179138,
    "Rib Fracture": 0.0008159462595358491,
    "Scoliosis": 0.07426686584949493,
    "Subcutaneous Emphysema": 0.0010325635084882379,
    "Thickening": 0.02367233857512474,
    "Volume Loss": 0.06469361484050751,
    "normal": 0.9257999062538147
  },
  "lateral_probs": {
    "Airspace Disease": 0.10825257748365402,
    "Bronchiectasis": 0.006991764064878225,
    "Bronchiolitis": 0.0003416893014218658,
    "Bullous Disease": 0.002803283976390958,
    "Calcified Granuloma": 0.2785956561565399,
    "Calcinosis": 0.18903380632400513,
    "Cardiac Shadow (abnormal)": 0.0402039997279644,
    "Cardiomegaly": 0.09812695533037186,
    "Consolidation": 0.05554337054491043,
    "Degenerative Change": 0.3603278398513794,
    "Edema": 0.06014016270637512,
    "Effusion": 0.013341620564460754,
    "Emphysema": 0.13662733137607574,
    "Fibrosis": 0.1502467691898346,
    "Fractures": 0.11760766059160233,
    "Hernia": 0.06471889466047287,
    "Hyperinflation": 0.24030885100364685,
    "Increased Lung Markings": 0.07944870740175247,
    "Interstitial Lung Disease": 0.09057736396789551,
    "Kyphosis": 0.016371073201298714,
    "Lesion": 0.24465113878250122,
    "Mass": 0.039708465337753296,
    "Nodule": 0.1281120479106903,
    "Osteophyte": 0.18315738439559937,
    "Pleural Effusion": 0.037996239960193634,
    "Pleural Thickening": 0.06903250515460968,
    "Pneumothorax": 0.02211069129407406,
    "Pulmonary Artery Enlargement": 0.03903065249323845,
    "Pulmonary Fibrosis": 0.02475544810295105,
    "Rib Fracture": 0.00801932718604803,
    "Scoliosis": 0.09489884227514267,
    "Subcutaneous Emphysema": 0.003047990147024393,
    "Thickening": 0.07961541414260864,
    "Volume Loss": 0.13482725620269775,
    "normal": 0.8821700811386108
  }
}