{
  "uid": "3498",
  "frontal_image": "3498_IM-1702-1001.dcm.png",
  "lateral_image": "3498_IM-1702-2001.dcm.png",
  "fusion_mode": "weighted_avg(f=0.65,l=0.35)",
  "predicted_classes": [
    "normal"
  ],
  "resolved_classes": [
    "normal"
  ],
  "kg_classes": [
    "Normal"
  ],
  "num_predicted": 1,
  "conflict_resolution": "no_conflict",
  "is_uncertain": false,
  "uncertainty_reason": "",
  "inference_time_s": 0.2686,
  "gt_labels": "Fractures;Pleural Effusion;Scoliosis",
  "probabilities": {
    "Airspace Disease": 0.164303,
    "Bronchiectasis": 0.01846,
    "Bronchiolitis": 0.00398,
    "Bullous Disease": 0.023681,
    "Calcified Granuloma": 0.229718,
    "Calcinosis": 0.192725,
    "Cardiac Shadow (abnormal)": 0.061936,
    "Cardiomegaly": 0.163101,
    "Consolidation": 0.106319,
    "Degenerative Change": 0.22241,
    "Edema": 0.111285,
    "Effusion": 0.040634,
    "Emphysema": 0.191245,
    "Fibrosis": 0.212268,
    "Fractures": 0.145381,
    "Hernia": 0.10521,
    "Hyperinflation": 0.232635,
    "Increased Lung Markings": 0.132829,
    "Interstitial Lung Disease": 0.145764,
    "Kyphosis": 0.068273,
    "Lesion": 0.220099,
    "Mass": 0.040273,
    "Nodule": 0.110413,
    "Osteophyte": 0.101665,
    "Pleural Effusion": 0.128844,
    "Pleural Thickening": 0.131432,
    "Pneumothorax": 0.100152,
    "Pulmonary Artery Enlargement": 0.045147,
    "Pulmonary Fibrosis": 0.055905,
    "Rib Fracture": 0.014897,
    "Scoliosis": 0.206578,
    "Subcutaneous Emphysema": 0.01684,
    "Thickening": 0.099192,
    "Volume Loss": 0.169854,
    "normal": 0.787953
  },
  "frontal_probs": {
    "Airspace Disease": 0.06881006062030792,
    "Bronchiectasis": 0.0027811022009700537,
    "Bronchiolitis": 0.0005423452239483595,
    "Bullous Disease": 0.006808705162256956,
    "Calcified Granuloma": 0.15196725726127625,
    "Calcinosis": 0.12206640094518661,
    "Cardiac Shadow (abnormal)": 0.009434698149561882,
    "Cardiomegaly": 0.040414560586214066,
    "Consolidation": 0.027687586843967438,
    "Degenerative Change": 0.08774569630622864,
    "Edema": 0.034095700830221176,
    "Effusion": 0.006946047302335501,
    "Emphysema": 0.14835044741630554,
    "Fibrosis": 0.14380308985710144,
    "Fractures": 0.09729135036468506,
    "Hernia": 0.019126081839203835,
    "Hyperinflation": 0.13200078904628754,
    "Increased Lung Markings": 0.038122955709695816,
    "Interstitial Lung Disease": 0.07226511836051941,
    "Kyphosis": 0.015445653349161148,
    "Lesion": 0.08831896632909775,
    "Mass": 0.004687585402280092,
    "Nodule": 0.06539136916399002,
    "Osteophyte": 0.03868895769119263,
    "Pleural Effusion": 0.052826423197984695,
    "Pleural Thickening": 0.09322627633810043,
    "Pneumothorax": 0.05265062302350998,
    "Pulmonary Artery Enlargement": 0.013071645982563496,
    "Pulmonary Fibrosis": 0.0023957963567227125,
    "Rib Fracture": 0.0022798923309892416,
    "Scoliosis": 0.18037033081054688,
    "Subcutaneous Emphysema": 0.0030107370112091303,
    "Thickening": 0.0631101131439209,
    "Volume Loss": 0.07570278644561768,
    "normal": 0.9188424348831177
  },
  "lateral_probs": {
    "Airspace Disease": 0.34164565801620483,
    "Bronchiectasis": 0.0475788414478302,
    "Bronchiolitis": 0.010364208370447159,
    "Bullous Disease": 0.05501391366124153,
    "Calcified Granuloma": 0.37411266565322876,
    "Calcinosis": 0.32394903898239136,
    "Cardiac Shadow (abnormal)": 0.15943720936775208,
    "Cardiomegaly": 0.39094722270965576,
    "Consolidation": 0.25234952569007874,
    "Degenerative Change": 0.4725009500980377,
    "Edema": 0.2546370327472687,
    "Effusion": 0.10319631546735764,
    "Emphysema": 0.27090635895729065,
    "Fibrosis": 0.3394177258014679,
    "Fractures": 0.23469099402427673,
    "Hernia": 0.26508110761642456,
    "Hyperinflation": 0.41952604055404663,
    "Increased Lung Markings": 0.30871060490608215,
    "Interstitial Lung Disease": 0.28226107358932495,
    "Kyphosis": 0.16638076305389404,
    "Lesion": 0.46483418345451355,
    "Mass": 0.10636015236377716,
    "Nodule": 0.19402539730072021,
    "Osteophyte": 0.21861934661865234,
    "Pleural Effusion": 0.27001866698265076,
    "Pleural Thickening": 0.202384352684021,
    "Pneumothorax": 0.1883699744939804,
    "Pulmonary Artery Enlargement": 0.10471553355455399,
    "Pulmonary Fibrosis": 0.15527798235416412,
    "Rib Fracture": 0.038328107446432114,
    "Scoliosis": 0.2552507221698761,
    "Subcutaneous Emphysema": 0.042522747069597244,
    "Thickening": 0.16620047390460968,
    "Volume Loss": 0.3447053134441376,
    "normal": 0.5448712706565857
  }
}