{
  "uid": "3669",
  "frontal_image": "3669_IM-1826-1001.dcm.png",
  "lateral_image": "3669_IM-1826-1002.dcm.png",
  "fusion_mode": "weighted_avg(f=0.65,l=0.35)",
  "predicted_classes": [
    "normal"
  ],
  "resolved_classes": [
    "normal"
  ],
  "kg_classes": [
    "Normal"
  ],
  "num_predicted": 1,
  "conflict_resolution": "no_conflict",
  "is_uncertain": false,
  "uncertainty_reason": "",
  "inference_time_s": 0.2602,
  "gt_labels": "Emphysema",
  "probabilities": {
    "Airspace Disease": 0.212109,
    "Bronchiectasis": 0.058785,
    "Bronchiolitis": 0.004979,
    "Bullous Disease": 0.048247,
    "Calcified Granuloma": 0.415161,
    "Calcinosis": 0.289475,
    "Cardiac Shadow (abnormal)": 0.060453,
    "Cardiomegaly": 0.130424,
    "Consolidation": 0.138887,
    "Degenerative Change": 0.369979,
    "Edema": 0.105287,
    "Effusion": 0.029189,
    "Emphysema": 0.437861,
    "Fibrosis": 0.34573,
    "Fractures": 0.192602,
    "Hernia": 0.15808,
    "Hyperinflation": 0.400121,
    "Increased Lung Markings": 0.167325,
    "Interstitial Lung Disease": 0.297337,
    "Kyphosis": 0.066751,
    "Lesion": 0.411879,
    "Mass": 0.068331,
    "Nodule": 0.216686,
    "Osteophyte": 0.139072,
    "Pleural Effusion": 0.098245,
    "Pleural Thickening": 0.177129,
    "Pneumothorax": 0.073543,
    "Pulmonary Artery Enlargement": 0.054425,
    "Pulmonary Fibrosis": 0.064179,
    "Rib Fracture": 0.022367,
    "Scoliosis": 0.175325,
    "Subcutaneous Emphysema": 0.019319,
    "Thickening": 0.125628,
    "Volume Loss": 0.200504,
    "normal": 0.731261
  },
  "frontal_probs": {
    "Airspace Disease": 0.18966642022132874,
    "Bronchiectasis": 0.04336712509393692,
    "Bronchiolitis": 0.0039848750457167625,
    "Bullous Disease": 0.052589401602745056,
    "Calcified Granuloma": 0.43235909938812256,
    "Calcinosis": 0.2587501108646393,
    "Cardiac Shadow (abnormal)": 0.034654922783374786,
    "Cardiomegaly": 0.05717279389500618,
    "Consolidation": 0.10690686851739883,
    "Degenerative Change": 0.32429736852645874,
    "Edema": 0.06922473758459091,
    "Effusion": 0.010397317819297314,
    "Emphysema": 0.4305565059185028,
    "Fibrosis": 0.3639986515045166,
    "Fractures": 0.1695462316274643,
    "Hernia": 0.13110436499118805,
    "Hyperinflation": 0.38672277331352234,
    "Increased Lung Markings": 0.1412840336561203,
    "Interstitial Lung Disease": 0.29081079363822937,
    "Kyphosis": 0.058431971818208694,
    "Lesion": 0.3992064297199249,
    "Mass": 0.047631848603487015,
    "Nodule": 0.21452923119068146,
    "Osteophyte": 0.07603750377893448,
    "Pleural Effusion": 0.056145258247852325,
    "Pleural Thickening": 0.12974469363689423,
    "Pneumothorax": 0.04282160848379135,
    "Pulmonary Artery Enlargement": 0.01835138350725174,
    "Pulmonary Fibrosis": 0.04530708119273186,
    "Rib Fracture": 0.015021809376776218,
    "Scoliosis": 0.14876744151115417,
    "Subcutaneous Emphysema": 0.011274701915681362,
    "Thickening": 0.11756042391061783,
    "Volume Loss": 0.14118638634681702,
    "normal": 0.7754406332969666
  },
  "lateral_probs": {
    "Airspace Disease": 0.253789484500885,
    "Bronchiectasis": 0.0874190628528595,
    "Bronchiolitis": 0.006826062221080065,
    "Bullous Disease": 0.04018392413854599,
    "Calcified Granuloma": 0.3832218647003174,
    "Calcinosis": 0.3465343415737152,
    "Cardiac Shadow (abnormal)": 0.10836450010538101,
    "Cardiomegaly": 0.26646193861961365,
    "Consolidation": 0.19827787578105927,
    "Degenerative Change": 0.45481520891189575,
    "Edema": 0.1722596138715744,
    "Effusion": 0.06408650428056717,
    "Emphysema": 0.45142778754234314,
    "Fibrosis": 0.3118020296096802,
    "Fractures": 0.23541904985904694,
    "Hernia": 0.20817674696445465,
    "Hyperinflation": 0.42500460147857666,
    "Increased Lung Markings": 0.21568627655506134,
    "Interstitial Lung Disease": 0.3094574213027954,
    "Kyphosis": 0.08220140635967255,
    "Lesion": 0.4354150891304016,
    "Mass": 0.106772780418396,
    "Nodule": 0.2206926941871643,
    "Osteophyte": 0.2561365067958832,
    "Pleural Effusion": 0.17643123865127563,
    "Pleural Thickening": 0.26512983441352844,
    "Pneumothorax": 0.13059714436531067,
    "Pulmonary Artery Enlargement": 0.1214197650551796,
    "Pulmonary Fibrosis": 0.0992264375090599,
    "Rib Fracture": 0.03600766882300377,
    "Scoliosis": 0.22464662790298462,
    "Subcutaneous Emphysema": 0.034258149564266205,
    "Thickening": 0.14061149954795837,
    "Volume Loss": 0.3106667101383209,
    "normal": 0.6492129564285278
  }
}