{
  "uid": "3877",
  "frontal_image": "3877_IM-1967-1001.dcm.png",
  "lateral_image": "3877_IM-1967-1002.dcm.png",
  "fusion_mode": "weighted_avg(f=0.65,l=0.35)",
  "predicted_classes": [
    "Lesion"
  ],
  "resolved_classes": [
    "Lesion"
  ],
  "kg_classes": [
    "Lesion"
  ],
  "num_predicted": 1,
  "conflict_resolution": "no_conflict",
  "is_uncertain": false,
  "uncertainty_reason": "",
  "inference_time_s": 0.2367,
  "gt_labels": "Degenerative Change;Edema;Lesion;Pleural Effusion",
  "probabilities": {
    "Airspace Disease": 0.402023,
    "Bronchiectasis": 0.110188,
    "Bronchiolitis": 0.043515,
    "Bullous Disease": 0.082043,
    "Calcified Granuloma": 0.374924,
    "Calcinosis": 0.36973,
    "Cardiac Shadow (abnormal)": 0.25636,
    "Cardiomegaly": 0.458411,
    "Consolidation": 0.327094,
    "Degenerative Change": 0.445839,
    "Edema": 0.312923,
    "Effusion": 0.102741,
    "Emphysema": 0.352879,
    "Fibrosis": 0.335144,
    "Fractures": 0.255471,
    "Hernia": 0.317457,
    "Hyperinflation": 0.459172,
    "Increased Lung Markings": 0.31378,
    "Interstitial Lung Disease": 0.295208,
    "Kyphosis": 0.229066,
    "Lesion": 0.543982,
    "Mass": 0.155779,
    "Nodule": 0.235274,
    "Osteophyte": 0.235421,
    "Pleural Effusion": 0.379532,
    "Pleural Thickening": 0.295175,
    "Pneumothorax": 0.134457,
    "Pulmonary Artery Enlargement": 0.13013,
    "Pulmonary Fibrosis": 0.21217,
    "Rib Fracture": 0.082728,
    "Scoliosis": 0.272295,
    "Subcutaneous Emphysema": 0.09111,
    "Thickening": 0.27586,
    "Volume Loss": 0.424762,
    "normal": 0.498062
  },
  "frontal_probs": {
    "Airspace Disease": 0.3844321668148041,
    "Bronchiectasis": 0.08063952624797821,
    "Bronchiolitis": 0.0518253818154335,
    "Bullous Disease": 0.08621532469987869,
    "Calcified Granuloma": 0.37085118889808655,
    "Calcinosis": 0.40132856369018555,
    "Cardiac Shadow (abnormal)": 0.2651093006134033,
    "Cardiomegaly": 0.49604904651641846,
    "Consolidation": 0.35629138350486755,
    "Degenerative Change": 0.448952853679657,
    "Edema": 0.3044585585594177,
    "Effusion": 0.09287089854478836,
    "Emphysema": 0.32560276985168457,
    "Fibrosis": 0.33696451783180237,
    "Fractures": 0.2694765329360962,
    "Hernia": 0.3136451840400696,
    "Hyperinflation": 0.44001874327659607,
    "Increased Lung Markings": 0.3254994750022888,
    "Interstitial Lung Disease": 0.2737647593021393,
    "Kyphosis": 0.2612592875957489,
    "Lesion": 0.5443330407142639,
    "Mass": 0.15777814388275146,
    "Nodule": 0.2321559190750122,
    "Osteophyte": 0.21992118656635284,
    "Pleural Effusion": 0.3348865509033203,
    "Pleural Thickening": 0.2669947147369385,
    "Pneumothorax": 0.11278360337018967,
    "Pulmonary Artery Enlargement": 0.13070206344127655,
    "Pulmonary Fibrosis": 0.22157710790634155,
    "Rib Fracture": 0.08476172387599945,
    "Scoliosis": 0.2847590744495392,
    "Subcutaneous Emphysema": 0.10153558105230331,
    "Thickening": 0.28408071398735046,
    "Volume Loss": 0.4323216378688812,
    "normal": 0.4994957745075226
  },
  "lateral_probs": {
    "Airspace Disease": 0.43469277024269104,
    "Bronchiectasis": 0.16506345570087433,
    "Bronchiolitis": 0.028080753982067108,
    "Bullous Disease": 0.07429324835538864,
    "Calcified Granuloma": 0.38248690962791443,
    "Calcinosis": 0.31104594469070435,
    "Cardiac Shadow (abnormal)": 0.2401120364665985,
    "Cardiomegaly": 0.3885122835636139,
    "Consolidation": 0.2728689908981323,
    "Degenerative Change": 0.44005608558654785,
    "Edema": 0.32864218950271606,
    "Effusion": 0.12107173353433609,
    "Emphysema": 0.40353521704673767,
    "Fibrosis": 0.3317635953426361,
    "Fractures": 0.22946065664291382,
    "Hernia": 0.32453611493110657,
    "Hyperinflation": 0.49474096298217773,
    "Increased Lung Markings": 0.2920165956020355,
    "Interstitial Lung Disease": 0.33503100275993347,
    "Kyphosis": 0.1692778617143631,
    "Lesion": 0.5433303117752075,
    "Mass": 0.1520669311285019,
    "Nodule": 0.24106459319591522,
    "Osteophyte": 0.2642071843147278,
    "Pleural Effusion": 0.4624459147453308,
    "Pleural Thickening": 0.34750932455062866,
    "Pneumothorax": 0.1747080385684967,
    "Pulmonary Artery Enlargement": 0.1290675550699234,
    "Pulmonary Fibrosis": 0.19469977915287018,
    "Rib Fracture": 0.07895081490278244,
    "Scoliosis": 0.2491474151611328,
    "Subcutaneous Emphysema": 0.07174726575613022,
    "Thickening": 0.26059409976005554,
    "Volume Loss": 0.41072243452072144,
    "normal": 0.495399534702301
  }
}