{
  "uid": "3315",
  "frontal_image": "3315_IM-1586-1001.dcm.png",
  "lateral_image": "3315_IM-1586-2001.dcm.png",
  "fusion_mode": "weighted_avg(f=0.65,l=0.35)",
  "predicted_classes": [
    "normal"
  ],
  "resolved_classes": [
    "normal"
  ],
  "kg_classes": [
    "Normal"
  ],
  "num_predicted": 1,
  "conflict_resolution": "no_conflict",
  "is_uncertain": false,
  "uncertainty_reason": "",
  "inference_time_s": 0.242,
  "gt_labels": "normal",
  "probabilities": {
    "Airspace Disease": 0.133576,
    "Bronchiectasis": 0.012592,
    "Bronchiolitis": 0.005148,
    "Bullous Disease": 0.019294,
    "Calcified Granuloma": 0.344352,
    "Calcinosis": 0.284588,
    "Cardiac Shadow (abnormal)": 0.027544,
    "Cardiomegaly": 0.083437,
    "Consolidation": 0.090077,
    "Degenerative Change": 0.342716,
    "Edema": 0.035001,
    "Effusion": 0.008311,
    "Emphysema": 0.230692,
    "Fibrosis": 0.264416,
    "Fractures": 0.200291,
    "Hernia": 0.108797,
    "Hyperinflation": 0.298437,
    "Increased Lung Markings": 0.159482,
    "Interstitial Lung Disease": 0.174373,
    "Kyphosis": 0.105537,
    "Lesion": 0.226573,
    "Mass": 0.053849,
    "Nodule": 0.177294,
    "Osteophyte": 0.151322,
    "Pleural Effusion": 0.059793,
    "Pleural Thickening": 0.091931,
    "Pneumothorax": 0.040455,
    "Pulmonary Artery Enlargement": 0.032414,
    "Pulmonary Fibrosis": 0.021697,
    "Rib Fracture": 0.011526,
    "Scoliosis": 0.195114,
    "Subcutaneous Emphysema": 0.01526,
    "Thickening": 0.087549,
    "Volume Loss": 0.173557,
    "normal": 0.816278
  },
  "frontal_probs": {
    "Airspace Disease": 0.15750248730182648,
    "Bronchiectasis": 0.01575733907520771,
    "Bronchiolitis": 0.007573960814625025,
    "Bullous Disease": 0.026692986488342285,
    "Calcified Granuloma": 0.37054479122161865,
    "Calcinosis": 0.31216365098953247,
    "Cardiac Shadow (abnormal)": 0.024410130456089973,
    "Cardiomegaly": 0.07179098576307297,
    "Consolidation": 0.11221250146627426,
    "Degenerative Change": 0.32200610637664795,
    "Edema": 0.029826872050762177,
    "Effusion": 0.009686783887445927,
    "Emphysema": 0.30851250886917114,
    "Fibrosis": 0.3074020445346832,
    "Fractures": 0.24647320806980133,
    "Hernia": 0.14803799986839294,
    "Hyperinflation": 0.33676502108573914,
    "Increased Lung Markings": 0.18871407210826874,
    "Interstitial Lung Disease": 0.20963434875011444,
    "Kyphosis": 0.13690659403800964,
    "Lesion": 0.2449999451637268,
    "Mass": 0.07284720987081528,
    "Nodule": 0.19942590594291687,
    "Osteophyte": 0.17137309908866882,
    "Pleural Effusion": 0.0696825385093689,
    "Pleural Thickening": 0.1199445053935051,
    "Pneumothorax": 0.044711023569107056,
    "Pulmonary Artery Enlargement": 0.032171137630939484,
    "Pulmonary Fibrosis": 0.0252238642424345,
    "Rib Fracture": 0.016076363623142242,
    "Scoliosis": 0.23628199100494385,
    "Subcutaneous Emphysema": 0.018677663058042526,
    "Thickening": 0.09410346299409866,
    "Volume Loss": 0.18941032886505127,
    "normal": 0.7990204691886902
  },
  "lateral_probs": {
    "Airspace Disease": 0.08914139121770859,
    "Bronchiectasis": 0.006712412927299738,
    "Bronchiolitis": 0.0006435978575609624,
    "Bullous Disease": 0.00555358175188303,
    "Calcified Granuloma": 0.29570943117141724,
    "Calcinosis": 0.23337623476982117,
    "Cardiac Shadow (abnormal)": 0.03336406499147415,
    "Cardiomegaly": 0.10506417602300644,
    "Consolidation": 0.04896733909845352,
    "Degenerative Change": 0.3811778724193573,
    "Edema": 0.04461017623543739,
    "Effusion": 0.005754738114774227,
    "Emphysema": 0.08616722375154495,
    "Fibrosis": 0.18458595871925354,
    "Fractures": 0.11452525109052658,
    "Hernia": 0.03591960296034813,
    "Hyperinflation": 0.22725678980350494,
    "Increased Lung Markings": 0.10519527643918991,
    "Interstitial Lung Disease": 0.10888770967721939,
    "Kyphosis": 0.04728034511208534,
    "Lesion": 0.19235146045684814,
    "Mass": 0.01856704242527485,
    "Nodule": 0.13619250059127808,
    "Osteophyte": 0.1140846312046051,
    "Pleural Effusion": 0.04142804443836212,
    "Pleural Thickening": 0.039906445890665054,
    "Pneumothorax": 0.03255016356706619,
    "Pulmonary Artery Enlargement": 0.03286564350128174,
    "Pulmonary Fibrosis": 0.015148048289120197,
    "Rib Fracture": 0.0030739782378077507,
    "Scoliosis": 0.11865928769111633,
    "Subcutaneous Emphysema": 0.00891309417784214,
    "Thickening": 0.07537778466939926,
    "Volume Loss": 0.1441141813993454,
    "normal": 0.8483267426490784
  }
}