{
  "uid": "3612",
  "frontal_image": "3612_IM-1785-1001.dcm.png",
  "lateral_image": "3612_IM-1785-2001.dcm.png",
  "fusion_mode": "weighted_avg(f=0.65,l=0.35)",
  "predicted_classes": [
    "normal"
  ],
  "resolved_classes": [
    "normal"
  ],
  "kg_classes": [
    "Normal"
  ],
  "num_predicted": 1,
  "conflict_resolution": "no_conflict",
  "is_uncertain": true,
  "uncertainty_reason": "normal_prob=0.608 (<0.73) with elevated disease scores: Degenerative Change=0.441, Lesion=0.424, Cardiomegaly=0.390",
  "inference_time_s": 0.2709,
  "gt_labels": "Calcinosis;Degenerative Change;Hyperinflation",
  "probabilities": {
    "Airspace Disease": 0.249402,
    "Bronchiectasis": 0.036588,
    "Bronchiolitis": 0.015111,
    "Bullous Disease": 0.065396,
    "Calcified Granuloma": 0.378072,
    "Calcinosis": 0.363998,
    "Cardiac Shadow (abnormal)": 0.204393,
    "Cardiomegaly": 0.390229,
    "Consolidation": 0.150627,
    "Degenerative Change": 0.440742,
    "Edema": 0.244323,
    "Effusion": 0.119951,
    "Emphysema": 0.223465,
    "Fibrosis": 0.279125,
    "Fractures": 0.283952,
    "Hernia": 0.222589,
    "Hyperinflation": 0.364958,
    "Increased Lung Markings": 0.245978,
    "Interstitial Lung Disease": 0.221597,
    "Kyphosis": 0.179078,
    "Lesion": 0.423512,
    "Mass": 0.112316,
    "Nodule": 0.251917,
    "Osteophyte": 0.242666,
    "Pleural Effusion": 0.241583,
    "Pleural Thickening": 0.202343,
    "Pneumothorax": 0.163964,
    "Pulmonary Artery Enlargement": 0.124853,
    "Pulmonary Fibrosis": 0.129746,
    "Rib Fracture": 0.05309,
    "Scoliosis": 0.216546,
    "Subcutaneous Emphysema": 0.066553,
    "Thickening": 0.230065,
    "Volume Loss": 0.288852,
    "normal": 0.60778
  },
  "frontal_probs": {
    "Airspace Disease": 0.27920544147491455,
    "Bronchiectasis": 0.047614775598049164,
    "Bronchiolitis": 0.019671328365802765,
    "Bullous Disease": 0.0802365094423294,
    "Calcified Granuloma": 0.39832785725593567,
    "Calcinosis": 0.39680954813957214,
    "Cardiac Shadow (abnormal)": 0.23664134740829468,
    "Cardiomegaly": 0.4206443428993225,
    "Consolidation": 0.1758660078048706,
    "Degenerative Change": 0.4656887650489807,
    "Edema": 0.274544358253479,
    "Effusion": 0.14722774922847748,
    "Emphysema": 0.24466077983379364,
    "Fibrosis": 0.297055721282959,
    "Fractures": 0.2981855571269989,
    "Hernia": 0.2621815800666809,
    "Hyperinflation": 0.3606662452220917,
    "Increased Lung Markings": 0.23536880314350128,
    "Interstitial Lung Disease": 0.2198687195777893,
    "Kyphosis": 0.19468645751476288,
    "Lesion": 0.4550602436065674,
    "Mass": 0.13949079811573029,
    "Nodule": 0.3012252748012543,
    "Osteophyte": 0.26357966661453247,
    "Pleural Effusion": 0.27628791332244873,
    "Pleural Thickening": 0.24910621345043182,
    "Pneumothorax": 0.1830596625804901,
    "Pulmonary Artery Enlargement": 0.14725680649280548,
    "Pulmonary Fibrosis": 0.15856099128723145,
    "Rib Fracture": 0.07143064588308334,
    "Scoliosis": 0.24879945814609528,
    "Subcutaneous Emphysema": 0.07070063799619675,
    "Thickening": 0.28221824765205383,
    "Volume Loss": 0.3091680407524109,
    "normal": 0.5723116993904114
  },
  "lateral_probs": {
    "Airspace Disease": 0.19405417144298553,
    "Bronchiectasis": 0.016110317781567574,
    "Bronchiolitis": 0.006641118787229061,
    "Bullous Disease": 0.03783426806330681,
    "Calcified Granuloma": 0.3404547870159149,
    "Calcinosis": 0.30306369066238403,
    "Cardiac Shadow (abnormal)": 0.14450424909591675,
    "Cardiomegaly": 0.3337431848049164,
    "Consolidation": 0.10375458747148514,
    "Degenerative Change": 0.39441317319869995,
    "Edema": 0.18819887936115265,
    "Effusion": 0.06929543614387512,
    "Emphysema": 0.1841001808643341,
    "Fibrosis": 0.24582594633102417,
    "Fractures": 0.25751838088035583,
    "Hernia": 0.14905951917171478,
    "Hyperinflation": 0.3729279935359955,
    "Increased Lung Markings": 0.26568111777305603,
    "Interstitial Lung Disease": 0.2248077094554901,
    "Kyphosis": 0.15009094774723053,
    "Lesion": 0.3649231791496277,
    "Mass": 0.06184817850589752,
    "Nodule": 0.160345658659935,
    "Osteophyte": 0.20382599532604218,
    "Pleural Effusion": 0.17713052034378052,
    "Pleural Thickening": 0.11549809575080872,
    "Pneumothorax": 0.1285003125667572,
    "Pulmonary Artery Enlargement": 0.08324691653251648,
    "Pulmonary Fibrosis": 0.07623173296451569,
    "Rib Fracture": 0.01902865245938301,
    "Scoliosis": 0.15664762258529663,
    "Subcutaneous Emphysema": 0.05885099247097969,
    "Thickening": 0.13320966064929962,
    "Volume Loss": 0.2511216402053833,
    "normal": 0.673650860786438
  }
}