{
  "uid": "3487",
  "frontal_image": "3487_IM-1696-1001.dcm.png",
  "lateral_image": "3487_IM-1696-2001.dcm.png",
  "fusion_mode": "weighted_avg(f=0.65,l=0.35)",
  "predicted_classes": [
    "normal"
  ],
  "resolved_classes": [
    "normal"
  ],
  "kg_classes": [
    "Normal"
  ],
  "num_predicted": 1,
  "conflict_resolution": "no_conflict",
  "is_uncertain": false,
  "uncertainty_reason": "",
  "inference_time_s": 0.2385,
  "gt_labels": "normal",
  "probabilities": {
    "Airspace Disease": 0.098572,
    "Bronchiectasis": 0.006054,
    "Bronchiolitis": 0.001287,
    "Bullous Disease": 0.003982,
    "Calcified Granuloma": 0.154108,
    "Calcinosis": 0.124354,
    "Cardiac Shadow (abnormal)": 0.030505,
    "Cardiomegaly": 0.104629,
    "Consolidation": 0.091343,
    "Degenerative Change": 0.157029,
    "Edema": 0.048615,
    "Effusion": 0.01585,
    "Emphysema": 0.047192,
    "Fibrosis": 0.158765,
    "Fractures": 0.112247,
    "Hernia": 0.048014,
    "Hyperinflation": 0.215545,
    "Increased Lung Markings": 0.101284,
    "Interstitial Lung Disease": 0.045517,
    "Kyphosis": 0.047894,
    "Lesion": 0.186049,
    "Mass": 0.032784,
    "Nodule": 0.117729,
    "Osteophyte": 0.071582,
    "Pleural Effusion": 0.099531,
    "Pleural Thickening": 0.107995,
    "Pneumothorax": 0.04619,
    "Pulmonary Artery Enlargement": 0.02844,
    "Pulmonary Fibrosis": 0.006516,
    "Rib Fracture": 0.00379,
    "Scoliosis": 0.247203,
    "Subcutaneous Emphysema": 0.006631,
    "Thickening": 0.066083,
    "Volume Loss": 0.147638,
    "normal": 0.91076
  },
  "frontal_probs": {
    "Airspace Disease": 0.08896750956773758,
    "Bronchiectasis": 0.0013001466868445277,
    "Bronchiolitis": 0.0010589840821921825,
    "Bullous Disease": 0.0021498759742826223,
    "Calcified Granuloma": 0.16444845497608185,
    "Calcinosis": 0.12476477026939392,
    "Cardiac Shadow (abnormal)": 0.00938743632286787,
    "Cardiomegaly": 0.04861166328191757,
    "Consolidation": 0.0950646623969078,
    "Degenerative Change": 0.1451527178287506,
    "Edema": 0.02133789286017418,
    "Effusion": 0.009662940166890621,
    "Emphysema": 0.052454087883234024,
    "Fibrosis": 0.1684488207101822,
    "Fractures": 0.11331593245267868,
    "Hernia": 0.03702521324157715,
    "Hyperinflation": 0.2152072936296463,
    "Increased Lung Markings": 0.08445987850427628,
    "Interstitial Lung Disease": 0.041394755244255066,
    "Kyphosis": 0.01931583881378174,
    "Lesion": 0.17360033094882965,
    "Mass": 0.022468600422143936,
    "Nodule": 0.1285342425107956,
    "Osteophyte": 0.05399572476744652,
    "Pleural Effusion": 0.09481418132781982,
    "Pleural Thickening": 0.08883433789014816,
    "Pneumothorax": 0.028666958212852478,
    "Pulmonary Artery Enlargement": 0.009263487532734871,
    "Pulmonary Fibrosis": 0.005018848925828934,
    "Rib Fracture": 0.002376764314249158,
    "Scoliosis": 0.2643212080001831,
    "Subcutaneous Emphysema": 0.004709254950284958,
    "Thickening": 0.0667441263794899,
    "Volume Loss": 0.1452646404504776,
    "normal": 0.9240206480026245
  },
  "lateral_probs": {
    "Airspace Disease": 0.11640799790620804,
    "Bronchiectasis": 0.014883470721542835,
    "Bronchiolitis": 0.0017112168716266751,
    "Bullous Disease": 0.007383893709629774,
    "Calcified Granuloma": 0.134903222322464,
    "Calcinosis": 0.12359088659286499,
    "Cardiac Shadow (abnormal)": 0.06972347944974899,
    "Cardiomegaly": 0.20866133272647858,
    "Consolidation": 0.08443239331245422,
    "Degenerative Change": 0.1790848821401596,
    "Edema": 0.09927350282669067,
    "Effusion": 0.02734166383743286,
    "Emphysema": 0.037419456988573074,
    "Fibrosis": 0.1407807171344757,
    "Fractures": 0.11026065796613693,
    "Hernia": 0.06842204183340073,
    "Hyperinflation": 0.216171994805336,
    "Increased Lung Markings": 0.1325298249721527,
    "Interstitial Lung Disease": 0.05317253991961479,
    "Kyphosis": 0.10096701979637146,
    "Lesion": 0.20916695892810822,
    "Mass": 0.0519411601126194,
    "Nodule": 0.09766262769699097,
    "Osteophyte": 0.10424310714006424,
    "Pleural Effusion": 0.10829102247953415,
    "Pleural Thickening": 0.14357967674732208,
    "Pneumothorax": 0.07873380184173584,
    "Pulmonary Artery Enlargement": 0.0640534833073616,
    "Pulmonary Fibrosis": 0.009295765310525894,
    "Rib Fracture": 0.006415594834834337,
    "Scoliosis": 0.21541251242160797,
    "Subcutaneous Emphysema": 0.010198753327131271,
    "Thickening": 0.06485535949468613,
    "Volume Loss": 0.1520446091890335,
    "normal": 0.8861332535743713
  }
}