{
  "uid": "3551",
  "frontal_image": "3551_IM-1740-12012.dcm.png",
  "lateral_image": "3551_IM-1740-1001.dcm.png|3551_IM-1740-2001.dcm.png",
  "fusion_mode": "weighted_avg(f=0.65,l=0.35)",
  "predicted_classes": [
    "normal"
  ],
  "resolved_classes": [
    "normal"
  ],
  "kg_classes": [
    "Normal"
  ],
  "num_predicted": 1,
  "conflict_resolution": "no_conflict",
  "is_uncertain": false,
  "uncertainty_reason": "",
  "inference_time_s": 0.3995,
  "gt_labels": "Lesion;Nodule",
  "probabilities": {
    "Airspace Disease": 0.126028,
    "Bronchiectasis": 0.007557,
    "Bronchiolitis": 0.003884,
    "Bullous Disease": 0.017548,
    "Calcified Granuloma": 0.334151,
    "Calcinosis": 0.241227,
    "Cardiac Shadow (abnormal)": 0.065136,
    "Cardiomegaly": 0.118182,
    "Consolidation": 0.067978,
    "Degenerative Change": 0.338782,
    "Edema": 0.063771,
    "Effusion": 0.026703,
    "Emphysema": 0.125925,
    "Fibrosis": 0.165004,
    "Fractures": 0.20237,
    "Hernia": 0.124556,
    "Hyperinflation": 0.282628,
    "Increased Lung Markings": 0.183385,
    "Interstitial Lung Disease": 0.075993,
    "Kyphosis": 0.066894,
    "Lesion": 0.24114,
    "Mass": 0.034663,
    "Nodule": 0.140628,
    "Osteophyte": 0.163443,
    "Pleural Effusion": 0.06772,
    "Pleural Thickening": 0.089462,
    "Pneumothorax": 0.120674,
    "Pulmonary Artery Enlargement": 0.025926,
    "Pulmonary Fibrosis": 0.033721,
    "Rib Fracture": 0.009369,
    "Scoliosis": 0.155545,
    "Subcutaneous Emphysema": 0.023232,
    "Thickening": 0.10098,
    "Volume Loss": 0.184143,
    "normal": 0.777381
  },
  "frontal_probs": {
    "Airspace Disease": 0.11477973312139511,
    "Bronchiectasis": 0.004857198800891638,
    "Bronchiolitis": 0.004257035907357931,
    "Bullous Disease": 0.021171921864151955,
    "Calcified Granuloma": 0.32516855001449585,
    "Calcinosis": 0.1867070496082306,
    "Cardiac Shadow (abnormal)": 0.037562720477581024,
    "Cardiomegaly": 0.06883285939693451,
    "Consolidation": 0.06915469467639923,
    "Degenerative Change": 0.3277205526828766,
    "Edema": 0.03596146032214165,
    "Effusion": 0.014178723096847534,
    "Emphysema": 0.10355055332183838,
    "Fibrosis": 0.14614880084991455,
    "Fractures": 0.21149000525474548,
    "Hernia": 0.14441357553005219,
    "Hyperinflation": 0.24595032632350922,
    "Increased Lung Markings": 0.1690681278705597,
    "Interstitial Lung Disease": 0.04815822094678879,
    "Kyphosis": 0.07524777948856354,
    "Lesion": 0.1933835744857788,
    "Mass": 0.013330765999853611,
    "Nodule": 0.07343430072069168,
    "Osteophyte": 0.15626786649227142,
    "Pleural Effusion": 0.057797569781541824,
    "Pleural Thickening": 0.08549805730581284,
    "Pneumothorax": 0.151476189494133,
    "Pulmonary Artery Enlargement": 0.019802408292889595,
    "Pulmonary Fibrosis": 0.02499277889728546,
    "Rib Fracture": 0.007540004327893257,
    "Scoliosis": 0.16925090551376343,
    "Subcutaneous Emphysema": 0.022257506847381592,
    "Thickening": 0.08389293402433395,
    "Volume Loss": 0.18201661109924316,
    "normal": 0.7805895805358887
  },
  "lateral_probs": {
    "Airspace Disease": 0.14691780880093575,
    "Bronchiectasis": 0.012572176288813353,
    "Bronchiolitis": 0.003192068252246827,
    "Bullous Disease": 0.010818587616086006,
    "Calcified Granuloma": 0.35083314776420593,
    "Calcinosis": 0.3424784243106842,
    "Cardiac Shadow (abnormal)": 0.116344153881073,
    "Cardiomegaly": 0.209831140935421,
    "Consolidation": 0.06579281762242317,
    "Degenerative Change": 0.35932543873786926,
    "Edema": 0.11541597172617912,
    "Effusion": 0.0499623566865921,
    "Emphysema": 0.16747621446847916,
    "Fibrosis": 0.20002204924821854,
    "Fractures": 0.18543194234371185,
    "Hernia": 0.08767790906131268,
    "Hyperinflation": 0.35074399411678314,
    "Increased Lung Markings": 0.2099737972021103,
    "Interstitial Lung Disease": 0.1276848465204239,
    "Kyphosis": 0.051379130221903324,
    "Lesion": 0.32982946932315826,
    "Mass": 0.07428030483424664,
    "Nodule": 0.265415757894516,
    "Osteophyte": 0.1767680160701275,
    "Pleural Effusion": 0.08614718168973923,
    "Pleural Thickening": 0.0968223437666893,
    "Pneumothorax": 0.06346909329295158,
    "Pulmonary Artery Enlargement": 0.03729899786412716,
    "Pulmonary Fibrosis": 0.049930181354284286,
    "Rib Fracture": 0.012764429673552513,
    "Scoliosis": 0.13009246066212654,
    "Subcutaneous Emphysema": 0.025042234919965267,
    "Thickening": 0.13271432369947433,
    "Volume Loss": 0.1880927011370659,
    "normal": 0.7714236080646515
  }
}