{
  "uid": "3247",
  "frontal_image": "3247_IM-1538-1001.dcm.png",
  "lateral_image": "3247_IM-1538-1002.dcm.png",
  "fusion_mode": "weighted_avg(f=0.65,l=0.35)",
  "predicted_classes": [
    "normal"
  ],
  "resolved_classes": [
    "normal"
  ],
  "kg_classes": [
    "Normal"
  ],
  "num_predicted": 1,
  "conflict_resolution": "no_conflict",
  "is_uncertain": false,
  "uncertainty_reason": "",
  "inference_time_s": 0.2497,
  "gt_labels": "normal",
  "probabilities": {
    "Airspace Disease": 0.122743,
    "Bronchiectasis": 0.027735,
    "Bronchiolitis": 0.004133,
    "Bullous Disease": 0.021697,
    "Calcified Granuloma": 0.248931,
    "Calcinosis": 0.156373,
    "Cardiac Shadow (abnormal)": 0.048922,
    "Cardiomegaly": 0.117217,
    "Consolidation": 0.071224,
    "Degenerative Change": 0.236713,
    "Edema": 0.068397,
    "Effusion": 0.026961,
    "Emphysema": 0.132839,
    "Fibrosis": 0.154042,
    "Fractures": 0.106033,
    "Hernia": 0.122443,
    "Hyperinflation": 0.180283,
    "Increased Lung Markings": 0.116524,
    "Interstitial Lung Disease": 0.086876,
    "Kyphosis": 0.059614,
    "Lesion": 0.199172,
    "Mass": 0.049883,
    "Nodule": 0.131013,
    "Osteophyte": 0.161996,
    "Pleural Effusion": 0.116422,
    "Pleural Thickening": 0.090655,
    "Pneumothorax": 0.042508,
    "Pulmonary Artery Enlargement": 0.044328,
    "Pulmonary Fibrosis": 0.042319,
    "Rib Fracture": 0.0168,
    "Scoliosis": 0.114513,
    "Subcutaneous Emphysema": 0.016713,
    "Thickening": 0.079949,
    "Volume Loss": 0.150605,
    "normal": 0.848611
  },
  "frontal_probs": {
    "Airspace Disease": 0.012195073999464512,
    "Bronchiectasis": 8.958762919064611e-05,
    "Bronchiolitis": 6.509492231998593e-05,
    "Bullous Disease": 0.0002318886254215613,
    "Calcified Granuloma": 0.17643699049949646,
    "Calcinosis": 0.05436249077320099,
    "Cardiac Shadow (abnormal)": 0.0015632995637133718,
    "Cardiomegaly": 0.02172905206680298,
    "Consolidation": 0.007527768611907959,
    "Degenerative Change": 0.10953342914581299,
    "Edema": 0.0028204256668686867,
    "Effusion": 0.00032043541432358325,
    "Emphysema": 0.0199135709553957,
    "Fibrosis": 0.05445094034075737,
    "Fractures": 0.03480174019932747,
    "Hernia": 0.0369989387691021,
    "Hyperinflation": 0.05049458518624306,
    "Increased Lung Markings": 0.019444499164819717,
    "Interstitial Lung Disease": 0.011026599444448948,
    "Kyphosis": 0.008741172961890697,
    "Lesion": 0.04232306778430939,
    "Mass": 0.0037358480039983988,
    "Nodule": 0.05883131921291351,
    "Osteophyte": 0.07992219179868698,
    "Pleural Effusion": 0.007976346649229527,
    "Pleural Thickening": 0.012323377653956413,
    "Pneumothorax": 0.00245324382558465,
    "Pulmonary Artery Enlargement": 0.0099949911236763,
    "Pulmonary Fibrosis": 0.00046007955097593367,
    "Rib Fracture": 0.0004419306351337582,
    "Scoliosis": 0.047744639217853546,
    "Subcutaneous Emphysema": 0.00014951813500374556,
    "Thickening": 0.007847289554774761,
    "Volume Loss": 0.04146461933851242,
    "normal": 0.9771113991737366
  },
  "lateral_probs": {
    "Airspace Disease": 0.32804736495018005,
    "Bronchiectasis": 0.07907656580209732,
    "Bronchiolitis": 0.011688828468322754,
    "Bullous Disease": 0.06156078353524208,
    "Calcified Granuloma": 0.38356226682662964,
    "Calcinosis": 0.3458224833011627,
    "Cardiac Shadow (abnormal)": 0.13687391579151154,
    "Cardiomegaly": 0.2945511043071747,
    "Consolidation": 0.18951581418514252,
    "Degenerative Change": 0.4729025959968567,
    "Edema": 0.19018307328224182,
    "Effusion": 0.07643759995698929,
    "Emphysema": 0.3425583839416504,
    "Fibrosis": 0.3389964997768402,
    "Fractures": 0.23831917345523834,
    "Hernia": 0.2811238169670105,
    "Hyperinflation": 0.4213173985481262,
    "Increased Lung Markings": 0.29681432247161865,
    "Interstitial Lung Disease": 0.22773951292037964,
    "Kyphosis": 0.15409177541732788,
    "Lesion": 0.4904640018939972,
    "Mass": 0.1355856955051422,
    "Nodule": 0.26506343483924866,
    "Osteophyte": 0.31441813707351685,
    "Pleural Effusion": 0.3178221881389618,
    "Pleural Thickening": 0.2361275553703308,
    "Pneumothorax": 0.11689502745866776,
    "Pulmonary Artery Enlargement": 0.10808853805065155,
    "Pulmonary Fibrosis": 0.12005747854709625,
    "Rib Fracture": 0.047178007662296295,
    "Scoliosis": 0.23851245641708374,
    "Subcutaneous Emphysema": 0.04747391492128372,
    "Thickening": 0.21385139226913452,
    "Volume Loss": 0.3532954156398773,
    "normal": 0.6099673509597778
  }
}