{
  "uid": "3892",
  "frontal_image": "3892_IM-1974-0001-0001.dcm.png",
  "lateral_image": "3892_IM-1974-0001-0002.dcm.png",
  "fusion_mode": "weighted_avg(f=0.65,l=0.35)",
  "predicted_classes": [
    "Lesion",
    "Degenerative Change",
    "Hyperinflation",
    "Volume Loss"
  ],
  "resolved_classes": [
    "Lesion",
    "Degenerative Change",
    "Hyperinflation",
    "Volume Loss"
  ],
  "kg_classes": [
    "Lesion",
    "Degenerative Change",
    "Hyperinflation",
    "Volume Loss"
  ],
  "num_predicted": 4,
  "conflict_resolution": "no_conflict",
  "is_uncertain": false,
  "uncertainty_reason": "",
  "inference_time_s": 0.2781,
  "gt_labels": "Consolidation;Degenerative Change;Fractures;Hyperinflation;Kyphosis;Lesion",
  "probabilities": {
    "Airspace Disease": 0.406361,
    "Bronchiectasis": 0.066482,
    "Bronchiolitis": 0.026336,
    "Bullous Disease": 0.066259,
    "Calcified Granuloma": 0.381199,
    "Calcinosis": 0.3538,
    "Cardiac Shadow (abnormal)": 0.255146,
    "Cardiomegaly": 0.402919,
    "Consolidation": 0.224982,
    "Degenerative Change": 0.53071,
    "Edema": 0.268085,
    "Effusion": 0.097499,
    "Emphysema": 0.235803,
    "Fibrosis": 0.345373,
    "Fractures": 0.329785,
    "Hernia": 0.324129,
    "Hyperinflation": 0.504019,
    "Increased Lung Markings": 0.409797,
    "Interstitial Lung Disease": 0.188153,
    "Kyphosis": 0.302825,
    "Lesion": 0.576117,
    "Mass": 0.14505,
    "Nodule": 0.266895,
    "Osteophyte": 0.313129,
    "Pleural Effusion": 0.379806,
    "Pleural Thickening": 0.264063,
    "Pneumothorax": 0.192807,
    "Pulmonary Artery Enlargement": 0.108613,
    "Pulmonary Fibrosis": 0.13246,
    "Rib Fracture": 0.064344,
    "Scoliosis": 0.219777,
    "Subcutaneous Emphysema": 0.062919,
    "Thickening": 0.19798,
    "Volume Loss": 0.503392,
    "normal": 0.399402
  },
  "frontal_probs": {
    "Airspace Disease": 0.4313526451587677,
    "Bronchiectasis": 0.030007319524884224,
    "Bronchiolitis": 0.024807294830679893,
    "Bullous Disease": 0.06572619080543518,
    "Calcified Granuloma": 0.35648587346076965,
    "Calcinosis": 0.3272867500782013,
    "Cardiac Shadow (abnormal)": 0.23894040286540985,
    "Cardiomegaly": 0.3650987148284912,
    "Consolidation": 0.23985357582569122,
    "Degenerative Change": 0.5488490462303162,
    "Edema": 0.2470199018716812,
    "Effusion": 0.07021547853946686,
    "Emphysema": 0.14806737005710602,
    "Fibrosis": 0.32176223397254944,
    "Fractures": 0.3757646381855011,
    "Hernia": 0.3043777346611023,
    "Hyperinflation": 0.5280042886734009,
    "Increased Lung Markings": 0.4402419626712799,
    "Interstitial Lung Disease": 0.11931146681308746,
    "Kyphosis": 0.3429577052593231,
    "Lesion": 0.5953536629676819,
    "Mass": 0.06500261276960373,
    "Nodule": 0.23997730016708374,
    "Osteophyte": 0.3077986240386963,
    "Pleural Effusion": 0.4394150376319885,
    "Pleural Thickening": 0.24056929349899292,
    "Pneumothorax": 0.17737232148647308,
    "Pulmonary Artery Enlargement": 0.07163456827402115,
    "Pulmonary Fibrosis": 0.10102137178182602,
    "Rib Fracture": 0.043460436165332794,
    "Scoliosis": 0.18964587152004242,
    "Subcutaneous Emphysema": 0.05518230423331261,
    "Thickening": 0.18215195834636688,
    "Volume Loss": 0.5445203185081482,
    "normal": 0.3587574064731598
  },
  "lateral_probs": {
    "Airspace Disease": 0.35994774103164673,
    "Bronchiectasis": 0.13422080874443054,
    "Bronchiolitis": 0.029175974428653717,
    "Bullous Disease": 0.06724870949983597,
    "Calcified Granuloma": 0.4270937442779541,
    "Calcinosis": 0.40303874015808105,
    "Cardiac Shadow (abnormal)": 0.2852410078048706,
    "Cardiomegaly": 0.4731564223766327,
    "Consolidation": 0.19736211001873016,
    "Degenerative Change": 0.49702388048171997,
    "Edema": 0.3072054386138916,
    "Effusion": 0.14816778898239136,
    "Emphysema": 0.3987392485141754,
    "Fibrosis": 0.3892225921154022,
    "Fractures": 0.2443937361240387,
    "Hernia": 0.3608101010322571,
    "Hyperinflation": 0.4594740569591522,
    "Increased Lung Markings": 0.35325756669044495,
    "Interstitial Lung Disease": 0.31600093841552734,
    "Kyphosis": 0.2282916009426117,
    "Lesion": 0.5403905510902405,
    "Mass": 0.29370826482772827,
    "Nodule": 0.31688544154167175,
    "Osteophyte": 0.3230285942554474,
    "Pleural Effusion": 0.26910391449928284,
    "Pleural Thickening": 0.30769437551498413,
    "Pneumothorax": 0.22147175669670105,
    "Pulmonary Artery Enlargement": 0.17728613317012787,
    "Pulmonary Fibrosis": 0.1908448487520218,
    "Rib Fracture": 0.1031283363699913,
    "Scoliosis": 0.27573537826538086,
    "Subcutaneous Emphysema": 0.07728821039199829,
    "Thickening": 0.22737360000610352,
    "Volume Loss": 0.4270099997520447,
    "normal": 0.4748852252960205
  }
}