{
  "uid": "3965",
  "frontal_image": "3965_IM-2028-1001-0001.dcm.png|3965_IM-2028-1001-0002.dcm.png|3965_IM-2028-3001.dcm.png",
  "lateral_image": "3965_IM-2028-2001.dcm.png",
  "fusion_mode": "weighted_avg(f=0.65,l=0.35)",
  "predicted_classes": [
    "normal"
  ],
  "resolved_classes": [
    "normal"
  ],
  "kg_classes": [
    "Normal"
  ],
  "num_predicted": 1,
  "conflict_resolution": "no_conflict",
  "is_uncertain": false,
  "uncertainty_reason": "",
  "inference_time_s": 0.5382,
  "gt_labels": "normal",
  "probabilities": {
    "Airspace Disease": 0.174248,
    "Bronchiectasis": 0.02897,
    "Bronchiolitis": 0.006498,
    "Bullous Disease": 0.046478,
    "Calcified Granuloma": 0.339919,
    "Calcinosis": 0.25949,
    "Cardiac Shadow (abnormal)": 0.091793,
    "Cardiomegaly": 0.167199,
    "Consolidation": 0.094176,
    "Degenerative Change": 0.353572,
    "Edema": 0.139072,
    "Effusion": 0.038105,
    "Emphysema": 0.261463,
    "Fibrosis": 0.263465,
    "Fractures": 0.180342,
    "Hernia": 0.132507,
    "Hyperinflation": 0.320597,
    "Increased Lung Markings": 0.145867,
    "Interstitial Lung Disease": 0.118867,
    "Kyphosis": 0.069696,
    "Lesion": 0.291709,
    "Mass": 0.051049,
    "Nodule": 0.224604,
    "Osteophyte": 0.220273,
    "Pleural Effusion": 0.103759,
    "Pleural Thickening": 0.233496,
    "Pneumothorax": 0.11319,
    "Pulmonary Artery Enlargement": 0.081172,
    "Pulmonary Fibrosis": 0.056378,
    "Rib Fracture": 0.024124,
    "Scoliosis": 0.120827,
    "Subcutaneous Emphysema": 0.02722,
    "Thickening": 0.098127,
    "Volume Loss": 0.247048,
    "normal": 0.777376
  },
  "frontal_probs": {
    "Airspace Disease": 0.16193085412184396,
    "Bronchiectasis": 0.010553078260272741,
    "Bronchiolitis": 0.007721594845255216,
    "Bullous Disease": 0.05161140734950701,
    "Calcified Granuloma": 0.36181333661079407,
    "Calcinosis": 0.2722141096989314,
    "Cardiac Shadow (abnormal)": 0.06396716708938281,
    "Cardiomegaly": 0.13263857116301855,
    "Consolidation": 0.07380768035848935,
    "Degenerative Change": 0.34735334912935895,
    "Edema": 0.08714455366134644,
    "Effusion": 0.01985428761690855,
    "Emphysema": 0.2083519548177719,
    "Fibrosis": 0.2590193996826808,
    "Fractures": 0.19022818903128305,
    "Hernia": 0.13054812947909036,
    "Hyperinflation": 0.297717163960139,
    "Increased Lung Markings": 0.14164879421393076,
    "Interstitial Lung Disease": 0.11078432947397232,
    "Kyphosis": 0.07251724352439244,
    "Lesion": 0.2941172420978546,
    "Mass": 0.04592442139983177,
    "Nodule": 0.2188447912534078,
    "Osteophyte": 0.21455898880958557,
    "Pleural Effusion": 0.08762602508068085,
    "Pleural Thickening": 0.22201610604921976,
    "Pneumothorax": 0.1279351289073626,
    "Pulmonary Artery Enlargement": 0.05750772977868716,
    "Pulmonary Fibrosis": 0.04326550910870234,
    "Rib Fracture": 0.021967601031064987,
    "Scoliosis": 0.11525887995958328,
    "Subcutaneous Emphysema": 0.021929487586021423,
    "Thickening": 0.0717557966709137,
    "Volume Loss": 0.2507696946461995,
    "normal": 0.7767619887987772
  },
  "lateral_probs": {
    "Airspace Disease": 0.19712337851524353,
    "Bronchiectasis": 0.06317299604415894,
    "Bronchiolitis": 0.004226149991154671,
    "Bullous Disease": 0.036945145577192307,
    "Calcified Granuloma": 0.2992585003376007,
    "Calcinosis": 0.23585878312587738,
    "Cardiac Shadow (abnormal)": 0.1434701383113861,
    "Cardiomegaly": 0.23138178884983063,
    "Consolidation": 0.13200221955776215,
    "Degenerative Change": 0.3651220202445984,
    "Edema": 0.23550909757614136,
    "Effusion": 0.07200036197900772,
    "Emphysema": 0.36009860038757324,
    "Fibrosis": 0.2717210054397583,
    "Fractures": 0.16198155283927917,
    "Hernia": 0.1361459493637085,
    "Hyperinflation": 0.36308950185775757,
    "Increased Lung Markings": 0.15370047092437744,
    "Interstitial Lung Disease": 0.13387680053710938,
    "Kyphosis": 0.06445589661598206,
    "Lesion": 0.2872367799282074,
    "Mass": 0.06056530028581619,
    "Nodule": 0.23529887199401855,
    "Osteophyte": 0.23088409006595612,
    "Pleural Effusion": 0.1337197870016098,
    "Pleural Thickening": 0.2548169195652008,
    "Pneumothorax": 0.08580576628446579,
    "Pulmonary Artery Enlargement": 0.1251194030046463,
    "Pulmonary Fibrosis": 0.08073054999113083,
    "Rib Fracture": 0.02812819741666317,
    "Scoliosis": 0.13116683065891266,
    "Subcutaneous Emphysema": 0.037046197801828384,
    "Thickening": 0.14710214734077454,
    "Volume Loss": 0.2401357889175415,
    "normal": 0.7785170078277588
  }
}