{
  "uid": "3440",
  "frontal_image": "3440_IM-1665-1001.dcm.png",
  "lateral_image": "3440_IM-1665-2001.dcm.png",
  "fusion_mode": "weighted_avg(f=0.65,l=0.35)",
  "predicted_classes": [
    "normal"
  ],
  "resolved_classes": [
    "normal"
  ],
  "kg_classes": [
    "Normal"
  ],
  "num_predicted": 1,
  "conflict_resolution": "no_conflict",
  "is_uncertain": false,
  "uncertainty_reason": "",
  "inference_time_s": 0.2521,
  "gt_labels": "Scoliosis",
  "probabilities": {
    "Airspace Disease": 0.123187,
    "Bronchiectasis": 0.014858,
    "Bronchiolitis": 0.002559,
    "Bullous Disease": 0.033727,
    "Calcified Granuloma": 0.210958,
    "Calcinosis": 0.25714,
    "Cardiac Shadow (abnormal)": 0.042552,
    "Cardiomegaly": 0.150763,
    "Consolidation": 0.100084,
    "Degenerative Change": 0.256537,
    "Edema": 0.10839,
    "Effusion": 0.064783,
    "Emphysema": 0.205134,
    "Fibrosis": 0.202726,
    "Fractures": 0.171025,
    "Hernia": 0.06042,
    "Hyperinflation": 0.263961,
    "Increased Lung Markings": 0.072278,
    "Interstitial Lung Disease": 0.100876,
    "Kyphosis": 0.05926,
    "Lesion": 0.226209,
    "Mass": 0.023235,
    "Nodule": 0.147143,
    "Osteophyte": 0.08019,
    "Pleural Effusion": 0.122587,
    "Pleural Thickening": 0.149528,
    "Pneumothorax": 0.140524,
    "Pulmonary Artery Enlargement": 0.027116,
    "Pulmonary Fibrosis": 0.041333,
    "Rib Fracture": 0.011087,
    "Scoliosis": 0.231132,
    "Subcutaneous Emphysema": 0.04372,
    "Thickening": 0.137815,
    "Volume Loss": 0.1764,
    "normal": 0.844972
  },
  "frontal_probs": {
    "Airspace Disease": 0.14905211329460144,
    "Bronchiectasis": 0.020515702664852142,
    "Bronchiolitis": 0.003898342838510871,
    "Bullous Disease": 0.0513235442340374,
    "Calcified Granuloma": 0.24218571186065674,
    "Calcinosis": 0.3321215510368347,
    "Cardiac Shadow (abnormal)": 0.058352623134851456,
    "Cardiomegaly": 0.20356404781341553,
    "Consolidation": 0.11498494446277618,
    "Degenerative Change": 0.31966954469680786,
    "Edema": 0.1444595605134964,
    "Effusion": 0.09396445751190186,
    "Emphysema": 0.2812575101852417,
    "Fibrosis": 0.2826162576675415,
    "Fractures": 0.2346329391002655,
    "Hernia": 0.07885703444480896,
    "Hyperinflation": 0.3432648181915283,
    "Increased Lung Markings": 0.07883002609014511,
    "Interstitial Lung Disease": 0.1380566954612732,
    "Kyphosis": 0.09025045484304428,
    "Lesion": 0.281590074300766,
    "Mass": 0.0274285227060318,
    "Nodule": 0.16553959250450134,
    "Osteophyte": 0.08760364353656769,
    "Pleural Effusion": 0.17462372779846191,
    "Pleural Thickening": 0.2088242769241333,
    "Pneumothorax": 0.2109033614397049,
    "Pulmonary Artery Enlargement": 0.02309282496571541,
    "Pulmonary Fibrosis": 0.05902249738574028,
    "Rib Fracture": 0.015119497664272785,
    "Scoliosis": 0.2970249056816101,
    "Subcutaneous Emphysema": 0.06669490039348602,
    "Thickening": 0.18718087673187256,
    "Volume Loss": 0.22470389306545258,
    "normal": 0.7813605070114136
  },
  "lateral_probs": {
    "Airspace Disease": 0.07515087723731995,
    "Bronchiectasis": 0.004351543262600899,
    "Bronchiolitis": 7.286017353180796e-05,
    "Bullous Disease": 0.001046692836098373,
    "Calcified Granuloma": 0.1529625952243805,
    "Calcinosis": 0.11788874864578247,
    "Cardiac Shadow (abnormal)": 0.013206841424107552,
    "Cardiomegaly": 0.052703797817230225,
    "Consolidation": 0.07241066545248032,
    "Degenerative Change": 0.13928993046283722,
    "Edema": 0.041402798146009445,
    "Effusion": 0.010589121840894222,
    "Emphysema": 0.06376298516988754,
    "Fibrosis": 0.05435715988278389,
    "Fractures": 0.05289632827043533,
    "Hernia": 0.02617906965315342,
    "Hyperinflation": 0.11668127775192261,
    "Increased Lung Markings": 0.06010901927947998,
    "Interstitial Lung Disease": 0.03182562068104744,
    "Kyphosis": 0.0017059327801689506,
    "Lesion": 0.12335871905088425,
    "Mass": 0.015448168851435184,
    "Nodule": 0.112977035343647,
    "Osteophyte": 0.06642071902751923,
    "Pleural Effusion": 0.025946129113435745,
    "Pleural Thickening": 0.0394066646695137,
    "Pneumothorax": 0.009819993749260902,
    "Pulmonary Artery Enlargement": 0.03458815813064575,
    "Pulmonary Fibrosis": 0.008480293676257133,
    "Rib Fracture": 0.003597909351810813,
    "Scoliosis": 0.10875853151082993,
    "Subcutaneous Emphysema": 0.0010533705353736877,
    "Thickening": 0.04613647237420082,
    "Volume Loss": 0.08669224381446838,
    "normal": 0.9631067514419556
  }
}