{
  "uid": "3973",
  "frontal_image": "3973_IM-2033-1001.dcm.png",
  "lateral_image": "",
  "fusion_mode": "frontal_only",
  "predicted_classes": [
    "Lesion"
  ],
  "resolved_classes": [
    "Lesion"
  ],
  "kg_classes": [
    "Lesion"
  ],
  "num_predicted": 1,
  "conflict_resolution": "no_conflict",
  "is_uncertain": false,
  "uncertainty_reason": "",
  "inference_time_s": 0.1263,
  "gt_labels": "normal",
  "probabilities": {
    "Airspace Disease": 0.4347831904888153,
    "Bronchiectasis": 0.026107801124453545,
    "Bronchiolitis": 0.016243502497673035,
    "Bullous Disease": 0.049599505960941315,
    "Calcified Granuloma": 0.363925039768219,
    "Calcinosis": 0.27589794993400574,
    "Cardiac Shadow (abnormal)": 0.27097994089126587,
    "Cardiomegaly": 0.4629424512386322,
    "Consolidation": 0.22032231092453003,
    "Degenerative Change": 0.458720862865448,
    "Edema": 0.24407029151916504,
    "Effusion": 0.06367304921150208,
    "Emphysema": 0.17195913195610046,
    "Fibrosis": 0.3445431888103485,
    "Fractures": 0.25002506375312805,
    "Hernia": 0.2745910882949829,
    "Hyperinflation": 0.4992706775665283,
    "Increased Lung Markings": 0.37706488370895386,
    "Interstitial Lung Disease": 0.12268322706222534,
    "Kyphosis": 0.27377578616142273,
    "Lesion": 0.570499837398529,
    "Mass": 0.0948275625705719,
    "Nodule": 0.1742440015077591,
    "Osteophyte": 0.24333889782428741,
    "Pleural Effusion": 0.4261604845523834,
    "Pleural Thickening": 0.2774576246738434,
    "Pneumothorax": 0.1871756911277771,
    "Pulmonary Artery Enlargement": 0.14740827679634094,
    "Pulmonary Fibrosis": 0.11725601553916931,
    "Rib Fracture": 0.03405264765024185,
    "Scoliosis": 0.18130406737327576,
    "Subcutaneous Emphysema": 0.036654241383075714,
    "Thickening": 0.22818951308727264,
    "Volume Loss": 0.49960988759994507,
    "normal": 0.4313918948173523
  },
  "frontal_probs": {
    "Airspace Disease": 0.4347831904888153,
    "Bronchiectasis": 0.026107801124453545,
    "Bronchiolitis": 0.016243502497673035,
    "Bullous Disease": 0.049599505960941315,
    "Calcified Granuloma": 0.363925039768219,
    "Calcinosis": 0.27589794993400574,
    "Cardiac Shadow (abnormal)": 0.27097994089126587,
    "Cardiomegaly": 0.4629424512386322,
    "Consolidation": 0.22032231092453003,
    "Degenerative Change": 0.458720862865448,
    "Edema": 0.24407029151916504,
    "Effusion": 0.06367304921150208,
    "Emphysema": 0.17195913195610046,
    "Fibrosis": 0.3445431888103485,
    "Fractures": 0.25002506375312805,
    "Hernia": 0.2745910882949829,
    "Hyperinflation": 0.4992706775665283,
    "Increased Lung Markings": 0.37706488370895386,
    "Interstitial Lung Disease": 0.12268322706222534,
    "Kyphosis": 0.27377578616142273,
    "Lesion": 0.570499837398529,
    "Mass": 0.0948275625705719,
    "Nodule": 0.1742440015077591,
    "Osteophyte": 0.24333889782428741,
    "Pleural Effusion": 0.4261604845523834,
    "Pleural Thickening": 0.2774576246738434,
    "Pneumothorax": 0.1871756911277771,
    "Pulmonary Artery Enlargement": 0.14740827679634094,
    "Pulmonary Fibrosis": 0.11725601553916931,
    "Rib Fracture": 0.03405264765024185,
    "Scoliosis": 0.18130406737327576,
    "Subcutaneous Emphysema": 0.036654241383075714,
    "Thickening": 0.22818951308727264,
    "Volume Loss": 0.49960988759994507,
    "normal": 0.4313918948173523
  },
  "lateral_probs": {
    "Airspace Disease": 0.0,
    "Bronchiectasis": 0.0,
    "Bronchiolitis": 0.0,
    "Bullous Disease": 0.0,
    "Calcified Granuloma": 0.0,
    "Calcinosis": 0.0,
    "Cardiac Shadow (abnormal)": 0.0,
    "Cardiomegaly": 0.0,
    "Consolidation": 0.0,
    "Degenerative Change": 0.0,
    "Edema": 0.0,
    "Effusion": 0.0,
    "Emphysema": 0.0,
    "Fibrosis": 0.0,
    "Fractures": 0.0,
    "Hernia": 0.0,
    "Hyperinflation": 0.0,
    "Increased Lung Markings": 0.0,
    "Interstitial Lung Disease": 0.0,
    "Kyphosis": 0.0,
    "Lesion": 0.0,
    "Mass": 0.0,
    "Nodule": 0.0,
    "Osteophyte": 0.0,
    "Pleural Effusion": 0.0,
    "Pleural Thickening": 0.0,
    "Pneumothorax": 0.0,
    "Pulmonary Artery Enlargement": 0.0,
    "Pulmonary Fibrosis": 0.0,
    "Rib Fracture": 0.0,
    "Scoliosis": 0.0,
    "Subcutaneous Emphysema": 0.0,
    "Thickening": 0.0,
    "Volume Loss": 0.0,
    "normal": 0.0
  }
}