{
  "uid": "3667",
  "frontal_image": "3667_IM-1824-2001.dcm.png",
  "lateral_image": "",
  "fusion_mode": "frontal_only",
  "predicted_classes": [
    "normal"
  ],
  "resolved_classes": [
    "normal"
  ],
  "kg_classes": [
    "Normal"
  ],
  "num_predicted": 1,
  "conflict_resolution": "no_conflict",
  "is_uncertain": true,
  "uncertainty_reason": "normal_prob=0.548 (<0.73) with elevated disease scores: Degenerative Change=0.462, Volume Loss=0.393, Lesion=0.377",
  "inference_time_s": 0.1219,
  "gt_labels": "Calcinosis;Degenerative Change;Lesion",
  "probabilities": {
    "Airspace Disease": 0.13702534139156342,
    "Bronchiectasis": 0.01659061759710312,
    "Bronchiolitis": 0.014198731631040573,
    "Bullous Disease": 0.03745982050895691,
    "Calcified Granuloma": 0.2705240249633789,
    "Calcinosis": 0.29760587215423584,
    "Cardiac Shadow (abnormal)": 0.210595041513443,
    "Cardiomegaly": 0.302841454744339,
    "Consolidation": 0.06026401370763779,
    "Degenerative Change": 0.46163949370384216,
    "Edema": 0.2860656976699829,
    "Effusion": 0.11186180263757706,
    "Emphysema": 0.1650666743516922,
    "Fibrosis": 0.20273162424564362,
    "Fractures": 0.23370444774627686,
    "Hernia": 0.1440705507993698,
    "Hyperinflation": 0.34470510482788086,
    "Increased Lung Markings": 0.2705143094062805,
    "Interstitial Lung Disease": 0.16220571100711823,
    "Kyphosis": 0.10940364748239517,
    "Lesion": 0.3767659366130829,
    "Mass": 0.07673592865467072,
    "Nodule": 0.18227583169937134,
    "Osteophyte": 0.2214449644088745,
    "Pleural Effusion": 0.16576649248600006,
    "Pleural Thickening": 0.12283510714769363,
    "Pneumothorax": 0.20519447326660156,
    "Pulmonary Artery Enlargement": 0.1263117641210556,
    "Pulmonary Fibrosis": 0.08106469362974167,
    "Rib Fracture": 0.04691176861524582,
    "Scoliosis": 0.13667675852775574,
    "Subcutaneous Emphysema": 0.0367346927523613,
    "Thickening": 0.1769150197505951,
    "Volume Loss": 0.3925250768661499,
    "normal": 0.5480584502220154
  },
  "frontal_probs": {
    "Airspace Disease": 0.13702534139156342,
    "Bronchiectasis": 0.01659061759710312,
    "Bronchiolitis": 0.014198731631040573,
    "Bullous Disease": 0.03745982050895691,
    "Calcified Granuloma": 0.2705240249633789,
    "Calcinosis": 0.29760587215423584,
    "Cardiac Shadow (abnormal)": 0.210595041513443,
    "Cardiomegaly": 0.302841454744339,
    "Consolidation": 0.06026401370763779,
    "Degenerative Change": 0.46163949370384216,
    "Edema": 0.2860656976699829,
    "Effusion": 0.11186180263757706,
    "Emphysema": 0.1650666743516922,
    "Fibrosis": 0.20273162424564362,
    "Fractures": 0.23370444774627686,
    "Hernia": 0.1440705507993698,
    "Hyperinflation": 0.34470510482788086,
    "Increased Lung Markings": 0.2705143094062805,
    "Interstitial Lung Disease": 0.16220571100711823,
    "Kyphosis": 0.10940364748239517,
    "Lesion": 0.3767659366130829,
    "Mass": 0.07673592865467072,
    "Nodule": 0.18227583169937134,
    "Osteophyte": 0.2214449644088745,
    "Pleural Effusion": 0.16576649248600006,
    "Pleural Thickening": 0.12283510714769363,
    "Pneumothorax": 0.20519447326660156,
    "Pulmonary Artery Enlargement": 0.1263117641210556,
    "Pulmonary Fibrosis": 0.08106469362974167,
    "Rib Fracture": 0.04691176861524582,
    "Scoliosis": 0.13667675852775574,
    "Subcutaneous Emphysema": 0.0367346927523613,
    "Thickening": 0.1769150197505951,
    "Volume Loss": 0.3925250768661499,
    "normal": 0.5480584502220154
  },
  "lateral_probs": {
    "Airspace Disease": 0.0,
    "Bronchiectasis": 0.0,
    "Bronchiolitis": 0.0,
    "Bullous Disease": 0.0,
    "Calcified Granuloma": 0.0,
    "Calcinosis": 0.0,
    "Cardiac Shadow (abnormal)": 0.0,
    "Cardiomegaly": 0.0,
    "Consolidation": 0.0,
    "Degenerative Change": 0.0,
    "Edema": 0.0,
    "Effusion": 0.0,
    "Emphysema": 0.0,
    "Fibrosis": 0.0,
    "Fractures": 0.0,
    "Hernia": 0.0,
    "Hyperinflation": 0.0,
    "Increased Lung Markings": 0.0,
    "Interstitial Lung Disease": 0.0,
    "Kyphosis": 0.0,
    "Lesion": 0.0,
    "Mass": 0.0,
    "Nodule": 0.0,
    "Osteophyte": 0.0,
    "Pleural Effusion": 0.0,
    "Pleural Thickening": 0.0,
    "Pneumothorax": 0.0,
    "Pulmonary Artery Enlargement": 0.0,
    "Pulmonary Fibrosis": 0.0,
    "Rib Fracture": 0.0,
    "Scoliosis": 0.0,
    "Subcutaneous Emphysema": 0.0,
    "Thickening": 0.0,
    "Volume Loss": 0.0,
    "normal": 0.0
  }
}