{
  "uid": "3496",
  "frontal_image": "",
  "lateral_image": "3496_IM-1701-2001.dcm.png",
  "fusion_mode": "lateral_only",
  "predicted_classes": [
    "normal"
  ],
  "resolved_classes": [
    "normal"
  ],
  "kg_classes": [
    "Normal"
  ],
  "num_predicted": 1,
  "conflict_resolution": "no_conflict",
  "is_uncertain": true,
  "uncertainty_reason": "normal_prob=0.650 (<0.73) with elevated disease scores: Degenerative Change=0.461, Hyperinflation=0.432, Calcified Granuloma=0.404",
  "inference_time_s": 0.1314,
  "gt_labels": "normal",
  "probabilities": {
    "Airspace Disease": 0.22866259515285492,
    "Bronchiectasis": 0.047651950269937515,
    "Bronchiolitis": 0.005768395494669676,
    "Bullous Disease": 0.025710439309477806,
    "Calcified Granuloma": 0.40395814180374146,
    "Calcinosis": 0.3228544592857361,
    "Cardiac Shadow (abnormal)": 0.13050515949726105,
    "Cardiomegaly": 0.2884555757045746,
    "Consolidation": 0.18330080807209015,
    "Degenerative Change": 0.4614097476005554,
    "Edema": 0.21929754316806793,
    "Effusion": 0.05486008897423744,
    "Emphysema": 0.2912834882736206,
    "Fibrosis": 0.33224621415138245,
    "Fractures": 0.22878168523311615,
    "Hernia": 0.10928548872470856,
    "Hyperinflation": 0.4320106506347656,
    "Increased Lung Markings": 0.25081467628479004,
    "Interstitial Lung Disease": 0.21701543033123016,
    "Kyphosis": 0.08977463841438293,
    "Lesion": 0.38323625922203064,
    "Mass": 0.06103122606873512,
    "Nodule": 0.2823283076286316,
    "Osteophyte": 0.19655705988407135,
    "Pleural Effusion": 0.1532270908355713,
    "Pleural Thickening": 0.22128307819366455,
    "Pneumothorax": 0.05167751759290695,
    "Pulmonary Artery Enlargement": 0.08069930970668793,
    "Pulmonary Fibrosis": 0.0993807464838028,
    "Rib Fracture": 0.024013880640268326,
    "Scoliosis": 0.1821671575307846,
    "Subcutaneous Emphysema": 0.021366355940699577,
    "Thickening": 0.19906733930110931,
    "Volume Loss": 0.26902493834495544,
    "normal": 0.6495581269264221
  },
  "frontal_probs": {
    "Airspace Disease": 0.0,
    "Bronchiectasis": 0.0,
    "Bronchiolitis": 0.0,
    "Bullous Disease": 0.0,
    "Calcified Granuloma": 0.0,
    "Calcinosis": 0.0,
    "Cardiac Shadow (abnormal)": 0.0,
    "Cardiomegaly": 0.0,
    "Consolidation": 0.0,
    "Degenerative Change": 0.0,
    "Edema": 0.0,
    "Effusion": 0.0,
    "Emphysema": 0.0,
    "Fibrosis": 0.0,
    "Fractures": 0.0,
    "Hernia": 0.0,
    "Hyperinflation": 0.0,
    "Increased Lung Markings": 0.0,
    "Interstitial Lung Disease": 0.0,
    "Kyphosis": 0.0,
    "Lesion": 0.0,
    "Mass": 0.0,
    "Nodule": 0.0,
    "Osteophyte": 0.0,
    "Pleural Effusion": 0.0,
    "Pleural Thickening": 0.0,
    "Pneumothorax": 0.0,
    "Pulmonary Artery Enlargement": 0.0,
    "Pulmonary Fibrosis": 0.0,
    "Rib Fracture": 0.0,
    "Scoliosis": 0.0,
    "Subcutaneous Emphysema": 0.0,
    "Thickening": 0.0,
    "Volume Loss": 0.0,
    "normal": 0.0
  },
  "lateral_probs": {
    "Airspace Disease": 0.22866259515285492,
    "Bronchiectasis": 0.047651950269937515,
    "Bronchiolitis": 0.005768395494669676,
    "Bullous Disease": 0.025710439309477806,
    "Calcified Granuloma": 0.40395814180374146,
    "Calcinosis": 0.3228544592857361,
    "Cardiac Shadow (abnormal)": 0.13050515949726105,
    "Cardiomegaly": 0.2884555757045746,
    "Consolidation": 0.18330080807209015,
    "Degenerative Change": 0.4614097476005554,
    "Edema": 0.21929754316806793,
    "Effusion": 0.05486008897423744,
    "Emphysema": 0.2912834882736206,
    "Fibrosis": 0.33224621415138245,
    "Fractures": 0.22878168523311615,
    "Hernia": 0.10928548872470856,
    "Hyperinflation": 0.4320106506347656,
    "Increased Lung Markings": 0.25081467628479004,
    "Interstitial Lung Disease": 0.21701543033123016,
    "Kyphosis": 0.08977463841438293,
    "Lesion": 0.38323625922203064,
    "Mass": 0.06103122606873512,
    "Nodule": 0.2823283076286316,
    "Osteophyte": 0.19655705988407135,
    "Pleural Effusion": 0.1532270908355713,
    "Pleural Thickening": 0.22128307819366455,
    "Pneumothorax": 0.05167751759290695,
    "Pulmonary Artery Enlargement": 0.08069930970668793,
    "Pulmonary Fibrosis": 0.0993807464838028,
    "Rib Fracture": 0.024013880640268326,
    "Scoliosis": 0.1821671575307846,
    "Subcutaneous Emphysema": 0.021366355940699577,
    "Thickening": 0.19906733930110931,
    "Volume Loss": 0.26902493834495544,
    "normal": 0.6495581269264221
  }
}