{
  "uid": "3653",
  "frontal_image": "3653_IM-1815-1001.dcm.png",
  "lateral_image": "3653_IM-1815-3001.dcm.png",
  "fusion_mode": "weighted_avg(f=0.65,l=0.35)",
  "predicted_classes": [
    "Lesion",
    "Cardiomegaly"
  ],
  "resolved_classes": [
    "Lesion",
    "Cardiomegaly"
  ],
  "kg_classes": [
    "Lesion",
    "Cardiomegaly"
  ],
  "num_predicted": 2,
  "conflict_resolution": "no_conflict",
  "is_uncertain": false,
  "uncertainty_reason": "",
  "inference_time_s": 0.2337,
  "gt_labels": "Degenerative Change;Hyperinflation;Volume Loss",
  "probabilities": {
    "Airspace Disease": 0.428235,
    "Bronchiectasis": 0.051845,
    "Bronchiolitis": 0.011074,
    "Bullous Disease": 0.03701,
    "Calcified Granuloma": 0.275168,
    "Calcinosis": 0.254919,
    "Cardiac Shadow (abnormal)": 0.316072,
    "Cardiomegaly": 0.542849,
    "Consolidation": 0.21798,
    "Degenerative Change": 0.425306,
    "Edema": 0.37512,
    "Effusion": 0.109356,
    "Emphysema": 0.132232,
    "Fibrosis": 0.277877,
    "Fractures": 0.241159,
    "Hernia": 0.258458,
    "Hyperinflation": 0.479346,
    "Increased Lung Markings": 0.386369,
    "Interstitial Lung Disease": 0.126829,
    "Kyphosis": 0.160102,
    "Lesion": 0.567631,
    "Mass": 0.071371,
    "Nodule": 0.182709,
    "Osteophyte": 0.173627,
    "Pleural Effusion": 0.417669,
    "Pleural Thickening": 0.240096,
    "Pneumothorax": 0.102213,
    "Pulmonary Artery Enlargement": 0.123547,
    "Pulmonary Fibrosis": 0.113838,
    "Rib Fracture": 0.031036,
    "Scoliosis": 0.193134,
    "Subcutaneous Emphysema": 0.037964,
    "Thickening": 0.210667,
    "Volume Loss": 0.467211,
    "normal": 0.474348
  },
  "frontal_probs": {
    "Airspace Disease": 0.4845943748950958,
    "Bronchiectasis": 0.038960572332143784,
    "Bronchiolitis": 0.010214134119451046,
    "Bullous Disease": 0.03492094203829765,
    "Calcified Granuloma": 0.2517986297607422,
    "Calcinosis": 0.2314799576997757,
    "Cardiac Shadow (abnormal)": 0.3464539647102356,
    "Cardiomegaly": 0.5964738726615906,
    "Consolidation": 0.24375075101852417,
    "Degenerative Change": 0.43514540791511536,
    "Edema": 0.3969174921512604,
    "Effusion": 0.10594993084669113,
    "Emphysema": 0.10188350081443787,
    "Fibrosis": 0.27599141001701355,
    "Fractures": 0.2322300672531128,
    "Hernia": 0.25670695304870605,
    "Hyperinflation": 0.5186000466346741,
    "Increased Lung Markings": 0.40702521800994873,
    "Interstitial Lung Disease": 0.11115110665559769,
    "Kyphosis": 0.16513006389141083,
    "Lesion": 0.6249493956565857,
    "Mass": 0.04754308983683586,
    "Nodule": 0.16547149419784546,
    "Osteophyte": 0.15001948177814484,
    "Pleural Effusion": 0.45964309573173523,
    "Pleural Thickening": 0.2387501299381256,
    "Pneumothorax": 0.09704296290874481,
    "Pulmonary Artery Enlargement": 0.11948596686124802,
    "Pulmonary Fibrosis": 0.1160190999507904,
    "Rib Fracture": 0.02303875982761383,
    "Scoliosis": 0.1786765158176422,
    "Subcutaneous Emphysema": 0.03310959413647652,
    "Thickening": 0.18317164480686188,
    "Volume Loss": 0.5099181532859802,
    "normal": 0.4245743155479431
  },
  "lateral_probs": {
    "Airspace Disease": 0.32356691360473633,
    "Bronchiectasis": 0.07577285170555115,
    "Bronchiolitis": 0.012669607065618038,
    "Bullous Disease": 0.04088982567191124,
    "Calcified Granuloma": 0.3185669481754303,
    "Calcinosis": 0.29844945669174194,
    "Cardiac Shadow (abnormal)": 0.2596495747566223,
    "Cardiomegaly": 0.44325968623161316,
    "Consolidation": 0.1701187640428543,
    "Degenerative Change": 0.407033771276474,
    "Edema": 0.3346395492553711,
    "Effusion": 0.11568181961774826,
    "Emphysema": 0.18859267234802246,
    "Fibrosis": 0.2813795506954193,
    "Fractures": 0.2577410042285919,
    "Hernia": 0.26171088218688965,
    "Hyperinflation": 0.40644535422325134,
    "Increased Lung Markings": 0.3480088710784912,
    "Interstitial Lung Disease": 0.15594372153282166,
    "Kyphosis": 0.15076473355293274,
    "Lesion": 0.46118345856666565,
    "Mass": 0.11562249064445496,
    "Nodule": 0.21472099423408508,
    "Osteophyte": 0.21747004985809326,
    "Pleural Effusion": 0.3397166132926941,
    "Pleural Thickening": 0.24259676039218903,
    "Pneumothorax": 0.11181434243917465,
    "Pulmonary Artery Enlargement": 0.1310884654521942,
    "Pulmonary Fibrosis": 0.10978809744119644,
    "Rib Fracture": 0.045887187123298645,
    "Scoliosis": 0.219983771443367,
    "Subcutaneous Emphysema": 0.04697975516319275,
    "Thickening": 0.2617303133010864,
    "Volume Loss": 0.3878977298736572,
    "normal": 0.5667837262153625
  }
}