{
  "uid": "3688",
  "frontal_image": "3688_IM-1839-0001-0001.dcm.png",
  "lateral_image": "3688_IM-1839-0001-0002.dcm.png",
  "fusion_mode": "weighted_avg(f=0.65,l=0.35)",
  "predicted_classes": [
    "Lesion",
    "Pleural Effusion",
    "Cardiomegaly"
  ],
  "resolved_classes": [
    "Lesion",
    "Pleural Effusion",
    "Cardiomegaly"
  ],
  "kg_classes": [
    "Lesion",
    "Pleural Effusion",
    "Cardiomegaly"
  ],
  "num_predicted": 3,
  "conflict_resolution": "no_conflict",
  "is_uncertain": false,
  "uncertainty_reason": "",
  "inference_time_s": 0.2516,
  "gt_labels": "Hyperinflation;Lesion;Pleural Effusion;Volume Loss",
  "probabilities": {
    "Airspace Disease": 0.495223,
    "Bronchiectasis": 0.086199,
    "Bronchiolitis": 0.023194,
    "Bullous Disease": 0.064414,
    "Calcified Granuloma": 0.308674,
    "Calcinosis": 0.309185,
    "Cardiac Shadow (abnormal)": 0.302615,
    "Cardiomegaly": 0.536943,
    "Consolidation": 0.256379,
    "Degenerative Change": 0.426652,
    "Edema": 0.369211,
    "Effusion": 0.18754,
    "Emphysema": 0.269892,
    "Fibrosis": 0.308483,
    "Fractures": 0.232265,
    "Hernia": 0.347503,
    "Hyperinflation": 0.46402,
    "Increased Lung Markings": 0.385105,
    "Interstitial Lung Disease": 0.24773,
    "Kyphosis": 0.191513,
    "Lesion": 0.617456,
    "Mass": 0.106595,
    "Nodule": 0.222094,
    "Osteophyte": 0.230983,
    "Pleural Effusion": 0.556174,
    "Pleural Thickening": 0.294442,
    "Pneumothorax": 0.272479,
    "Pulmonary Artery Enlargement": 0.116602,
    "Pulmonary Fibrosis": 0.173956,
    "Rib Fracture": 0.058429,
    "Scoliosis": 0.233784,
    "Subcutaneous Emphysema": 0.093808,
    "Thickening": 0.234271,
    "Volume Loss": 0.468121,
    "normal": 0.415903
  },
  "frontal_probs": {
    "Airspace Disease": 0.5013424754142761,
    "Bronchiectasis": 0.06641250103712082,
    "Bronchiolitis": 0.012992185540497303,
    "Bullous Disease": 0.04388303682208061,
    "Calcified Granuloma": 0.28382912278175354,
    "Calcinosis": 0.3133757710456848,
    "Cardiac Shadow (abnormal)": 0.2854803800582886,
    "Cardiomegaly": 0.5499033331871033,
    "Consolidation": 0.2576485872268677,
    "Degenerative Change": 0.41074880957603455,
    "Edema": 0.37661340832710266,
    "Effusion": 0.18010352551937103,
    "Emphysema": 0.24352556467056274,
    "Fibrosis": 0.31506574153900146,
    "Fractures": 0.21354541182518005,
    "Hernia": 0.3121365010738373,
    "Hyperinflation": 0.45271095633506775,
    "Increased Lung Markings": 0.36350250244140625,
    "Interstitial Lung Disease": 0.20131805539131165,
    "Kyphosis": 0.15453113615512848,
    "Lesion": 0.640678346157074,
    "Mass": 0.09018630534410477,
    "Nodule": 0.19261446595191956,
    "Osteophyte": 0.20896664261817932,
    "Pleural Effusion": 0.5902450680732727,
    "Pleural Thickening": 0.28940147161483765,
    "Pneumothorax": 0.2385871261358261,
    "Pulmonary Artery Enlargement": 0.0918399915099144,
    "Pulmonary Fibrosis": 0.14949600398540497,
    "Rib Fracture": 0.0478825718164444,
    "Scoliosis": 0.2033298909664154,
    "Subcutaneous Emphysema": 0.06723275780677795,
    "Thickening": 0.2431722730398178,
    "Volume Loss": 0.4853741526603699,
    "normal": 0.3888559341430664
  },
  "lateral_probs": {
    "Airspace Disease": 0.4838580787181854,
    "Bronchiectasis": 0.12294574826955795,
    "Bronchiolitis": 0.042141299694776535,
    "Bullous Disease": 0.1025431826710701,
    "Calcified Granuloma": 0.3548155128955841,
    "Calcinosis": 0.301403284072876,
    "Cardiac Shadow (abnormal)": 0.33443504571914673,
    "Cardiomegaly": 0.512873649597168,
    "Consolidation": 0.25402167439460754,
    "Degenerative Change": 0.45618563890457153,
    "Edema": 0.35546478629112244,
    "Effusion": 0.201351135969162,
    "Emphysema": 0.31885844469070435,
    "Fibrosis": 0.29625824093818665,
    "Fractures": 0.26702895760536194,
    "Hernia": 0.4131835103034973,
    "Hyperinflation": 0.4850221872329712,
    "Increased Lung Markings": 0.4252247214317322,
    "Interstitial Lung Disease": 0.33392271399497986,
    "Kyphosis": 0.2601929008960724,
    "Lesion": 0.5743281841278076,
    "Mass": 0.13706845045089722,
    "Nodule": 0.2768404185771942,
    "Osteophyte": 0.27186933159828186,
    "Pleural Effusion": 0.49289923906326294,
    "Pleural Thickening": 0.30380406975746155,
    "Pneumothorax": 0.3354211151599884,
    "Pulmonary Artery Enlargement": 0.16258761286735535,
    "Pulmonary Fibrosis": 0.2193816900253296,
    "Rib Fracture": 0.07801526039838791,
    "Scoliosis": 0.2903427183628082,
    "Subcutaneous Emphysema": 0.14316155016422272,
    "Thickening": 0.21773916482925415,
    "Volume Loss": 0.43607866764068604,
    "normal": 0.46613219380378723
  }
}