{
  "uid": "3296",
  "frontal_image": "3296_IM-1575-1001-0001.dcm.png",
  "lateral_image": "3296_IM-1575-1001-0002.dcm.png",
  "fusion_mode": "weighted_avg(f=0.65,l=0.35)",
  "predicted_classes": [
    "normal"
  ],
  "resolved_classes": [
    "normal"
  ],
  "kg_classes": [
    "Normal"
  ],
  "num_predicted": 1,
  "conflict_resolution": "no_conflict",
  "is_uncertain": true,
  "uncertainty_reason": "normal_prob=0.717 (<0.73) with elevated disease scores: Degenerative Change=0.432, Calcified Granuloma=0.371, Lesion=0.323",
  "inference_time_s": 0.2706,
  "gt_labels": "Calcinosis",
  "probabilities": {
    "Airspace Disease": 0.139304,
    "Bronchiectasis": 0.017239,
    "Bronchiolitis": 0.004759,
    "Bullous Disease": 0.016728,
    "Calcified Granuloma": 0.371435,
    "Calcinosis": 0.278477,
    "Cardiac Shadow (abnormal)": 0.086225,
    "Cardiomegaly": 0.169031,
    "Consolidation": 0.066224,
    "Degenerative Change": 0.432041,
    "Edema": 0.063835,
    "Effusion": 0.016864,
    "Emphysema": 0.139204,
    "Fibrosis": 0.223454,
    "Fractures": 0.163677,
    "Hernia": 0.264003,
    "Hyperinflation": 0.271872,
    "Increased Lung Markings": 0.195714,
    "Interstitial Lung Disease": 0.107047,
    "Kyphosis": 0.117737,
    "Lesion": 0.32304,
    "Mass": 0.045737,
    "Nodule": 0.169276,
    "Osteophyte": 0.317812,
    "Pleural Effusion": 0.106644,
    "Pleural Thickening": 0.150089,
    "Pneumothorax": 0.038413,
    "Pulmonary Artery Enlargement": 0.050539,
    "Pulmonary Fibrosis": 0.040726,
    "Rib Fracture": 0.021855,
    "Scoliosis": 0.137846,
    "Subcutaneous Emphysema": 0.011019,
    "Thickening": 0.109412,
    "Volume Loss": 0.227175,
    "normal": 0.717391
  },
  "frontal_probs": {
    "Airspace Disease": 0.11536189168691635,
    "Bronchiectasis": 0.008408905006945133,
    "Bronchiolitis": 0.004182850010693073,
    "Bullous Disease": 0.012291688472032547,
    "Calcified Granuloma": 0.36950182914733887,
    "Calcinosis": 0.26882660388946533,
    "Cardiac Shadow (abnormal)": 0.06820709258317947,
    "Cardiomegaly": 0.13572534918785095,
    "Consolidation": 0.0425078310072422,
    "Degenerative Change": 0.41533195972442627,
    "Edema": 0.038695450872182846,
    "Effusion": 0.008360643871128559,
    "Emphysema": 0.11252888292074203,
    "Fibrosis": 0.21143341064453125,
    "Fractures": 0.14852772653102875,
    "Hernia": 0.29864880442619324,
    "Hyperinflation": 0.2643260657787323,
    "Increased Lung Markings": 0.20259995758533478,
    "Interstitial Lung Disease": 0.06052784249186516,
    "Kyphosis": 0.13721007108688354,
    "Lesion": 0.3033512234687805,
    "Mass": 0.02360149286687374,
    "Nodule": 0.14681309461593628,
    "Osteophyte": 0.31050539016723633,
    "Pleural Effusion": 0.08570875227451324,
    "Pleural Thickening": 0.1457543671131134,
    "Pneumothorax": 0.03858776018023491,
    "Pulmonary Artery Enlargement": 0.03336819261312485,
    "Pulmonary Fibrosis": 0.017901510000228882,
    "Rib Fracture": 0.01623436249792576,
    "Scoliosis": 0.12659387290477753,
    "Subcutaneous Emphysema": 0.0073405299335718155,
    "Thickening": 0.07603272795677185,
    "Volume Loss": 0.20458409190177917,
    "normal": 0.7076053619384766
  },
  "lateral_probs": {
    "Airspace Disease": 0.18376721441745758,
    "Bronchiectasis": 0.03363710641860962,
    "Bronchiolitis": 0.0058297570794820786,
    "Bullous Disease": 0.024966636672616005,
    "Calcified Granuloma": 0.37502533197402954,
    "Calcinosis": 0.2963995933532715,
    "Cardiac Shadow (abnormal)": 0.1196875348687172,
    "Cardiomegaly": 0.2308848649263382,
    "Consolidation": 0.11026688665151596,
    "Degenerative Change": 0.463073194026947,
    "Edema": 0.11052163690328598,
    "Effusion": 0.03265633434057236,
    "Emphysema": 0.1887441724538803,
    "Fibrosis": 0.245777890086174,
    "Fractures": 0.19181127846240997,
    "Hernia": 0.1996612548828125,
    "Hyperinflation": 0.28588730096817017,
    "Increased Lung Markings": 0.18292492628097534,
    "Interstitial Lung Disease": 0.193440243601799,
    "Kyphosis": 0.08157242834568024,
    "Lesion": 0.3596039414405823,
    "Mass": 0.0868455246090889,
    "Nodule": 0.21099399030208588,
    "Osteophyte": 0.3313819468021393,
    "Pleural Effusion": 0.14552266895771027,
    "Pleural Thickening": 0.15813827514648438,
    "Pneumothorax": 0.0380883514881134,
    "Pulmonary Artery Enlargement": 0.08242890983819962,
    "Pulmonary Fibrosis": 0.08311402052640915,
    "Rib Fracture": 0.032294195145368576,
    "Scoliosis": 0.15874311327934265,
    "Subcutaneous Emphysema": 0.01785147190093994,
    "Thickening": 0.17140091955661774,
    "Volume Loss": 0.26912832260131836,
    "normal": 0.7355644106864929
  }
}