{
  "uid": "3692",
  "frontal_image": "3692_IM-1843-1001.dcm.png",
  "lateral_image": "3692_IM-1843-2001.dcm.png",
  "fusion_mode": "weighted_avg(f=0.65,l=0.35)",
  "predicted_classes": [
    "normal"
  ],
  "resolved_classes": [
    "normal"
  ],
  "kg_classes": [
    "Normal"
  ],
  "num_predicted": 1,
  "conflict_resolution": "no_conflict",
  "is_uncertain": false,
  "uncertainty_reason": "",
  "inference_time_s": 0.2738,
  "gt_labels": "normal",
  "probabilities": {
    "Airspace Disease": 0.066775,
    "Bronchiectasis": 0.005693,
    "Bronchiolitis": 0.000209,
    "Bullous Disease": 0.00321,
    "Calcified Granuloma": 0.187221,
    "Calcinosis": 0.131478,
    "Cardiac Shadow (abnormal)": 0.016453,
    "Cardiomegaly": 0.046284,
    "Consolidation": 0.044095,
    "Degenerative Change": 0.147473,
    "Edema": 0.024971,
    "Effusion": 0.006124,
    "Emphysema": 0.064267,
    "Fibrosis": 0.10988,
    "Fractures": 0.072223,
    "Hernia": 0.041511,
    "Hyperinflation": 0.130924,
    "Increased Lung Markings": 0.051901,
    "Interstitial Lung Disease": 0.03328,
    "Kyphosis": 0.013427,
    "Lesion": 0.11307,
    "Mass": 0.033924,
    "Nodule": 0.10831,
    "Osteophyte": 0.080699,
    "Pleural Effusion": 0.022291,
    "Pleural Thickening": 0.049198,
    "Pneumothorax": 0.017454,
    "Pulmonary Artery Enlargement": 0.016927,
    "Pulmonary Fibrosis": 0.014518,
    "Rib Fracture": 0.002861,
    "Scoliosis": 0.099961,
    "Subcutaneous Emphysema": 0.00215,
    "Thickening": 0.038797,
    "Volume Loss": 0.078989,
    "normal": 0.944494
  },
  "frontal_probs": {
    "Airspace Disease": 0.020319856703281403,
    "Bronchiectasis": 0.0003727684379555285,
    "Bronchiolitis": 5.358680573408492e-05,
    "Bullous Disease": 0.0029039473738521338,
    "Calcified Granuloma": 0.150366872549057,
    "Calcinosis": 0.10202866792678833,
    "Cardiac Shadow (abnormal)": 0.0017262387555092573,
    "Cardiomegaly": 0.012307433411478996,
    "Consolidation": 0.0091402567923069,
    "Degenerative Change": 0.07037799805402756,
    "Edema": 0.0033302735537290573,
    "Effusion": 0.0006600742926821113,
    "Emphysema": 0.039881184697151184,
    "Fibrosis": 0.07870713621377945,
    "Fractures": 0.06119207292795181,
    "Hernia": 0.024716924875974655,
    "Hyperinflation": 0.058614637702703476,
    "Increased Lung Markings": 0.02017388679087162,
    "Interstitial Lung Disease": 0.015668494626879692,
    "Kyphosis": 0.010726683773100376,
    "Lesion": 0.03991808369755745,
    "Mass": 0.0028702302370220423,
    "Nodule": 0.06428251415491104,
    "Osteophyte": 0.0441029854118824,
    "Pleural Effusion": 0.006808802019804716,
    "Pleural Thickening": 0.03628702834248543,
    "Pneumothorax": 0.014926711097359657,
    "Pulmonary Artery Enlargement": 0.0040925899520516396,
    "Pulmonary Fibrosis": 0.001679629203863442,
    "Rib Fracture": 0.0002798214554786682,
    "Scoliosis": 0.0834500715136528,
    "Subcutaneous Emphysema": 0.0004912346485070884,
    "Thickening": 0.009724204428493977,
    "Volume Loss": 0.041359491646289825,
    "normal": 0.9780905246734619
  },
  "lateral_probs": {
    "Airspace Disease": 0.153048574924469,
    "Bronchiectasis": 0.015573585405945778,
    "Bronchiolitis": 0.0004962225211784244,
    "Bullous Disease": 0.003779341233894229,
    "Calcified Granuloma": 0.25566571950912476,
    "Calcinosis": 0.18616971373558044,
    "Cardiac Shadow (abnormal)": 0.04380212724208832,
    "Cardiomegaly": 0.10938413441181183,
    "Consolidation": 0.10901200026273727,
    "Degenerative Change": 0.29064834117889404,
    "Edema": 0.06516172736883163,
    "Effusion": 0.016270270571112633,
    "Emphysema": 0.10955478250980377,
    "Fibrosis": 0.1677715927362442,
    "Fractures": 0.0927082747220993,
    "Hernia": 0.07269992679357529,
    "Hyperinflation": 0.2652122676372528,
    "Increased Lung Markings": 0.11082342267036438,
    "Interstitial Lung Disease": 0.06598644703626633,
    "Kyphosis": 0.018441835418343544,
    "Lesion": 0.24892419576644897,
    "Mass": 0.0915943831205368,
    "Nodule": 0.19007451832294464,
    "Osteophyte": 0.148663729429245,
    "Pleural Effusion": 0.05104491114616394,
    "Pleural Thickening": 0.07317571341991425,
    "Pneumothorax": 0.022148415446281433,
    "Pulmonary Artery Enlargement": 0.040762048214673996,
    "Pulmonary Fibrosis": 0.03836023062467575,
    "Rib Fracture": 0.007654612883925438,
    "Scoliosis": 0.13062509894371033,
    "Subcutaneous Emphysema": 0.005231344606727362,
    "Thickening": 0.0927896499633789,
    "Volume Loss": 0.14887258410453796,
    "normal": 0.8820996284484863
  }
}