{
  "uid": "3954",
  "frontal_image": "3954_IM-2021-1001.dcm.png",
  "lateral_image": "3954_IM-2021-1002.dcm.png",
  "fusion_mode": "weighted_avg(f=0.65,l=0.35)",
  "predicted_classes": [
    "normal"
  ],
  "resolved_classes": [
    "normal"
  ],
  "kg_classes": [
    "Normal"
  ],
  "num_predicted": 1,
  "conflict_resolution": "no_conflict",
  "is_uncertain": false,
  "uncertainty_reason": "",
  "inference_time_s": 0.2819,
  "gt_labels": "normal",
  "probabilities": {
    "Airspace Disease": 0.260944,
    "Bronchiectasis": 0.036907,
    "Bronchiolitis": 0.00442,
    "Bullous Disease": 0.024489,
    "Calcified Granuloma": 0.33218,
    "Calcinosis": 0.300968,
    "Cardiac Shadow (abnormal)": 0.062523,
    "Cardiomegaly": 0.149971,
    "Consolidation": 0.212287,
    "Degenerative Change": 0.340002,
    "Edema": 0.081879,
    "Effusion": 0.02088,
    "Emphysema": 0.206243,
    "Fibrosis": 0.201564,
    "Fractures": 0.16506,
    "Hernia": 0.174819,
    "Hyperinflation": 0.267341,
    "Increased Lung Markings": 0.215568,
    "Interstitial Lung Disease": 0.126645,
    "Kyphosis": 0.079685,
    "Lesion": 0.322108,
    "Mass": 0.116393,
    "Nodule": 0.239029,
    "Osteophyte": 0.197584,
    "Pleural Effusion": 0.093645,
    "Pleural Thickening": 0.081196,
    "Pneumothorax": 0.057919,
    "Pulmonary Artery Enlargement": 0.067127,
    "Pulmonary Fibrosis": 0.053085,
    "Rib Fracture": 0.018531,
    "Scoliosis": 0.203679,
    "Subcutaneous Emphysema": 0.01462,
    "Thickening": 0.116187,
    "Volume Loss": 0.174785,
    "normal": 0.792872
  },
  "frontal_probs": {
    "Airspace Disease": 0.29524293541908264,
    "Bronchiectasis": 0.03563893586397171,
    "Bronchiolitis": 0.005373816937208176,
    "Bullous Disease": 0.029482273384928703,
    "Calcified Granuloma": 0.31975430250167847,
    "Calcinosis": 0.3027028441429138,
    "Cardiac Shadow (abnormal)": 0.06487103551626205,
    "Cardiomegaly": 0.13501407206058502,
    "Consolidation": 0.25686120986938477,
    "Degenerative Change": 0.2706078588962555,
    "Edema": 0.0637689083814621,
    "Effusion": 0.01562632992863655,
    "Emphysema": 0.1781676560640335,
    "Fibrosis": 0.1804054230451584,
    "Fractures": 0.14190280437469482,
    "Hernia": 0.16725477576255798,
    "Hyperinflation": 0.21777738630771637,
    "Increased Lung Markings": 0.2575073838233948,
    "Interstitial Lung Disease": 0.08204584568738937,
    "Kyphosis": 0.08670089393854141,
    "Lesion": 0.28392723202705383,
    "Mass": 0.12688781321048737,
    "Nodule": 0.2714445888996124,
    "Osteophyte": 0.19962288439273834,
    "Pleural Effusion": 0.05350935831665993,
    "Pleural Thickening": 0.04228721186518669,
    "Pneumothorax": 0.03088558465242386,
    "Pulmonary Artery Enlargement": 0.07388561218976974,
    "Pulmonary Fibrosis": 0.051534734666347504,
    "Rib Fracture": 0.01303549949079752,
    "Scoliosis": 0.19400282204151154,
    "Subcutaneous Emphysema": 0.013460357673466206,
    "Thickening": 0.10859081149101257,
    "Volume Loss": 0.14224347472190857,
    "normal": 0.8248873949050903
  },
  "lateral_probs": {
    "Airspace Disease": 0.19724714756011963,
    "Bronchiectasis": 0.03926337510347366,
    "Bronchiolitis": 0.0026499046944081783,
    "Bullous Disease": 0.015214884653687477,
    "Calcified Granuloma": 0.3552553653717041,
    "Calcinosis": 0.29774653911590576,
    "Cardiac Shadow (abnormal)": 0.05816316604614258,
    "Cardiomegaly": 0.17774933576583862,
    "Consolidation": 0.12950707972049713,
    "Degenerative Change": 0.46887725591659546,
    "Edema": 0.11551272124052048,
    "Effusion": 0.030636601150035858,
    "Emphysema": 0.258382648229599,
    "Fibrosis": 0.24085859954357147,
    "Fractures": 0.20806747674942017,
    "Hernia": 0.1888669729232788,
    "Hyperinflation": 0.3593865931034088,
    "Increased Lung Markings": 0.13768158853054047,
    "Interstitial Lung Disease": 0.2094731330871582,
    "Kyphosis": 0.06665421277284622,
    "Lesion": 0.3930138945579529,
    "Mass": 0.09690124541521072,
    "Nodule": 0.17882756888866425,
    "Osteophyte": 0.1937984973192215,
    "Pleural Effusion": 0.16818159818649292,
    "Pleural Thickening": 0.15345507860183716,
    "Pneumothorax": 0.10812479257583618,
    "Pulmonary Artery Enlargement": 0.054574914276599884,
    "Pulmonary Fibrosis": 0.05596478283405304,
    "Rib Fracture": 0.028738118708133698,
    "Scoliosis": 0.2216479331254959,
    "Subcutaneous Emphysema": 0.01677403599023819,
    "Thickening": 0.1302943378686905,
    "Volume Loss": 0.2352178543806076,
    "normal": 0.7334137558937073
  }
}