{
  "uid": "3999",
  "frontal_image": "3999_IM-2049-1001.dcm.png",
  "lateral_image": "3999_IM-2049-2001.dcm.png",
  "fusion_mode": "weighted_avg(f=0.65,l=0.35)",
  "predicted_classes": [
    "normal"
  ],
  "resolved_classes": [
    "normal"
  ],
  "kg_classes": [
    "Normal"
  ],
  "num_predicted": 1,
  "conflict_resolution": "no_conflict",
  "is_uncertain": true,
  "uncertainty_reason": "normal_prob=0.591 (<0.73) with elevated disease scores: Lesion=0.491, Volume Loss=0.428, Hyperinflation=0.412",
  "inference_time_s": 0.2573,
  "gt_labels": "normal",
  "probabilities": {
    "Airspace Disease": 0.3872,
    "Bronchiectasis": 0.017366,
    "Bronchiolitis": 0.007662,
    "Bullous Disease": 0.020943,
    "Calcified Granuloma": 0.212931,
    "Calcinosis": 0.234221,
    "Cardiac Shadow (abnormal)": 0.175448,
    "Cardiomegaly": 0.396472,
    "Consolidation": 0.190078,
    "Degenerative Change": 0.320268,
    "Edema": 0.329108,
    "Effusion": 0.07452,
    "Emphysema": 0.108819,
    "Fibrosis": 0.222753,
    "Fractures": 0.21693,
    "Hernia": 0.118335,
    "Hyperinflation": 0.411633,
    "Increased Lung Markings": 0.329119,
    "Interstitial Lung Disease": 0.080096,
    "Kyphosis": 0.115847,
    "Lesion": 0.490569,
    "Mass": 0.05241,
    "Nodule": 0.19527,
    "Osteophyte": 0.120742,
    "Pleural Effusion": 0.266218,
    "Pleural Thickening": 0.188157,
    "Pneumothorax": 0.143401,
    "Pulmonary Artery Enlargement": 0.06533,
    "Pulmonary Fibrosis": 0.069594,
    "Rib Fracture": 0.021553,
    "Scoliosis": 0.202927,
    "Subcutaneous Emphysema": 0.025695,
    "Thickening": 0.141335,
    "Volume Loss": 0.428113,
    "normal": 0.590532
  },
  "frontal_probs": {
    "Airspace Disease": 0.3893499970436096,
    "Bronchiectasis": 0.011663615703582764,
    "Bronchiolitis": 0.007911437191069126,
    "Bullous Disease": 0.015237091109156609,
    "Calcified Granuloma": 0.17939703166484833,
    "Calcinosis": 0.20701457560062408,
    "Cardiac Shadow (abnormal)": 0.14313578605651855,
    "Cardiomegaly": 0.38572877645492554,
    "Consolidation": 0.1756610870361328,
    "Degenerative Change": 0.27007314562797546,
    "Edema": 0.3426033854484558,
    "Effusion": 0.0874902680516243,
    "Emphysema": 0.07558255642652512,
    "Fibrosis": 0.21276821196079254,
    "Fractures": 0.1903841346502304,
    "Hernia": 0.11482319980859756,
    "Hyperinflation": 0.3878677487373352,
    "Increased Lung Markings": 0.29040762782096863,
    "Interstitial Lung Disease": 0.04550383985042572,
    "Kyphosis": 0.0628986656665802,
    "Lesion": 0.4795016348361969,
    "Mass": 0.04425516724586487,
    "Nodule": 0.1955474317073822,
    "Osteophyte": 0.10364465415477753,
    "Pleural Effusion": 0.24065130949020386,
    "Pleural Thickening": 0.1578715741634369,
    "Pneumothorax": 0.14801017940044403,
    "Pulmonary Artery Enlargement": 0.05942187458276749,
    "Pulmonary Fibrosis": 0.054813746362924576,
    "Rib Fracture": 0.015620185062289238,
    "Scoliosis": 0.21241451799869537,
    "Subcutaneous Emphysema": 0.023357458412647247,
    "Thickening": 0.12552648782730103,
    "Volume Loss": 0.3986336290836334,
    "normal": 0.6233910322189331
  },
  "lateral_probs": {
    "Airspace Disease": 0.3832079768180847,
    "Bronchiectasis": 0.02795593999326229,
    "Bronchiolitis": 0.007197695318609476,
    "Bullous Disease": 0.031539250165224075,
    "Calcified Granuloma": 0.2752087116241455,
    "Calcinosis": 0.28474780917167664,
    "Cardiac Shadow (abnormal)": 0.2354566901922226,
    "Cardiomegaly": 0.41642501950263977,
    "Consolidation": 0.21685169637203217,
    "Degenerative Change": 0.41348814964294434,
    "Edema": 0.30404603481292725,
    "Effusion": 0.050432413816452026,
    "Emphysema": 0.17054402828216553,
    "Fibrosis": 0.24129685759544373,
    "Fractures": 0.2662295699119568,
    "Hernia": 0.12485630810260773,
    "Hyperinflation": 0.4557678699493408,
    "Increased Lung Markings": 0.40101295709609985,
    "Interstitial Lung Disease": 0.1443387269973755,
    "Kyphosis": 0.2141786366701126,
    "Lesion": 0.5111240148544312,
    "Mass": 0.06755547970533371,
    "Nodule": 0.1947559267282486,
    "Osteophyte": 0.15249456465244293,
    "Pleural Effusion": 0.3136986792087555,
    "Pleural Thickening": 0.2444019764661789,
    "Pneumothorax": 0.1348414570093155,
    "Pulmonary Artery Enlargement": 0.07630152255296707,
    "Pulmonary Fibrosis": 0.09704256802797318,
    "Rib Fracture": 0.032571371644735336,
    "Scoliosis": 0.18530850112438202,
    "Subcutaneous Emphysema": 0.03003493696451187,
    "Thickening": 0.1706940084695816,
    "Volume Loss": 0.4828592836856842,
    "normal": 0.5295071005821228
  }
}