{
  "uid": "3795",
  "frontal_image": "3795_IM-1909-1001.dcm.png",
  "lateral_image": "3795_IM-1909-2001.dcm.png",
  "fusion_mode": "weighted_avg(f=0.65,l=0.35)",
  "predicted_classes": [
    "normal"
  ],
  "resolved_classes": [
    "normal"
  ],
  "kg_classes": [
    "Normal"
  ],
  "num_predicted": 1,
  "conflict_resolution": "no_conflict",
  "is_uncertain": true,
  "uncertainty_reason": "normal_prob=0.645 (<0.73) with elevated disease scores: Degenerative Change=0.432, Hyperinflation=0.415, Lesion=0.362",
  "inference_time_s": 0.2416,
  "gt_labels": "Scoliosis",
  "probabilities": {
    "Airspace Disease": 0.226148,
    "Bronchiectasis": 0.022397,
    "Bronchiolitis": 0.016335,
    "Bullous Disease": 0.057388,
    "Calcified Granuloma": 0.276133,
    "Calcinosis": 0.341313,
    "Cardiac Shadow (abnormal)": 0.11078,
    "Cardiomegaly": 0.235817,
    "Consolidation": 0.114759,
    "Degenerative Change": 0.431975,
    "Edema": 0.147352,
    "Effusion": 0.047809,
    "Emphysema": 0.227591,
    "Fibrosis": 0.241229,
    "Fractures": 0.264462,
    "Hernia": 0.176379,
    "Hyperinflation": 0.415147,
    "Increased Lung Markings": 0.242414,
    "Interstitial Lung Disease": 0.200848,
    "Kyphosis": 0.195285,
    "Lesion": 0.361992,
    "Mass": 0.070431,
    "Nodule": 0.161063,
    "Osteophyte": 0.204787,
    "Pleural Effusion": 0.219334,
    "Pleural Thickening": 0.171927,
    "Pneumothorax": 0.132764,
    "Pulmonary Artery Enlargement": 0.050903,
    "Pulmonary Fibrosis": 0.078167,
    "Rib Fracture": 0.025609,
    "Scoliosis": 0.353473,
    "Subcutaneous Emphysema": 0.060637,
    "Thickening": 0.235139,
    "Volume Loss": 0.283008,
    "normal": 0.645051
  },
  "frontal_probs": {
    "Airspace Disease": 0.19552496075630188,
    "Bronchiectasis": 0.015556816942989826,
    "Bronchiolitis": 0.020693371072411537,
    "Bullous Disease": 0.05973491817712784,
    "Calcified Granuloma": 0.2334299087524414,
    "Calcinosis": 0.315493106842041,
    "Cardiac Shadow (abnormal)": 0.07425994426012039,
    "Cardiomegaly": 0.15959997475147247,
    "Consolidation": 0.08980575203895569,
    "Degenerative Change": 0.4214557409286499,
    "Edema": 0.10450267046689987,
    "Effusion": 0.026716286316514015,
    "Emphysema": 0.19282877445220947,
    "Fibrosis": 0.19223906099796295,
    "Fractures": 0.2654856741428375,
    "Hernia": 0.17076995968818665,
    "Hyperinflation": 0.39517438411712646,
    "Increased Lung Markings": 0.22796379029750824,
    "Interstitial Lung Disease": 0.15193907916545868,
    "Kyphosis": 0.17224523425102234,
    "Lesion": 0.284819632768631,
    "Mass": 0.06909055262804031,
    "Nodule": 0.14450927078723907,
    "Osteophyte": 0.2193918079137802,
    "Pleural Effusion": 0.173211470246315,
    "Pleural Thickening": 0.15626725554466248,
    "Pneumothorax": 0.1412487030029297,
    "Pulmonary Artery Enlargement": 0.03204979747533798,
    "Pulmonary Fibrosis": 0.060728807002305984,
    "Rib Fracture": 0.014830742962658405,
    "Scoliosis": 0.45256507396698,
    "Subcutaneous Emphysema": 0.0558488555252552,
    "Thickening": 0.24276256561279297,
    "Volume Loss": 0.25582054257392883,
    "normal": 0.7074247598648071
  },
  "lateral_probs": {
    "Airspace Disease": 0.2830183506011963,
    "Bronchiectasis": 0.035100676119327545,
    "Bronchiolitis": 0.00824208278208971,
    "Bullous Disease": 0.053030505776405334,
    "Calcified Granuloma": 0.3554401099681854,
    "Calcinosis": 0.3892631232738495,
    "Cardiac Shadow (abnormal)": 0.17860402166843414,
    "Cardiomegaly": 0.3773616552352905,
    "Consolidation": 0.16110166907310486,
    "Degenerative Change": 0.45151039958000183,
    "Edema": 0.22692927718162537,
    "Effusion": 0.08698084205389023,
    "Emphysema": 0.2921501100063324,
    "Fibrosis": 0.33221063017845154,
    "Fractures": 0.26256150007247925,
    "Hernia": 0.18679594993591309,
    "Hyperinflation": 0.4522377550601959,
    "Increased Lung Markings": 0.2692514657974243,
    "Interstitial Lung Disease": 0.2916797697544098,
    "Kyphosis": 0.23807187378406525,
    "Lesion": 0.5053126215934753,
    "Mass": 0.07292014360427856,
    "Nodule": 0.19180665910243988,
    "Osteophyte": 0.17766253650188446,
    "Pleural Effusion": 0.30499112606048584,
    "Pleural Thickening": 0.2010098099708557,
    "Pneumothorax": 0.11700645089149475,
    "Pulmonary Artery Enlargement": 0.08591638505458832,
    "Pulmonary Fibrosis": 0.11055123060941696,
    "Rib Fracture": 0.04562525451183319,
    "Scoliosis": 0.16944620013237,
    "Subcutaneous Emphysema": 0.0695294663310051,
    "Thickening": 0.2209799587726593,
    "Volume Loss": 0.3334995210170746,
    "normal": 0.5292133092880249
  }
}