{
  "uid": "3576",
  "frontal_image": "3576_IM-1757-1001.dcm.png",
  "lateral_image": "3576_IM-1757-2001.dcm.png",
  "fusion_mode": "weighted_avg(f=0.65,l=0.35)",
  "predicted_classes": [
    "normal"
  ],
  "resolved_classes": [
    "normal"
  ],
  "kg_classes": [
    "Normal"
  ],
  "num_predicted": 1,
  "conflict_resolution": "no_conflict",
  "is_uncertain": false,
  "uncertainty_reason": "",
  "inference_time_s": 0.2642,
  "gt_labels": "normal",
  "probabilities": {
    "Airspace Disease": 0.084613,
    "Bronchiectasis": 0.003907,
    "Bronchiolitis": 0.000174,
    "Bullous Disease": 0.002535,
    "Calcified Granuloma": 0.149447,
    "Calcinosis": 0.103523,
    "Cardiac Shadow (abnormal)": 0.022295,
    "Cardiomegaly": 0.087488,
    "Consolidation": 0.053796,
    "Degenerative Change": 0.152309,
    "Edema": 0.038802,
    "Effusion": 0.010582,
    "Emphysema": 0.044792,
    "Fibrosis": 0.088697,
    "Fractures": 0.065849,
    "Hernia": 0.03284,
    "Hyperinflation": 0.144575,
    "Increased Lung Markings": 0.077085,
    "Interstitial Lung Disease": 0.025249,
    "Kyphosis": 0.010241,
    "Lesion": 0.130282,
    "Mass": 0.018887,
    "Nodule": 0.111457,
    "Osteophyte": 0.071207,
    "Pleural Effusion": 0.033633,
    "Pleural Thickening": 0.05553,
    "Pneumothorax": 0.044855,
    "Pulmonary Artery Enlargement": 0.018628,
    "Pulmonary Fibrosis": 0.015402,
    "Rib Fracture": 0.003531,
    "Scoliosis": 0.09595,
    "Subcutaneous Emphysema": 0.001706,
    "Thickening": 0.051522,
    "Volume Loss": 0.098581,
    "normal": 0.926716
  },
  "frontal_probs": {
    "Airspace Disease": 0.03151669725775719,
    "Bronchiectasis": 0.0002967776672448963,
    "Bronchiolitis": 7.211165211629122e-05,
    "Bullous Disease": 0.0017064574640244246,
    "Calcified Granuloma": 0.09370598196983337,
    "Calcinosis": 0.07644140720367432,
    "Cardiac Shadow (abnormal)": 0.0038290934171527624,
    "Cardiomegaly": 0.041916560381650925,
    "Consolidation": 0.008694707415997982,
    "Degenerative Change": 0.08250857889652252,
    "Edema": 0.010092330165207386,
    "Effusion": 0.00406804122030735,
    "Emphysema": 0.01393050979822874,
    "Fibrosis": 0.05773231387138367,
    "Fractures": 0.058396581560373306,
    "Hernia": 0.017771955579519272,
    "Hyperinflation": 0.06083410233259201,
    "Increased Lung Markings": 0.03276324272155762,
    "Interstitial Lung Disease": 0.00545926159247756,
    "Kyphosis": 0.01023115124553442,
    "Lesion": 0.059079237282276154,
    "Mass": 0.002563602989539504,
    "Nodule": 0.0603717677295208,
    "Osteophyte": 0.05219687893986702,
    "Pleural Effusion": 0.01523321308195591,
    "Pleural Thickening": 0.032258227467536926,
    "Pneumothorax": 0.06321826577186584,
    "Pulmonary Artery Enlargement": 0.00515467394143343,
    "Pulmonary Fibrosis": 0.0012441830476745963,
    "Rib Fracture": 0.0007803567568771541,
    "Scoliosis": 0.09006690233945847,
    "Subcutaneous Emphysema": 0.0006016383413225412,
    "Thickening": 0.011701361276209354,
    "Volume Loss": 0.057754576206207275,
    "normal": 0.9645739197731018
  },
  "lateral_probs": {
    "Airspace Disease": 0.1832217276096344,
    "Bronchiectasis": 0.010611266829073429,
    "Bronchiolitis": 0.00036323792301118374,
    "Bullous Disease": 0.004073525778949261,
    "Calcified Granuloma": 0.2529665529727936,
    "Calcinosis": 0.15381665527820587,
    "Cardiac Shadow (abnormal)": 0.05658746510744095,
    "Cardiomegaly": 0.1721201241016388,
    "Consolidation": 0.13755466043949127,
    "Degenerative Change": 0.28193747997283936,
    "Edema": 0.092119961977005,
    "Effusion": 0.02268069237470627,
    "Emphysema": 0.10210495442152023,
    "Fibrosis": 0.14620426297187805,
    "Fractures": 0.07968998700380325,
    "Hernia": 0.060822196304798126,
    "Hyperinflation": 0.3000949025154114,
    "Increased Lung Markings": 0.1593957096338272,
    "Interstitial Lung Disease": 0.062000542879104614,
    "Kyphosis": 0.010258018970489502,
    "Lesion": 0.26251545548439026,
    "Mass": 0.04920269176363945,
    "Nodule": 0.20632843673229218,
    "Osteophyte": 0.10651076585054398,
    "Pleural Effusion": 0.0678035169839859,
    "Pleural Thickening": 0.09874799102544785,
    "Pneumothorax": 0.01075144112110138,
    "Pulmonary Artery Enlargement": 0.04364847391843796,
    "Pulmonary Fibrosis": 0.0416952446103096,
    "Rib Fracture": 0.008640541695058346,
    "Scoliosis": 0.1068744957447052,
    "Subcutaneous Emphysema": 0.0037578123155981302,
    "Thickening": 0.1254756599664688,
    "Volume Loss": 0.17440265417099,
    "normal": 0.8564070463180542
  }
}