{
  "uid": "3483",
  "frontal_image": "3483_IM-1692-1001.dcm.png",
  "lateral_image": "3483_IM-1692-2001.dcm.png",
  "fusion_mode": "weighted_avg(f=0.65,l=0.35)",
  "predicted_classes": [
    "normal"
  ],
  "resolved_classes": [
    "normal"
  ],
  "kg_classes": [
    "Normal"
  ],
  "num_predicted": 1,
  "conflict_resolution": "no_conflict",
  "is_uncertain": true,
  "uncertainty_reason": "normal_prob=0.679 (<0.73) with elevated disease scores: Degenerative Change=0.479, Lesion=0.387, Hyperinflation=0.353",
  "inference_time_s": 0.2376,
  "gt_labels": "normal",
  "probabilities": {
    "Airspace Disease": 0.202048,
    "Bronchiectasis": 0.035075,
    "Bronchiolitis": 0.007994,
    "Bullous Disease": 0.020457,
    "Calcified Granuloma": 0.330415,
    "Calcinosis": 0.260998,
    "Cardiac Shadow (abnormal)": 0.074327,
    "Cardiomegaly": 0.172408,
    "Consolidation": 0.13688,
    "Degenerative Change": 0.478511,
    "Edema": 0.081523,
    "Effusion": 0.021151,
    "Emphysema": 0.136739,
    "Fibrosis": 0.291027,
    "Fractures": 0.156252,
    "Hernia": 0.189331,
    "Hyperinflation": 0.352645,
    "Increased Lung Markings": 0.259055,
    "Interstitial Lung Disease": 0.100212,
    "Kyphosis": 0.079901,
    "Lesion": 0.386673,
    "Mass": 0.102782,
    "Nodule": 0.152702,
    "Osteophyte": 0.217835,
    "Pleural Effusion": 0.223677,
    "Pleural Thickening": 0.151765,
    "Pneumothorax": 0.052775,
    "Pulmonary Artery Enlargement": 0.065231,
    "Pulmonary Fibrosis": 0.054315,
    "Rib Fracture": 0.025472,
    "Scoliosis": 0.26644,
    "Subcutaneous Emphysema": 0.018602,
    "Thickening": 0.156949,
    "Volume Loss": 0.32029,
    "normal": 0.679053
  },
  "frontal_probs": {
    "Airspace Disease": 0.1965821236371994,
    "Bronchiectasis": 0.006760347168892622,
    "Bronchiolitis": 0.006705441512167454,
    "Bullous Disease": 0.015166155993938446,
    "Calcified Granuloma": 0.32918742299079895,
    "Calcinosis": 0.2379525601863861,
    "Cardiac Shadow (abnormal)": 0.054708611220121384,
    "Cardiomegaly": 0.16338187456130981,
    "Consolidation": 0.1232408732175827,
    "Degenerative Change": 0.4840550422668457,
    "Edema": 0.04408712685108185,
    "Effusion": 0.013428810983896255,
    "Emphysema": 0.09537477791309357,
    "Fibrosis": 0.29910528659820557,
    "Fractures": 0.15640786290168762,
    "Hernia": 0.2009357213973999,
    "Hyperinflation": 0.36428967118263245,
    "Increased Lung Markings": 0.26714852452278137,
    "Interstitial Lung Disease": 0.04946563020348549,
    "Kyphosis": 0.06333959102630615,
    "Lesion": 0.4231801927089691,
    "Mass": 0.06258364766836166,
    "Nodule": 0.11733605712652206,
    "Osteophyte": 0.2127126008272171,
    "Pleural Effusion": 0.2656453847885132,
    "Pleural Thickening": 0.1404179036617279,
    "Pneumothorax": 0.04836742579936981,
    "Pulmonary Artery Enlargement": 0.05714000016450882,
    "Pulmonary Fibrosis": 0.022876176983118057,
    "Rib Fracture": 0.016388237476348877,
    "Scoliosis": 0.2934073507785797,
    "Subcutaneous Emphysema": 0.013674908317625523,
    "Thickening": 0.1333659291267395,
    "Volume Loss": 0.34860506653785706,
    "normal": 0.6554135084152222
  },
  "lateral_probs": {
    "Airspace Disease": 0.21219967305660248,
    "Bronchiectasis": 0.08766034990549088,
    "Bronchiolitis": 0.01038753055036068,
    "Bullous Disease": 0.030283909291028976,
    "Calcified Granuloma": 0.33269602060317993,
    "Calcinosis": 0.3037976026535034,
    "Cardiac Shadow (abnormal)": 0.11076101660728455,
    "Cardiomegaly": 0.18916954100131989,
    "Consolidation": 0.1622101217508316,
    "Degenerative Change": 0.4682149291038513,
    "Edema": 0.15104781091213226,
    "Effusion": 0.03549293428659439,
    "Emphysema": 0.21355770528316498,
    "Fibrosis": 0.27602413296699524,
    "Fractures": 0.15596160292625427,
    "Hernia": 0.16777977347373962,
    "Hyperinflation": 0.3310188949108124,
    "Increased Lung Markings": 0.24402311444282532,
    "Interstitial Lung Disease": 0.19445665180683136,
    "Kyphosis": 0.11065724492073059,
    "Lesion": 0.31887295842170715,
    "Mass": 0.17743529379367828,
    "Nodule": 0.21838217973709106,
    "Osteophyte": 0.2273482382297516,
    "Pleural Effusion": 0.14573459327220917,
    "Pleural Thickening": 0.1728391945362091,
    "Pneumothorax": 0.06096046790480614,
    "Pulmonary Artery Enlargement": 0.08025772869586945,
    "Pulmonary Fibrosis": 0.11270114779472351,
    "Rib Fracture": 0.042342375963926315,
    "Scoliosis": 0.2163574993610382,
    "Subcutaneous Emphysema": 0.02775176241993904,
    "Thickening": 0.20074628293514252,
    "Volume Loss": 0.2677042484283447,
    "normal": 0.7229536771774292
  }
}