{
  "uid": "3435",
  "frontal_image": "3435_IM-1662-1001.dcm.png",
  "lateral_image": "3435_IM-1662-2001.dcm.png",
  "fusion_mode": "weighted_avg(f=0.65,l=0.35)",
  "predicted_classes": [
    "normal"
  ],
  "resolved_classes": [
    "normal"
  ],
  "kg_classes": [
    "Normal"
  ],
  "num_predicted": 1,
  "conflict_resolution": "no_conflict",
  "is_uncertain": true,
  "uncertainty_reason": "normal_prob=0.695 (<0.73) with elevated disease scores: Cardiomegaly=0.484, Hyperinflation=0.380, Lesion=0.359",
  "inference_time_s": 0.2392,
  "gt_labels": "Calcinosis;Cardiomegaly;Scoliosis",
  "probabilities": {
    "Airspace Disease": 0.225388,
    "Bronchiectasis": 0.038213,
    "Bronchiolitis": 0.010456,
    "Bullous Disease": 0.025721,
    "Calcified Granuloma": 0.217803,
    "Calcinosis": 0.289532,
    "Cardiac Shadow (abnormal)": 0.230777,
    "Cardiomegaly": 0.484328,
    "Consolidation": 0.120403,
    "Degenerative Change": 0.358871,
    "Edema": 0.191081,
    "Effusion": 0.158231,
    "Emphysema": 0.137072,
    "Fibrosis": 0.190638,
    "Fractures": 0.219725,
    "Hernia": 0.195226,
    "Hyperinflation": 0.380304,
    "Increased Lung Markings": 0.288554,
    "Interstitial Lung Disease": 0.114028,
    "Kyphosis": 0.137523,
    "Lesion": 0.359128,
    "Mass": 0.089406,
    "Nodule": 0.288563,
    "Osteophyte": 0.17569,
    "Pleural Effusion": 0.172121,
    "Pleural Thickening": 0.141371,
    "Pneumothorax": 0.159555,
    "Pulmonary Artery Enlargement": 0.104962,
    "Pulmonary Fibrosis": 0.063492,
    "Rib Fracture": 0.0376,
    "Scoliosis": 0.266753,
    "Subcutaneous Emphysema": 0.05583,
    "Thickening": 0.197,
    "Volume Loss": 0.265287,
    "normal": 0.695408
  },
  "frontal_probs": {
    "Airspace Disease": 0.22253593802452087,
    "Bronchiectasis": 0.032253023236989975,
    "Bronchiolitis": 0.012722408398985863,
    "Bullous Disease": 0.022736545652151108,
    "Calcified Granuloma": 0.19306549429893494,
    "Calcinosis": 0.27708548307418823,
    "Cardiac Shadow (abnormal)": 0.20585758984088898,
    "Cardiomegaly": 0.5464696288108826,
    "Consolidation": 0.1371457874774933,
    "Degenerative Change": 0.36576828360557556,
    "Edema": 0.16421347856521606,
    "Effusion": 0.1734476238489151,
    "Emphysema": 0.12444502115249634,
    "Fibrosis": 0.17927058041095734,
    "Fractures": 0.2294723093509674,
    "Hernia": 0.21790312230587006,
    "Hyperinflation": 0.3557102382183075,
    "Increased Lung Markings": 0.2682236433029175,
    "Interstitial Lung Disease": 0.10479340702295303,
    "Kyphosis": 0.13242238759994507,
    "Lesion": 0.3906197249889374,
    "Mass": 0.09951812773942947,
    "Nodule": 0.3147013485431671,
    "Osteophyte": 0.19289715588092804,
    "Pleural Effusion": 0.17750225961208344,
    "Pleural Thickening": 0.10395824909210205,
    "Pneumothorax": 0.18426989018917084,
    "Pulmonary Artery Enlargement": 0.1279038041830063,
    "Pulmonary Fibrosis": 0.06360359489917755,
    "Rib Fracture": 0.04741771146655083,
    "Scoliosis": 0.2646533250808716,
    "Subcutaneous Emphysema": 0.06556074321269989,
    "Thickening": 0.20118704438209534,
    "Volume Loss": 0.2724314033985138,
    "normal": 0.6739052534103394
  },
  "lateral_probs": {
    "Airspace Disease": 0.2306857854127884,
    "Bronchiectasis": 0.04928223416209221,
    "Bronchiolitis": 0.0062478878535330296,
    "Bullous Disease": 0.03126490116119385,
    "Calcified Granuloma": 0.263744592666626,
    "Calcinosis": 0.3126465976238251,
    "Cardiac Shadow (abnormal)": 0.2770558297634125,
    "Cardiomegaly": 0.36892253160476685,
    "Consolidation": 0.08930942416191101,
    "Degenerative Change": 0.3460629880428314,
    "Edema": 0.2409772276878357,
    "Effusion": 0.129972442984581,
    "Emphysema": 0.16052205860614777,
    "Fibrosis": 0.21174763143062592,
    "Fractures": 0.2016223818063736,
    "Hernia": 0.15311133861541748,
    "Hyperinflation": 0.4259769916534424,
    "Increased Lung Markings": 0.3263099789619446,
    "Interstitial Lung Disease": 0.1311774104833603,
    "Kyphosis": 0.14699524641036987,
    "Lesion": 0.3006425201892853,
    "Mass": 0.07062499970197678,
    "Nodule": 0.24001997709274292,
    "Osteophyte": 0.1437341570854187,
    "Pleural Effusion": 0.16212719678878784,
    "Pleural Thickening": 0.21085090935230255,
    "Pneumothorax": 0.11365576088428497,
    "Pulmonary Artery Enlargement": 0.06235651299357414,
    "Pulmonary Fibrosis": 0.06328607350587845,
    "Rib Fracture": 0.01936689391732216,
    "Scoliosis": 0.27065128087997437,
    "Subcutaneous Emphysema": 0.037758197635412216,
    "Thickening": 0.1892242729663849,
    "Volume Loss": 0.2520188093185425,
    "normal": 0.7353428602218628
  }
}