{
  "uid": "3829",
  "frontal_image": "3829_IM-1932-1001.dcm.png",
  "lateral_image": "3829_IM-1932-2001.dcm.png",
  "fusion_mode": "weighted_avg(f=0.65,l=0.35)",
  "predicted_classes": [
    "normal"
  ],
  "resolved_classes": [
    "normal"
  ],
  "kg_classes": [
    "Normal"
  ],
  "num_predicted": 1,
  "conflict_resolution": "no_conflict",
  "is_uncertain": true,
  "uncertainty_reason": "normal_prob=0.607 (<0.73) with elevated disease scores: Cardiomegaly=0.494, Lesion=0.441, Hyperinflation=0.396",
  "inference_time_s": 0.2731,
  "gt_labels": "Airspace Disease;Cardiomegaly;Edema;Increased Lung Markings;Lesion;Volume Loss",
  "probabilities": {
    "Airspace Disease": 0.327905,
    "Bronchiectasis": 0.073482,
    "Bronchiolitis": 0.016099,
    "Bullous Disease": 0.041019,
    "Calcified Granuloma": 0.289339,
    "Calcinosis": 0.274811,
    "Cardiac Shadow (abnormal)": 0.295686,
    "Cardiomegaly": 0.493765,
    "Consolidation": 0.254824,
    "Degenerative Change": 0.389848,
    "Edema": 0.350174,
    "Effusion": 0.168794,
    "Emphysema": 0.173962,
    "Fibrosis": 0.3033,
    "Fractures": 0.199517,
    "Hernia": 0.214236,
    "Hyperinflation": 0.395524,
    "Increased Lung Markings": 0.296654,
    "Interstitial Lung Disease": 0.149683,
    "Kyphosis": 0.112672,
    "Lesion": 0.44133,
    "Mass": 0.099219,
    "Nodule": 0.205947,
    "Osteophyte": 0.151236,
    "Pleural Effusion": 0.320894,
    "Pleural Thickening": 0.280706,
    "Pneumothorax": 0.139224,
    "Pulmonary Artery Enlargement": 0.163341,
    "Pulmonary Fibrosis": 0.133896,
    "Rib Fracture": 0.042443,
    "Scoliosis": 0.253674,
    "Subcutaneous Emphysema": 0.044764,
    "Thickening": 0.22285,
    "Volume Loss": 0.336041,
    "normal": 0.60706
  },
  "frontal_probs": {
    "Airspace Disease": 0.3938799500465393,
    "Bronchiectasis": 0.10409897565841675,
    "Bronchiolitis": 0.024236265569925308,
    "Bullous Disease": 0.057958755642175674,
    "Calcified Granuloma": 0.30567052960395813,
    "Calcinosis": 0.320426881313324,
    "Cardiac Shadow (abnormal)": 0.3871278464794159,
    "Cardiomegaly": 0.5905144810676575,
    "Consolidation": 0.29806867241859436,
    "Degenerative Change": 0.4128659963607788,
    "Edema": 0.41242536902427673,
    "Effusion": 0.22033165395259857,
    "Emphysema": 0.19626039266586304,
    "Fibrosis": 0.3487175405025482,
    "Fractures": 0.24309146404266357,
    "Hernia": 0.27132418751716614,
    "Hyperinflation": 0.42289817333221436,
    "Increased Lung Markings": 0.3372108042240143,
    "Interstitial Lung Disease": 0.18235479295253754,
    "Kyphosis": 0.1576627641916275,
    "Lesion": 0.5218903422355652,
    "Mass": 0.1303573101758957,
    "Nodule": 0.2358589917421341,
    "Osteophyte": 0.16016437113285065,
    "Pleural Effusion": 0.42112696170806885,
    "Pleural Thickening": 0.3561699092388153,
    "Pneumothorax": 0.18891587853431702,
    "Pulmonary Artery Enlargement": 0.2148318886756897,
    "Pulmonary Fibrosis": 0.18077348172664642,
    "Rib Fracture": 0.05843442678451538,
    "Scoliosis": 0.30829107761383057,
    "Subcutaneous Emphysema": 0.06261304020881653,
    "Thickening": 0.2838518023490906,
    "Volume Loss": 0.39157727360725403,
    "normal": 0.5261101722717285
  },
  "lateral_probs": {
    "Airspace Disease": 0.20537900924682617,
    "Bronchiectasis": 0.016621774062514305,
    "Bronchiolitis": 0.0009863023879006505,
    "Bullous Disease": 0.009560121223330498,
    "Calcified Granuloma": 0.25900834798812866,
    "Calcinosis": 0.1900971680879593,
    "Cardiac Shadow (abnormal)": 0.12586432695388794,
    "Cardiomegaly": 0.3140881061553955,
    "Consolidation": 0.17451155185699463,
    "Degenerative Change": 0.34710055589675903,
    "Edema": 0.23456498980522156,
    "Effusion": 0.07308242470026016,
    "Emphysema": 0.13255105912685394,
    "Fibrosis": 0.21895405650138855,
    "Fractures": 0.11859273910522461,
    "Hernia": 0.10821472108364105,
    "Hyperinflation": 0.3446875810623169,
    "Increased Lung Markings": 0.22133347392082214,
    "Interstitial Lung Disease": 0.08900810778141022,
    "Kyphosis": 0.029116444289684296,
    "Lesion": 0.2917173206806183,
    "Mass": 0.041390310972929,
    "Nodule": 0.15039753913879395,
    "Osteophyte": 0.13465343415737152,
    "Pleural Effusion": 0.134745791554451,
    "Pleural Thickening": 0.1405574381351471,
    "Pneumothorax": 0.046939026564359665,
    "Pulmonary Artery Enlargement": 0.06771551072597504,
    "Pulmonary Fibrosis": 0.04683854803442955,
    "Rib Fracture": 0.012745470739901066,
    "Scoliosis": 0.15224209427833557,
    "Subcutaneous Emphysema": 0.011615078896284103,
    "Thickening": 0.10956037044525146,
    "Volume Loss": 0.2329014241695404,
    "normal": 0.7573966383934021
  }
}