{
  "uid": "3595",
  "frontal_image": "3595_IM-1773-0001-0001.dcm.png",
  "lateral_image": "3595_IM-1773-0001-0002.dcm.png",
  "fusion_mode": "weighted_avg(f=0.65,l=0.35)",
  "predicted_classes": [
    "Lesion"
  ],
  "resolved_classes": [
    "Lesion"
  ],
  "kg_classes": [
    "Lesion"
  ],
  "num_predicted": 1,
  "conflict_resolution": "no_conflict",
  "is_uncertain": false,
  "uncertainty_reason": "",
  "inference_time_s": 0.2655,
  "gt_labels": "Cardiomegaly;Increased Lung Markings;Pleural Effusion",
  "probabilities": {
    "Airspace Disease": 0.427284,
    "Bronchiectasis": 0.152694,
    "Bronchiolitis": 0.071712,
    "Bullous Disease": 0.112393,
    "Calcified Granuloma": 0.387919,
    "Calcinosis": 0.396323,
    "Cardiac Shadow (abnormal)": 0.351837,
    "Cardiomegaly": 0.442039,
    "Consolidation": 0.285705,
    "Degenerative Change": 0.475655,
    "Edema": 0.395058,
    "Effusion": 0.183965,
    "Emphysema": 0.369042,
    "Fibrosis": 0.386762,
    "Fractures": 0.301105,
    "Hernia": 0.382001,
    "Hyperinflation": 0.479285,
    "Increased Lung Markings": 0.359702,
    "Interstitial Lung Disease": 0.308562,
    "Kyphosis": 0.325919,
    "Lesion": 0.550777,
    "Mass": 0.210407,
    "Nodule": 0.293797,
    "Osteophyte": 0.302265,
    "Pleural Effusion": 0.429497,
    "Pleural Thickening": 0.321698,
    "Pneumothorax": 0.289728,
    "Pulmonary Artery Enlargement": 0.226698,
    "Pulmonary Fibrosis": 0.247047,
    "Rib Fracture": 0.119149,
    "Scoliosis": 0.294346,
    "Subcutaneous Emphysema": 0.145695,
    "Thickening": 0.34457,
    "Volume Loss": 0.443961,
    "normal": 0.470788
  },
  "frontal_probs": {
    "Airspace Disease": 0.4084506630897522,
    "Bronchiectasis": 0.1364026963710785,
    "Bronchiolitis": 0.0814611166715622,
    "Bullous Disease": 0.11776816099882126,
    "Calcified Granuloma": 0.38051214814186096,
    "Calcinosis": 0.43629157543182373,
    "Cardiac Shadow (abnormal)": 0.3818872570991516,
    "Cardiomegaly": 0.4513597786426544,
    "Consolidation": 0.28305238485336304,
    "Degenerative Change": 0.4845100939273834,
    "Edema": 0.4070417881011963,
    "Effusion": 0.1831957995891571,
    "Emphysema": 0.37900155782699585,
    "Fibrosis": 0.4022188186645508,
    "Fractures": 0.3228727877140045,
    "Hernia": 0.36154988408088684,
    "Hyperinflation": 0.4845452904701233,
    "Increased Lung Markings": 0.34802836179733276,
    "Interstitial Lung Disease": 0.3346441090106964,
    "Kyphosis": 0.3637657165527344,
    "Lesion": 0.5400255918502808,
    "Mass": 0.21791665256023407,
    "Nodule": 0.3146333396434784,
    "Osteophyte": 0.29436132311820984,
    "Pleural Effusion": 0.3809353709220886,
    "Pleural Thickening": 0.3212396204471588,
    "Pneumothorax": 0.27434399724006653,
    "Pulmonary Artery Enlargement": 0.2614581882953644,
    "Pulmonary Fibrosis": 0.2771623134613037,
    "Rib Fracture": 0.12473642081022263,
    "Scoliosis": 0.30562418699264526,
    "Subcutaneous Emphysema": 0.16808295249938965,
    "Thickening": 0.3940352201461792,
    "Volume Loss": 0.45980551838874817,
    "normal": 0.4579835832118988
  },
  "lateral_probs": {
    "Airspace Disease": 0.46225908398628235,
    "Bronchiectasis": 0.18294867873191833,
    "Bronchiolitis": 0.053607095032930374,
    "Bullous Disease": 0.10241051018238068,
    "Calcified Granuloma": 0.4016740620136261,
    "Calcinosis": 0.322095662355423,
    "Cardiac Shadow (abnormal)": 0.29602906107902527,
    "Cardiomegaly": 0.42472898960113525,
    "Consolidation": 0.290630042552948,
    "Degenerative Change": 0.45920881628990173,
    "Edema": 0.37280362844467163,
    "Effusion": 0.18539413809776306,
    "Emphysema": 0.35054636001586914,
    "Fibrosis": 0.35805583000183105,
    "Fractures": 0.2606804072856903,
    "Hernia": 0.4199827313423157,
    "Hyperinflation": 0.46951454877853394,
    "Increased Lung Markings": 0.3813817799091339,
    "Interstitial Lung Disease": 0.260124534368515,
    "Kyphosis": 0.25563114881515503,
    "Lesion": 0.570744514465332,
    "Mass": 0.19646137952804565,
    "Nodule": 0.2550998330116272,
    "Osteophyte": 0.31694337725639343,
    "Pleural Effusion": 0.5196818709373474,
    "Pleural Thickening": 0.32255005836486816,
    "Pneumothorax": 0.3182981014251709,
    "Pulmonary Artery Enlargement": 0.16214333474636078,
    "Pulmonary Fibrosis": 0.19111956655979156,
    "Rib Fracture": 0.10877319425344467,
    "Scoliosis": 0.27340182662010193,
    "Subcutaneous Emphysema": 0.10411873459815979,
    "Thickening": 0.2527056932449341,
    "Volume Loss": 0.4145352244377136,
    "normal": 0.4945673942565918
  }
}