{
  "uid": "3567",
  "frontal_image": "",
  "lateral_image": "3567_IM-1752-1001.dcm.png",
  "fusion_mode": "lateral_only",
  "predicted_classes": [
    "Hyperinflation",
    "Lesion"
  ],
  "resolved_classes": [
    "Hyperinflation",
    "Lesion"
  ],
  "kg_classes": [
    "Hyperinflation",
    "Lesion"
  ],
  "num_predicted": 2,
  "conflict_resolution": "no_conflict",
  "is_uncertain": false,
  "uncertainty_reason": "",
  "inference_time_s": 0.1201,
  "gt_labels": "Airspace Disease;Consolidation;Pleural Effusion",
  "probabilities": {
    "Airspace Disease": 0.3772073984146118,
    "Bronchiectasis": 0.11224053800106049,
    "Bronchiolitis": 0.028850432485342026,
    "Bullous Disease": 0.07694645971059799,
    "Calcified Granuloma": 0.40361452102661133,
    "Calcinosis": 0.3665555715560913,
    "Cardiac Shadow (abnormal)": 0.30945202708244324,
    "Cardiomegaly": 0.41587314009666443,
    "Consolidation": 0.2218959629535675,
    "Degenerative Change": 0.47341322898864746,
    "Edema": 0.3204922676086426,
    "Effusion": 0.18581239879131317,
    "Emphysema": 0.3557753562927246,
    "Fibrosis": 0.4166438579559326,
    "Fractures": 0.29415908455848694,
    "Hernia": 0.2587791681289673,
    "Hyperinflation": 0.5195885300636292,
    "Increased Lung Markings": 0.34504011273384094,
    "Interstitial Lung Disease": 0.2978779673576355,
    "Kyphosis": 0.24116183817386627,
    "Lesion": 0.5055511593818665,
    "Mass": 0.14606793224811554,
    "Nodule": 0.25537773966789246,
    "Osteophyte": 0.27323246002197266,
    "Pleural Effusion": 0.40052780508995056,
    "Pleural Thickening": 0.29561275243759155,
    "Pneumothorax": 0.1881876140832901,
    "Pulmonary Artery Enlargement": 0.14018218219280243,
    "Pulmonary Fibrosis": 0.21386896073818207,
    "Rib Fracture": 0.05966601148247719,
    "Scoliosis": 0.2047973871231079,
    "Subcutaneous Emphysema": 0.11217113584280014,
    "Thickening": 0.25037163496017456,
    "Volume Loss": 0.4019593894481659,
    "normal": 0.492306649684906
  },
  "frontal_probs": {
    "Airspace Disease": 0.0,
    "Bronchiectasis": 0.0,
    "Bronchiolitis": 0.0,
    "Bullous Disease": 0.0,
    "Calcified Granuloma": 0.0,
    "Calcinosis": 0.0,
    "Cardiac Shadow (abnormal)": 0.0,
    "Cardiomegaly": 0.0,
    "Consolidation": 0.0,
    "Degenerative Change": 0.0,
    "Edema": 0.0,
    "Effusion": 0.0,
    "Emphysema": 0.0,
    "Fibrosis": 0.0,
    "Fractures": 0.0,
    "Hernia": 0.0,
    "Hyperinflation": 0.0,
    "Increased Lung Markings": 0.0,
    "Interstitial Lung Disease": 0.0,
    "Kyphosis": 0.0,
    "Lesion": 0.0,
    "Mass": 0.0,
    "Nodule": 0.0,
    "Osteophyte": 0.0,
    "Pleural Effusion": 0.0,
    "Pleural Thickening": 0.0,
    "Pneumothorax": 0.0,
    "Pulmonary Artery Enlargement": 0.0,
    "Pulmonary Fibrosis": 0.0,
    "Rib Fracture": 0.0,
    "Scoliosis": 0.0,
    "Subcutaneous Emphysema": 0.0,
    "Thickening": 0.0,
    "Volume Loss": 0.0,
    "normal": 0.0
  },
  "lateral_probs": {
    "Airspace Disease": 0.3772073984146118,
    "Bronchiectasis": 0.11224053800106049,
    "Bronchiolitis": 0.028850432485342026,
    "Bullous Disease": 0.07694645971059799,
    "Calcified Granuloma": 0.40361452102661133,
    "Calcinosis": 0.3665555715560913,
    "Cardiac Shadow (abnormal)": 0.30945202708244324,
    "Cardiomegaly": 0.41587314009666443,
    "Consolidation": 0.2218959629535675,
    "Degenerative Change": 0.47341322898864746,
    "Edema": 0.3204922676086426,
    "Effusion": 0.18581239879131317,
    "Emphysema": 0.3557753562927246,
    "Fibrosis": 0.4166438579559326,
    "Fractures": 0.29415908455848694,
    "Hernia": 0.2587791681289673,
    "Hyperinflation": 0.5195885300636292,
    "Increased Lung Markings": 0.34504011273384094,
    "Interstitial Lung Disease": 0.2978779673576355,
    "Kyphosis": 0.24116183817386627,
    "Lesion": 0.5055511593818665,
    "Mass": 0.14606793224811554,
    "Nodule": 0.25537773966789246,
    "Osteophyte": 0.27323246002197266,
    "Pleural Effusion": 0.40052780508995056,
    "Pleural Thickening": 0.29561275243759155,
    "Pneumothorax": 0.1881876140832901,
    "Pulmonary Artery Enlargement": 0.14018218219280243,
    "Pulmonary Fibrosis": 0.21386896073818207,
    "Rib Fracture": 0.05966601148247719,
    "Scoliosis": 0.2047973871231079,
    "Subcutaneous Emphysema": 0.11217113584280014,
    "Thickening": 0.25037163496017456,
    "Volume Loss": 0.4019593894481659,
    "normal": 0.492306649684906
  }
}