{
  "uid": "3285",
  "frontal_image": "3285_IM-1566-1001.dcm.png",
  "lateral_image": "3285_IM-1566-2001.dcm.png",
  "fusion_mode": "weighted_avg(f=0.65,l=0.35)",
  "predicted_classes": [
    "normal"
  ],
  "resolved_classes": [
    "normal"
  ],
  "kg_classes": [
    "Normal"
  ],
  "num_predicted": 1,
  "conflict_resolution": "no_conflict",
  "is_uncertain": false,
  "uncertainty_reason": "",
  "inference_time_s": 0.2696,
  "gt_labels": "normal",
  "probabilities": {
    "Airspace Disease": 0.146933,
    "Bronchiectasis": 0.011933,
    "Bronchiolitis": 0.006982,
    "Bullous Disease": 0.040647,
    "Calcified Granuloma": 0.295069,
    "Calcinosis": 0.194551,
    "Cardiac Shadow (abnormal)": 0.073417,
    "Cardiomegaly": 0.141014,
    "Consolidation": 0.06618,
    "Degenerative Change": 0.339808,
    "Edema": 0.129713,
    "Effusion": 0.011373,
    "Emphysema": 0.281989,
    "Fibrosis": 0.174782,
    "Fractures": 0.133507,
    "Hernia": 0.117331,
    "Hyperinflation": 0.280351,
    "Increased Lung Markings": 0.109059,
    "Interstitial Lung Disease": 0.172398,
    "Kyphosis": 0.056857,
    "Lesion": 0.251366,
    "Mass": 0.048434,
    "Nodule": 0.187461,
    "Osteophyte": 0.164042,
    "Pleural Effusion": 0.075533,
    "Pleural Thickening": 0.081621,
    "Pneumothorax": 0.021106,
    "Pulmonary Artery Enlargement": 0.070436,
    "Pulmonary Fibrosis": 0.0308,
    "Rib Fracture": 0.037327,
    "Scoliosis": 0.078459,
    "Subcutaneous Emphysema": 0.006629,
    "Thickening": 0.113685,
    "Volume Loss": 0.165867,
    "normal": 0.767482
  },
  "frontal_probs": {
    "Airspace Disease": 0.18010549247264862,
    "Bronchiectasis": 0.0162199754267931,
    "Bronchiolitis": 0.010650048963725567,
    "Bullous Disease": 0.06169034168124199,
    "Calcified Granuloma": 0.3461797833442688,
    "Calcinosis": 0.2470640391111374,
    "Cardiac Shadow (abnormal)": 0.09092675149440765,
    "Cardiomegaly": 0.17034658789634705,
    "Consolidation": 0.08298366516828537,
    "Degenerative Change": 0.40210649371147156,
    "Edema": 0.1776345819234848,
    "Effusion": 0.014567107893526554,
    "Emphysema": 0.4133458137512207,
    "Fibrosis": 0.23571866750717163,
    "Fractures": 0.17065779864788055,
    "Hernia": 0.15562105178833008,
    "Hyperinflation": 0.36970266699790955,
    "Increased Lung Markings": 0.13039840757846832,
    "Interstitial Lung Disease": 0.245753675699234,
    "Kyphosis": 0.08341623097658157,
    "Lesion": 0.30703094601631165,
    "Mass": 0.06231560558080673,
    "Nodule": 0.23203836381435394,
    "Osteophyte": 0.18639633059501648,
    "Pleural Effusion": 0.10293417423963547,
    "Pleural Thickening": 0.10569822788238525,
    "Pneumothorax": 0.02969755232334137,
    "Pulmonary Artery Enlargement": 0.08551312237977982,
    "Pulmonary Fibrosis": 0.040778543800115585,
    "Rib Fracture": 0.05543186515569687,
    "Scoliosis": 0.0740635022521019,
    "Subcutaneous Emphysema": 0.009727262891829014,
    "Thickening": 0.1458854079246521,
    "Volume Loss": 0.20808850228786469,
    "normal": 0.6709882616996765
  },
  "lateral_probs": {
    "Airspace Disease": 0.0853266566991806,
    "Bronchiectasis": 0.003971803933382034,
    "Bronchiolitis": 0.00017024324915837497,
    "Bullous Disease": 0.00156516139395535,
    "Calcified Granuloma": 0.2001490741968155,
    "Calcinosis": 0.09702658653259277,
    "Cardiac Shadow (abnormal)": 0.04090024530887604,
    "Cardiomegaly": 0.0865388810634613,
    "Consolidation": 0.034972693771123886,
    "Degenerative Change": 0.22411096096038818,
    "Edema": 0.040717095136642456,
    "Effusion": 0.005441796034574509,
    "Emphysema": 0.03804066777229309,
    "Fibrosis": 0.061613939702510834,
    "Fractures": 0.06451158970594406,
    "Hernia": 0.04622229188680649,
    "Hyperinflation": 0.11441291868686676,
    "Increased Lung Markings": 0.06942742317914963,
    "Interstitial Lung Disease": 0.03616674616932869,
    "Kyphosis": 0.007533527445048094,
    "Lesion": 0.1479884684085846,
    "Mass": 0.022655099630355835,
    "Nodule": 0.10467356443405151,
    "Osteophyte": 0.12252593785524368,
    "Pleural Effusion": 0.02464577555656433,
    "Pleural Thickening": 0.03690536320209503,
    "Pneumothorax": 0.005150189157575369,
    "Pulmonary Artery Enlargement": 0.04243553802371025,
    "Pulmonary Fibrosis": 0.012268259190022945,
    "Rib Fracture": 0.0037041299510747194,
    "Scoliosis": 0.08662153780460358,
    "Subcutaneous Emphysema": 0.0008746918756514788,
    "Thickening": 0.0538831427693367,
    "Volume Loss": 0.08745482563972473,
    "normal": 0.9466835260391235
  }
}