{
  "uid": "3850",
  "frontal_image": "3850_IM-1948-1001.dcm.png",
  "lateral_image": "3850_IM-1948-1002.dcm.png",
  "fusion_mode": "weighted_avg(f=0.65,l=0.35)",
  "predicted_classes": [
    "normal"
  ],
  "resolved_classes": [
    "normal"
  ],
  "kg_classes": [
    "Normal"
  ],
  "num_predicted": 1,
  "conflict_resolution": "no_conflict",
  "is_uncertain": false,
  "uncertainty_reason": "",
  "inference_time_s": 0.2517,
  "gt_labels": "Pulmonary Fibrosis",
  "probabilities": {
    "Airspace Disease": 0.116723,
    "Bronchiectasis": 0.010373,
    "Bronchiolitis": 0.00134,
    "Bullous Disease": 0.007362,
    "Calcified Granuloma": 0.32758,
    "Calcinosis": 0.20439,
    "Cardiac Shadow (abnormal)": 0.025092,
    "Cardiomegaly": 0.081594,
    "Consolidation": 0.078677,
    "Degenerative Change": 0.344966,
    "Edema": 0.035177,
    "Effusion": 0.008748,
    "Emphysema": 0.121488,
    "Fibrosis": 0.19447,
    "Fractures": 0.130582,
    "Hernia": 0.158961,
    "Hyperinflation": 0.206647,
    "Increased Lung Markings": 0.09796,
    "Interstitial Lung Disease": 0.079277,
    "Kyphosis": 0.04492,
    "Lesion": 0.219668,
    "Mass": 0.041846,
    "Nodule": 0.129199,
    "Osteophyte": 0.21262,
    "Pleural Effusion": 0.056404,
    "Pleural Thickening": 0.081154,
    "Pneumothorax": 0.025153,
    "Pulmonary Artery Enlargement": 0.039752,
    "Pulmonary Fibrosis": 0.025154,
    "Rib Fracture": 0.010042,
    "Scoliosis": 0.160349,
    "Subcutaneous Emphysema": 0.006352,
    "Thickening": 0.063366,
    "Volume Loss": 0.13854,
    "normal": 0.846472
  },
  "frontal_probs": {
    "Airspace Disease": 0.07615716010332108,
    "Bronchiectasis": 0.0022962966468185186,
    "Bronchiolitis": 0.0011854469776153564,
    "Bullous Disease": 0.0037766993045806885,
    "Calcified Granuloma": 0.31727051734924316,
    "Calcinosis": 0.19411493837833405,
    "Cardiac Shadow (abnormal)": 0.01150919683277607,
    "Cardiomegaly": 0.04841526970267296,
    "Consolidation": 0.0550403967499733,
    "Degenerative Change": 0.28508520126342773,
    "Edema": 0.009815886616706848,
    "Effusion": 0.002420401433482766,
    "Emphysema": 0.0644472986459732,
    "Fibrosis": 0.16512638330459595,
    "Fractures": 0.12228193134069443,
    "Hernia": 0.152889221906662,
    "Hyperinflation": 0.13753405213356018,
    "Increased Lung Markings": 0.07760683447122574,
    "Interstitial Lung Disease": 0.04033246263861656,
    "Kyphosis": 0.04124343395233154,
    "Lesion": 0.14025385677814484,
    "Mass": 0.027503378689289093,
    "Nodule": 0.11513672024011612,
    "Osteophyte": 0.2178904116153717,
    "Pleural Effusion": 0.025864459574222565,
    "Pleural Thickening": 0.056079521775245667,
    "Pneumothorax": 0.010419676080346107,
    "Pulmonary Artery Enlargement": 0.03210512176156044,
    "Pulmonary Fibrosis": 0.010331574827432632,
    "Rib Fracture": 0.00359922437928617,
    "Scoliosis": 0.14551976323127747,
    "Subcutaneous Emphysema": 0.004600444342941046,
    "Thickening": 0.02985852211713791,
    "Volume Loss": 0.09479966759681702,
    "normal": 0.8749679327011108
  },
  "lateral_probs": {
    "Airspace Disease": 0.19205814599990845,
    "Bronchiectasis": 0.0253713708370924,
    "Bronchiolitis": 0.001627824967727065,
    "Bullous Disease": 0.014019746333360672,
    "Calcified Granuloma": 0.34672725200653076,
    "Calcinosis": 0.2234717160463333,
    "Cardiac Shadow (abnormal)": 0.05031761899590492,
    "Cardiomegaly": 0.14321278035640717,
    "Consolidation": 0.12257250398397446,
    "Degenerative Change": 0.45617449283599854,
    "Edema": 0.08227721601724625,
    "Effusion": 0.020500333979725838,
    "Emphysema": 0.2274201512336731,
    "Fibrosis": 0.2489650398492813,
    "Fractures": 0.1459970474243164,
    "Hernia": 0.17023590207099915,
    "Hyperinflation": 0.3349991738796234,
    "Increased Lung Markings": 0.1357596218585968,
    "Interstitial Lung Disease": 0.15160353481769562,
    "Kyphosis": 0.05174844339489937,
    "Lesion": 0.3671523928642273,
    "Mass": 0.06848108768463135,
    "Nodule": 0.15531498193740845,
    "Osteophyte": 0.20283307135105133,
    "Pleural Effusion": 0.11312055587768555,
    "Pleural Thickening": 0.12772196531295776,
    "Pneumothorax": 0.05251408368349075,
    "Pulmonary Artery Enlargement": 0.05395223945379257,
    "Pulmonary Fibrosis": 0.05268264561891556,
    "Rib Fracture": 0.022008076310157776,
    "Scoliosis": 0.18788760900497437,
    "Subcutaneous Emphysema": 0.009605019353330135,
    "Thickening": 0.12559528648853302,
    "Volume Loss": 0.21977172791957855,
    "normal": 0.7935519218444824
  }
}