{
  "uid": "3555",
  "frontal_image": "3555_IM-1741-2001.dcm.png",
  "lateral_image": "",
  "fusion_mode": "frontal_only",
  "predicted_classes": [
    "normal"
  ],
  "resolved_classes": [
    "normal"
  ],
  "kg_classes": [
    "Normal"
  ],
  "num_predicted": 1,
  "conflict_resolution": "no_conflict",
  "is_uncertain": false,
  "uncertainty_reason": "",
  "inference_time_s": 0.1375,
  "gt_labels": "Degenerative Change",
  "probabilities": {
    "Airspace Disease": 0.025488458573818207,
    "Bronchiectasis": 7.890586857683957e-05,
    "Bronchiolitis": 3.8343721826095134e-05,
    "Bullous Disease": 0.0011117517715319991,
    "Calcified Granuloma": 0.06729081273078918,
    "Calcinosis": 0.046358488500118256,
    "Cardiac Shadow (abnormal)": 0.0021682449150830507,
    "Cardiomegaly": 0.020125148817896843,
    "Consolidation": 0.0046831825748085976,
    "Degenerative Change": 0.04127663001418114,
    "Edema": 0.00805283710360527,
    "Effusion": 0.0027681984938681126,
    "Emphysema": 0.017957311123609543,
    "Fibrosis": 0.032327800989151,
    "Fractures": 0.027714673429727554,
    "Hernia": 0.009230130352079868,
    "Hyperinflation": 0.04205538332462311,
    "Increased Lung Markings": 0.01907900720834732,
    "Interstitial Lung Disease": 0.003459742059931159,
    "Kyphosis": 0.0034536023158580065,
    "Lesion": 0.055708836764097214,
    "Mass": 0.0004505629185587168,
    "Nodule": 0.06659539043903351,
    "Osteophyte": 0.05778639763593674,
    "Pleural Effusion": 0.014732531271874905,
    "Pleural Thickening": 0.040037259459495544,
    "Pneumothorax": 0.07365468144416809,
    "Pulmonary Artery Enlargement": 0.0016142643289640546,
    "Pulmonary Fibrosis": 0.0004333089746069163,
    "Rib Fracture": 0.0003739119856618345,
    "Scoliosis": 0.04129963740706444,
    "Subcutaneous Emphysema": 0.00023370225972030312,
    "Thickening": 0.010693177580833435,
    "Volume Loss": 0.059790343046188354,
    "normal": 0.9718506932258606
  },
  "frontal_probs": {
    "Airspace Disease": 0.025488458573818207,
    "Bronchiectasis": 7.890586857683957e-05,
    "Bronchiolitis": 3.8343721826095134e-05,
    "Bullous Disease": 0.0011117517715319991,
    "Calcified Granuloma": 0.06729081273078918,
    "Calcinosis": 0.046358488500118256,
    "Cardiac Shadow (abnormal)": 0.0021682449150830507,
    "Cardiomegaly": 0.020125148817896843,
    "Consolidation": 0.0046831825748085976,
    "Degenerative Change": 0.04127663001418114,
    "Edema": 0.00805283710360527,
    "Effusion": 0.0027681984938681126,
    "Emphysema": 0.017957311123609543,
    "Fibrosis": 0.032327800989151,
    "Fractures": 0.027714673429727554,
    "Hernia": 0.009230130352079868,
    "Hyperinflation": 0.04205538332462311,
    "Increased Lung Markings": 0.01907900720834732,
    "Interstitial Lung Disease": 0.003459742059931159,
    "Kyphosis": 0.0034536023158580065,
    "Lesion": 0.055708836764097214,
    "Mass": 0.0004505629185587168,
    "Nodule": 0.06659539043903351,
    "Osteophyte": 0.05778639763593674,
    "Pleural Effusion": 0.014732531271874905,
    "Pleural Thickening": 0.040037259459495544,
    "Pneumothorax": 0.07365468144416809,
    "Pulmonary Artery Enlargement": 0.0016142643289640546,
    "Pulmonary Fibrosis": 0.0004333089746069163,
    "Rib Fracture": 0.0003739119856618345,
    "Scoliosis": 0.04129963740706444,
    "Subcutaneous Emphysema": 0.00023370225972030312,
    "Thickening": 0.010693177580833435,
    "Volume Loss": 0.059790343046188354,
    "normal": 0.9718506932258606
  },
  "lateral_probs": {
    "Airspace Disease": 0.0,
    "Bronchiectasis": 0.0,
    "Bronchiolitis": 0.0,
    "Bullous Disease": 0.0,
    "Calcified Granuloma": 0.0,
    "Calcinosis": 0.0,
    "Cardiac Shadow (abnormal)": 0.0,
    "Cardiomegaly": 0.0,
    "Consolidation": 0.0,
    "Degenerative Change": 0.0,
    "Edema": 0.0,
    "Effusion": 0.0,
    "Emphysema": 0.0,
    "Fibrosis": 0.0,
    "Fractures": 0.0,
    "Hernia": 0.0,
    "Hyperinflation": 0.0,
    "Increased Lung Markings": 0.0,
    "Interstitial Lung Disease": 0.0,
    "Kyphosis": 0.0,
    "Lesion": 0.0,
    "Mass": 0.0,
    "Nodule": 0.0,
    "Osteophyte": 0.0,
    "Pleural Effusion": 0.0,
    "Pleural Thickening": 0.0,
    "Pneumothorax": 0.0,
    "Pulmonary Artery Enlargement": 0.0,
    "Pulmonary Fibrosis": 0.0,
    "Rib Fracture": 0.0,
    "Scoliosis": 0.0,
    "Subcutaneous Emphysema": 0.0,
    "Thickening": 0.0,
    "Volume Loss": 0.0,
    "normal": 0.0
  }
}