{
  "uid": "3462",
  "frontal_image": "3462_IM-1683-1001.dcm.png",
  "lateral_image": "3462_IM-1683-2001.dcm.png",
  "fusion_mode": "weighted_avg(f=0.65,l=0.35)",
  "predicted_classes": [
    "normal"
  ],
  "resolved_classes": [
    "normal"
  ],
  "kg_classes": [
    "Normal"
  ],
  "num_predicted": 1,
  "conflict_resolution": "no_conflict",
  "is_uncertain": true,
  "uncertainty_reason": "normal_prob=0.688 (<0.73) with elevated disease scores: Lesion=0.447, Hyperinflation=0.400, Calcified Granuloma=0.359",
  "inference_time_s": 0.2499,
  "gt_labels": "Lesion",
  "probabilities": {
    "Airspace Disease": 0.261687,
    "Bronchiectasis": 0.07521,
    "Bronchiolitis": 0.007972,
    "Bullous Disease": 0.068559,
    "Calcified Granuloma": 0.359224,
    "Calcinosis": 0.324161,
    "Cardiac Shadow (abnormal)": 0.073577,
    "Cardiomegaly": 0.162802,
    "Consolidation": 0.189508,
    "Degenerative Change": 0.349801,
    "Edema": 0.132094,
    "Effusion": 0.038536,
    "Emphysema": 0.332869,
    "Fibrosis": 0.347265,
    "Fractures": 0.19131,
    "Hernia": 0.166326,
    "Hyperinflation": 0.399711,
    "Increased Lung Markings": 0.192825,
    "Interstitial Lung Disease": 0.160187,
    "Kyphosis": 0.105592,
    "Lesion": 0.447436,
    "Mass": 0.065175,
    "Nodule": 0.206285,
    "Osteophyte": 0.147672,
    "Pleural Effusion": 0.163741,
    "Pleural Thickening": 0.198754,
    "Pneumothorax": 0.132237,
    "Pulmonary Artery Enlargement": 0.074592,
    "Pulmonary Fibrosis": 0.086994,
    "Rib Fracture": 0.023776,
    "Scoliosis": 0.235445,
    "Subcutaneous Emphysema": 0.039168,
    "Thickening": 0.181812,
    "Volume Loss": 0.235238,
    "normal": 0.688197
  },
  "frontal_probs": {
    "Airspace Disease": 0.22776590287685394,
    "Bronchiectasis": 0.06477333605289459,
    "Bronchiolitis": 0.008711537346243858,
    "Bullous Disease": 0.09049762040376663,
    "Calcified Granuloma": 0.353067547082901,
    "Calcinosis": 0.34020090103149414,
    "Cardiac Shadow (abnormal)": 0.05190417915582657,
    "Cardiomegaly": 0.11103987693786621,
    "Consolidation": 0.15951259434223175,
    "Degenerative Change": 0.2962800860404968,
    "Edema": 0.1086755245923996,
    "Effusion": 0.029802219942212105,
    "Emphysema": 0.3445156216621399,
    "Fibrosis": 0.34997323155403137,
    "Fractures": 0.21114279329776764,
    "Hernia": 0.13452333211898804,
    "Hyperinflation": 0.4047316014766693,
    "Increased Lung Markings": 0.1858617216348648,
    "Interstitial Lung Disease": 0.16693803668022156,
    "Kyphosis": 0.11776506155729294,
    "Lesion": 0.45328450202941895,
    "Mass": 0.03385208919644356,
    "Nodule": 0.20148658752441406,
    "Osteophyte": 0.10296262800693512,
    "Pleural Effusion": 0.11438857018947601,
    "Pleural Thickening": 0.19061177968978882,
    "Pneumothorax": 0.11781149357557297,
    "Pulmonary Artery Enlargement": 0.07024825364351273,
    "Pulmonary Fibrosis": 0.09052005410194397,
    "Rib Fracture": 0.01280186790972948,
    "Scoliosis": 0.23725464940071106,
    "Subcutaneous Emphysema": 0.04437510296702385,
    "Thickening": 0.19636015594005585,
    "Volume Loss": 0.21535170078277588,
    "normal": 0.7109625339508057
  },
  "lateral_probs": {
    "Airspace Disease": 0.3246838450431824,
    "Bronchiectasis": 0.09459225088357925,
    "Bronchiolitis": 0.006599183194339275,
    "Bullous Disease": 0.02781667374074459,
    "Calcified Granuloma": 0.37065771222114563,
    "Calcinosis": 0.294373095035553,
    "Cardiac Shadow (abnormal)": 0.11382590979337692,
    "Cardiomegaly": 0.2589310109615326,
    "Consolidation": 0.24521362781524658,
    "Degenerative Change": 0.44919639825820923,
    "Edema": 0.17558512091636658,
    "Effusion": 0.05475457012653351,
    "Emphysema": 0.31124070286750793,
    "Fibrosis": 0.34223493933677673,
    "Fractures": 0.15447722375392914,
    "Hernia": 0.22538699209690094,
    "Hyperinflation": 0.39038726687431335,
    "Increased Lung Markings": 0.20575591921806335,
    "Interstitial Lung Disease": 0.14764827489852905,
    "Kyphosis": 0.08298474550247192,
    "Lesion": 0.43657445907592773,
    "Mass": 0.12334711104631424,
    "Nodule": 0.21519677340984344,
    "Osteophyte": 0.23070299625396729,
    "Pleural Effusion": 0.2553943991661072,
    "Pleural Thickening": 0.2138756960630417,
    "Pneumothorax": 0.15902814269065857,
    "Pulmonary Artery Enlargement": 0.08265996724367142,
    "Pulmonary Fibrosis": 0.08044564723968506,
    "Rib Fracture": 0.04415535926818848,
    "Scoliosis": 0.23208406567573547,
    "Subcutaneous Emphysema": 0.02949897199869156,
    "Thickening": 0.15479464828968048,
    "Volume Loss": 0.27217039465904236,
    "normal": 0.645918071269989
  }
}