{
  "uid": "3305",
  "frontal_image": "3305_IM-1581-4001.dcm.png",
  "lateral_image": "3305_IM-1581-1001.dcm.png",
  "fusion_mode": "weighted_avg(f=0.65,l=0.35)",
  "predicted_classes": [
    "Lesion",
    "Cardiomegaly"
  ],
  "resolved_classes": [
    "Lesion",
    "Cardiomegaly"
  ],
  "kg_classes": [
    "Lesion",
    "Cardiomegaly"
  ],
  "num_predicted": 2,
  "conflict_resolution": "no_conflict",
  "is_uncertain": false,
  "uncertainty_reason": "",
  "inference_time_s": 0.2695,
  "gt_labels": "Cardiac Shadow (abnormal);Degenerative Change;Lesion;Volume Loss",
  "probabilities": {
    "Airspace Disease": 0.462197,
    "Bronchiectasis": 0.066334,
    "Bronchiolitis": 0.019327,
    "Bullous Disease": 0.051775,
    "Calcified Granuloma": 0.304476,
    "Calcinosis": 0.302642,
    "Cardiac Shadow (abnormal)": 0.351377,
    "Cardiomegaly": 0.542767,
    "Consolidation": 0.25563,
    "Degenerative Change": 0.409732,
    "Edema": 0.383475,
    "Effusion": 0.237825,
    "Emphysema": 0.217061,
    "Fibrosis": 0.329531,
    "Fractures": 0.238521,
    "Hernia": 0.245856,
    "Hyperinflation": 0.476695,
    "Increased Lung Markings": 0.367701,
    "Interstitial Lung Disease": 0.211182,
    "Kyphosis": 0.1966,
    "Lesion": 0.553492,
    "Mass": 0.102236,
    "Nodule": 0.199097,
    "Osteophyte": 0.180964,
    "Pleural Effusion": 0.489491,
    "Pleural Thickening": 0.340075,
    "Pneumothorax": 0.17962,
    "Pulmonary Artery Enlargement": 0.127415,
    "Pulmonary Fibrosis": 0.193415,
    "Rib Fracture": 0.05058,
    "Scoliosis": 0.218379,
    "Subcutaneous Emphysema": 0.08125,
    "Thickening": 0.240114,
    "Volume Loss": 0.496497,
    "normal": 0.467636
  },
  "frontal_probs": {
    "Airspace Disease": 0.5099914073944092,
    "Bronchiectasis": 0.06124487146735191,
    "Bronchiolitis": 0.02007332630455494,
    "Bullous Disease": 0.02647128514945507,
    "Calcified Granuloma": 0.27954474091529846,
    "Calcinosis": 0.3095727860927582,
    "Cardiac Shadow (abnormal)": 0.3519161641597748,
    "Cardiomegaly": 0.5534762740135193,
    "Consolidation": 0.2791883945465088,
    "Degenerative Change": 0.41105562448501587,
    "Edema": 0.41510286927223206,
    "Effusion": 0.23576907813549042,
    "Emphysema": 0.18757757544517517,
    "Fibrosis": 0.30653518438339233,
    "Fractures": 0.22220614552497864,
    "Hernia": 0.24376071989536285,
    "Hyperinflation": 0.47531989216804504,
    "Increased Lung Markings": 0.35893791913986206,
    "Interstitial Lung Disease": 0.21903418004512787,
    "Kyphosis": 0.1971266269683838,
    "Lesion": 0.5621074438095093,
    "Mass": 0.10938139259815216,
    "Nodule": 0.17796379327774048,
    "Osteophyte": 0.15479695796966553,
    "Pleural Effusion": 0.5550875067710876,
    "Pleural Thickening": 0.37961357831954956,
    "Pneumothorax": 0.1764162927865982,
    "Pulmonary Artery Enlargement": 0.11637825518846512,
    "Pulmonary Fibrosis": 0.17659369111061096,
    "Rib Fracture": 0.05077081918716431,
    "Scoliosis": 0.21069103479385376,
    "Subcutaneous Emphysema": 0.059042152017354965,
    "Thickening": 0.2419971376657486,
    "Volume Loss": 0.5323502421379089,
    "normal": 0.43729326128959656
  },
  "lateral_probs": {
    "Airspace Disease": 0.3734346032142639,
    "Bronchiectasis": 0.07578548789024353,
    "Bronchiolitis": 0.017940567806363106,
    "Bullous Disease": 0.09876766800880432,
    "Calcified Granuloma": 0.3507755398750305,
    "Calcinosis": 0.28976911306381226,
    "Cardiac Shadow (abnormal)": 0.35037538409233093,
    "Cardiomegaly": 0.5228784680366516,
    "Consolidation": 0.21187792718410492,
    "Degenerative Change": 0.40727442502975464,
    "Edema": 0.3247370421886444,
    "Effusion": 0.24164199829101562,
    "Emphysema": 0.27181515097618103,
    "Fibrosis": 0.3722386956214905,
    "Fractures": 0.2688210904598236,
    "Hernia": 0.24974827468395233,
    "Hyperinflation": 0.4792501628398895,
    "Increased Lung Markings": 0.38397619128227234,
    "Interstitial Lung Disease": 0.19659839570522308,
    "Kyphosis": 0.19562190771102905,
    "Lesion": 0.5374929308891296,
    "Mass": 0.08896708488464355,
    "Nodule": 0.23834344744682312,
    "Osteophyte": 0.229559063911438,
    "Pleural Effusion": 0.3676692247390747,
    "Pleural Thickening": 0.26664650440216064,
    "Pneumothorax": 0.18556927144527435,
    "Pulmonary Artery Enlargement": 0.14791101217269897,
    "Pulmonary Fibrosis": 0.224654421210289,
    "Rib Fracture": 0.05022605508565903,
    "Scoliosis": 0.2326553612947464,
    "Subcutaneous Emphysema": 0.12249184399843216,
    "Thickening": 0.23661647737026215,
    "Volume Loss": 0.42991146445274353,
    "normal": 0.523987889289856
  }
}