{
  "uid": "3883",
  "frontal_image": "3883_IM-1971-1001.dcm.png",
  "lateral_image": "3883_IM-1971-12012.dcm.png",
  "fusion_mode": "weighted_avg(f=0.65,l=0.35)",
  "predicted_classes": [
    "normal"
  ],
  "resolved_classes": [
    "normal"
  ],
  "kg_classes": [
    "Normal"
  ],
  "num_predicted": 1,
  "conflict_resolution": "no_conflict",
  "is_uncertain": false,
  "uncertainty_reason": "",
  "inference_time_s": 0.2962,
  "gt_labels": "normal",
  "probabilities": {
    "Airspace Disease": 0.089153,
    "Bronchiectasis": 0.008747,
    "Bronchiolitis": 0.000965,
    "Bullous Disease": 0.014143,
    "Calcified Granuloma": 0.306601,
    "Calcinosis": 0.191529,
    "Cardiac Shadow (abnormal)": 0.01761,
    "Cardiomegaly": 0.042734,
    "Consolidation": 0.042948,
    "Degenerative Change": 0.278682,
    "Edema": 0.026474,
    "Effusion": 0.004712,
    "Emphysema": 0.166982,
    "Fibrosis": 0.194904,
    "Fractures": 0.103647,
    "Hernia": 0.065095,
    "Hyperinflation": 0.238454,
    "Increased Lung Markings": 0.08828,
    "Interstitial Lung Disease": 0.076004,
    "Kyphosis": 0.025526,
    "Lesion": 0.196158,
    "Mass": 0.033989,
    "Nodule": 0.160535,
    "Osteophyte": 0.148668,
    "Pleural Effusion": 0.043066,
    "Pleural Thickening": 0.095135,
    "Pneumothorax": 0.032179,
    "Pulmonary Artery Enlargement": 0.015116,
    "Pulmonary Fibrosis": 0.016457,
    "Rib Fracture": 0.008376,
    "Scoliosis": 0.107539,
    "Subcutaneous Emphysema": 0.003787,
    "Thickening": 0.063637,
    "Volume Loss": 0.147496,
    "normal": 0.876786
  },
  "frontal_probs": {
    "Airspace Disease": 0.07832952588796616,
    "Bronchiectasis": 0.006228682119399309,
    "Bronchiolitis": 0.0012298597721382976,
    "Bullous Disease": 0.01945619285106659,
    "Calcified Granuloma": 0.2911786139011383,
    "Calcinosis": 0.1639249324798584,
    "Cardiac Shadow (abnormal)": 0.011475713923573494,
    "Cardiomegaly": 0.024362850934267044,
    "Consolidation": 0.029989056289196014,
    "Degenerative Change": 0.21335697174072266,
    "Edema": 0.021541358903050423,
    "Effusion": 0.0036774431355297565,
    "Emphysema": 0.17134423553943634,
    "Fibrosis": 0.19529485702514648,
    "Fractures": 0.10490383952856064,
    "Hernia": 0.06239231675863266,
    "Hyperinflation": 0.20870132744312286,
    "Increased Lung Markings": 0.0928487479686737,
    "Interstitial Lung Disease": 0.06730080395936966,
    "Kyphosis": 0.024438079446554184,
    "Lesion": 0.16448897123336792,
    "Mass": 0.019457735121250153,
    "Nodule": 0.14526458084583282,
    "Osteophyte": 0.12913444638252258,
    "Pleural Effusion": 0.04277484118938446,
    "Pleural Thickening": 0.11465857177972794,
    "Pneumothorax": 0.035374965518713,
    "Pulmonary Artery Enlargement": 0.0072989691980183125,
    "Pulmonary Fibrosis": 0.010563697665929794,
    "Rib Fracture": 0.01029930915683508,
    "Scoliosis": 0.09609276801347733,
    "Subcutaneous Emphysema": 0.0032910846639424562,
    "Thickening": 0.047688793390989304,
    "Volume Loss": 0.15743182599544525,
    "normal": 0.8810139894485474
  },
  "lateral_probs": {
    "Airspace Disease": 0.10925376415252686,
    "Bronchiectasis": 0.013422798365354538,
    "Bronchiolitis": 0.00047436769818887115,
    "Bullous Disease": 0.004276236519217491,
    "Calcified Granuloma": 0.33524179458618164,
    "Calcinosis": 0.24279402196407318,
    "Cardiac Shadow (abnormal)": 0.029001900926232338,
    "Cardiomegaly": 0.07685065269470215,
    "Consolidation": 0.06701480597257614,
    "Degenerative Change": 0.3999989628791809,
    "Edema": 0.03563395515084267,
    "Effusion": 0.00663231685757637,
    "Emphysema": 0.1588817536830902,
    "Fibrosis": 0.1941777616739273,
    "Fractures": 0.1013142466545105,
    "Hernia": 0.07011505961418152,
    "Hyperinflation": 0.2937084138393402,
    "Increased Lung Markings": 0.07979640364646912,
    "Interstitial Lung Disease": 0.0921659767627716,
    "Kyphosis": 0.027545474469661713,
    "Lesion": 0.25497084856033325,
    "Mass": 0.060974739491939545,
    "Nodule": 0.18889360129833221,
    "Osteophyte": 0.18494395911693573,
    "Pleural Effusion": 0.043607283383607864,
    "Pleural Thickening": 0.058877088129520416,
    "Pneumothorax": 0.026245061308145523,
    "Pulmonary Artery Enlargement": 0.02963274158537388,
    "Pulmonary Fibrosis": 0.027402248233556747,
    "Rib Fracture": 0.0048051076009869576,
    "Scoliosis": 0.12879614531993866,
    "Subcutaneous Emphysema": 0.00470932200551033,
    "Thickening": 0.09325408190488815,
    "Volume Loss": 0.12904290854930878,
    "normal": 0.8689348697662354
  }
}