{
  "uid": "3490",
  "frontal_image": "3490_IM-1697-1001.dcm.png",
  "lateral_image": "3490_IM-1697-2001.dcm.png",
  "fusion_mode": "weighted_avg(f=0.65,l=0.35)",
  "predicted_classes": [
    "normal"
  ],
  "resolved_classes": [
    "normal"
  ],
  "kg_classes": [
    "Normal"
  ],
  "num_predicted": 1,
  "conflict_resolution": "no_conflict",
  "is_uncertain": true,
  "uncertainty_reason": "normal_prob=0.580 (<0.73) with elevated disease scores: Hyperinflation=0.464, Degenerative Change=0.460, Lesion=0.459",
  "inference_time_s": 0.2632,
  "gt_labels": "Calcinosis;Hyperinflation",
  "probabilities": {
    "Airspace Disease": 0.330932,
    "Bronchiectasis": 0.033366,
    "Bronchiolitis": 0.011599,
    "Bullous Disease": 0.035488,
    "Calcified Granuloma": 0.357852,
    "Calcinosis": 0.34799,
    "Cardiac Shadow (abnormal)": 0.132629,
    "Cardiomegaly": 0.248568,
    "Consolidation": 0.204012,
    "Degenerative Change": 0.460277,
    "Edema": 0.138253,
    "Effusion": 0.043243,
    "Emphysema": 0.233283,
    "Fibrosis": 0.313628,
    "Fractures": 0.242011,
    "Hernia": 0.245452,
    "Hyperinflation": 0.463802,
    "Increased Lung Markings": 0.301924,
    "Interstitial Lung Disease": 0.193084,
    "Kyphosis": 0.119112,
    "Lesion": 0.458791,
    "Mass": 0.167612,
    "Nodule": 0.221053,
    "Osteophyte": 0.174889,
    "Pleural Effusion": 0.325356,
    "Pleural Thickening": 0.292271,
    "Pneumothorax": 0.096198,
    "Pulmonary Artery Enlargement": 0.069401,
    "Pulmonary Fibrosis": 0.089433,
    "Rib Fracture": 0.038535,
    "Scoliosis": 0.187462,
    "Subcutaneous Emphysema": 0.030389,
    "Thickening": 0.208866,
    "Volume Loss": 0.402351,
    "normal": 0.579696
  },
  "frontal_probs": {
    "Airspace Disease": 0.40045395493507385,
    "Bronchiectasis": 0.03016352653503418,
    "Bronchiolitis": 0.013066491112112999,
    "Bullous Disease": 0.02740909345448017,
    "Calcified Granuloma": 0.34513574838638306,
    "Calcinosis": 0.32332924008369446,
    "Cardiac Shadow (abnormal)": 0.12518972158432007,
    "Cardiomegaly": 0.23456792533397675,
    "Consolidation": 0.265826016664505,
    "Degenerative Change": 0.4257863759994507,
    "Edema": 0.11642605066299438,
    "Effusion": 0.03871219605207443,
    "Emphysema": 0.16432857513427734,
    "Fibrosis": 0.32384514808654785,
    "Fractures": 0.24805673956871033,
    "Hernia": 0.26123133301734924,
    "Hyperinflation": 0.4477786421775818,
    "Increased Lung Markings": 0.3208432197570801,
    "Interstitial Lung Disease": 0.12850692868232727,
    "Kyphosis": 0.10882937908172607,
    "Lesion": 0.48607757687568665,
    "Mass": 0.198974609375,
    "Nodule": 0.19328874349594116,
    "Osteophyte": 0.1439688503742218,
    "Pleural Effusion": 0.40472960472106934,
    "Pleural Thickening": 0.37517669796943665,
    "Pneumothorax": 0.07266224175691605,
    "Pulmonary Artery Enlargement": 0.06587124615907669,
    "Pulmonary Fibrosis": 0.06772836297750473,
    "Rib Fracture": 0.041183654218912125,
    "Scoliosis": 0.16157323122024536,
    "Subcutaneous Emphysema": 0.024206111207604408,
    "Thickening": 0.21353484690189362,
    "Volume Loss": 0.4458490014076233,
    "normal": 0.5739263296127319
  },
  "lateral_probs": {
    "Airspace Disease": 0.20181898772716522,
    "Bronchiectasis": 0.039312705397605896,
    "Bronchiolitis": 0.008874231949448586,
    "Bullous Disease": 0.05049215257167816,
    "Calcified Granuloma": 0.38146695494651794,
    "Calcinosis": 0.39378824830055237,
    "Cardiac Shadow (abnormal)": 0.14644405245780945,
    "Cardiomegaly": 0.27456775307655334,
    "Consolidation": 0.08921517431735992,
    "Degenerative Change": 0.5243323445320129,
    "Edema": 0.17878755927085876,
    "Effusion": 0.051656585186719894,
    "Emphysema": 0.36134201288223267,
    "Fibrosis": 0.29465341567993164,
    "Fractures": 0.23078377544879913,
    "Hernia": 0.21614770591259003,
    "Hyperinflation": 0.49355995655059814,
    "Increased Lung Markings": 0.2667894661426544,
    "Interstitial Lung Disease": 0.3130137622356415,
    "Kyphosis": 0.13820767402648926,
    "Lesion": 0.40811675786972046,
    "Mass": 0.1093677431344986,
    "Nodule": 0.2726156711578369,
    "Osteophyte": 0.23231163620948792,
    "Pleural Effusion": 0.17794884741306305,
    "Pleural Thickening": 0.1383032649755478,
    "Pneumothorax": 0.13990764319896698,
    "Pulmonary Artery Enlargement": 0.0759560838341713,
    "Pulmonary Fibrosis": 0.12974253296852112,
    "Rib Fracture": 0.03361576795578003,
    "Scoliosis": 0.23553994297981262,
    "Subcutaneous Emphysema": 0.04187239706516266,
    "Thickening": 0.20019645988941193,
    "Volume Loss": 0.3215692341327667,
    "normal": 0.5904105305671692
  }
}