{
  "uid": "3656",
  "frontal_image": "3656_IM-1817-1001.dcm.png",
  "lateral_image": "3656_IM-1817-2001.dcm.png",
  "fusion_mode": "weighted_avg(f=0.65,l=0.35)",
  "predicted_classes": [
    "Lesion"
  ],
  "resolved_classes": [
    "Lesion"
  ],
  "kg_classes": [
    "Lesion"
  ],
  "num_predicted": 1,
  "conflict_resolution": "no_conflict",
  "is_uncertain": false,
  "uncertainty_reason": "",
  "inference_time_s": 0.2781,
  "gt_labels": "Calcified Granuloma;Cardiomegaly;Degenerative Change;Hyperinflation;Lesion",
  "probabilities": {
    "Airspace Disease": 0.428138,
    "Bronchiectasis": 0.069804,
    "Bronchiolitis": 0.018264,
    "Bullous Disease": 0.037496,
    "Calcified Granuloma": 0.330646,
    "Calcinosis": 0.256248,
    "Cardiac Shadow (abnormal)": 0.192878,
    "Cardiomegaly": 0.350507,
    "Consolidation": 0.315001,
    "Degenerative Change": 0.441892,
    "Edema": 0.299634,
    "Effusion": 0.047221,
    "Emphysema": 0.180399,
    "Fibrosis": 0.280294,
    "Fractures": 0.179741,
    "Hernia": 0.192761,
    "Hyperinflation": 0.446315,
    "Increased Lung Markings": 0.290248,
    "Interstitial Lung Disease": 0.169479,
    "Kyphosis": 0.106652,
    "Lesion": 0.590099,
    "Mass": 0.076634,
    "Nodule": 0.24393,
    "Osteophyte": 0.200418,
    "Pleural Effusion": 0.351542,
    "Pleural Thickening": 0.270386,
    "Pneumothorax": 0.071306,
    "Pulmonary Artery Enlargement": 0.087943,
    "Pulmonary Fibrosis": 0.080363,
    "Rib Fracture": 0.050897,
    "Scoliosis": 0.182097,
    "Subcutaneous Emphysema": 0.022645,
    "Thickening": 0.216182,
    "Volume Loss": 0.395728,
    "normal": 0.490165
  },
  "frontal_probs": {
    "Airspace Disease": 0.4501526951789856,
    "Bronchiectasis": 0.040560007095336914,
    "Bronchiolitis": 0.020338252186775208,
    "Bullous Disease": 0.04700291156768799,
    "Calcified Granuloma": 0.33401066064834595,
    "Calcinosis": 0.25446078181266785,
    "Cardiac Shadow (abnormal)": 0.1757788211107254,
    "Cardiomegaly": 0.33834999799728394,
    "Consolidation": 0.3152181804180145,
    "Degenerative Change": 0.44845589995384216,
    "Edema": 0.28876233100891113,
    "Effusion": 0.028751211240887642,
    "Emphysema": 0.1566201001405716,
    "Fibrosis": 0.2684294879436493,
    "Fractures": 0.18705616891384125,
    "Hernia": 0.194464311003685,
    "Hyperinflation": 0.44697585701942444,
    "Increased Lung Markings": 0.32355743646621704,
    "Interstitial Lung Disease": 0.1338004469871521,
    "Kyphosis": 0.09378772974014282,
    "Lesion": 0.629159688949585,
    "Mass": 0.05315113067626953,
    "Nodule": 0.293832927942276,
    "Osteophyte": 0.21407857537269592,
    "Pleural Effusion": 0.3040982782840729,
    "Pleural Thickening": 0.23460374772548676,
    "Pneumothorax": 0.07533691823482513,
    "Pulmonary Artery Enlargement": 0.07751858234405518,
    "Pulmonary Fibrosis": 0.05815752595663071,
    "Rib Fracture": 0.05152147635817528,
    "Scoliosis": 0.16889873147010803,
    "Subcutaneous Emphysema": 0.019465014338493347,
    "Thickening": 0.17014184594154358,
    "Volume Loss": 0.3732573986053467,
    "normal": 0.482904314994812
  },
  "lateral_probs": {
    "Airspace Disease": 0.38725218176841736,
    "Bronchiectasis": 0.1241145133972168,
    "Bronchiolitis": 0.014411436393857002,
    "Bullous Disease": 0.019839858636260033,
    "Calcified Granuloma": 0.3243984282016754,
    "Calcinosis": 0.259568452835083,
    "Cardiac Shadow (abnormal)": 0.22463317215442657,
    "Cardiomegaly": 0.37308457493782043,
    "Consolidation": 0.3145965337753296,
    "Degenerative Change": 0.42970287799835205,
    "Edema": 0.31982454657554626,
    "Effusion": 0.08152157813310623,
    "Emphysema": 0.2245589941740036,
    "Fibrosis": 0.30232736468315125,
    "Fractures": 0.16615641117095947,
    "Hernia": 0.18959873914718628,
    "Hyperinflation": 0.44508883357048035,
    "Increased Lung Markings": 0.2283865362405777,
    "Interstitial Lung Disease": 0.23573841154575348,
    "Kyphosis": 0.13054269552230835,
    "Lesion": 0.5175591111183167,
    "Mass": 0.12024438381195068,
    "Nodule": 0.15125219523906708,
    "Osteophyte": 0.17504899203777313,
    "Pleural Effusion": 0.43965205550193787,
    "Pleural Thickening": 0.33683815598487854,
    "Pneumothorax": 0.06381871551275253,
    "Pulmonary Artery Enlargement": 0.10730256140232086,
    "Pulmonary Fibrosis": 0.12160085886716843,
    "Rib Fracture": 0.049737341701984406,
    "Scoliosis": 0.20660774409770966,
    "Subcutaneous Emphysema": 0.02855072356760502,
    "Thickening": 0.30168458819389343,
    "Volume Loss": 0.43745991587638855,
    "normal": 0.5036490559577942
  }
}