{
  "uid": "3535",
  "frontal_image": "3535_IM-1728-0001-0002.dcm.png",
  "lateral_image": "3535_IM-1728-0001-0001.dcm.png",
  "fusion_mode": "weighted_avg(f=0.65,l=0.35)",
  "predicted_classes": [
    "normal"
  ],
  "resolved_classes": [
    "normal"
  ],
  "kg_classes": [
    "Normal"
  ],
  "num_predicted": 1,
  "conflict_resolution": "no_conflict",
  "is_uncertain": true,
  "uncertainty_reason": "normal_prob=0.626 (<0.73) with elevated disease scores: Hyperinflation=0.415, Lesion=0.410, Degenerative Change=0.400",
  "inference_time_s": 0.2937,
  "gt_labels": "normal",
  "probabilities": {
    "Airspace Disease": 0.291785,
    "Bronchiectasis": 0.160677,
    "Bronchiolitis": 0.044582,
    "Bullous Disease": 0.065367,
    "Calcified Granuloma": 0.36881,
    "Calcinosis": 0.326639,
    "Cardiac Shadow (abnormal)": 0.170258,
    "Cardiomegaly": 0.261804,
    "Consolidation": 0.186688,
    "Degenerative Change": 0.400417,
    "Edema": 0.220956,
    "Effusion": 0.076637,
    "Emphysema": 0.250812,
    "Fibrosis": 0.29948,
    "Fractures": 0.188717,
    "Hernia": 0.216601,
    "Hyperinflation": 0.414942,
    "Increased Lung Markings": 0.22533,
    "Interstitial Lung Disease": 0.190616,
    "Kyphosis": 0.081298,
    "Lesion": 0.409528,
    "Mass": 0.128229,
    "Nodule": 0.345014,
    "Osteophyte": 0.220016,
    "Pleural Effusion": 0.211924,
    "Pleural Thickening": 0.23259,
    "Pneumothorax": 0.075198,
    "Pulmonary Artery Enlargement": 0.094476,
    "Pulmonary Fibrosis": 0.133645,
    "Rib Fracture": 0.088616,
    "Scoliosis": 0.180168,
    "Subcutaneous Emphysema": 0.040938,
    "Thickening": 0.270482,
    "Volume Loss": 0.278741,
    "normal": 0.626325
  },
  "frontal_probs": {
    "Airspace Disease": 0.3296392560005188,
    "Bronchiectasis": 0.21137484908103943,
    "Bronchiolitis": 0.06674604117870331,
    "Bullous Disease": 0.09005043655633926,
    "Calcified Granuloma": 0.4050530791282654,
    "Calcinosis": 0.37987011671066284,
    "Cardiac Shadow (abnormal)": 0.18396414816379547,
    "Cardiomegaly": 0.2498144954442978,
    "Consolidation": 0.19150978326797485,
    "Degenerative Change": 0.4182582199573517,
    "Edema": 0.2612582743167877,
    "Effusion": 0.09185438603162766,
    "Emphysema": 0.30724459886550903,
    "Fibrosis": 0.3331204652786255,
    "Fractures": 0.22324120998382568,
    "Hernia": 0.22748889029026031,
    "Hyperinflation": 0.4596293568611145,
    "Increased Lung Markings": 0.23385019600391388,
    "Interstitial Lung Disease": 0.24100945889949799,
    "Kyphosis": 0.09979956597089767,
    "Lesion": 0.4322894513607025,
    "Mass": 0.14557340741157532,
    "Nodule": 0.4108425974845886,
    "Osteophyte": 0.21082277595996857,
    "Pleural Effusion": 0.2437632977962494,
    "Pleural Thickening": 0.28170815110206604,
    "Pneumothorax": 0.08832510560750961,
    "Pulmonary Artery Enlargement": 0.10169704258441925,
    "Pulmonary Fibrosis": 0.15754887461662292,
    "Rib Fracture": 0.12188877910375595,
    "Scoliosis": 0.18545018136501312,
    "Subcutaneous Emphysema": 0.05494224280118942,
    "Thickening": 0.3087591528892517,
    "Volume Loss": 0.3058581054210663,
    "normal": 0.5634872317314148
  },
  "lateral_probs": {
    "Airspace Disease": 0.2214844822883606,
    "Bronchiectasis": 0.06652244925498962,
    "Bronchiolitis": 0.0034192379098385572,
    "Bullous Disease": 0.019525641575455666,
    "Calcified Granuloma": 0.3015005588531494,
    "Calcinosis": 0.227779820561409,
    "Cardiac Shadow (abnormal)": 0.14480459690093994,
    "Cardiomegaly": 0.28407013416290283,
    "Consolidation": 0.17773380875587463,
    "Degenerative Change": 0.3672844171524048,
    "Edema": 0.14610981941223145,
    "Effusion": 0.04837675392627716,
    "Emphysema": 0.1460077315568924,
    "Fibrosis": 0.23700371384620667,
    "Fractures": 0.12460057437419891,
    "Hernia": 0.19637975096702576,
    "Hyperinflation": 0.3319501280784607,
    "Increased Lung Markings": 0.20950548350811005,
    "Interstitial Lung Disease": 0.09702935814857483,
    "Kyphosis": 0.04693813994526863,
    "Lesion": 0.3672555088996887,
    "Mass": 0.09601746499538422,
    "Nodule": 0.22276173532009125,
    "Osteophyte": 0.23708993196487427,
    "Pleural Effusion": 0.15279521048069,
    "Pleural Thickening": 0.14137157797813416,
    "Pneumothorax": 0.050819359719753265,
    "Pulmonary Artery Enlargement": 0.08106495440006256,
    "Pulmonary Fibrosis": 0.08925183862447739,
    "Rib Fracture": 0.026823338121175766,
    "Scoliosis": 0.17035765945911407,
    "Subcutaneous Emphysema": 0.014931107871234417,
    "Thickening": 0.19939684867858887,
    "Volume Loss": 0.228380486369133,
    "normal": 0.7430230975151062
  }
}