{
  "uid": "3556",
  "frontal_image": "3556_IM-1741-1001-0001.dcm.png",
  "lateral_image": "3556_IM-1741-1001-0002.dcm.png",
  "fusion_mode": "weighted_avg(f=0.65,l=0.35)",
  "predicted_classes": [
    "Degenerative Change",
    "Lesion"
  ],
  "resolved_classes": [
    "Degenerative Change",
    "Lesion"
  ],
  "kg_classes": [
    "Degenerative Change",
    "Lesion"
  ],
  "num_predicted": 2,
  "conflict_resolution": "no_conflict",
  "is_uncertain": false,
  "uncertainty_reason": "",
  "inference_time_s": 0.2515,
  "gt_labels": "Degenerative Change",
  "probabilities": {
    "Airspace Disease": 0.333658,
    "Bronchiectasis": 0.037357,
    "Bronchiolitis": 0.022098,
    "Bullous Disease": 0.057915,
    "Calcified Granuloma": 0.312315,
    "Calcinosis": 0.357641,
    "Cardiac Shadow (abnormal)": 0.27667,
    "Cardiomegaly": 0.462332,
    "Consolidation": 0.184852,
    "Degenerative Change": 0.53282,
    "Edema": 0.343927,
    "Effusion": 0.103738,
    "Emphysema": 0.223338,
    "Fibrosis": 0.302954,
    "Fractures": 0.287903,
    "Hernia": 0.270866,
    "Hyperinflation": 0.446878,
    "Increased Lung Markings": 0.339279,
    "Interstitial Lung Disease": 0.200404,
    "Kyphosis": 0.210767,
    "Lesion": 0.50658,
    "Mass": 0.135865,
    "Nodule": 0.213367,
    "Osteophyte": 0.220747,
    "Pleural Effusion": 0.336111,
    "Pleural Thickening": 0.233861,
    "Pneumothorax": 0.208049,
    "Pulmonary Artery Enlargement": 0.138636,
    "Pulmonary Fibrosis": 0.126377,
    "Rib Fracture": 0.055289,
    "Scoliosis": 0.240619,
    "Subcutaneous Emphysema": 0.074781,
    "Thickening": 0.231812,
    "Volume Loss": 0.410431,
    "normal": 0.474726
  },
  "frontal_probs": {
    "Airspace Disease": 0.39235952496528625,
    "Bronchiectasis": 0.040502842515707016,
    "Bronchiolitis": 0.028971493244171143,
    "Bullous Disease": 0.06019541621208191,
    "Calcified Granuloma": 0.293693870306015,
    "Calcinosis": 0.3762300908565521,
    "Cardiac Shadow (abnormal)": 0.3470834493637085,
    "Cardiomegaly": 0.5416349172592163,
    "Consolidation": 0.21621182560920715,
    "Degenerative Change": 0.5518695712089539,
    "Edema": 0.41483408212661743,
    "Effusion": 0.12811025977134705,
    "Emphysema": 0.18086054921150208,
    "Fibrosis": 0.2819717526435852,
    "Fractures": 0.32442739605903625,
    "Hernia": 0.3098038136959076,
    "Hyperinflation": 0.44260498881340027,
    "Increased Lung Markings": 0.38732871413230896,
    "Interstitial Lung Disease": 0.1745632439851761,
    "Kyphosis": 0.23162232339382172,
    "Lesion": 0.544366180896759,
    "Mass": 0.1557459831237793,
    "Nodule": 0.21771159768104553,
    "Osteophyte": 0.23152995109558105,
    "Pleural Effusion": 0.389698326587677,
    "Pleural Thickening": 0.26848435401916504,
    "Pneumothorax": 0.21441051363945007,
    "Pulmonary Artery Enlargement": 0.16812369227409363,
    "Pulmonary Fibrosis": 0.14406223595142365,
    "Rib Fracture": 0.0641319528222084,
    "Scoliosis": 0.24416854977607727,
    "Subcutaneous Emphysema": 0.09023980796337128,
    "Thickening": 0.24304357171058655,
    "Volume Loss": 0.44566452503204346,
    "normal": 0.41283726692199707
  },
  "lateral_probs": {
    "Airspace Disease": 0.22464126348495483,
    "Bronchiectasis": 0.0315142497420311,
    "Bronchiolitis": 0.00933235976845026,
    "Bullous Disease": 0.05368080362677574,
    "Calcified Granuloma": 0.34689798951148987,
    "Calcinosis": 0.3231184184551239,
    "Cardiac Shadow (abnormal)": 0.14590227603912354,
    "Cardiomegaly": 0.31505584716796875,
    "Consolidation": 0.12661230564117432,
    "Degenerative Change": 0.49744346737861633,
    "Edema": 0.21224187314510345,
    "Effusion": 0.0584755539894104,
    "Emphysema": 0.3022254705429077,
    "Fibrosis": 0.34192100167274475,
    "Fractures": 0.22007223963737488,
    "Hernia": 0.1985526829957962,
    "Hyperinflation": 0.4548131227493286,
    "Increased Lung Markings": 0.25004443526268005,
    "Interstitial Lung Disease": 0.24839402735233307,
    "Kyphosis": 0.1720355600118637,
    "Lesion": 0.43640539050102234,
    "Mass": 0.09894207864999771,
    "Nodule": 0.20529916882514954,
    "Osteophyte": 0.20072099566459656,
    "Pleural Effusion": 0.23659053444862366,
    "Pleural Thickening": 0.16956019401550293,
    "Pneumothorax": 0.19623520970344543,
    "Pulmonary Artery Enlargement": 0.08387269079685211,
    "Pulmonary Fibrosis": 0.09353167563676834,
    "Rib Fracture": 0.03886599838733673,
    "Scoliosis": 0.23402591049671173,
    "Subcutaneous Emphysema": 0.04607117176055908,
    "Thickening": 0.21095316112041473,
    "Volume Loss": 0.3449980914592743,
    "normal": 0.5896610021591187
  }
}