{
  "uid": "3753",
  "frontal_image": "3753_IM-1877-1001.dcm.png",
  "lateral_image": "3753_IM-1877-2001.dcm.png",
  "fusion_mode": "weighted_avg(f=0.65,l=0.35)",
  "predicted_classes": [
    "normal"
  ],
  "resolved_classes": [
    "normal"
  ],
  "kg_classes": [
    "Normal"
  ],
  "num_predicted": 1,
  "conflict_resolution": "no_conflict",
  "is_uncertain": false,
  "uncertainty_reason": "",
  "inference_time_s": 0.2664,
  "gt_labels": "Nodule;Volume Loss",
  "probabilities": {
    "Airspace Disease": 0.113138,
    "Bronchiectasis": 0.008816,
    "Bronchiolitis": 0.00061,
    "Bullous Disease": 0.006282,
    "Calcified Granuloma": 0.213237,
    "Calcinosis": 0.156974,
    "Cardiac Shadow (abnormal)": 0.028418,
    "Cardiomegaly": 0.067522,
    "Consolidation": 0.064047,
    "Degenerative Change": 0.213807,
    "Edema": 0.039958,
    "Effusion": 0.009917,
    "Emphysema": 0.099675,
    "Fibrosis": 0.141856,
    "Fractures": 0.100403,
    "Hernia": 0.079286,
    "Hyperinflation": 0.179492,
    "Increased Lung Markings": 0.086282,
    "Interstitial Lung Disease": 0.061735,
    "Kyphosis": 0.017183,
    "Lesion": 0.173175,
    "Mass": 0.020004,
    "Nodule": 0.130628,
    "Osteophyte": 0.12652,
    "Pleural Effusion": 0.047452,
    "Pleural Thickening": 0.062141,
    "Pneumothorax": 0.03334,
    "Pulmonary Artery Enlargement": 0.016336,
    "Pulmonary Fibrosis": 0.027972,
    "Rib Fracture": 0.006278,
    "Scoliosis": 0.078615,
    "Subcutaneous Emphysema": 0.004087,
    "Thickening": 0.067951,
    "Volume Loss": 0.128975,
    "normal": 0.888113
  },
  "frontal_probs": {
    "Airspace Disease": 0.07124895602464676,
    "Bronchiectasis": 0.0007364611374214292,
    "Bronchiolitis": 0.00035329911042936146,
    "Bullous Disease": 0.005251821596175432,
    "Calcified Granuloma": 0.16279107332229614,
    "Calcinosis": 0.10312412679195404,
    "Cardiac Shadow (abnormal)": 0.005069997161626816,
    "Cardiomegaly": 0.02159859426319599,
    "Consolidation": 0.015911975875496864,
    "Degenerative Change": 0.11717294156551361,
    "Edema": 0.01320707704871893,
    "Effusion": 0.0022514895536005497,
    "Emphysema": 0.07102879136800766,
    "Fibrosis": 0.10790330171585083,
    "Fractures": 0.07620193064212799,
    "Hernia": 0.0758746936917305,
    "Hyperinflation": 0.11106009781360626,
    "Increased Lung Markings": 0.05675323307514191,
    "Interstitial Lung Disease": 0.017016101628541946,
    "Kyphosis": 0.012860054150223732,
    "Lesion": 0.10780461132526398,
    "Mass": 0.0068243686109781265,
    "Nodule": 0.10821046680212021,
    "Osteophyte": 0.09720972180366516,
    "Pleural Effusion": 0.02739250473678112,
    "Pleural Thickening": 0.04693576321005821,
    "Pneumothorax": 0.03497541323304176,
    "Pulmonary Artery Enlargement": 0.005282721947878599,
    "Pulmonary Fibrosis": 0.0024375917855650187,
    "Rib Fracture": 0.002016287064179778,
    "Scoliosis": 0.04922155290842056,
    "Subcutaneous Emphysema": 0.0016758402343839407,
    "Thickening": 0.023101968690752983,
    "Volume Loss": 0.10425658524036407,
    "normal": 0.9293074011802673
  },
  "lateral_probs": {
    "Airspace Disease": 0.1909315437078476,
    "Bronchiectasis": 0.02382054552435875,
    "Bronchiolitis": 0.0010877386666834354,
    "Bullous Disease": 0.00819399580359459,
    "Calcified Granuloma": 0.30692142248153687,
    "Calcinosis": 0.2569797933101654,
    "Cardiac Shadow (abnormal)": 0.07177849858999252,
    "Cardiomegaly": 0.1528090089559555,
    "Consolidation": 0.15344123542308807,
    "Degenerative Change": 0.39327141642570496,
    "Edema": 0.08963765949010849,
    "Effusion": 0.024153614416718483,
    "Emphysema": 0.1528749018907547,
    "Fibrosis": 0.20491096377372742,
    "Fractures": 0.1453487128019333,
    "Hernia": 0.08562126755714417,
    "Hyperinflation": 0.3065808117389679,
    "Increased Lung Markings": 0.14112049341201782,
    "Interstitial Lung Disease": 0.14478394389152527,
    "Kyphosis": 0.025211380794644356,
    "Lesion": 0.29457783699035645,
    "Mass": 0.04448121413588524,
    "Nodule": 0.17226004600524902,
    "Osteophyte": 0.18095405399799347,
    "Pleural Effusion": 0.08470594882965088,
    "Pleural Thickening": 0.09037953615188599,
    "Pneumothorax": 0.030303016304969788,
    "Pulmonary Artery Enlargement": 0.03686369210481644,
    "Pulmonary Fibrosis": 0.07539430260658264,
    "Rib Fracture": 0.014191740192472935,
    "Scoliosis": 0.13320282101631165,
    "Subcutaneous Emphysema": 0.008564773947000504,
    "Thickening": 0.15124154090881348,
    "Volume Loss": 0.1748812347650528,
    "normal": 0.8116089105606079
  }
}