{
  "uid": "3968",
  "frontal_image": "3968_IM-2029-1001.dcm.png|3968_IM-2029-3001.dcm.png",
  "lateral_image": "3968_IM-2029-2001.dcm.png",
  "fusion_mode": "weighted_avg(f=0.65,l=0.35)",
  "predicted_classes": [
    "normal"
  ],
  "resolved_classes": [
    "normal"
  ],
  "kg_classes": [
    "Normal"
  ],
  "num_predicted": 1,
  "conflict_resolution": "no_conflict",
  "is_uncertain": false,
  "uncertainty_reason": "",
  "inference_time_s": 0.4175,
  "gt_labels": "Airspace Disease;Consolidation",
  "probabilities": {
    "Airspace Disease": 0.089193,
    "Bronchiectasis": 0.019028,
    "Bronchiolitis": 0.00053,
    "Bullous Disease": 0.004704,
    "Calcified Granuloma": 0.155748,
    "Calcinosis": 0.132793,
    "Cardiac Shadow (abnormal)": 0.015549,
    "Cardiomegaly": 0.045126,
    "Consolidation": 0.082247,
    "Degenerative Change": 0.137809,
    "Edema": 0.03823,
    "Effusion": 0.019806,
    "Emphysema": 0.101689,
    "Fibrosis": 0.115163,
    "Fractures": 0.099047,
    "Hernia": 0.046797,
    "Hyperinflation": 0.134066,
    "Increased Lung Markings": 0.073354,
    "Interstitial Lung Disease": 0.0433,
    "Kyphosis": 0.010141,
    "Lesion": 0.12602,
    "Mass": 0.017481,
    "Nodule": 0.094997,
    "Osteophyte": 0.051496,
    "Pleural Effusion": 0.039801,
    "Pleural Thickening": 0.057969,
    "Pneumothorax": 0.03945,
    "Pulmonary Artery Enlargement": 0.017169,
    "Pulmonary Fibrosis": 0.022339,
    "Rib Fracture": 0.006344,
    "Scoliosis": 0.101933,
    "Subcutaneous Emphysema": 0.007524,
    "Thickening": 0.045313,
    "Volume Loss": 0.087223,
    "normal": 0.934899
  },
  "frontal_probs": {
    "Airspace Disease": 0.03566255746409297,
    "Bronchiectasis": 0.0002470305480528623,
    "Bronchiolitis": 3.487124376988504e-05,
    "Bullous Disease": 0.0013023899809923023,
    "Calcified Granuloma": 0.09438071399927139,
    "Calcinosis": 0.047782473266124725,
    "Cardiac Shadow (abnormal)": 0.0017653264221735299,
    "Cardiomegaly": 0.00953406491316855,
    "Consolidation": 0.022202813997864723,
    "Degenerative Change": 0.03011051006615162,
    "Edema": 0.00424583995481953,
    "Effusion": 0.0009176938765449449,
    "Emphysema": 0.03854855336248875,
    "Fibrosis": 0.0345693239942193,
    "Fractures": 0.039567253552377224,
    "Hernia": 0.011697455774992704,
    "Hyperinflation": 0.031878321431577206,
    "Increased Lung Markings": 0.023235913831740618,
    "Interstitial Lung Disease": 0.009038588963449001,
    "Kyphosis": 0.004330871859565377,
    "Lesion": 0.02846061810851097,
    "Mass": 0.002105968276737258,
    "Nodule": 0.036682046949863434,
    "Osteophyte": 0.022710682824254036,
    "Pleural Effusion": 0.003792174451518804,
    "Pleural Thickening": 0.014960761647671461,
    "Pneumothorax": 0.007334857946261764,
    "Pulmonary Artery Enlargement": 0.004236055421642959,
    "Pulmonary Fibrosis": 0.000613328767940402,
    "Rib Fracture": 0.00018736137099040207,
    "Scoliosis": 0.05347658880054951,
    "Subcutaneous Emphysema": 0.0004040053318021819,
    "Thickening": 0.00967510393820703,
    "Volume Loss": 0.0194972213357687,
    "normal": 0.9894286692142487
  },
  "lateral_probs": {
    "Airspace Disease": 0.18860778212547302,
    "Bronchiectasis": 0.053907591849565506,
    "Bronchiolitis": 0.0014482863480225205,
    "Bullous Disease": 0.011022575199604034,
    "Calcified Granuloma": 0.2697158753871918,
    "Calcinosis": 0.29066967964172363,
    "Cardiac Shadow (abnormal)": 0.041147246956825256,
    "Cardiomegaly": 0.11122508347034454,
    "Consolidation": 0.1937565803527832,
    "Degenerative Change": 0.3378217816352844,
    "Edema": 0.10134460031986237,
    "Effusion": 0.05488549545407295,
    "Emphysema": 0.21895122528076172,
    "Fibrosis": 0.26483669877052307,
    "Fractures": 0.20950941741466522,
    "Hernia": 0.11198166012763977,
    "Hyperinflation": 0.32384222745895386,
    "Increased Lung Markings": 0.16642959415912628,
    "Interstitial Lung Disease": 0.10692732781171799,
    "Kyphosis": 0.020930131897330284,
    "Lesion": 0.3072012960910797,
    "Mass": 0.046033211052417755,
    "Nodule": 0.2032974809408188,
    "Osteophyte": 0.1049550324678421,
    "Pleural Effusion": 0.10667359828948975,
    "Pleural Thickening": 0.13784019649028778,
    "Pneumothorax": 0.09909254312515259,
    "Pulmonary Artery Enlargement": 0.04118658974766731,
    "Pulmonary Fibrosis": 0.06268641352653503,
    "Rib Fracture": 0.01777704246342182,
    "Scoliosis": 0.19192320108413696,
    "Subcutaneous Emphysema": 0.020747246220707893,
    "Thickening": 0.111498162150383,
    "Volume Loss": 0.2130005806684494,
    "normal": 0.8336291909217834
  }
}