{
  "uid": "3752",
  "frontal_image": "3752_IM-1876-6001.dcm.png",
  "lateral_image": "3752_IM-1876-1001.dcm.png",
  "fusion_mode": "weighted_avg(f=0.65,l=0.35)",
  "predicted_classes": [
    "Lesion",
    "Degenerative Change"
  ],
  "resolved_classes": [
    "Lesion",
    "Degenerative Change"
  ],
  "kg_classes": [
    "Lesion",
    "Degenerative Change"
  ],
  "num_predicted": 2,
  "conflict_resolution": "no_conflict",
  "is_uncertain": false,
  "uncertainty_reason": "",
  "inference_time_s": 0.2462,
  "gt_labels": "Cardiomegaly",
  "probabilities": {
    "Airspace Disease": 0.307852,
    "Bronchiectasis": 0.025144,
    "Bronchiolitis": 0.023598,
    "Bullous Disease": 0.064406,
    "Calcified Granuloma": 0.262751,
    "Calcinosis": 0.32671,
    "Cardiac Shadow (abnormal)": 0.276904,
    "Cardiomegaly": 0.493277,
    "Consolidation": 0.137634,
    "Degenerative Change": 0.503744,
    "Edema": 0.287447,
    "Effusion": 0.091611,
    "Emphysema": 0.143338,
    "Fibrosis": 0.25803,
    "Fractures": 0.285375,
    "Hernia": 0.21452,
    "Hyperinflation": 0.493599,
    "Increased Lung Markings": 0.374388,
    "Interstitial Lung Disease": 0.163365,
    "Kyphosis": 0.263509,
    "Lesion": 0.519621,
    "Mass": 0.051666,
    "Nodule": 0.181584,
    "Osteophyte": 0.228072,
    "Pleural Effusion": 0.292138,
    "Pleural Thickening": 0.185506,
    "Pneumothorax": 0.132518,
    "Pulmonary Artery Enlargement": 0.080415,
    "Pulmonary Fibrosis": 0.094905,
    "Rib Fracture": 0.029346,
    "Scoliosis": 0.19875,
    "Subcutaneous Emphysema": 0.06929,
    "Thickening": 0.191529,
    "Volume Loss": 0.398851,
    "normal": 0.475532
  },
  "frontal_probs": {
    "Airspace Disease": 0.2945379316806793,
    "Bronchiectasis": 0.01538699958473444,
    "Bronchiolitis": 0.03462370112538338,
    "Bullous Disease": 0.07336188852787018,
    "Calcified Granuloma": 0.2757820785045624,
    "Calcinosis": 0.3903754651546478,
    "Cardiac Shadow (abnormal)": 0.24972939491271973,
    "Cardiomegaly": 0.44990941882133484,
    "Consolidation": 0.13529770076274872,
    "Degenerative Change": 0.5327016711235046,
    "Edema": 0.229989156126976,
    "Effusion": 0.08493668586015701,
    "Emphysema": 0.1291249692440033,
    "Fibrosis": 0.2665256857872009,
    "Fractures": 0.3272222578525543,
    "Hernia": 0.23130793869495392,
    "Hyperinflation": 0.46891048550605774,
    "Increased Lung Markings": 0.3638831377029419,
    "Interstitial Lung Disease": 0.15358464419841766,
    "Kyphosis": 0.2880433201789856,
    "Lesion": 0.4590647518634796,
    "Mass": 0.06266972422599792,
    "Nodule": 0.21469663083553314,
    "Osteophyte": 0.27357643842697144,
    "Pleural Effusion": 0.25474345684051514,
    "Pleural Thickening": 0.16064004600048065,
    "Pneumothorax": 0.14542661607265472,
    "Pulmonary Artery Enlargement": 0.07911331206560135,
    "Pulmonary Fibrosis": 0.10812016576528549,
    "Rib Fracture": 0.033498309552669525,
    "Scoliosis": 0.2033824473619461,
    "Subcutaneous Emphysema": 0.08513369411230087,
    "Thickening": 0.2177552878856659,
    "Volume Loss": 0.37636321783065796,
    "normal": 0.5041240453720093
  },
  "lateral_probs": {
    "Airspace Disease": 0.3325777053833008,
    "Bronchiectasis": 0.04326479136943817,
    "Bronchiolitis": 0.00312038348056376,
    "Bullous Disease": 0.04777379706501961,
    "Calcified Granuloma": 0.23854905366897583,
    "Calcinosis": 0.208473801612854,
    "Cardiac Shadow (abnormal)": 0.3273709714412689,
    "Cardiomegaly": 0.5738158226013184,
    "Consolidation": 0.1419738382101059,
    "Degenerative Change": 0.44996464252471924,
    "Edema": 0.39415523409843445,
    "Effusion": 0.10400474071502686,
    "Emphysema": 0.16973307728767395,
    "Fibrosis": 0.2422536164522171,
    "Fractures": 0.2076600342988968,
    "Hernia": 0.1833411306142807,
    "Hyperinflation": 0.5394477844238281,
    "Increased Lung Markings": 0.39389681816101074,
    "Interstitial Lung Disease": 0.18152935802936554,
    "Kyphosis": 0.21794633567333221,
    "Lesion": 0.6320838928222656,
    "Mass": 0.0312318317592144,
    "Nodule": 0.12008899450302124,
    "Osteophyte": 0.14356310665607452,
    "Pleural Effusion": 0.3615843951702118,
    "Pleural Thickening": 0.23168566823005676,
    "Pneumothorax": 0.10854409635066986,
    "Pulmonary Artery Enlargement": 0.08283165842294693,
    "Pulmonary Fibrosis": 0.0703626200556755,
    "Rib Fracture": 0.021634520962834358,
    "Scoliosis": 0.19014553725719452,
    "Subcutaneous Emphysema": 0.03986517712473869,
    "Thickening": 0.14282383024692535,
    "Volume Loss": 0.4406127631664276,
    "normal": 0.422433465719223
  }
}