{
  "uid": "3693",
  "frontal_image": "3693_IM-1844-1001.dcm.png",
  "lateral_image": "3693_IM-1844-1002.dcm.png",
  "fusion_mode": "weighted_avg(f=0.65,l=0.35)",
  "predicted_classes": [
    "normal"
  ],
  "resolved_classes": [
    "normal"
  ],
  "kg_classes": [
    "Normal"
  ],
  "num_predicted": 1,
  "conflict_resolution": "no_conflict",
  "is_uncertain": false,
  "uncertainty_reason": "",
  "inference_time_s": 0.2631,
  "gt_labels": "normal",
  "probabilities": {
    "Airspace Disease": 0.137057,
    "Bronchiectasis": 0.070053,
    "Bronchiolitis": 0.009752,
    "Bullous Disease": 0.032049,
    "Calcified Granuloma": 0.368263,
    "Calcinosis": 0.368866,
    "Cardiac Shadow (abnormal)": 0.067558,
    "Cardiomegaly": 0.13591,
    "Consolidation": 0.119831,
    "Degenerative Change": 0.409564,
    "Edema": 0.073385,
    "Effusion": 0.025098,
    "Emphysema": 0.316844,
    "Fibrosis": 0.30465,
    "Fractures": 0.181974,
    "Hernia": 0.187671,
    "Hyperinflation": 0.351138,
    "Increased Lung Markings": 0.16572,
    "Interstitial Lung Disease": 0.226348,
    "Kyphosis": 0.082243,
    "Lesion": 0.338486,
    "Mass": 0.086468,
    "Nodule": 0.199099,
    "Osteophyte": 0.166313,
    "Pleural Effusion": 0.108897,
    "Pleural Thickening": 0.20234,
    "Pneumothorax": 0.049714,
    "Pulmonary Artery Enlargement": 0.061356,
    "Pulmonary Fibrosis": 0.081154,
    "Rib Fracture": 0.036301,
    "Scoliosis": 0.246306,
    "Subcutaneous Emphysema": 0.019293,
    "Thickening": 0.144806,
    "Volume Loss": 0.218625,
    "normal": 0.741677
  },
  "frontal_probs": {
    "Airspace Disease": 0.11032527685165405,
    "Bronchiectasis": 0.03544948250055313,
    "Bronchiolitis": 0.01125677116215229,
    "Bullous Disease": 0.03375020995736122,
    "Calcified Granuloma": 0.36208686232566833,
    "Calcinosis": 0.3792741298675537,
    "Cardiac Shadow (abnormal)": 0.05682135373353958,
    "Cardiomegaly": 0.08903184533119202,
    "Consolidation": 0.07443231344223022,
    "Degenerative Change": 0.3384203016757965,
    "Edema": 0.03591202571988106,
    "Effusion": 0.013865388929843903,
    "Emphysema": 0.29545655846595764,
    "Fibrosis": 0.28530269861221313,
    "Fractures": 0.16863946616649628,
    "Hernia": 0.1603972464799881,
    "Hyperinflation": 0.3386942148208618,
    "Increased Lung Markings": 0.1719025820493698,
    "Interstitial Lung Disease": 0.17439627647399902,
    "Kyphosis": 0.07958507537841797,
    "Lesion": 0.27345168590545654,
    "Mass": 0.05579957365989685,
    "Nodule": 0.2120329737663269,
    "Osteophyte": 0.14192622900009155,
    "Pleural Effusion": 0.071535125374794,
    "Pleural Thickening": 0.20840483903884888,
    "Pneumothorax": 0.02470478229224682,
    "Pulmonary Artery Enlargement": 0.043530937284231186,
    "Pulmonary Fibrosis": 0.06124156713485718,
    "Rib Fracture": 0.021324822679162025,
    "Scoliosis": 0.25622522830963135,
    "Subcutaneous Emphysema": 0.018090013414621353,
    "Thickening": 0.1463039666414261,
    "Volume Loss": 0.18797193467617035,
    "normal": 0.8013723492622375
  },
  "lateral_probs": {
    "Airspace Disease": 0.18670250475406647,
    "Bronchiectasis": 0.13431628048419952,
    "Bronchiolitis": 0.006958728656172752,
    "Bullous Disease": 0.028890246525406837,
    "Calcified Granuloma": 0.37973248958587646,
    "Calcinosis": 0.3495366871356964,
    "Cardiac Shadow (abnormal)": 0.08749794214963913,
    "Cardiomegaly": 0.22296829521656036,
    "Consolidation": 0.20414279401302338,
    "Degenerative Change": 0.5416866540908813,
    "Edema": 0.14297789335250854,
    "Effusion": 0.04595736414194107,
    "Emphysema": 0.3565641939640045,
    "Fibrosis": 0.34058016538619995,
    "Fractures": 0.20673711597919464,
    "Hernia": 0.2383216917514801,
    "Hyperinflation": 0.37424835562705994,
    "Increased Lung Markings": 0.15423664450645447,
    "Interstitial Lung Disease": 0.3228301703929901,
    "Kyphosis": 0.08717826753854752,
    "Lesion": 0.4592646360397339,
    "Mass": 0.14342333376407623,
    "Nodule": 0.17507803440093994,
    "Osteophyte": 0.21160340309143066,
    "Pleural Effusion": 0.1782834827899933,
    "Pleural Thickening": 0.19107778370380402,
    "Pneumothorax": 0.09616100788116455,
    "Pulmonary Artery Enlargement": 0.0944608598947525,
    "Pulmonary Fibrosis": 0.11813441663980484,
    "Rib Fracture": 0.06411321461200714,
    "Scoliosis": 0.22788581252098083,
    "Subcutaneous Emphysema": 0.021526578813791275,
    "Thickening": 0.1420246809720993,
    "Volume Loss": 0.2755512297153473,
    "normal": 0.6308146715164185
  }
}