{
  "uid": "3937",
  "frontal_image": "3937_IM-2008-1001.dcm.png",
  "lateral_image": "3937_IM-2008-2001.dcm.png",
  "fusion_mode": "weighted_avg(f=0.65,l=0.35)",
  "predicted_classes": [
    "Degenerative Change",
    "normal"
  ],
  "resolved_classes": [
    "Degenerative Change"
  ],
  "kg_classes": [
    "Degenerative Change"
  ],
  "num_predicted": 1,
  "conflict_resolution": "disease_dominates",
  "is_uncertain": false,
  "uncertainty_reason": "",
  "inference_time_s": 0.2439,
  "gt_labels": "Degenerative Change",
  "probabilities": {
    "Airspace Disease": 0.207844,
    "Bronchiectasis": 0.066647,
    "Bronchiolitis": 0.02962,
    "Bullous Disease": 0.063156,
    "Calcified Granuloma": 0.427673,
    "Calcinosis": 0.364143,
    "Cardiac Shadow (abnormal)": 0.158981,
    "Cardiomegaly": 0.321694,
    "Consolidation": 0.16105,
    "Degenerative Change": 0.55411,
    "Edema": 0.194741,
    "Effusion": 0.05311,
    "Emphysema": 0.354692,
    "Fibrosis": 0.367927,
    "Fractures": 0.253181,
    "Hernia": 0.274195,
    "Hyperinflation": 0.421157,
    "Increased Lung Markings": 0.218774,
    "Interstitial Lung Disease": 0.321265,
    "Kyphosis": 0.218889,
    "Lesion": 0.464873,
    "Mass": 0.141156,
    "Nodule": 0.249296,
    "Osteophyte": 0.283424,
    "Pleural Effusion": 0.203628,
    "Pleural Thickening": 0.224639,
    "Pneumothorax": 0.069569,
    "Pulmonary Artery Enlargement": 0.133985,
    "Pulmonary Fibrosis": 0.128273,
    "Rib Fracture": 0.073072,
    "Scoliosis": 0.207726,
    "Subcutaneous Emphysema": 0.040985,
    "Thickening": 0.220795,
    "Volume Loss": 0.292719,
    "normal": 0.545432
  },
  "frontal_probs": {
    "Airspace Disease": 0.21401703357696533,
    "Bronchiectasis": 0.08021990209817886,
    "Bronchiolitis": 0.04376645013689995,
    "Bullous Disease": 0.08707605302333832,
    "Calcified Granuloma": 0.4535064101219177,
    "Calcinosis": 0.41478317975997925,
    "Cardiac Shadow (abnormal)": 0.19768376648426056,
    "Cardiomegaly": 0.3524073660373688,
    "Consolidation": 0.17800913751125336,
    "Degenerative Change": 0.5872858762741089,
    "Edema": 0.23266179859638214,
    "Effusion": 0.06516455858945847,
    "Emphysema": 0.4102588891983032,
    "Fibrosis": 0.4016050696372986,
    "Fractures": 0.2940531373023987,
    "Hernia": 0.32159295678138733,
    "Hyperinflation": 0.45003271102905273,
    "Increased Lung Markings": 0.2499283403158188,
    "Interstitial Lung Disease": 0.3922478258609772,
    "Kyphosis": 0.28824272751808167,
    "Lesion": 0.5174570083618164,
    "Mass": 0.16786013543605804,
    "Nodule": 0.28164908289909363,
    "Osteophyte": 0.29817575216293335,
    "Pleural Effusion": 0.22432245314121246,
    "Pleural Thickening": 0.27239418029785156,
    "Pneumothorax": 0.07841026782989502,
    "Pulmonary Artery Enlargement": 0.17229999601840973,
    "Pulmonary Fibrosis": 0.1479279100894928,
    "Rib Fracture": 0.09744473546743393,
    "Scoliosis": 0.22471092641353607,
    "Subcutaneous Emphysema": 0.05545327812433243,
    "Thickening": 0.2616477310657501,
    "Volume Loss": 0.30050337314605713,
    "normal": 0.485783189535141
  },
  "lateral_probs": {
    "Airspace Disease": 0.19638033211231232,
    "Bronchiectasis": 0.04144100844860077,
    "Bronchiolitis": 0.0033480962738394737,
    "Bullous Disease": 0.018732979893684387,
    "Calcified Granuloma": 0.379696249961853,
    "Calcinosis": 0.2700965106487274,
    "Cardiac Shadow (abnormal)": 0.0871041789650917,
    "Cardiomegaly": 0.2646554410457611,
    "Consolidation": 0.12955361604690552,
    "Degenerative Change": 0.49249833822250366,
    "Edema": 0.12431663274765015,
    "Effusion": 0.030722837895154953,
    "Emphysema": 0.25149527192115784,
    "Fibrosis": 0.3053819537162781,
    "Fractures": 0.17727428674697876,
    "Hernia": 0.18616938591003418,
    "Hyperinflation": 0.36753106117248535,
    "Increased Lung Markings": 0.16091470420360565,
    "Interstitial Lung Disease": 0.1894405633211136,
    "Kyphosis": 0.09008800983428955,
    "Lesion": 0.36721718311309814,
    "Mass": 0.0915611982345581,
    "Nodule": 0.18921087682247162,
    "Osteophyte": 0.25602737069129944,
    "Pleural Effusion": 0.16519542038440704,
    "Pleural Thickening": 0.1359497606754303,
    "Pneumothorax": 0.05315030366182327,
    "Pulmonary Artery Enlargement": 0.0628281980752945,
    "Pulmonary Fibrosis": 0.09177114814519882,
    "Rib Fracture": 0.027809621766209602,
    "Scoliosis": 0.17618276178836823,
    "Subcutaneous Emphysema": 0.014116340316832066,
    "Thickening": 0.14492563903331757,
    "Volume Loss": 0.2782621681690216,
    "normal": 0.656209409236908
  }
}