{
  "uid": "3321",
  "frontal_image": "3321_IM-1588-1001.dcm.png",
  "lateral_image": "3321_IM-1588-2001.dcm.png",
  "fusion_mode": "weighted_avg(f=0.65,l=0.35)",
  "predicted_classes": [
    "normal"
  ],
  "resolved_classes": [
    "normal"
  ],
  "kg_classes": [
    "Normal"
  ],
  "num_predicted": 1,
  "conflict_resolution": "no_conflict",
  "is_uncertain": false,
  "uncertainty_reason": "",
  "inference_time_s": 0.2834,
  "gt_labels": "normal",
  "probabilities": {
    "Airspace Disease": 0.103596,
    "Bronchiectasis": 0.02271,
    "Bronchiolitis": 0.001694,
    "Bullous Disease": 0.010471,
    "Calcified Granuloma": 0.176984,
    "Calcinosis": 0.138539,
    "Cardiac Shadow (abnormal)": 0.027205,
    "Cardiomegaly": 0.068107,
    "Consolidation": 0.0766,
    "Degenerative Change": 0.179333,
    "Edema": 0.051324,
    "Effusion": 0.021409,
    "Emphysema": 0.153017,
    "Fibrosis": 0.129804,
    "Fractures": 0.104526,
    "Hernia": 0.058093,
    "Hyperinflation": 0.179455,
    "Increased Lung Markings": 0.069038,
    "Interstitial Lung Disease": 0.071337,
    "Kyphosis": 0.022337,
    "Lesion": 0.160763,
    "Mass": 0.026275,
    "Nodule": 0.080909,
    "Osteophyte": 0.063586,
    "Pleural Effusion": 0.074034,
    "Pleural Thickening": 0.102583,
    "Pneumothorax": 0.067579,
    "Pulmonary Artery Enlargement": 0.024159,
    "Pulmonary Fibrosis": 0.029313,
    "Rib Fracture": 0.008643,
    "Scoliosis": 0.114297,
    "Subcutaneous Emphysema": 0.010419,
    "Thickening": 0.05645,
    "Volume Loss": 0.109713,
    "normal": 0.885861
  },
  "frontal_probs": {
    "Airspace Disease": 0.023494012653827667,
    "Bronchiectasis": 9.60473480517976e-05,
    "Bronchiolitis": 1.7808790289564058e-05,
    "Bullous Disease": 0.0012920968001708388,
    "Calcified Granuloma": 0.09820891171693802,
    "Calcinosis": 0.05097994580864906,
    "Cardiac Shadow (abnormal)": 0.0011441584210842848,
    "Cardiomegaly": 0.004956428427249193,
    "Consolidation": 0.0071152881719172,
    "Degenerative Change": 0.04835133999586105,
    "Edema": 0.0015750305028632283,
    "Effusion": 0.00047508496209047735,
    "Emphysema": 0.037109844386577606,
    "Fibrosis": 0.040112413465976715,
    "Fractures": 0.037974074482917786,
    "Hernia": 0.01052757166326046,
    "Hyperinflation": 0.057956017553806305,
    "Increased Lung Markings": 0.014630097895860672,
    "Interstitial Lung Disease": 0.010728440247476101,
    "Kyphosis": 0.005880775861442089,
    "Lesion": 0.0368940494954586,
    "Mass": 0.0004545866686385125,
    "Nodule": 0.02000843919813633,
    "Osteophyte": 0.017512354999780655,
    "Pleural Effusion": 0.005126291885972023,
    "Pleural Thickening": 0.026840245351195335,
    "Pneumothorax": 0.023737337440252304,
    "Pulmonary Artery Enlargement": 0.0006720247911289334,
    "Pulmonary Fibrosis": 0.0005853348993696272,
    "Rib Fracture": 0.000101120000181254,
    "Scoliosis": 0.05433707311749458,
    "Subcutaneous Emphysema": 0.0002646137436386198,
    "Thickening": 0.016774561256170273,
    "Volume Loss": 0.02371356263756752,
    "normal": 0.9812557101249695
  },
  "lateral_probs": {
    "Airspace Disease": 0.25235623121261597,
    "Bronchiectasis": 0.06470728665590286,
    "Bronchiolitis": 0.004805878736078739,
    "Bullous Disease": 0.0275172907859087,
    "Calcified Granuloma": 0.32327985763549805,
    "Calcinosis": 0.3011474609375,
    "Cardiac Shadow (abnormal)": 0.07560348510742188,
    "Cardiomegaly": 0.18538641929626465,
    "Consolidation": 0.2056427299976349,
    "Degenerative Change": 0.42258545756340027,
    "Edema": 0.1437135487794876,
    "Effusion": 0.06028743088245392,
    "Emphysema": 0.368274450302124,
    "Fibrosis": 0.29637500643730164,
    "Fractures": 0.2281220704317093,
    "Hernia": 0.14642737805843353,
    "Hyperinflation": 0.4050956070423126,
    "Increased Lung Markings": 0.17008188366889954,
    "Interstitial Lung Disease": 0.1838967204093933,
    "Kyphosis": 0.05289733409881592,
    "Lesion": 0.3908054232597351,
    "Mass": 0.0742257684469223,
    "Nodule": 0.19400879740715027,
    "Osteophyte": 0.1491522490978241,
    "Pleural Effusion": 0.2020050436258316,
    "Pleural Thickening": 0.24324896931648254,
    "Pneumothorax": 0.14899849891662598,
    "Pulmonary Artery Enlargement": 0.06777813285589218,
    "Pulmonary Fibrosis": 0.08266350626945496,
    "Rib Fracture": 0.024505607783794403,
    "Scoliosis": 0.22565069794654846,
    "Subcutaneous Emphysema": 0.029276074841618538,
    "Thickening": 0.1301315426826477,
    "Volume Loss": 0.2694275975227356,
    "normal": 0.7086995244026184
  }
}