{
  "uid": "3439",
  "frontal_image": "3439_IM-1664-1001.dcm.png",
  "lateral_image": "3439_IM-1664-2001.dcm.png",
  "fusion_mode": "weighted_avg(f=0.65,l=0.35)",
  "predicted_classes": [
    "normal"
  ],
  "resolved_classes": [
    "normal"
  ],
  "kg_classes": [
    "Normal"
  ],
  "num_predicted": 1,
  "conflict_resolution": "no_conflict",
  "is_uncertain": false,
  "uncertainty_reason": "",
  "inference_time_s": 0.2391,
  "gt_labels": "normal",
  "probabilities": {
    "Airspace Disease": 0.046143,
    "Bronchiectasis": 0.001531,
    "Bronchiolitis": 0.000211,
    "Bullous Disease": 0.002068,
    "Calcified Granuloma": 0.184452,
    "Calcinosis": 0.125365,
    "Cardiac Shadow (abnormal)": 0.010801,
    "Cardiomegaly": 0.040075,
    "Consolidation": 0.016153,
    "Degenerative Change": 0.166561,
    "Edema": 0.016601,
    "Effusion": 0.003958,
    "Emphysema": 0.047694,
    "Fibrosis": 0.100507,
    "Fractures": 0.074977,
    "Hernia": 0.048692,
    "Hyperinflation": 0.146603,
    "Increased Lung Markings": 0.072677,
    "Interstitial Lung Disease": 0.03075,
    "Kyphosis": 0.009498,
    "Lesion": 0.109742,
    "Mass": 0.017342,
    "Nodule": 0.083294,
    "Osteophyte": 0.073867,
    "Pleural Effusion": 0.02131,
    "Pleural Thickening": 0.038576,
    "Pneumothorax": 0.02275,
    "Pulmonary Artery Enlargement": 0.014409,
    "Pulmonary Fibrosis": 0.004201,
    "Rib Fracture": 0.003064,
    "Scoliosis": 0.093743,
    "Subcutaneous Emphysema": 0.001762,
    "Thickening": 0.029056,
    "Volume Loss": 0.075547,
    "normal": 0.939568
  },
  "frontal_probs": {
    "Airspace Disease": 0.04277043044567108,
    "Bronchiectasis": 0.0008466221624985337,
    "Bronchiolitis": 0.00024243247753474861,
    "Bullous Disease": 0.002494353801012039,
    "Calcified Granuloma": 0.16893519461154938,
    "Calcinosis": 0.10482774674892426,
    "Cardiac Shadow (abnormal)": 0.0056793540716171265,
    "Cardiomegaly": 0.03579102084040642,
    "Consolidation": 0.013968031853437424,
    "Degenerative Change": 0.15264886617660522,
    "Edema": 0.012249349616467953,
    "Effusion": 0.003366101998835802,
    "Emphysema": 0.05276209115982056,
    "Fibrosis": 0.1056455671787262,
    "Fractures": 0.07395697385072708,
    "Hernia": 0.05488111823797226,
    "Hyperinflation": 0.14525370299816132,
    "Increased Lung Markings": 0.065824493765831,
    "Interstitial Lung Disease": 0.027021627873182297,
    "Kyphosis": 0.00984847079962492,
    "Lesion": 0.10913708060979843,
    "Mass": 0.011309642344713211,
    "Nodule": 0.05745995417237282,
    "Osteophyte": 0.08509500324726105,
    "Pleural Effusion": 0.02669767662882805,
    "Pleural Thickening": 0.04909722879528999,
    "Pneumothorax": 0.02931901440024376,
    "Pulmonary Artery Enlargement": 0.008075952529907227,
    "Pulmonary Fibrosis": 0.0021189574617892504,
    "Rib Fracture": 0.003307096194475889,
    "Scoliosis": 0.09955178201198578,
    "Subcutaneous Emphysema": 0.0012718526413664222,
    "Thickening": 0.0228899996727705,
    "Volume Loss": 0.07895951718091965,
    "normal": 0.9293256402015686
  },
  "lateral_probs": {
    "Airspace Disease": 0.05240564048290253,
    "Bronchiectasis": 0.0028030441608279943,
    "Bronchiolitis": 0.00015296132187359035,
    "Bullous Disease": 0.0012766490690410137,
    "Calcified Granuloma": 0.21326924860477448,
    "Calcinosis": 0.16350488364696503,
    "Cardiac Shadow (abnormal)": 0.02031242474913597,
    "Cardiomegaly": 0.04803000018000603,
    "Consolidation": 0.020209673792123795,
    "Degenerative Change": 0.19239675998687744,
    "Edema": 0.024683978408575058,
    "Effusion": 0.005056689027696848,
    "Emphysema": 0.038282837718725204,
    "Fibrosis": 0.09096437692642212,
    "Fractures": 0.07687032222747803,
    "Hernia": 0.037199292331933975,
    "Hyperinflation": 0.14910979568958282,
    "Increased Lung Markings": 0.08540213853120804,
    "Interstitial Lung Disease": 0.03767455741763115,
    "Kyphosis": 0.008846820332109928,
    "Lesion": 0.11086471378803253,
    "Mass": 0.028543749824166298,
    "Nodule": 0.1312706470489502,
    "Osteophyte": 0.05301508679986,
    "Pleural Effusion": 0.01130522321909666,
    "Pleural Thickening": 0.019036272540688515,
    "Pneumothorax": 0.010549035854637623,
    "Pulmonary Artery Enlargement": 0.026169484481215477,
    "Pulmonary Fibrosis": 0.008068087510764599,
    "Rib Fracture": 0.0026114287320524454,
    "Scoliosis": 0.08295650035142899,
    "Subcutaneous Emphysema": 0.002671188907697797,
    "Thickening": 0.040507979691028595,
    "Volume Loss": 0.06921061128377914,
    "normal": 0.9585903882980347
  }
}