{
  "uid": "3867",
  "frontal_image": "3867_IM-1960-1001.dcm.png",
  "lateral_image": "3867_IM-1960-2001.dcm.png",
  "fusion_mode": "weighted_avg(f=0.65,l=0.35)",
  "predicted_classes": [
    "normal"
  ],
  "resolved_classes": [
    "normal"
  ],
  "kg_classes": [
    "Normal"
  ],
  "num_predicted": 1,
  "conflict_resolution": "no_conflict",
  "is_uncertain": false,
  "uncertainty_reason": "",
  "inference_time_s": 0.2518,
  "gt_labels": "normal",
  "probabilities": {
    "Airspace Disease": 0.049114,
    "Bronchiectasis": 0.002909,
    "Bronchiolitis": 0.000431,
    "Bullous Disease": 0.002899,
    "Calcified Granuloma": 0.213215,
    "Calcinosis": 0.161579,
    "Cardiac Shadow (abnormal)": 0.017196,
    "Cardiomegaly": 0.052466,
    "Consolidation": 0.022601,
    "Degenerative Change": 0.167433,
    "Edema": 0.016598,
    "Effusion": 0.005457,
    "Emphysema": 0.068486,
    "Fibrosis": 0.126842,
    "Fractures": 0.07551,
    "Hernia": 0.043211,
    "Hyperinflation": 0.129684,
    "Increased Lung Markings": 0.076908,
    "Interstitial Lung Disease": 0.029561,
    "Kyphosis": 0.01898,
    "Lesion": 0.135668,
    "Mass": 0.012236,
    "Nodule": 0.114974,
    "Osteophyte": 0.073465,
    "Pleural Effusion": 0.019977,
    "Pleural Thickening": 0.056495,
    "Pneumothorax": 0.025788,
    "Pulmonary Artery Enlargement": 0.016209,
    "Pulmonary Fibrosis": 0.007815,
    "Rib Fracture": 0.002499,
    "Scoliosis": 0.137,
    "Subcutaneous Emphysema": 0.002458,
    "Thickening": 0.044401,
    "Volume Loss": 0.076758,
    "normal": 0.942881
  },
  "frontal_probs": {
    "Airspace Disease": 0.048829033970832825,
    "Bronchiectasis": 0.0025278893299400806,
    "Bronchiolitis": 0.0005775635945610702,
    "Bullous Disease": 0.0035177492536604404,
    "Calcified Granuloma": 0.19096603989601135,
    "Calcinosis": 0.15713530778884888,
    "Cardiac Shadow (abnormal)": 0.0169624425470829,
    "Cardiomegaly": 0.059370383620262146,
    "Consolidation": 0.022262591868638992,
    "Degenerative Change": 0.11654045432806015,
    "Edema": 0.013052510097622871,
    "Effusion": 0.00602967431768775,
    "Emphysema": 0.07911574095487595,
    "Fibrosis": 0.12865787744522095,
    "Fractures": 0.0732240304350853,
    "Hernia": 0.04224206134676933,
    "Hyperinflation": 0.10049702227115631,
    "Increased Lung Markings": 0.084016352891922,
    "Interstitial Lung Disease": 0.02756749466061592,
    "Kyphosis": 0.022917676717042923,
    "Lesion": 0.14412708580493927,
    "Mass": 0.007092192303389311,
    "Nodule": 0.0923423320055008,
    "Osteophyte": 0.06476855278015137,
    "Pleural Effusion": 0.022171901538968086,
    "Pleural Thickening": 0.07389342784881592,
    "Pneumothorax": 0.034037116914987564,
    "Pulmonary Artery Enlargement": 0.014564869925379753,
    "Pulmonary Fibrosis": 0.0067712292075157166,
    "Rib Fracture": 0.002792815677821636,
    "Scoliosis": 0.1554625779390335,
    "Subcutaneous Emphysema": 0.002370632952079177,
    "Thickening": 0.040905799716711044,
    "Volume Loss": 0.07253266125917435,
    "normal": 0.9403079152107239
  },
  "lateral_probs": {
    "Airspace Disease": 0.04964285343885422,
    "Bronchiectasis": 0.003616929054260254,
    "Bronchiolitis": 0.00015756812354084104,
    "Bullous Disease": 0.0017496285727247596,
    "Calcified Granuloma": 0.25453516840934753,
    "Calcinosis": 0.16983115673065186,
    "Cardiac Shadow (abnormal)": 0.01762918010354042,
    "Cardiomegaly": 0.03964271768927574,
    "Consolidation": 0.023230642080307007,
    "Degenerative Change": 0.2619470953941345,
    "Edema": 0.02318236418068409,
    "Effusion": 0.004392651375383139,
    "Emphysema": 0.048746149986982346,
    "Fibrosis": 0.12347050756216049,
    "Fractures": 0.07975462824106216,
    "Hernia": 0.04501087963581085,
    "Hyperinflation": 0.18388843536376953,
    "Increased Lung Markings": 0.0637071430683136,
    "Interstitial Lung Disease": 0.03326200321316719,
    "Kyphosis": 0.011666473001241684,
    "Lesion": 0.1199571043252945,
    "Mass": 0.0217889454215765,
    "Nodule": 0.15700502693653107,
    "Osteophyte": 0.08961521834135056,
    "Pleural Effusion": 0.01590104028582573,
    "Pleural Thickening": 0.024182718247175217,
    "Pneumothorax": 0.010466986335814,
    "Pulmonary Artery Enlargement": 0.019262785091996193,
    "Pulmonary Fibrosis": 0.009752447716891766,
    "Rib Fracture": 0.001953830709680915,
    "Scoliosis": 0.10271122306585312,
    "Subcutaneous Emphysema": 0.0026193249505013227,
    "Thickening": 0.0508931465446949,
    "Volume Loss": 0.08460506051778793,
    "normal": 0.9476593136787415
  }
}