{
  "uid": "3472",
  "frontal_image": "3472_IM-1688-1001.dcm.png",
  "lateral_image": "3472_IM-1688-2001.dcm.png",
  "fusion_mode": "weighted_avg(f=0.65,l=0.35)",
  "predicted_classes": [
    "normal"
  ],
  "resolved_classes": [
    "normal"
  ],
  "kg_classes": [
    "Normal"
  ],
  "num_predicted": 1,
  "conflict_resolution": "no_conflict",
  "is_uncertain": true,
  "uncertainty_reason": "normal_prob=0.639 (<0.73) with elevated disease scores: Degenerative Change=0.473, Hyperinflation=0.399, Lesion=0.390",
  "inference_time_s": 0.239,
  "gt_labels": "normal",
  "probabilities": {
    "Airspace Disease": 0.183891,
    "Bronchiectasis": 0.048519,
    "Bronchiolitis": 0.030905,
    "Bullous Disease": 0.038806,
    "Calcified Granuloma": 0.378829,
    "Calcinosis": 0.37757,
    "Cardiac Shadow (abnormal)": 0.146034,
    "Cardiomegaly": 0.300326,
    "Consolidation": 0.12522,
    "Degenerative Change": 0.473176,
    "Edema": 0.12882,
    "Effusion": 0.039112,
    "Emphysema": 0.207401,
    "Fibrosis": 0.313911,
    "Fractures": 0.259278,
    "Hernia": 0.30512,
    "Hyperinflation": 0.39866,
    "Increased Lung Markings": 0.28908,
    "Interstitial Lung Disease": 0.149072,
    "Kyphosis": 0.164969,
    "Lesion": 0.390035,
    "Mass": 0.096414,
    "Nodule": 0.250242,
    "Osteophyte": 0.236923,
    "Pleural Effusion": 0.173277,
    "Pleural Thickening": 0.183072,
    "Pneumothorax": 0.053491,
    "Pulmonary Artery Enlargement": 0.084859,
    "Pulmonary Fibrosis": 0.108907,
    "Rib Fracture": 0.041542,
    "Scoliosis": 0.215452,
    "Subcutaneous Emphysema": 0.031827,
    "Thickening": 0.158448,
    "Volume Loss": 0.299226,
    "normal": 0.639451
  },
  "frontal_probs": {
    "Airspace Disease": 0.17291685938835144,
    "Bronchiectasis": 0.03941910341382027,
    "Bronchiolitis": 0.044949110597372055,
    "Bullous Disease": 0.04799271002411842,
    "Calcified Granuloma": 0.37441539764404297,
    "Calcinosis": 0.4043939709663391,
    "Cardiac Shadow (abnormal)": 0.16374938189983368,
    "Cardiomegaly": 0.3191623389720917,
    "Consolidation": 0.10943687707185745,
    "Degenerative Change": 0.4955909252166748,
    "Edema": 0.12119931727647781,
    "Effusion": 0.04002358019351959,
    "Emphysema": 0.1854030340909958,
    "Fibrosis": 0.32733067870140076,
    "Fractures": 0.28479981422424316,
    "Hernia": 0.3891206979751587,
    "Hyperinflation": 0.39425668120384216,
    "Increased Lung Markings": 0.3234137296676636,
    "Interstitial Lung Disease": 0.13122381269931793,
    "Kyphosis": 0.2106545865535736,
    "Lesion": 0.3882780373096466,
    "Mass": 0.1014319658279419,
    "Nodule": 0.2624583840370178,
    "Osteophyte": 0.2483915537595749,
    "Pleural Effusion": 0.1614503562450409,
    "Pleural Thickening": 0.19104978442192078,
    "Pneumothorax": 0.04657752439379692,
    "Pulmonary Artery Enlargement": 0.09745002537965775,
    "Pulmonary Fibrosis": 0.11555659025907516,
    "Rib Fracture": 0.04717159643769264,
    "Scoliosis": 0.22467878460884094,
    "Subcutaneous Emphysema": 0.035715170204639435,
    "Thickening": 0.14827091991901398,
    "Volume Loss": 0.3232256770133972,
    "normal": 0.6260502338409424
  },
  "lateral_probs": {
    "Airspace Disease": 0.20427224040031433,
    "Bronchiectasis": 0.06541938334703445,
    "Bronchiolitis": 0.004823469091206789,
    "Bullous Disease": 0.021746249869465828,
    "Calcified Granuloma": 0.3870243728160858,
    "Calcinosis": 0.327754944562912,
    "Cardiac Shadow (abnormal)": 0.11313281208276749,
    "Cardiomegaly": 0.26534563302993774,
    "Consolidation": 0.15453104674816132,
    "Degenerative Change": 0.43154704570770264,
    "Edema": 0.14297249913215637,
    "Effusion": 0.03741881996393204,
    "Emphysema": 0.24825529754161835,
    "Fibrosis": 0.2889886200428009,
    "Fractures": 0.21188117563724518,
    "Hernia": 0.14911796152591705,
    "Hyperinflation": 0.40683841705322266,
    "Increased Lung Markings": 0.22531753778457642,
    "Interstitial Lung Disease": 0.18221929669380188,
    "Kyphosis": 0.08012323826551437,
    "Lesion": 0.3932982087135315,
    "Mass": 0.08709531277418137,
    "Nodule": 0.2275545746088028,
    "Osteophyte": 0.21562500298023224,
    "Pleural Effusion": 0.19524088501930237,
    "Pleural Thickening": 0.1682567596435547,
    "Pneumothorax": 0.06632894277572632,
    "Pulmonary Artery Enlargement": 0.061476245522499084,
    "Pulmonary Fibrosis": 0.09655800461769104,
    "Rib Fracture": 0.031087901443243027,
    "Scoliosis": 0.19831562042236328,
    "Subcutaneous Emphysema": 0.024605384096503258,
    "Thickening": 0.1773492842912674,
    "Volume Loss": 0.2546563148498535,
    "normal": 0.6643368005752563
  }
}