{
  "uid": "3974",
  "frontal_image": "3974_IM-2034-2002.dcm.png",
  "lateral_image": "3974_IM-2034-3003.dcm.png",
  "fusion_mode": "weighted_avg(f=0.65,l=0.35)",
  "predicted_classes": [
    "Lesion",
    "normal"
  ],
  "resolved_classes": [
    "Lesion"
  ],
  "kg_classes": [
    "Lesion"
  ],
  "num_predicted": 1,
  "conflict_resolution": "disease_dominates",
  "is_uncertain": false,
  "uncertainty_reason": "",
  "inference_time_s": 0.2653,
  "gt_labels": "Airspace Disease;Degenerative Change;Emphysema;Hyperinflation",
  "probabilities": {
    "Airspace Disease": 0.438901,
    "Bronchiectasis": 0.154445,
    "Bronchiolitis": 0.017141,
    "Bullous Disease": 0.073071,
    "Calcified Granuloma": 0.373854,
    "Calcinosis": 0.334152,
    "Cardiac Shadow (abnormal)": 0.152532,
    "Cardiomegaly": 0.217057,
    "Consolidation": 0.250085,
    "Degenerative Change": 0.424436,
    "Edema": 0.207419,
    "Effusion": 0.09149,
    "Emphysema": 0.429695,
    "Fibrosis": 0.362672,
    "Fractures": 0.177994,
    "Hernia": 0.199835,
    "Hyperinflation": 0.46112,
    "Increased Lung Markings": 0.283105,
    "Interstitial Lung Disease": 0.226115,
    "Kyphosis": 0.10454,
    "Lesion": 0.596987,
    "Mass": 0.107739,
    "Nodule": 0.268562,
    "Osteophyte": 0.184161,
    "Pleural Effusion": 0.30148,
    "Pleural Thickening": 0.346323,
    "Pneumothorax": 0.129015,
    "Pulmonary Artery Enlargement": 0.086703,
    "Pulmonary Fibrosis": 0.105531,
    "Rib Fracture": 0.060699,
    "Scoliosis": 0.146303,
    "Subcutaneous Emphysema": 0.066063,
    "Thickening": 0.19905,
    "Volume Loss": 0.388001,
    "normal": 0.501108
  },
  "frontal_probs": {
    "Airspace Disease": 0.5213085412979126,
    "Bronchiectasis": 0.20269636809825897,
    "Bronchiolitis": 0.020299743860960007,
    "Bullous Disease": 0.09494484215974808,
    "Calcified Granuloma": 0.34717437624931335,
    "Calcinosis": 0.30824220180511475,
    "Cardiac Shadow (abnormal)": 0.16230763494968414,
    "Cardiomegaly": 0.19484488666057587,
    "Consolidation": 0.25730928778648376,
    "Degenerative Change": 0.38279443979263306,
    "Edema": 0.22572022676467896,
    "Effusion": 0.09300640970468521,
    "Emphysema": 0.4783512055873871,
    "Fibrosis": 0.3657151758670807,
    "Fractures": 0.16991156339645386,
    "Hernia": 0.20070749521255493,
    "Hyperinflation": 0.48102033138275146,
    "Increased Lung Markings": 0.28230878710746765,
    "Interstitial Lung Disease": 0.2271517813205719,
    "Kyphosis": 0.0830644741654396,
    "Lesion": 0.6548205018043518,
    "Mass": 0.06978718936443329,
    "Nodule": 0.2782791554927826,
    "Osteophyte": 0.1455005407333374,
    "Pleural Effusion": 0.35259509086608887,
    "Pleural Thickening": 0.42679136991500854,
    "Pneumothorax": 0.09404513984918594,
    "Pulmonary Artery Enlargement": 0.07454404979944229,
    "Pulmonary Fibrosis": 0.10022815316915512,
    "Rib Fracture": 0.05696120858192444,
    "Scoliosis": 0.10127288103103638,
    "Subcutaneous Emphysema": 0.07339364290237427,
    "Thickening": 0.2155686616897583,
    "Volume Loss": 0.4123081862926483,
    "normal": 0.45146670937538147
  },
  "lateral_probs": {
    "Airspace Disease": 0.28585970401763916,
    "Bronchiectasis": 0.06483536213636398,
    "Bronchiolitis": 0.011273656040430069,
    "Bullous Disease": 0.03244764730334282,
    "Calcified Granuloma": 0.42340293526649475,
    "Calcinosis": 0.38227152824401855,
    "Cardiac Shadow (abnormal)": 0.1343776434659958,
    "Cardiomegaly": 0.2583087682723999,
    "Consolidation": 0.23666785657405853,
    "Degenerative Change": 0.5017696022987366,
    "Edema": 0.1734297126531601,
    "Effusion": 0.08867380023002625,
    "Emphysema": 0.3393341600894928,
    "Fibrosis": 0.3570192754268646,
    "Fractures": 0.19300472736358643,
    "Hernia": 0.19821350276470184,
    "Hyperinflation": 0.4241618514060974,
    "Increased Lung Markings": 0.284584641456604,
    "Interstitial Lung Disease": 0.22418920695781708,
    "Kyphosis": 0.1444227397441864,
    "Lesion": 0.48958128690719604,
    "Mass": 0.1782214492559433,
    "Nodule": 0.2505168914794922,
    "Osteophyte": 0.25595933198928833,
    "Pleural Effusion": 0.20655076205730438,
    "Pleural Thickening": 0.19688287377357483,
    "Pneumothorax": 0.19395852088928223,
    "Pulmonary Artery Enlargement": 0.10928402841091156,
    "Pulmonary Fibrosis": 0.11537784337997437,
    "Rib Fracture": 0.06763918697834015,
    "Scoliosis": 0.22992932796478271,
    "Subcutaneous Emphysema": 0.05245018005371094,
    "Thickening": 0.16837386786937714,
    "Volume Loss": 0.3428594470024109,
    "normal": 0.5933002233505249
  }
}