{
  "uid": "3630",
  "frontal_image": "3630_IM-1798-4004.dcm.png",
  "lateral_image": "3630_IM-1798-1001.dcm.png",
  "fusion_mode": "weighted_avg(f=0.65,l=0.35)",
  "predicted_classes": [
    "Lesion",
    "Volume Loss"
  ],
  "resolved_classes": [
    "Lesion",
    "Volume Loss"
  ],
  "kg_classes": [
    "Lesion",
    "Volume Loss"
  ],
  "num_predicted": 2,
  "conflict_resolution": "no_conflict",
  "is_uncertain": false,
  "uncertainty_reason": "",
  "inference_time_s": 0.3454,
  "gt_labels": "Calcified Granuloma;Calcinosis",
  "probabilities": {
    "Airspace Disease": 0.422749,
    "Bronchiectasis": 0.097839,
    "Bronchiolitis": 0.064395,
    "Bullous Disease": 0.108582,
    "Calcified Granuloma": 0.401422,
    "Calcinosis": 0.430226,
    "Cardiac Shadow (abnormal)": 0.283235,
    "Cardiomegaly": 0.492372,
    "Consolidation": 0.241464,
    "Degenerative Change": 0.453315,
    "Edema": 0.325507,
    "Effusion": 0.127025,
    "Emphysema": 0.287472,
    "Fibrosis": 0.343154,
    "Fractures": 0.366465,
    "Hernia": 0.348382,
    "Hyperinflation": 0.489054,
    "Increased Lung Markings": 0.439411,
    "Interstitial Lung Disease": 0.272815,
    "Kyphosis": 0.250309,
    "Lesion": 0.512324,
    "Mass": 0.166665,
    "Nodule": 0.296755,
    "Osteophyte": 0.256387,
    "Pleural Effusion": 0.431628,
    "Pleural Thickening": 0.308585,
    "Pneumothorax": 0.174802,
    "Pulmonary Artery Enlargement": 0.154715,
    "Pulmonary Fibrosis": 0.194471,
    "Rib Fracture": 0.073565,
    "Scoliosis": 0.292414,
    "Subcutaneous Emphysema": 0.099291,
    "Thickening": 0.30199,
    "Volume Loss": 0.505154,
    "normal": 0.470051
  },
  "frontal_probs": {
    "Airspace Disease": 0.4153822362422943,
    "Bronchiectasis": 0.10272826999425888,
    "Bronchiolitis": 0.08968257904052734,
    "Bullous Disease": 0.12791456282138824,
    "Calcified Granuloma": 0.41260069608688354,
    "Calcinosis": 0.4696342945098877,
    "Cardiac Shadow (abnormal)": 0.30140578746795654,
    "Cardiomegaly": 0.4954996109008789,
    "Consolidation": 0.26443687081336975,
    "Degenerative Change": 0.466235488653183,
    "Edema": 0.31845369935035706,
    "Effusion": 0.13064174354076385,
    "Emphysema": 0.27960866689682007,
    "Fibrosis": 0.3861173093318939,
    "Fractures": 0.3981646001338959,
    "Hernia": 0.3853602409362793,
    "Hyperinflation": 0.48869606852531433,
    "Increased Lung Markings": 0.4514993131160736,
    "Interstitial Lung Disease": 0.2550670802593231,
    "Kyphosis": 0.2930046021938324,
    "Lesion": 0.5001384615898132,
    "Mass": 0.17338457703590393,
    "Nodule": 0.2999177575111389,
    "Osteophyte": 0.2970468997955322,
    "Pleural Effusion": 0.44738179445266724,
    "Pleural Thickening": 0.340619295835495,
    "Pneumothorax": 0.17139272391796112,
    "Pulmonary Artery Enlargement": 0.16718517243862152,
    "Pulmonary Fibrosis": 0.17757217586040497,
    "Rib Fracture": 0.07530970126390457,
    "Scoliosis": 0.313508540391922,
    "Subcutaneous Emphysema": 0.11694025248289108,
    "Thickening": 0.31661272048950195,
    "Volume Loss": 0.5293634533882141,
    "normal": 0.4421660602092743
  },
  "lateral_probs": {
    "Airspace Disease": 0.43643033504486084,
    "Bronchiectasis": 0.08875949680805206,
    "Bronchiolitis": 0.017431987449526787,
    "Bullous Disease": 0.0726790800690651,
    "Calcified Granuloma": 0.3806626498699188,
    "Calcinosis": 0.35703882575035095,
    "Cardiac Shadow (abnormal)": 0.24948978424072266,
    "Cardiomegaly": 0.4865632951259613,
    "Consolidation": 0.19880147278308868,
    "Degenerative Change": 0.42931845784187317,
    "Edema": 0.33860546350479126,
    "Effusion": 0.12030823528766632,
    "Emphysema": 0.3020756244659424,
    "Fibrosis": 0.26336589455604553,
    "Fractures": 0.30759337544441223,
    "Hernia": 0.2797076404094696,
    "Hyperinflation": 0.4897196590900421,
    "Increased Lung Markings": 0.416962593793869,
    "Interstitial Lung Disease": 0.305774450302124,
    "Kyphosis": 0.1710166335105896,
    "Lesion": 0.5349546074867249,
    "Mass": 0.15418632328510284,
    "Nodule": 0.29088178277015686,
    "Osteophyte": 0.18087640404701233,
    "Pleural Effusion": 0.40237006545066833,
    "Pleural Thickening": 0.24909162521362305,
    "Pneumothorax": 0.18113265931606293,
    "Pulmonary Artery Enlargement": 0.13155695796012878,
    "Pulmonary Fibrosis": 0.22585521638393402,
    "Rib Fracture": 0.0703248605132103,
    "Scoliosis": 0.25323957204818726,
    "Subcutaneous Emphysema": 0.0665149912238121,
    "Thickening": 0.27483218908309937,
    "Volume Loss": 0.46019336581230164,
    "normal": 0.5218366980552673
  }
}