{
  "uid": "3951",
  "frontal_image": "3951_IM-2019-1001.dcm.png",
  "lateral_image": "3951_IM-2019-2001.dcm.png",
  "fusion_mode": "weighted_avg(f=0.65,l=0.35)",
  "predicted_classes": [
    "normal"
  ],
  "resolved_classes": [
    "normal"
  ],
  "kg_classes": [
    "Normal"
  ],
  "num_predicted": 1,
  "conflict_resolution": "no_conflict",
  "is_uncertain": false,
  "uncertainty_reason": "",
  "inference_time_s": 0.3051,
  "gt_labels": "Lesion;Mass",
  "probabilities": {
    "Airspace Disease": 0.269089,
    "Bronchiectasis": 0.103733,
    "Bronchiolitis": 0.008571,
    "Bullous Disease": 0.05984,
    "Calcified Granuloma": 0.280521,
    "Calcinosis": 0.262474,
    "Cardiac Shadow (abnormal)": 0.098369,
    "Cardiomegaly": 0.244935,
    "Consolidation": 0.432852,
    "Degenerative Change": 0.345313,
    "Edema": 0.089401,
    "Effusion": 0.129612,
    "Emphysema": 0.242711,
    "Fibrosis": 0.302544,
    "Fractures": 0.181971,
    "Hernia": 0.165477,
    "Hyperinflation": 0.34165,
    "Increased Lung Markings": 0.165104,
    "Interstitial Lung Disease": 0.148676,
    "Kyphosis": 0.046458,
    "Lesion": 0.395435,
    "Mass": 0.418957,
    "Nodule": 0.266522,
    "Osteophyte": 0.231329,
    "Pleural Effusion": 0.214608,
    "Pleural Thickening": 0.1434,
    "Pneumothorax": 0.127274,
    "Pulmonary Artery Enlargement": 0.095003,
    "Pulmonary Fibrosis": 0.261259,
    "Rib Fracture": 0.078111,
    "Scoliosis": 0.235291,
    "Subcutaneous Emphysema": 0.041304,
    "Thickening": 0.230105,
    "Volume Loss": 0.233662,
    "normal": 0.786853
  },
  "frontal_probs": {
    "Airspace Disease": 0.3096176087856293,
    "Bronchiectasis": 0.14658579230308533,
    "Bronchiolitis": 0.012512998655438423,
    "Bullous Disease": 0.08656992763280869,
    "Calcified Granuloma": 0.2959389388561249,
    "Calcinosis": 0.2761176526546478,
    "Cardiac Shadow (abnormal)": 0.12643150985240936,
    "Cardiomegaly": 0.30894553661346436,
    "Consolidation": 0.6007182598114014,
    "Degenerative Change": 0.34675320982933044,
    "Edema": 0.08985970914363861,
    "Effusion": 0.18169361352920532,
    "Emphysema": 0.27042263746261597,
    "Fibrosis": 0.35524997115135193,
    "Fractures": 0.1851004958152771,
    "Hernia": 0.1962842345237732,
    "Hyperinflation": 0.36297062039375305,
    "Increased Lung Markings": 0.18214485049247742,
    "Interstitial Lung Disease": 0.16047975420951843,
    "Kyphosis": 0.05853430926799774,
    "Lesion": 0.45125797390937805,
    "Mass": 0.5963925123214722,
    "Nodule": 0.30275312066078186,
    "Osteophyte": 0.2741663455963135,
    "Pleural Effusion": 0.2757576107978821,
    "Pleural Thickening": 0.15608824789524078,
    "Pneumothorax": 0.15941384434700012,
    "Pulmonary Artery Enlargement": 0.12245605140924454,
    "Pulmonary Fibrosis": 0.3739039897918701,
    "Rib Fracture": 0.11180917918682098,
    "Scoliosis": 0.2800828814506531,
    "Subcutaneous Emphysema": 0.05579424649477005,
    "Thickening": 0.29034313559532166,
    "Volume Loss": 0.2624581754207611,
    "normal": 0.7697782516479492
  },
  "lateral_probs": {
    "Airspace Disease": 0.19382064044475555,
    "Bronchiectasis": 0.024149173870682716,
    "Bronchiolitis": 0.0012492892565205693,
    "Bullous Disease": 0.010197564028203487,
    "Calcified Granuloma": 0.25188836455345154,
    "Calcinosis": 0.2371368557214737,
    "Cardiac Shadow (abnormal)": 0.04625261574983597,
    "Cardiomegaly": 0.12605828046798706,
    "Consolidation": 0.12110093981027603,
    "Degenerative Change": 0.3426370322704315,
    "Edema": 0.08855044841766357,
    "Effusion": 0.0328902043402195,
    "Emphysema": 0.1912459135055542,
    "Fibrosis": 0.20466215908527374,
    "Fractures": 0.176158607006073,
    "Hernia": 0.10826221853494644,
    "Hyperinflation": 0.30205583572387695,
    "Increased Lung Markings": 0.1334579735994339,
    "Interstitial Lung Disease": 0.12675556540489197,
    "Kyphosis": 0.024030067026615143,
    "Lesion": 0.29176396131515503,
    "Mass": 0.08943448960781097,
    "Nodule": 0.199234738945961,
    "Osteophyte": 0.1517752707004547,
    "Pleural Effusion": 0.10104501992464066,
    "Pleural Thickening": 0.11983571201562881,
    "Pneumothorax": 0.0675869882106781,
    "Pulmonary Artery Enlargement": 0.044019825756549835,
    "Pulmonary Fibrosis": 0.05206245556473732,
    "Rib Fracture": 0.01552943978458643,
    "Scoliosis": 0.1521071046590805,
    "Subcutaneous Emphysema": 0.014392559416592121,
    "Thickening": 0.11823293566703796,
    "Volume Loss": 0.18018214404582977,
    "normal": 0.8185634613037109
  }
}