{
  "uid": "3430",
  "frontal_image": "3430_IM-1659-4004.dcm.png",
  "lateral_image": "3430_IM-1659-1001.dcm.png",
  "fusion_mode": "weighted_avg(f=0.65,l=0.35)",
  "predicted_classes": [
    "Lesion"
  ],
  "resolved_classes": [
    "Lesion"
  ],
  "kg_classes": [
    "Lesion"
  ],
  "num_predicted": 1,
  "conflict_resolution": "no_conflict",
  "is_uncertain": false,
  "uncertainty_reason": "",
  "inference_time_s": 0.2511,
  "gt_labels": "Cardiomegaly;Edema",
  "probabilities": {
    "Airspace Disease": 0.383659,
    "Bronchiectasis": 0.055494,
    "Bronchiolitis": 0.011162,
    "Bullous Disease": 0.050969,
    "Calcified Granuloma": 0.272914,
    "Calcinosis": 0.278559,
    "Cardiac Shadow (abnormal)": 0.248486,
    "Cardiomegaly": 0.482359,
    "Consolidation": 0.217726,
    "Degenerative Change": 0.420437,
    "Edema": 0.343264,
    "Effusion": 0.163703,
    "Emphysema": 0.170065,
    "Fibrosis": 0.262681,
    "Fractures": 0.267827,
    "Hernia": 0.261349,
    "Hyperinflation": 0.463839,
    "Increased Lung Markings": 0.387833,
    "Interstitial Lung Disease": 0.19818,
    "Kyphosis": 0.202585,
    "Lesion": 0.524868,
    "Mass": 0.102022,
    "Nodule": 0.2078,
    "Osteophyte": 0.20873,
    "Pleural Effusion": 0.418508,
    "Pleural Thickening": 0.252236,
    "Pneumothorax": 0.185005,
    "Pulmonary Artery Enlargement": 0.080496,
    "Pulmonary Fibrosis": 0.123336,
    "Rib Fracture": 0.046462,
    "Scoliosis": 0.251595,
    "Subcutaneous Emphysema": 0.052664,
    "Thickening": 0.202352,
    "Volume Loss": 0.399996,
    "normal": 0.492838
  },
  "frontal_probs": {
    "Airspace Disease": 0.3918951749801636,
    "Bronchiectasis": 0.05845970660448074,
    "Bronchiolitis": 0.014431850053369999,
    "Bullous Disease": 0.05829079821705818,
    "Calcified Granuloma": 0.2628404200077057,
    "Calcinosis": 0.27911216020584106,
    "Cardiac Shadow (abnormal)": 0.2554728388786316,
    "Cardiomegaly": 0.5003357529640198,
    "Consolidation": 0.2732672393321991,
    "Degenerative Change": 0.45929619669914246,
    "Edema": 0.34469839930534363,
    "Effusion": 0.15106233954429626,
    "Emphysema": 0.17064428329467773,
    "Fibrosis": 0.29063424468040466,
    "Fractures": 0.28936275839805603,
    "Hernia": 0.3035220503807068,
    "Hyperinflation": 0.46998023986816406,
    "Increased Lung Markings": 0.36227595806121826,
    "Interstitial Lung Disease": 0.20873278379440308,
    "Kyphosis": 0.23925752937793732,
    "Lesion": 0.5808631777763367,
    "Mass": 0.13570353388786316,
    "Nodule": 0.20769457519054413,
    "Osteophyte": 0.21188849210739136,
    "Pleural Effusion": 0.4675780236721039,
    "Pleural Thickening": 0.29563167691230774,
    "Pneumothorax": 0.20140483975410461,
    "Pulmonary Artery Enlargement": 0.07748421281576157,
    "Pulmonary Fibrosis": 0.1354668289422989,
    "Rib Fracture": 0.05776830017566681,
    "Scoliosis": 0.2565811276435852,
    "Subcutaneous Emphysema": 0.0688399001955986,
    "Thickening": 0.23841486871242523,
    "Volume Loss": 0.41698694229125977,
    "normal": 0.44215214252471924
  },
  "lateral_probs": {
    "Airspace Disease": 0.3683639168739319,
    "Bronchiectasis": 0.049985747784376144,
    "Bronchiolitis": 0.005088604521006346,
    "Bullous Disease": 0.03737099841237068,
    "Calcified Granuloma": 0.2916207015514374,
    "Calcinosis": 0.2775307297706604,
    "Cardiac Shadow (abnormal)": 0.23551039397716522,
    "Cardiomegaly": 0.4489747881889343,
    "Consolidation": 0.1145777553319931,
    "Degenerative Change": 0.3482699394226074,
    "Edema": 0.34059903025627136,
    "Effusion": 0.18717749416828156,
    "Emphysema": 0.16898801922798157,
    "Fibrosis": 0.21076823770999908,
    "Fractures": 0.22783218324184418,
    "Hernia": 0.18302781879901886,
    "Hyperinflation": 0.45243439078330994,
    "Increased Lung Markings": 0.4352963864803314,
    "Interstitial Lung Disease": 0.17858213186264038,
    "Kyphosis": 0.13447771966457367,
    "Lesion": 0.4208768606185913,
    "Mass": 0.039469242095947266,
    "Nodule": 0.20799627900123596,
    "Osteophyte": 0.2028646171092987,
    "Pleural Effusion": 0.3273770809173584,
    "Pleural Thickening": 0.17164358496665955,
    "Pneumothorax": 0.154548779129982,
    "Pulmonary Artery Enlargement": 0.08608891814947128,
    "Pulmonary Fibrosis": 0.10080719739198685,
    "Rib Fracture": 0.025464516133069992,
    "Scoliosis": 0.2423345446586609,
    "Subcutaneous Emphysema": 0.022622015327215195,
    "Thickening": 0.13537831604480743,
    "Volume Loss": 0.36844050884246826,
    "normal": 0.586967945098877
  }
}