{
  "uid": "3696",
  "frontal_image": "3696_IM-1846-1001.dcm.png",
  "lateral_image": "3696_IM-1846-1002.dcm.png",
  "fusion_mode": "weighted_avg(f=0.65,l=0.35)",
  "predicted_classes": [
    "normal"
  ],
  "resolved_classes": [
    "normal"
  ],
  "kg_classes": [
    "Normal"
  ],
  "num_predicted": 1,
  "conflict_resolution": "no_conflict",
  "is_uncertain": false,
  "uncertainty_reason": "",
  "inference_time_s": 0.2579,
  "gt_labels": "Calcified Granuloma",
  "probabilities": {
    "Airspace Disease": 0.153924,
    "Bronchiectasis": 0.052476,
    "Bronchiolitis": 0.005834,
    "Bullous Disease": 0.024706,
    "Calcified Granuloma": 0.274025,
    "Calcinosis": 0.198071,
    "Cardiac Shadow (abnormal)": 0.064066,
    "Cardiomegaly": 0.132363,
    "Consolidation": 0.125265,
    "Degenerative Change": 0.241258,
    "Edema": 0.102055,
    "Effusion": 0.033924,
    "Emphysema": 0.254372,
    "Fibrosis": 0.198995,
    "Fractures": 0.111359,
    "Hernia": 0.116817,
    "Hyperinflation": 0.26346,
    "Increased Lung Markings": 0.119326,
    "Interstitial Lung Disease": 0.138506,
    "Kyphosis": 0.058461,
    "Lesion": 0.223314,
    "Mass": 0.048121,
    "Nodule": 0.146987,
    "Osteophyte": 0.147597,
    "Pleural Effusion": 0.103192,
    "Pleural Thickening": 0.170434,
    "Pneumothorax": 0.047963,
    "Pulmonary Artery Enlargement": 0.062691,
    "Pulmonary Fibrosis": 0.050706,
    "Rib Fracture": 0.019007,
    "Scoliosis": 0.12024,
    "Subcutaneous Emphysema": 0.019786,
    "Thickening": 0.097041,
    "Volume Loss": 0.162539,
    "normal": 0.811846
  },
  "frontal_probs": {
    "Airspace Disease": 0.07199500501155853,
    "Bronchiectasis": 0.003244985593482852,
    "Bronchiolitis": 0.00025559135247021914,
    "Bullous Disease": 0.007344536948949099,
    "Calcified Granuloma": 0.21513628959655762,
    "Calcinosis": 0.13316284120082855,
    "Cardiac Shadow (abnormal)": 0.008715346455574036,
    "Cardiomegaly": 0.01659036986529827,
    "Consolidation": 0.03647296503186226,
    "Degenerative Change": 0.12049758434295654,
    "Edema": 0.011612857691943645,
    "Effusion": 0.0012371235061436892,
    "Emphysema": 0.18297310173511505,
    "Fibrosis": 0.09919880330562592,
    "Fractures": 0.05723314359784126,
    "Hernia": 0.04086035490036011,
    "Hyperinflation": 0.14429965615272522,
    "Increased Lung Markings": 0.04290289804339409,
    "Interstitial Lung Disease": 0.058828216046094894,
    "Kyphosis": 0.011747191660106182,
    "Lesion": 0.10481160134077072,
    "Mass": 0.004232337232679129,
    "Nodule": 0.07480668276548386,
    "Osteophyte": 0.08351797610521317,
    "Pleural Effusion": 0.01596403494477272,
    "Pleural Thickening": 0.09377066791057587,
    "Pneumothorax": 0.013281384482979774,
    "Pulmonary Artery Enlargement": 0.008358584716916084,
    "Pulmonary Fibrosis": 0.002727605402469635,
    "Rib Fracture": 0.0038274007383733988,
    "Scoliosis": 0.05322592332959175,
    "Subcutaneous Emphysema": 0.0016584558179602027,
    "Thickening": 0.04011786729097366,
    "Volume Loss": 0.06213829293847084,
    "normal": 0.9149057269096375
  },
  "lateral_probs": {
    "Airspace Disease": 0.30607834458351135,
    "Bronchiectasis": 0.14390568435192108,
    "Bronchiolitis": 0.016194717958569527,
    "Bullous Disease": 0.0569491945207119,
    "Calcified Granuloma": 0.3833899199962616,
    "Calcinosis": 0.3186141550540924,
    "Cardiac Shadow (abnormal)": 0.16685982048511505,
    "Cardiomegaly": 0.3473700284957886,
    "Consolidation": 0.2901642620563507,
    "Degenerative Change": 0.4655264616012573,
    "Edema": 0.27001866698265076,
    "Effusion": 0.09462761133909225,
    "Emphysema": 0.38696929812431335,
    "Fibrosis": 0.38433048129081726,
    "Fractures": 0.21187736093997955,
    "Hernia": 0.25788044929504395,
    "Hyperinflation": 0.4847569167613983,
    "Increased Lung Markings": 0.26125505566596985,
    "Interstitial Lung Disease": 0.2864803671836853,
    "Kyphosis": 0.14521628618240356,
    "Lesion": 0.44339099526405334,
    "Mass": 0.1296291947364807,
    "Nodule": 0.28103727102279663,
    "Osteophyte": 0.2666006088256836,
    "Pleural Effusion": 0.26518675684928894,
    "Pleural Thickening": 0.31280946731567383,
    "Pneumothorax": 0.11237212270498276,
    "Pulmonary Artery Enlargement": 0.16359326243400574,
    "Pulmonary Fibrosis": 0.13980743288993835,
    "Rib Fracture": 0.047196850180625916,
    "Scoliosis": 0.24469350278377533,
    "Subcutaneous Emphysema": 0.05345078930258751,
    "Thickening": 0.20275463163852692,
    "Volume Loss": 0.3489975333213806,
    "normal": 0.6204497218132019
  }
}