{
  "uid": "3510",
  "frontal_image": "3510_IM-1713-4004.dcm.png",
  "lateral_image": "3510_IM-1713-1001.dcm.png",
  "fusion_mode": "weighted_avg(f=0.65,l=0.35)",
  "predicted_classes": [
    "normal"
  ],
  "resolved_classes": [
    "normal"
  ],
  "kg_classes": [
    "Normal"
  ],
  "num_predicted": 1,
  "conflict_resolution": "no_conflict",
  "is_uncertain": false,
  "uncertainty_reason": "",
  "inference_time_s": 0.3312,
  "gt_labels": "Cardiomegaly;Increased Lung Markings",
  "probabilities": {
    "Airspace Disease": 0.240386,
    "Bronchiectasis": 0.027164,
    "Bronchiolitis": 0.003147,
    "Bullous Disease": 0.026138,
    "Calcified Granuloma": 0.194066,
    "Calcinosis": 0.214931,
    "Cardiac Shadow (abnormal)": 0.146156,
    "Cardiomegaly": 0.37201,
    "Consolidation": 0.125529,
    "Degenerative Change": 0.245594,
    "Edema": 0.254697,
    "Effusion": 0.069973,
    "Emphysema": 0.134856,
    "Fibrosis": 0.155569,
    "Fractures": 0.140843,
    "Hernia": 0.120198,
    "Hyperinflation": 0.291352,
    "Increased Lung Markings": 0.177055,
    "Interstitial Lung Disease": 0.096322,
    "Kyphosis": 0.058634,
    "Lesion": 0.301792,
    "Mass": 0.052893,
    "Nodule": 0.157885,
    "Osteophyte": 0.093403,
    "Pleural Effusion": 0.160423,
    "Pleural Thickening": 0.141785,
    "Pneumothorax": 0.076845,
    "Pulmonary Artery Enlargement": 0.062345,
    "Pulmonary Fibrosis": 0.048737,
    "Rib Fracture": 0.017641,
    "Scoliosis": 0.185099,
    "Subcutaneous Emphysema": 0.027783,
    "Thickening": 0.146034,
    "Volume Loss": 0.223687,
    "normal": 0.739964
  },
  "frontal_probs": {
    "Airspace Disease": 0.2056058794260025,
    "Bronchiectasis": 0.005107313860207796,
    "Bronchiolitis": 0.0010284988675266504,
    "Bullous Disease": 0.00868902076035738,
    "Calcified Granuloma": 0.11709389835596085,
    "Calcinosis": 0.16419759392738342,
    "Cardiac Shadow (abnormal)": 0.13064219057559967,
    "Cardiomegaly": 0.368080735206604,
    "Consolidation": 0.10508432984352112,
    "Degenerative Change": 0.1358235627412796,
    "Edema": 0.24236927926540375,
    "Effusion": 0.06406649202108383,
    "Emphysema": 0.07105575501918793,
    "Fibrosis": 0.07343318313360214,
    "Fractures": 0.0965050682425499,
    "Hernia": 0.08934629708528519,
    "Hyperinflation": 0.20306946337223053,
    "Increased Lung Markings": 0.10845474898815155,
    "Interstitial Lung Disease": 0.026490211486816406,
    "Kyphosis": 0.024756990373134613,
    "Lesion": 0.21439050137996674,
    "Mass": 0.02483944222331047,
    "Nodule": 0.11289568245410919,
    "Osteophyte": 0.05673009902238846,
    "Pleural Effusion": 0.10356273502111435,
    "Pleural Thickening": 0.08429430425167084,
    "Pneumothorax": 0.04009241238236427,
    "Pulmonary Artery Enlargement": 0.049284789711236954,
    "Pulmonary Fibrosis": 0.025916416198015213,
    "Rib Fracture": 0.007394697051495314,
    "Scoliosis": 0.14819829165935516,
    "Subcutaneous Emphysema": 0.018010878935456276,
    "Thickening": 0.09406672418117523,
    "Volume Loss": 0.17714306712150574,
    "normal": 0.811825692653656
  },
  "lateral_probs": {
    "Airspace Disease": 0.30497804284095764,
    "Bronchiectasis": 0.06812682747840881,
    "Bronchiolitis": 0.0070803528651595116,
    "Bullous Disease": 0.058543138206005096,
    "Calcified Granuloma": 0.3370154798030853,
    "Calcinosis": 0.309151291847229,
    "Cardiac Shadow (abnormal)": 0.1749678999185562,
    "Cardiomegaly": 0.37930747866630554,
    "Consolidation": 0.16349686682224274,
    "Degenerative Change": 0.44945377111434937,
    "Edema": 0.2775925099849701,
    "Effusion": 0.08094117790460587,
    "Emphysema": 0.2533431947231293,
    "Fibrosis": 0.30810633301734924,
    "Fractures": 0.22318504750728607,
    "Hernia": 0.17749449610710144,
    "Hyperinflation": 0.4553067088127136,
    "Increased Lung Markings": 0.3044561743736267,
    "Interstitial Lung Disease": 0.22600895166397095,
    "Kyphosis": 0.1215481385588646,
    "Lesion": 0.46410977840423584,
    "Mass": 0.10499274730682373,
    "Nodule": 0.2414354830980301,
    "Osteophyte": 0.16151055693626404,
    "Pleural Effusion": 0.2660202085971832,
    "Pleural Thickening": 0.24855352938175201,
    "Pneumothorax": 0.14510004222393036,
    "Pulmonary Artery Enlargement": 0.08659853041172028,
    "Pulmonary Fibrosis": 0.09111694246530533,
    "Rib Fracture": 0.03667066991329193,
    "Scoliosis": 0.25362834334373474,
    "Subcutaneous Emphysema": 0.04593052715063095,
    "Thickening": 0.2425442487001419,
    "Volume Loss": 0.3101249039173126,
    "normal": 0.6065078973770142
  }
}