{
  "uid": "3672",
  "frontal_image": "3672_IM-1828-1001.dcm.png",
  "lateral_image": "3672_IM-1828-2001.dcm.png",
  "fusion_mode": "weighted_avg(f=0.65,l=0.35)",
  "predicted_classes": [
    "Cardiomegaly",
    "Lesion"
  ],
  "resolved_classes": [
    "Cardiomegaly",
    "Lesion"
  ],
  "kg_classes": [
    "Cardiomegaly",
    "Lesion"
  ],
  "num_predicted": 2,
  "conflict_resolution": "no_conflict",
  "is_uncertain": false,
  "uncertainty_reason": "",
  "inference_time_s": 0.2682,
  "gt_labels": "Calcinosis;Cardiomegaly;Edema",
  "probabilities": {
    "Airspace Disease": 0.382308,
    "Bronchiectasis": 0.155385,
    "Bronchiolitis": 0.041126,
    "Bullous Disease": 0.069238,
    "Calcified Granuloma": 0.319142,
    "Calcinosis": 0.385018,
    "Cardiac Shadow (abnormal)": 0.337385,
    "Cardiomegaly": 0.541888,
    "Consolidation": 0.268045,
    "Degenerative Change": 0.418569,
    "Edema": 0.458178,
    "Effusion": 0.180223,
    "Emphysema": 0.280528,
    "Fibrosis": 0.322626,
    "Fractures": 0.207788,
    "Hernia": 0.201457,
    "Hyperinflation": 0.441745,
    "Increased Lung Markings": 0.324709,
    "Interstitial Lung Disease": 0.246171,
    "Kyphosis": 0.169857,
    "Lesion": 0.525305,
    "Mass": 0.090498,
    "Nodule": 0.299212,
    "Osteophyte": 0.200401,
    "Pleural Effusion": 0.343847,
    "Pleural Thickening": 0.335949,
    "Pneumothorax": 0.089079,
    "Pulmonary Artery Enlargement": 0.174841,
    "Pulmonary Fibrosis": 0.179971,
    "Rib Fracture": 0.06962,
    "Scoliosis": 0.200147,
    "Subcutaneous Emphysema": 0.089456,
    "Thickening": 0.297118,
    "Volume Loss": 0.418928,
    "normal": 0.498152
  },
  "frontal_probs": {
    "Airspace Disease": 0.41263052821159363,
    "Bronchiectasis": 0.2038380205631256,
    "Bronchiolitis": 0.054886192083358765,
    "Bullous Disease": 0.0925963893532753,
    "Calcified Granuloma": 0.27332594990730286,
    "Calcinosis": 0.392864465713501,
    "Cardiac Shadow (abnormal)": 0.35743409395217896,
    "Cardiomegaly": 0.5860404968261719,
    "Consolidation": 0.29707178473472595,
    "Degenerative Change": 0.3864637613296509,
    "Edema": 0.5215743184089661,
    "Effusion": 0.20159481465816498,
    "Emphysema": 0.2668302059173584,
    "Fibrosis": 0.33450084924697876,
    "Fractures": 0.2230188548564911,
    "Hernia": 0.2076566517353058,
    "Hyperinflation": 0.4233485758304596,
    "Increased Lung Markings": 0.34176796674728394,
    "Interstitial Lung Disease": 0.215083509683609,
    "Kyphosis": 0.17426012456417084,
    "Lesion": 0.5381957292556763,
    "Mass": 0.0611305795609951,
    "Nodule": 0.3321397304534912,
    "Osteophyte": 0.17522788047790527,
    "Pleural Effusion": 0.3898148834705353,
    "Pleural Thickening": 0.3517466187477112,
    "Pneumothorax": 0.08795120567083359,
    "Pulmonary Artery Enlargement": 0.19630226492881775,
    "Pulmonary Fibrosis": 0.18208898603916168,
    "Rib Fracture": 0.07577682286500931,
    "Scoliosis": 0.22203466296195984,
    "Subcutaneous Emphysema": 0.11062491685152054,
    "Thickening": 0.36109811067581177,
    "Volume Loss": 0.42436984181404114,
    "normal": 0.492599219083786
  },
  "lateral_probs": {
    "Airspace Disease": 0.32599589228630066,
    "Bronchiectasis": 0.06539970636367798,
    "Bronchiolitis": 0.015570185147225857,
    "Bullous Disease": 0.025857027620077133,
    "Calcified Granuloma": 0.4042297899723053,
    "Calcinosis": 0.3704445958137512,
    "Cardiac Shadow (abnormal)": 0.3001515865325928,
    "Cardiomegaly": 0.45989105105400085,
    "Consolidation": 0.2141382247209549,
    "Degenerative Change": 0.478193998336792,
    "Edema": 0.3404410481452942,
    "Effusion": 0.14053185284137726,
    "Emphysema": 0.3059680461883545,
    "Fibrosis": 0.30057254433631897,
    "Fractures": 0.17950156331062317,
    "Hernia": 0.1899428516626358,
    "Hyperinflation": 0.47590985894203186,
    "Increased Lung Markings": 0.29302874207496643,
    "Interstitial Lung Disease": 0.30390387773513794,
    "Kyphosis": 0.16167855262756348,
    "Lesion": 0.501365065574646,
    "Mass": 0.14503838121891022,
    "Nodule": 0.23806032538414001,
    "Osteophyte": 0.24714985489845276,
    "Pleural Effusion": 0.25847750902175903,
    "Pleural Thickening": 0.3066093623638153,
    "Pneumothorax": 0.0911727175116539,
    "Pulmonary Artery Enlargement": 0.1349838227033615,
    "Pulmonary Fibrosis": 0.1760369837284088,
    "Rib Fracture": 0.05818576365709305,
    "Scoliosis": 0.15949928760528564,
    "Subcutaneous Emphysema": 0.050141140818595886,
    "Thickening": 0.1782992035150528,
    "Volume Loss": 0.40882036089897156,
    "normal": 0.508465051651001
  }
}