{
  "uid": "3575",
  "frontal_image": "3575_IM-1757-1001.dcm.png",
  "lateral_image": "3575_IM-1757-2001.dcm.png",
  "fusion_mode": "weighted_avg(f=0.65,l=0.35)",
  "predicted_classes": [
    "normal"
  ],
  "resolved_classes": [
    "normal"
  ],
  "kg_classes": [
    "Normal"
  ],
  "num_predicted": 1,
  "conflict_resolution": "no_conflict",
  "is_uncertain": false,
  "uncertainty_reason": "",
  "inference_time_s": 0.2678,
  "gt_labels": "Calcified Granuloma;Calcinosis",
  "probabilities": {
    "Airspace Disease": 0.040436,
    "Bronchiectasis": 0.002085,
    "Bronchiolitis": 0.000125,
    "Bullous Disease": 0.001846,
    "Calcified Granuloma": 0.225826,
    "Calcinosis": 0.141293,
    "Cardiac Shadow (abnormal)": 0.011083,
    "Cardiomegaly": 0.038539,
    "Consolidation": 0.021681,
    "Degenerative Change": 0.21473,
    "Edema": 0.012614,
    "Effusion": 0.003714,
    "Emphysema": 0.073163,
    "Fibrosis": 0.114603,
    "Fractures": 0.070339,
    "Hernia": 0.041155,
    "Hyperinflation": 0.134306,
    "Increased Lung Markings": 0.035608,
    "Interstitial Lung Disease": 0.050779,
    "Kyphosis": 0.012771,
    "Lesion": 0.113906,
    "Mass": 0.014472,
    "Nodule": 0.081205,
    "Osteophyte": 0.098337,
    "Pleural Effusion": 0.012935,
    "Pleural Thickening": 0.036818,
    "Pneumothorax": 0.014555,
    "Pulmonary Artery Enlargement": 0.008861,
    "Pulmonary Fibrosis": 0.012777,
    "Rib Fracture": 0.002674,
    "Scoliosis": 0.055983,
    "Subcutaneous Emphysema": 0.001124,
    "Thickening": 0.029537,
    "Volume Loss": 0.072227,
    "normal": 0.930667
  },
  "frontal_probs": {
    "Airspace Disease": 0.02258954383432865,
    "Bronchiectasis": 0.00018121565517503768,
    "Bronchiolitis": 4.408039603731595e-05,
    "Bullous Disease": 0.0013025363441556692,
    "Calcified Granuloma": 0.14428743720054626,
    "Calcinosis": 0.08811170607805252,
    "Cardiac Shadow (abnormal)": 0.002073256066069007,
    "Cardiomegaly": 0.014424696564674377,
    "Consolidation": 0.00572248175740242,
    "Degenerative Change": 0.11195876449346542,
    "Edema": 0.002590752672404051,
    "Effusion": 0.0007187910960055888,
    "Emphysema": 0.03442711755633354,
    "Fibrosis": 0.07608211785554886,
    "Fractures": 0.05173887312412262,
    "Hernia": 0.031713228672742844,
    "Hyperinflation": 0.060828760266304016,
    "Increased Lung Markings": 0.020592160522937775,
    "Interstitial Lung Disease": 0.013817939907312393,
    "Kyphosis": 0.009883844293653965,
    "Lesion": 0.0433129146695137,
    "Mass": 0.001316384645178914,
    "Nodule": 0.04429352283477783,
    "Osteophyte": 0.07311135530471802,
    "Pleural Effusion": 0.006968908477574587,
    "Pleural Thickening": 0.029027389362454414,
    "Pneumothorax": 0.012336699292063713,
    "Pulmonary Artery Enlargement": 0.0027071312069892883,
    "Pulmonary Fibrosis": 0.0010268413461744785,
    "Rib Fracture": 0.0005238193552941084,
    "Scoliosis": 0.03289380669593811,
    "Subcutaneous Emphysema": 0.000298274535452947,
    "Thickening": 0.006374388933181763,
    "Volume Loss": 0.0398872010409832,
    "normal": 0.9627345204353333
  },
  "lateral_probs": {
    "Airspace Disease": 0.07357800006866455,
    "Bronchiectasis": 0.005620276089757681,
    "Bronchiolitis": 0.000275658123428002,
    "Bullous Disease": 0.0028543886728584766,
    "Calcified Granuloma": 0.3772538900375366,
    "Calcinosis": 0.24005800485610962,
    "Cardiac Shadow (abnormal)": 0.027815518900752068,
    "Cardiomegaly": 0.08332178741693497,
    "Consolidation": 0.05131947994232178,
    "Degenerative Change": 0.4055904448032379,
    "Edema": 0.03122912161052227,
    "Effusion": 0.009275485761463642,
    "Emphysema": 0.14509975910186768,
    "Fibrosis": 0.18614238500595093,
    "Fractures": 0.10488207638263702,
    "Hernia": 0.058690059930086136,
    "Hyperinflation": 0.2707642614841461,
    "Increased Lung Markings": 0.06349526345729828,
    "Interstitial Lung Disease": 0.11941972374916077,
    "Kyphosis": 0.018133895471692085,
    "Lesion": 0.24500735104084015,
    "Mass": 0.038904156535863876,
    "Nodule": 0.1497560441493988,
    "Osteophyte": 0.14518579840660095,
    "Pleural Effusion": 0.024015584960579872,
    "Pleural Thickening": 0.05128513276576996,
    "Pneumothorax": 0.018673347309231758,
    "Pulmonary Artery Enlargement": 0.020288661122322083,
    "Pulmonary Fibrosis": 0.03459744527935982,
    "Rib Fracture": 0.006668372079730034,
    "Scoliosis": 0.09886275976896286,
    "Subcutaneous Emphysema": 0.002657506847754121,
    "Thickening": 0.07255221158266068,
    "Volume Loss": 0.13228709995746613,
    "normal": 0.8711135387420654
  }
}