{
  "uid": "3971",
  "frontal_image": "3971_IM-2031-1001.dcm.png|3971_IM-2031-3001.dcm.png",
  "lateral_image": "3971_IM-2031-2001.dcm.png",
  "fusion_mode": "weighted_avg(f=0.65,l=0.35)",
  "predicted_classes": [
    "normal"
  ],
  "resolved_classes": [
    "normal"
  ],
  "kg_classes": [
    "Normal"
  ],
  "num_predicted": 1,
  "conflict_resolution": "no_conflict",
  "is_uncertain": false,
  "uncertainty_reason": "",
  "inference_time_s": 0.431,
  "gt_labels": "normal",
  "probabilities": {
    "Airspace Disease": 0.077885,
    "Bronchiectasis": 0.007302,
    "Bronchiolitis": 0.001028,
    "Bullous Disease": 0.014371,
    "Calcified Granuloma": 0.234397,
    "Calcinosis": 0.199371,
    "Cardiac Shadow (abnormal)": 0.018179,
    "Cardiomegaly": 0.07622,
    "Consolidation": 0.041531,
    "Degenerative Change": 0.274065,
    "Edema": 0.048615,
    "Effusion": 0.007557,
    "Emphysema": 0.13608,
    "Fibrosis": 0.171011,
    "Fractures": 0.114328,
    "Hernia": 0.050686,
    "Hyperinflation": 0.204961,
    "Increased Lung Markings": 0.078903,
    "Interstitial Lung Disease": 0.052653,
    "Kyphosis": 0.02329,
    "Lesion": 0.189073,
    "Mass": 0.020195,
    "Nodule": 0.146874,
    "Osteophyte": 0.108077,
    "Pleural Effusion": 0.042411,
    "Pleural Thickening": 0.091878,
    "Pneumothorax": 0.033269,
    "Pulmonary Artery Enlargement": 0.024142,
    "Pulmonary Fibrosis": 0.01555,
    "Rib Fracture": 0.004824,
    "Scoliosis": 0.143493,
    "Subcutaneous Emphysema": 0.002705,
    "Thickening": 0.055564,
    "Volume Loss": 0.136526,
    "normal": 0.891491
  },
  "frontal_probs": {
    "Airspace Disease": 0.046054208651185036,
    "Bronchiectasis": 0.003273006179369986,
    "Bronchiolitis": 0.001349491300061345,
    "Bullous Disease": 0.02015689481049776,
    "Calcified Granuloma": 0.23005260527133942,
    "Calcinosis": 0.21146685630083084,
    "Cardiac Shadow (abnormal)": 0.01113168429583311,
    "Cardiomegaly": 0.050165796652436256,
    "Consolidation": 0.01923825405538082,
    "Degenerative Change": 0.25668156147003174,
    "Edema": 0.026560034602880478,
    "Effusion": 0.0035282637691125274,
    "Emphysema": 0.16754408180713654,
    "Fibrosis": 0.1827397495508194,
    "Fractures": 0.1177881546318531,
    "Hernia": 0.04663993790745735,
    "Hyperinflation": 0.18392127752304077,
    "Increased Lung Markings": 0.06193215399980545,
    "Interstitial Lung Disease": 0.055392948910593987,
    "Kyphosis": 0.030774081125855446,
    "Lesion": 0.146654911339283,
    "Mass": 0.009689674247056246,
    "Nodule": 0.145837239921093,
    "Osteophyte": 0.1023041121661663,
    "Pleural Effusion": 0.02997796144336462,
    "Pleural Thickening": 0.07744438946247101,
    "Pneumothorax": 0.04293512925505638,
    "Pulmonary Artery Enlargement": 0.017262617126107216,
    "Pulmonary Fibrosis": 0.012502393685281277,
    "Rib Fracture": 0.0030812870245426893,
    "Scoliosis": 0.15133826434612274,
    "Subcutaneous Emphysema": 0.002115558716468513,
    "Thickening": 0.03600251115858555,
    "Volume Loss": 0.1278800591826439,
    "normal": 0.9010584354400635
  },
  "lateral_probs": {
    "Airspace Disease": 0.13700035214424133,
    "Bronchiectasis": 0.014784116297960281,
    "Bronchiolitis": 0.00043170744902454317,
    "Bullous Disease": 0.003625538432970643,
    "Calcified Granuloma": 0.24246589839458466,
    "Calcinosis": 0.17690682411193848,
    "Cardiac Shadow (abnormal)": 0.03126563876867294,
    "Cardiomegaly": 0.12460624426603317,
    "Consolidation": 0.08293046057224274,
    "Degenerative Change": 0.3063473701477051,
    "Edema": 0.08957500010728836,
    "Effusion": 0.015038066543638706,
    "Emphysema": 0.07764659821987152,
    "Fibrosis": 0.14922791719436646,
    "Fractures": 0.10790316760540009,
    "Hernia": 0.058201052248477936,
    "Hyperinflation": 0.24403595924377441,
    "Increased Lung Markings": 0.11041887104511261,
    "Interstitial Lung Disease": 0.04756486043334007,
    "Kyphosis": 0.009391840547323227,
    "Lesion": 0.26785072684288025,
    "Mass": 0.0397050566971302,
    "Nodule": 0.14879828691482544,
    "Osteophyte": 0.11879697442054749,
    "Pleural Effusion": 0.06550055742263794,
    "Pleural Thickening": 0.11868280917406082,
    "Pneumothorax": 0.015318188816308975,
    "Pulmonary Artery Enlargement": 0.03691808506846428,
    "Pulmonary Fibrosis": 0.02120882272720337,
    "Rib Fracture": 0.008060420863330364,
    "Scoliosis": 0.12892326712608337,
    "Subcutaneous Emphysema": 0.0038003181107342243,
    "Thickening": 0.09189207851886749,
    "Volume Loss": 0.15258386731147766,
    "normal": 0.8737232089042664
  }
}