{
  "uid": "3947",
  "frontal_image": "3947_IM-2016-1001.dcm.png",
  "lateral_image": "3947_IM-2016-2001.dcm.png",
  "fusion_mode": "weighted_avg(f=0.65,l=0.35)",
  "predicted_classes": [
    "normal"
  ],
  "resolved_classes": [
    "normal"
  ],
  "kg_classes": [
    "Normal"
  ],
  "num_predicted": 1,
  "conflict_resolution": "no_conflict",
  "is_uncertain": false,
  "uncertainty_reason": "",
  "inference_time_s": 0.245,
  "gt_labels": "normal",
  "probabilities": {
    "Airspace Disease": 0.093266,
    "Bronchiectasis": 0.004735,
    "Bronchiolitis": 0.00041,
    "Bullous Disease": 0.003195,
    "Calcified Granuloma": 0.262385,
    "Calcinosis": 0.178117,
    "Cardiac Shadow (abnormal)": 0.014691,
    "Cardiomegaly": 0.053102,
    "Consolidation": 0.044201,
    "Degenerative Change": 0.281427,
    "Edema": 0.022143,
    "Effusion": 0.004238,
    "Emphysema": 0.050963,
    "Fibrosis": 0.15737,
    "Fractures": 0.101967,
    "Hernia": 0.04858,
    "Hyperinflation": 0.181464,
    "Increased Lung Markings": 0.111898,
    "Interstitial Lung Disease": 0.038717,
    "Kyphosis": 0.031039,
    "Lesion": 0.193684,
    "Mass": 0.013565,
    "Nodule": 0.114468,
    "Osteophyte": 0.115764,
    "Pleural Effusion": 0.044312,
    "Pleural Thickening": 0.07147,
    "Pneumothorax": 0.029423,
    "Pulmonary Artery Enlargement": 0.015509,
    "Pulmonary Fibrosis": 0.014194,
    "Rib Fracture": 0.002272,
    "Scoliosis": 0.157768,
    "Subcutaneous Emphysema": 0.004001,
    "Thickening": 0.057398,
    "Volume Loss": 0.111826,
    "normal": 0.880896
  },
  "frontal_probs": {
    "Airspace Disease": 0.0865974947810173,
    "Bronchiectasis": 0.001364361960440874,
    "Bronchiolitis": 0.0003610924177337438,
    "Bullous Disease": 0.002100730314850807,
    "Calcified Granuloma": 0.26382139325141907,
    "Calcinosis": 0.1541379690170288,
    "Cardiac Shadow (abnormal)": 0.008103754371404648,
    "Cardiomegaly": 0.041102126240730286,
    "Consolidation": 0.02960069850087166,
    "Degenerative Change": 0.22952750325202942,
    "Edema": 0.0173430647701025,
    "Effusion": 0.0034995917230844498,
    "Emphysema": 0.03927379846572876,
    "Fibrosis": 0.15305832028388977,
    "Fractures": 0.09488629549741745,
    "Hernia": 0.043999187648296356,
    "Hyperinflation": 0.17655576765537262,
    "Increased Lung Markings": 0.11551068723201752,
    "Interstitial Lung Disease": 0.013055715709924698,
    "Kyphosis": 0.02269504964351654,
    "Lesion": 0.2037476897239685,
    "Mass": 0.0037683339323848486,
    "Nodule": 0.07461131364107132,
    "Osteophyte": 0.10471352189779282,
    "Pleural Effusion": 0.040141116827726364,
    "Pleural Thickening": 0.08775161951780319,
    "Pneumothorax": 0.03819955512881279,
    "Pulmonary Artery Enlargement": 0.009901493787765503,
    "Pulmonary Fibrosis": 0.003870126325637102,
    "Rib Fracture": 0.001955186715349555,
    "Scoliosis": 0.15205514430999756,
    "Subcutaneous Emphysema": 0.0016922944923862815,
    "Thickening": 0.028541387990117073,
    "Volume Loss": 0.10631701350212097,
    "normal": 0.8663698434829712
  },
  "lateral_probs": {
    "Airspace Disease": 0.10565145313739777,
    "Bronchiectasis": 0.010993887670338154,
    "Bronchiolitis": 0.0005013991030864418,
    "Bullous Disease": 0.005227038636803627,
    "Calcified Granuloma": 0.2597164213657379,
    "Calcinosis": 0.22264806926250458,
    "Cardiac Shadow (abnormal)": 0.02692555822432041,
    "Cardiomegaly": 0.07538800686597824,
    "Consolidation": 0.07131608575582504,
    "Degenerative Change": 0.37781190872192383,
    "Edema": 0.031057234853506088,
    "Effusion": 0.005608116276562214,
    "Emphysema": 0.07267164438962936,
    "Fibrosis": 0.16537867486476898,
    "Fractures": 0.11511744558811188,
    "Hernia": 0.0570860281586647,
    "Hyperinflation": 0.1905783861875534,
    "Increased Lung Markings": 0.10518771409988403,
    "Interstitial Lung Disease": 0.08637313544750214,
    "Kyphosis": 0.0465337336063385,
    "Lesion": 0.17499570548534393,
    "Mass": 0.03175962716341019,
    "Nodule": 0.18848615884780884,
    "Osteophyte": 0.13628709316253662,
    "Pleural Effusion": 0.05205686762928963,
    "Pleural Thickening": 0.041233573108911514,
    "Pneumothorax": 0.013122974894940853,
    "Pulmonary Artery Enlargement": 0.025923049077391624,
    "Pulmonary Fibrosis": 0.033367693424224854,
    "Rib Fracture": 0.0028590993024408817,
    "Scoliosis": 0.1683768928050995,
    "Subcutaneous Emphysema": 0.008288897573947906,
    "Thickening": 0.11098866909742355,
    "Volume Loss": 0.12205764651298523,
    "normal": 0.9078718423843384
  }
}