{
  "uid": "3939",
  "frontal_image": "3939_IM-2010-1001.dcm.png",
  "lateral_image": "3939_IM-2010-1002.dcm.png",
  "fusion_mode": "weighted_avg(f=0.65,l=0.35)",
  "predicted_classes": [
    "normal"
  ],
  "resolved_classes": [
    "normal"
  ],
  "kg_classes": [
    "Normal"
  ],
  "num_predicted": 1,
  "conflict_resolution": "no_conflict",
  "is_uncertain": false,
  "uncertainty_reason": "",
  "inference_time_s": 0.2557,
  "gt_labels": "normal",
  "probabilities": {
    "Airspace Disease": 0.076715,
    "Bronchiectasis": 0.013394,
    "Bronchiolitis": 0.000756,
    "Bullous Disease": 0.006388,
    "Calcified Granuloma": 0.292134,
    "Calcinosis": 0.186682,
    "Cardiac Shadow (abnormal)": 0.017823,
    "Cardiomegaly": 0.047756,
    "Consolidation": 0.055472,
    "Degenerative Change": 0.241686,
    "Edema": 0.028182,
    "Effusion": 0.005796,
    "Emphysema": 0.087657,
    "Fibrosis": 0.157657,
    "Fractures": 0.089212,
    "Hernia": 0.091536,
    "Hyperinflation": 0.176728,
    "Increased Lung Markings": 0.088903,
    "Interstitial Lung Disease": 0.048816,
    "Kyphosis": 0.030066,
    "Lesion": 0.167629,
    "Mass": 0.022983,
    "Nodule": 0.114997,
    "Osteophyte": 0.115195,
    "Pleural Effusion": 0.032091,
    "Pleural Thickening": 0.081823,
    "Pneumothorax": 0.016483,
    "Pulmonary Artery Enlargement": 0.01916,
    "Pulmonary Fibrosis": 0.018672,
    "Rib Fracture": 0.00599,
    "Scoliosis": 0.12586,
    "Subcutaneous Emphysema": 0.003514,
    "Thickening": 0.058411,
    "Volume Loss": 0.109831,
    "normal": 0.90279
  },
  "frontal_probs": {
    "Airspace Disease": 0.050567563623189926,
    "Bronchiectasis": 0.004124095663428307,
    "Bronchiolitis": 0.0008064716239459813,
    "Bullous Disease": 0.006347379181534052,
    "Calcified Granuloma": 0.2907654047012329,
    "Calcinosis": 0.18130910396575928,
    "Cardiac Shadow (abnormal)": 0.009238204918801785,
    "Cardiomegaly": 0.021692469716072083,
    "Consolidation": 0.03155101090669632,
    "Degenerative Change": 0.17318254709243774,
    "Edema": 0.006951707415282726,
    "Effusion": 0.0013621223624795675,
    "Emphysema": 0.05487597733736038,
    "Fibrosis": 0.1338808536529541,
    "Fractures": 0.07082591205835342,
    "Hernia": 0.08330834656953812,
    "Hyperinflation": 0.12004661560058594,
    "Increased Lung Markings": 0.07823656499385834,
    "Interstitial Lung Disease": 0.029298657551407814,
    "Kyphosis": 0.038564443588256836,
    "Lesion": 0.10334468632936478,
    "Mass": 0.008997691795229912,
    "Nodule": 0.0906033143401146,
    "Osteophyte": 0.09948693960905075,
    "Pleural Effusion": 0.018334627151489258,
    "Pleural Thickening": 0.07732978463172913,
    "Pneumothorax": 0.011580855585634708,
    "Pulmonary Artery Enlargement": 0.011820175684988499,
    "Pulmonary Fibrosis": 0.0077366395853459835,
    "Rib Fracture": 0.0023715938441455364,
    "Scoliosis": 0.11340225487947464,
    "Subcutaneous Emphysema": 0.002591823460534215,
    "Thickening": 0.03040851280093193,
    "Volume Loss": 0.08519876003265381,
    "normal": 0.9270381927490234
  },
  "lateral_probs": {
    "Airspace Disease": 0.12527570128440857,
    "Bronchiectasis": 0.030609581619501114,
    "Bronchiolitis": 0.0006608440889976919,
    "Bullous Disease": 0.006462194956839085,
    "Calcified Granuloma": 0.29467692971229553,
    "Calcinosis": 0.1966598778963089,
    "Cardiac Shadow (abnormal)": 0.033766988664865494,
    "Cardiomegaly": 0.09615899622440338,
    "Consolidation": 0.09989728033542633,
    "Degenerative Change": 0.36890730261802673,
    "Edema": 0.0676092654466629,
    "Effusion": 0.014030474238097668,
    "Emphysema": 0.14853598177433014,
    "Fibrosis": 0.20181269943714142,
    "Fractures": 0.12335660308599472,
    "Hernia": 0.10681695491075516,
    "Hyperinflation": 0.281993567943573,
    "Increased Lung Markings": 0.1087111383676529,
    "Interstitial Lung Disease": 0.08506128191947937,
    "Kyphosis": 0.014284028671681881,
    "Lesion": 0.2870129644870758,
    "Mass": 0.04895652458071709,
    "Nodule": 0.16030049324035645,
    "Osteophyte": 0.14436782896518707,
    "Pleural Effusion": 0.057638019323349,
    "Pleural Thickening": 0.09016865491867065,
    "Pneumothorax": 0.02558675967156887,
    "Pulmonary Artery Enlargement": 0.03279213234782219,
    "Pulmonary Fibrosis": 0.038979340344667435,
    "Rib Fracture": 0.01270999200642109,
    "Scoliosis": 0.1489950269460678,
    "Subcutaneous Emphysema": 0.005226798355579376,
    "Thickening": 0.11041507869958878,
    "Volume Loss": 0.15557679533958435,
    "normal": 0.8577569127082825
  }
}