{
  "uid": "3240",
  "frontal_image": "3240_IM-1534-1001.dcm.png",
  "lateral_image": "3240_IM-1534-2001.dcm.png",
  "fusion_mode": "weighted_avg(f=0.65,l=0.35)",
  "predicted_classes": [
    "normal"
  ],
  "resolved_classes": [
    "normal"
  ],
  "kg_classes": [
    "Normal"
  ],
  "num_predicted": 1,
  "conflict_resolution": "no_conflict",
  "is_uncertain": false,
  "uncertainty_reason": "",
  "inference_time_s": 0.2661,
  "gt_labels": "Degenerative Change;Emphysema;Hyperinflation",
  "probabilities": {
    "Airspace Disease": 0.069379,
    "Bronchiectasis": 0.004936,
    "Bronchiolitis": 0.000395,
    "Bullous Disease": 0.004259,
    "Calcified Granuloma": 0.27825,
    "Calcinosis": 0.182315,
    "Cardiac Shadow (abnormal)": 0.018481,
    "Cardiomegaly": 0.053825,
    "Consolidation": 0.037457,
    "Degenerative Change": 0.213601,
    "Edema": 0.024756,
    "Effusion": 0.006208,
    "Emphysema": 0.137018,
    "Fibrosis": 0.165548,
    "Fractures": 0.092394,
    "Hernia": 0.062537,
    "Hyperinflation": 0.2047,
    "Increased Lung Markings": 0.097484,
    "Interstitial Lung Disease": 0.057514,
    "Kyphosis": 0.021365,
    "Lesion": 0.147983,
    "Mass": 0.015344,
    "Nodule": 0.115038,
    "Osteophyte": 0.109206,
    "Pleural Effusion": 0.01916,
    "Pleural Thickening": 0.063411,
    "Pneumothorax": 0.024734,
    "Pulmonary Artery Enlargement": 0.032965,
    "Pulmonary Fibrosis": 0.011423,
    "Rib Fracture": 0.003319,
    "Scoliosis": 0.140962,
    "Subcutaneous Emphysema": 0.004319,
    "Thickening": 0.049725,
    "Volume Loss": 0.095796,
    "normal": 0.900824
  },
  "frontal_probs": {
    "Airspace Disease": 0.056911565363407135,
    "Bronchiectasis": 0.004520831163972616,
    "Bronchiolitis": 0.0004577029903884977,
    "Bullous Disease": 0.004549047444015741,
    "Calcified Granuloma": 0.24297097325325012,
    "Calcinosis": 0.16605056822299957,
    "Cardiac Shadow (abnormal)": 0.011850434355437756,
    "Cardiomegaly": 0.040774691849946976,
    "Consolidation": 0.02729843743145466,
    "Degenerative Change": 0.16546261310577393,
    "Edema": 0.01327747292816639,
    "Effusion": 0.0031187778804451227,
    "Emphysema": 0.12957993149757385,
    "Fibrosis": 0.14008869230747223,
    "Fractures": 0.08207748830318451,
    "Hernia": 0.06116977706551552,
    "Hyperinflation": 0.1679159253835678,
    "Increased Lung Markings": 0.10166147351264954,
    "Interstitial Lung Disease": 0.05580103024840355,
    "Kyphosis": 0.024186814203858376,
    "Lesion": 0.12014978379011154,
    "Mass": 0.013685770332813263,
    "Nodule": 0.0831720158457756,
    "Osteophyte": 0.09455206245183945,
    "Pleural Effusion": 0.013858779333531857,
    "Pleural Thickening": 0.06197565421462059,
    "Pneumothorax": 0.02204856090247631,
    "Pulmonary Artery Enlargement": 0.027434445917606354,
    "Pulmonary Fibrosis": 0.005476341582834721,
    "Rib Fracture": 0.0031027470249682665,
    "Scoliosis": 0.148964524269104,
    "Subcutaneous Emphysema": 0.0031997249461710453,
    "Thickening": 0.03235429525375366,
    "Volume Loss": 0.07224895060062408,
    "normal": 0.907029926776886
  },
  "lateral_probs": {
    "Airspace Disease": 0.09253262728452682,
    "Bronchiectasis": 0.005707741715013981,
    "Bronchiolitis": 0.000279057101579383,
    "Bullous Disease": 0.00371941109187901,
    "Calcified Granuloma": 0.34376752376556396,
    "Calcinosis": 0.21252156794071198,
    "Cardiac Shadow (abnormal)": 0.030796203762292862,
    "Cardiomegaly": 0.07806248217821121,
    "Consolidation": 0.056321628391742706,
    "Degenerative Change": 0.3030014932155609,
    "Edema": 0.046074334532022476,
    "Effusion": 0.011945419944822788,
    "Emphysema": 0.1508302390575409,
    "Fibrosis": 0.2128293365240097,
    "Fractures": 0.11155293881893158,
    "Hernia": 0.0650760605931282,
    "Hyperinflation": 0.27301260828971863,
    "Increased Lung Markings": 0.08972696959972382,
    "Interstitial Lung Disease": 0.06069544702768326,
    "Kyphosis": 0.016123300418257713,
    "Lesion": 0.19967371225357056,
    "Mass": 0.01842469722032547,
    "Nodule": 0.1742183119058609,
    "Osteophyte": 0.1364201456308365,
    "Pleural Effusion": 0.029004229232668877,
    "Pleural Thickening": 0.0660773441195488,
    "Pneumothorax": 0.02972124144434929,
    "Pulmonary Artery Enlargement": 0.04323660954833031,
    "Pulmonary Fibrosis": 0.02246813476085663,
    "Rib Fracture": 0.0037201496306806803,
    "Scoliosis": 0.12609915435314178,
    "Subcutaneous Emphysema": 0.006396795157343149,
    "Thickening": 0.0819859430193901,
    "Volume Loss": 0.13952672481536865,
    "normal": 0.8892974853515625
  }
}