{
  "uid": "3604",
  "frontal_image": "3604_IM-1780-0001-0001.dcm.png",
  "lateral_image": "3604_IM-1780-0001-0002.dcm.png",
  "fusion_mode": "weighted_avg(f=0.65,l=0.35)",
  "predicted_classes": [
    "normal"
  ],
  "resolved_classes": [
    "normal"
  ],
  "kg_classes": [
    "Normal"
  ],
  "num_predicted": 1,
  "conflict_resolution": "no_conflict",
  "is_uncertain": false,
  "uncertainty_reason": "",
  "inference_time_s": 0.2521,
  "gt_labels": "normal",
  "probabilities": {
    "Airspace Disease": 0.078364,
    "Bronchiectasis": 0.020162,
    "Bronchiolitis": 0.000971,
    "Bullous Disease": 0.006317,
    "Calcified Granuloma": 0.151366,
    "Calcinosis": 0.118126,
    "Cardiac Shadow (abnormal)": 0.017012,
    "Cardiomegaly": 0.043745,
    "Consolidation": 0.03849,
    "Degenerative Change": 0.168828,
    "Edema": 0.028678,
    "Effusion": 0.008542,
    "Emphysema": 0.098601,
    "Fibrosis": 0.103411,
    "Fractures": 0.079823,
    "Hernia": 0.063583,
    "Hyperinflation": 0.147847,
    "Increased Lung Markings": 0.064766,
    "Interstitial Lung Disease": 0.053961,
    "Kyphosis": 0.01569,
    "Lesion": 0.139977,
    "Mass": 0.034612,
    "Nodule": 0.102344,
    "Osteophyte": 0.080962,
    "Pleural Effusion": 0.040253,
    "Pleural Thickening": 0.05772,
    "Pneumothorax": 0.038607,
    "Pulmonary Artery Enlargement": 0.016041,
    "Pulmonary Fibrosis": 0.020388,
    "Rib Fracture": 0.006698,
    "Scoliosis": 0.09789,
    "Subcutaneous Emphysema": 0.005769,
    "Thickening": 0.053305,
    "Volume Loss": 0.078401,
    "normal": 0.916235
  },
  "frontal_probs": {
    "Airspace Disease": 0.02526169829070568,
    "Bronchiectasis": 0.00017711494001559913,
    "Bronchiolitis": 1.2014792446279898e-05,
    "Bullous Disease": 0.0006647887057624757,
    "Calcified Granuloma": 0.063999243080616,
    "Calcinosis": 0.02940983697772026,
    "Cardiac Shadow (abnormal)": 0.001134937978349626,
    "Cardiomegaly": 0.0051080407574772835,
    "Consolidation": 0.008097616955637932,
    "Degenerative Change": 0.02715272456407547,
    "Edema": 0.004292130935937166,
    "Effusion": 0.0004387432709336281,
    "Emphysema": 0.041013844311237335,
    "Fibrosis": 0.03397996351122856,
    "Fractures": 0.02553204633295536,
    "Hernia": 0.005659119691699743,
    "Hyperinflation": 0.047141846269369125,
    "Increased Lung Markings": 0.021983642131090164,
    "Interstitial Lung Disease": 0.007463928312063217,
    "Kyphosis": 0.0011176536791026592,
    "Lesion": 0.03439982980489731,
    "Mass": 0.0002946549793705344,
    "Nodule": 0.039072439074516296,
    "Osteophyte": 0.01541872974485159,
    "Pleural Effusion": 0.0036482498981058598,
    "Pleural Thickening": 0.024984125047922134,
    "Pneumothorax": 0.013038462959229946,
    "Pulmonary Artery Enlargement": 0.0011763995280489326,
    "Pulmonary Fibrosis": 0.00023741921177133918,
    "Rib Fracture": 0.00018711481243371964,
    "Scoliosis": 0.05419376492500305,
    "Subcutaneous Emphysema": 0.00017515836225356907,
    "Thickening": 0.012848044745624065,
    "Volume Loss": 0.019475996494293213,
    "normal": 0.9852354526519775
  },
  "lateral_probs": {
    "Airspace Disease": 0.1769813448190689,
    "Bronchiectasis": 0.05727604776620865,
    "Bronchiolitis": 0.002753389999270439,
    "Bullous Disease": 0.01681300811469555,
    "Calcified Granuloma": 0.313617467880249,
    "Calcinosis": 0.28288528323173523,
    "Cardiac Shadow (abnormal)": 0.046496711671352386,
    "Cardiomegaly": 0.11549827456474304,
    "Consolidation": 0.094932921230793,
    "Degenerative Change": 0.43193870782852173,
    "Edema": 0.07396615296602249,
    "Effusion": 0.023589495569467545,
    "Emphysema": 0.20554788410663605,
    "Fibrosis": 0.23235465586185455,
    "Fractures": 0.18065018951892853,
    "Hernia": 0.1711566299200058,
    "Hyperinflation": 0.33487048745155334,
    "Increased Lung Markings": 0.1442202925682068,
    "Interstitial Lung Disease": 0.14031310379505157,
    "Kyphosis": 0.04275354743003845,
    "Lesion": 0.33604830503463745,
    "Mass": 0.09834420680999756,
    "Nodule": 0.21984942257404327,
    "Osteophyte": 0.20268408954143524,
    "Pleural Effusion": 0.10823313146829605,
    "Pleural Thickening": 0.11851512640714645,
    "Pneumothorax": 0.08609069883823395,
    "Pulmonary Artery Enlargement": 0.04364633560180664,
    "Pulmonary Fibrosis": 0.0578097440302372,
    "Rib Fracture": 0.01878984458744526,
    "Scoliosis": 0.179039865732193,
    "Subcutaneous Emphysema": 0.01615721546113491,
    "Thickening": 0.12843802571296692,
    "Volume Loss": 0.18783290684223175,
    "normal": 0.7880899310112
  }
}