{
  "uid": "3921",
  "frontal_image": "3921_IM-1995-2001.dcm.png",
  "lateral_image": "3921_IM-1995-1001.dcm.png",
  "fusion_mode": "weighted_avg(f=0.65,l=0.35)",
  "predicted_classes": [
    "normal"
  ],
  "resolved_classes": [
    "normal"
  ],
  "kg_classes": [
    "Normal"
  ],
  "num_predicted": 1,
  "conflict_resolution": "no_conflict",
  "is_uncertain": false,
  "uncertainty_reason": "",
  "inference_time_s": 0.2597,
  "gt_labels": "normal",
  "probabilities": {
    "Airspace Disease": 0.179658,
    "Bronchiectasis": 0.014718,
    "Bronchiolitis": 0.004115,
    "Bullous Disease": 0.025721,
    "Calcified Granuloma": 0.251186,
    "Calcinosis": 0.194694,
    "Cardiac Shadow (abnormal)": 0.075934,
    "Cardiomegaly": 0.204823,
    "Consolidation": 0.098982,
    "Degenerative Change": 0.29721,
    "Edema": 0.156521,
    "Effusion": 0.034604,
    "Emphysema": 0.157124,
    "Fibrosis": 0.223701,
    "Fractures": 0.202996,
    "Hernia": 0.112871,
    "Hyperinflation": 0.272825,
    "Increased Lung Markings": 0.158045,
    "Interstitial Lung Disease": 0.117053,
    "Kyphosis": 0.063766,
    "Lesion": 0.299437,
    "Mass": 0.045552,
    "Nodule": 0.154924,
    "Osteophyte": 0.122272,
    "Pleural Effusion": 0.118582,
    "Pleural Thickening": 0.10134,
    "Pneumothorax": 0.093346,
    "Pulmonary Artery Enlargement": 0.03546,
    "Pulmonary Fibrosis": 0.051218,
    "Rib Fracture": 0.028603,
    "Scoliosis": 0.144374,
    "Subcutaneous Emphysema": 0.015545,
    "Thickening": 0.105266,
    "Volume Loss": 0.214267,
    "normal": 0.741237
  },
  "frontal_probs": {
    "Airspace Disease": 0.15605515241622925,
    "Bronchiectasis": 0.002665424020960927,
    "Bronchiolitis": 0.0018562530167400837,
    "Bullous Disease": 0.012011910788714886,
    "Calcified Granuloma": 0.2054971605539322,
    "Calcinosis": 0.13905653357505798,
    "Cardiac Shadow (abnormal)": 0.044180404394865036,
    "Cardiomegaly": 0.10879910737276077,
    "Consolidation": 0.0678224042057991,
    "Degenerative Change": 0.20601564645767212,
    "Edema": 0.13877278566360474,
    "Effusion": 0.014980225823819637,
    "Emphysema": 0.11108382791280746,
    "Fibrosis": 0.17081254720687866,
    "Fractures": 0.16313163936138153,
    "Hernia": 0.0622049942612648,
    "Hyperinflation": 0.19336746633052826,
    "Increased Lung Markings": 0.10505037009716034,
    "Interstitial Lung Disease": 0.04632681608200073,
    "Kyphosis": 0.022577466443181038,
    "Lesion": 0.21789006888866425,
    "Mass": 0.03179348632693291,
    "Nodule": 0.13166551291942596,
    "Osteophyte": 0.09034468978643417,
    "Pleural Effusion": 0.07526491582393646,
    "Pleural Thickening": 0.0926925539970398,
    "Pneumothorax": 0.061983801424503326,
    "Pulmonary Artery Enlargement": 0.02110309526324272,
    "Pulmonary Fibrosis": 0.010750219225883484,
    "Rib Fracture": 0.0149871576577425,
    "Scoliosis": 0.10039538890123367,
    "Subcutaneous Emphysema": 0.003864340018481016,
    "Thickening": 0.06510978192090988,
    "Volume Loss": 0.15107396245002747,
    "normal": 0.821447491645813
  },
  "lateral_probs": {
    "Airspace Disease": 0.22349202632904053,
    "Bronchiectasis": 0.03710165247321129,
    "Bronchiolitis": 0.008308672346174717,
    "Bullous Disease": 0.051179658621549606,
    "Calcified Granuloma": 0.3360365331172943,
    "Calcinosis": 0.2980210781097412,
    "Cardiac Shadow (abnormal)": 0.13490474224090576,
    "Cardiomegaly": 0.38315239548683167,
    "Consolidation": 0.1568499654531479,
    "Degenerative Change": 0.46657219529151917,
    "Edema": 0.18948303163051605,
    "Effusion": 0.0710485652089119,
    "Emphysema": 0.2426283061504364,
    "Fibrosis": 0.321921169757843,
    "Fractures": 0.277029424905777,
    "Hernia": 0.20696532726287842,
    "Hyperinflation": 0.42038780450820923,
    "Increased Lung Markings": 0.25646424293518066,
    "Interstitial Lung Disease": 0.24840067327022552,
    "Kyphosis": 0.14025895297527313,
    "Lesion": 0.4508809745311737,
    "Mass": 0.07110229134559631,
    "Nodule": 0.19811710715293884,
    "Osteophyte": 0.18156448006629944,
    "Pleural Effusion": 0.19902820885181427,
    "Pleural Thickening": 0.11739929765462875,
    "Pneumothorax": 0.1515892744064331,
    "Pulmonary Artery Enlargement": 0.06212376058101654,
    "Pulmonary Fibrosis": 0.12637177109718323,
    "Rib Fracture": 0.05389047786593437,
    "Scoliosis": 0.2260494977235794,
    "Subcutaneous Emphysema": 0.03723718971014023,
    "Thickening": 0.1798429787158966,
    "Volume Loss": 0.3316248655319214,
    "normal": 0.5922738313674927
  }
}