{
  "uid": "3723",
  "frontal_image": "3723_IM-1860-1001.dcm.png",
  "lateral_image": "3723_IM-1860-2001.dcm.png",
  "fusion_mode": "weighted_avg(f=0.65,l=0.35)",
  "predicted_classes": [
    "normal"
  ],
  "resolved_classes": [
    "normal"
  ],
  "kg_classes": [
    "Normal"
  ],
  "num_predicted": 1,
  "conflict_resolution": "no_conflict",
  "is_uncertain": false,
  "uncertainty_reason": "",
  "inference_time_s": 0.2973,
  "gt_labels": "normal",
  "probabilities": {
    "Airspace Disease": 0.098681,
    "Bronchiectasis": 0.039905,
    "Bronchiolitis": 0.001622,
    "Bullous Disease": 0.00958,
    "Calcified Granuloma": 0.218395,
    "Calcinosis": 0.157169,
    "Cardiac Shadow (abnormal)": 0.04209,
    "Cardiomegaly": 0.123089,
    "Consolidation": 0.094001,
    "Degenerative Change": 0.202459,
    "Edema": 0.085107,
    "Effusion": 0.025502,
    "Emphysema": 0.104215,
    "Fibrosis": 0.153493,
    "Fractures": 0.078914,
    "Hernia": 0.072622,
    "Hyperinflation": 0.173429,
    "Increased Lung Markings": 0.08018,
    "Interstitial Lung Disease": 0.062906,
    "Kyphosis": 0.0198,
    "Lesion": 0.181508,
    "Mass": 0.026482,
    "Nodule": 0.145171,
    "Osteophyte": 0.125202,
    "Pleural Effusion": 0.069178,
    "Pleural Thickening": 0.116584,
    "Pneumothorax": 0.030937,
    "Pulmonary Artery Enlargement": 0.029404,
    "Pulmonary Fibrosis": 0.04056,
    "Rib Fracture": 0.016032,
    "Scoliosis": 0.074199,
    "Subcutaneous Emphysema": 0.0061,
    "Thickening": 0.067328,
    "Volume Loss": 0.148728,
    "normal": 0.859115
  },
  "frontal_probs": {
    "Airspace Disease": 0.044242098927497864,
    "Bronchiectasis": 0.00036319083301350474,
    "Bronchiolitis": 0.00011865167471114546,
    "Bullous Disease": 0.002957710064947605,
    "Calcified Granuloma": 0.15507099032402039,
    "Calcinosis": 0.09437540173530579,
    "Cardiac Shadow (abnormal)": 0.00750710628926754,
    "Cardiomegaly": 0.04142054542899132,
    "Consolidation": 0.008701569400727749,
    "Degenerative Change": 0.10976901650428772,
    "Edema": 0.012376234866678715,
    "Effusion": 0.0028042905032634735,
    "Emphysema": 0.039426371455192566,
    "Fibrosis": 0.07184229791164398,
    "Fractures": 0.038682688027620316,
    "Hernia": 0.02617196924984455,
    "Hyperinflation": 0.07202116400003433,
    "Increased Lung Markings": 0.02969534881412983,
    "Interstitial Lung Disease": 0.010403678752481937,
    "Kyphosis": 0.008557314984500408,
    "Lesion": 0.08076884597539902,
    "Mass": 0.0016116334591060877,
    "Nodule": 0.1189887523651123,
    "Osteophyte": 0.0924704298377037,
    "Pleural Effusion": 0.01665499247610569,
    "Pleural Thickening": 0.05920254811644554,
    "Pneumothorax": 0.0227483082562685,
    "Pulmonary Artery Enlargement": 0.003366307122632861,
    "Pulmonary Fibrosis": 0.0016212774207815528,
    "Rib Fracture": 0.0020434726029634476,
    "Scoliosis": 0.018991170451045036,
    "Subcutaneous Emphysema": 0.00037949616671539843,
    "Thickening": 0.013670189306139946,
    "Volume Loss": 0.07509121298789978,
    "normal": 0.945046603679657
  },
  "lateral_probs": {
    "Airspace Disease": 0.1997818797826767,
    "Bronchiectasis": 0.11333930492401123,
    "Bronchiolitis": 0.004413110204041004,
    "Bullous Disease": 0.021878736093640327,
    "Calcified Granuloma": 0.33599716424942017,
    "Calcinosis": 0.27378547191619873,
    "Cardiac Shadow (abnormal)": 0.10631561279296875,
    "Cardiomegaly": 0.27475884556770325,
    "Consolidation": 0.252413809299469,
    "Degenerative Change": 0.37459826469421387,
    "Edema": 0.2201775461435318,
    "Effusion": 0.0676548033952713,
    "Emphysema": 0.22453808784484863,
    "Fibrosis": 0.3051292300224304,
    "Fractures": 0.15362940728664398,
    "Hernia": 0.15888534486293793,
    "Hyperinflation": 0.3617585003376007,
    "Increased Lung Markings": 0.17393627762794495,
    "Interstitial Lung Disease": 0.16041161119937897,
    "Kyphosis": 0.04067930206656456,
    "Lesion": 0.3685946464538574,
    "Mass": 0.07266923785209656,
    "Nodule": 0.1937956064939499,
    "Osteophyte": 0.18598833680152893,
    "Pleural Effusion": 0.16672004759311676,
    "Pleural Thickening": 0.22314868867397308,
    "Pneumothorax": 0.04614589363336563,
    "Pulmonary Artery Enlargement": 0.07776053994894028,
    "Pulmonary Fibrosis": 0.11287440359592438,
    "Rib Fracture": 0.042009659111499786,
    "Scoliosis": 0.1767282336950302,
    "Subcutaneous Emphysema": 0.016723724082112312,
    "Thickening": 0.16697828471660614,
    "Volume Loss": 0.285481333732605,
    "normal": 0.6995267868041992
  }
}