{
  "uid": "3336",
  "frontal_image": "3336_IM-1598-1001.dcm.png",
  "lateral_image": "3336_IM-1598-2001.dcm.png",
  "fusion_mode": "weighted_avg(f=0.65,l=0.35)",
  "predicted_classes": [
    "normal",
    "Degenerative Change"
  ],
  "resolved_classes": [
    "Degenerative Change"
  ],
  "kg_classes": [
    "Degenerative Change"
  ],
  "num_predicted": 1,
  "conflict_resolution": "disease_dominates",
  "is_uncertain": false,
  "uncertainty_reason": "",
  "inference_time_s": 0.2521,
  "gt_labels": "Calcified Granuloma;Calcinosis;Degenerative Change;Fractures",
  "probabilities": {
    "Airspace Disease": 0.323511,
    "Bronchiectasis": 0.028518,
    "Bronchiolitis": 0.046868,
    "Bullous Disease": 0.060114,
    "Calcified Granuloma": 0.37718,
    "Calcinosis": 0.387721,
    "Cardiac Shadow (abnormal)": 0.146115,
    "Cardiomegaly": 0.292305,
    "Consolidation": 0.270376,
    "Degenerative Change": 0.540557,
    "Edema": 0.153623,
    "Effusion": 0.068458,
    "Emphysema": 0.307208,
    "Fibrosis": 0.337626,
    "Fractures": 0.350955,
    "Hernia": 0.251249,
    "Hyperinflation": 0.449163,
    "Increased Lung Markings": 0.27345,
    "Interstitial Lung Disease": 0.244391,
    "Kyphosis": 0.291436,
    "Lesion": 0.435824,
    "Mass": 0.127836,
    "Nodule": 0.245867,
    "Osteophyte": 0.256299,
    "Pleural Effusion": 0.255253,
    "Pleural Thickening": 0.175176,
    "Pneumothorax": 0.145653,
    "Pulmonary Artery Enlargement": 0.101142,
    "Pulmonary Fibrosis": 0.143629,
    "Rib Fracture": 0.043499,
    "Scoliosis": 0.246199,
    "Subcutaneous Emphysema": 0.071856,
    "Thickening": 0.169253,
    "Volume Loss": 0.354075,
    "normal": 0.574403
  },
  "frontal_probs": {
    "Airspace Disease": 0.3551643490791321,
    "Bronchiectasis": 0.033334650099277496,
    "Bronchiolitis": 0.07003189623355865,
    "Bullous Disease": 0.08001361042261124,
    "Calcified Granuloma": 0.3808193802833557,
    "Calcinosis": 0.4053061306476593,
    "Cardiac Shadow (abnormal)": 0.18116259574890137,
    "Cardiomegaly": 0.33577728271484375,
    "Consolidation": 0.33542731404304504,
    "Degenerative Change": 0.5740984678268433,
    "Edema": 0.18845658004283905,
    "Effusion": 0.0855456218123436,
    "Emphysema": 0.34226879477500916,
    "Fibrosis": 0.3600894510746002,
    "Fractures": 0.37210121750831604,
    "Hernia": 0.2951567471027374,
    "Hyperinflation": 0.466273695230484,
    "Increased Lung Markings": 0.3008977174758911,
    "Interstitial Lung Disease": 0.26249223947525024,
    "Kyphosis": 0.3738196790218353,
    "Lesion": 0.4775582253932953,
    "Mass": 0.16697855293750763,
    "Nodule": 0.2528095543384552,
    "Osteophyte": 0.2747277319431305,
    "Pleural Effusion": 0.3093249499797821,
    "Pleural Thickening": 0.2016489952802658,
    "Pneumothorax": 0.14793215692043304,
    "Pulmonary Artery Enlargement": 0.11594595015048981,
    "Pulmonary Fibrosis": 0.18166904151439667,
    "Rib Fracture": 0.058201368898153305,
    "Scoliosis": 0.2501973509788513,
    "Subcutaneous Emphysema": 0.08854729682207108,
    "Thickening": 0.20500850677490234,
    "Volume Loss": 0.4202192425727844,
    "normal": 0.49243658781051636
  },
  "lateral_probs": {
    "Airspace Disease": 0.26472675800323486,
    "Bronchiectasis": 0.019572921097278595,
    "Bronchiolitis": 0.0038483834359794855,
    "Bullous Disease": 0.023156292736530304,
    "Calcified Granuloma": 0.3704221844673157,
    "Calcinosis": 0.3550640642642975,
    "Cardiac Shadow (abnormal)": 0.08102606981992722,
    "Cardiomegaly": 0.21157097816467285,
    "Consolidation": 0.14956746995449066,
    "Degenerative Change": 0.4782661199569702,
    "Edema": 0.08893109112977982,
    "Effusion": 0.036725178360939026,
    "Emphysema": 0.2420951873064041,
    "Fibrosis": 0.2959078252315521,
    "Fractures": 0.3116845488548279,
    "Hernia": 0.1697073131799698,
    "Hyperinflation": 0.41738632321357727,
    "Increased Lung Markings": 0.22247588634490967,
    "Interstitial Lung Disease": 0.2107745110988617,
    "Kyphosis": 0.13843898475170135,
    "Lesion": 0.3583163619041443,
    "Mass": 0.055142663419246674,
    "Nodule": 0.23297511041164398,
    "Osteophyte": 0.2220739722251892,
    "Pleural Effusion": 0.15483267605304718,
    "Pleural Thickening": 0.12601086497306824,
    "Pneumothorax": 0.14141933619976044,
    "Pulmonary Artery Enlargement": 0.07364797592163086,
    "Pulmonary Fibrosis": 0.07298243045806885,
    "Rib Fracture": 0.016193950548768044,
    "Scoliosis": 0.23877249658107758,
    "Subcutaneous Emphysema": 0.04085769131779671,
    "Thickening": 0.10285045951604843,
    "Volume Loss": 0.23123428225517273,
    "normal": 0.7266263365745544
  }
}