{
  "uid": "3808",
  "frontal_image": "3808_IM-1918-1001.dcm.png",
  "lateral_image": "3808_IM-1918-1002.dcm.png",
  "fusion_mode": "weighted_avg(f=0.65,l=0.35)",
  "predicted_classes": [
    "normal"
  ],
  "resolved_classes": [
    "normal"
  ],
  "kg_classes": [
    "Normal"
  ],
  "num_predicted": 1,
  "conflict_resolution": "no_conflict",
  "is_uncertain": true,
  "uncertainty_reason": "normal_prob=0.620 (<0.73) with elevated disease scores: Degenerative Change=0.479, Lesion=0.409, Calcified Granuloma=0.406",
  "inference_time_s": 0.2427,
  "gt_labels": "Calcified Granuloma;Degenerative Change",
  "probabilities": {
    "Airspace Disease": 0.218644,
    "Bronchiectasis": 0.055251,
    "Bronchiolitis": 0.014317,
    "Bullous Disease": 0.039295,
    "Calcified Granuloma": 0.405562,
    "Calcinosis": 0.354907,
    "Cardiac Shadow (abnormal)": 0.121591,
    "Cardiomegaly": 0.243861,
    "Consolidation": 0.193339,
    "Degenerative Change": 0.478726,
    "Edema": 0.115298,
    "Effusion": 0.030199,
    "Emphysema": 0.332966,
    "Fibrosis": 0.291275,
    "Fractures": 0.197527,
    "Hernia": 0.299475,
    "Hyperinflation": 0.319937,
    "Increased Lung Markings": 0.169692,
    "Interstitial Lung Disease": 0.278895,
    "Kyphosis": 0.171052,
    "Lesion": 0.408847,
    "Mass": 0.169854,
    "Nodule": 0.239538,
    "Osteophyte": 0.248927,
    "Pleural Effusion": 0.16173,
    "Pleural Thickening": 0.151742,
    "Pneumothorax": 0.054293,
    "Pulmonary Artery Enlargement": 0.066819,
    "Pulmonary Fibrosis": 0.098707,
    "Rib Fracture": 0.061407,
    "Scoliosis": 0.199431,
    "Subcutaneous Emphysema": 0.021166,
    "Thickening": 0.197871,
    "Volume Loss": 0.233883,
    "normal": 0.619533
  },
  "frontal_probs": {
    "Airspace Disease": 0.2149021178483963,
    "Bronchiectasis": 0.04694656655192375,
    "Bronchiolitis": 0.01678750477731228,
    "Bullous Disease": 0.041189879179000854,
    "Calcified Granuloma": 0.40465718507766724,
    "Calcinosis": 0.36395102739334106,
    "Cardiac Shadow (abnormal)": 0.12648601830005646,
    "Cardiomegaly": 0.23962560296058655,
    "Consolidation": 0.21915338933467865,
    "Degenerative Change": 0.4351568818092346,
    "Edema": 0.11444757133722305,
    "Effusion": 0.02738102339208126,
    "Emphysema": 0.3383072316646576,
    "Fibrosis": 0.2774670422077179,
    "Fractures": 0.20063534379005432,
    "Hernia": 0.31615784764289856,
    "Hyperinflation": 0.29452577233314514,
    "Increased Lung Markings": 0.15738549828529358,
    "Interstitial Lung Disease": 0.2594720721244812,
    "Kyphosis": 0.18377608060836792,
    "Lesion": 0.38748499751091003,
    "Mass": 0.19430048763751984,
    "Nodule": 0.25126805901527405,
    "Osteophyte": 0.21365173161029816,
    "Pleural Effusion": 0.1350250393152237,
    "Pleural Thickening": 0.15159064531326294,
    "Pneumothorax": 0.03248903527855873,
    "Pulmonary Artery Enlargement": 0.05043680965900421,
    "Pulmonary Fibrosis": 0.07911207526922226,
    "Rib Fracture": 0.0723322182893753,
    "Scoliosis": 0.18859578669071198,
    "Subcutaneous Emphysema": 0.017166296020150185,
    "Thickening": 0.1953638345003128,
    "Volume Loss": 0.2017543613910675,
    "normal": 0.6107119917869568
  },
  "lateral_probs": {
    "Airspace Disease": 0.22559338808059692,
    "Bronchiectasis": 0.07067270576953888,
    "Bronchiolitis": 0.009729031473398209,
    "Bullous Disease": 0.03577636182308197,
    "Calcified Granuloma": 0.4072418212890625,
    "Calcinosis": 0.33811068534851074,
    "Cardiac Shadow (abnormal)": 0.11249990016222,
    "Cardiomegaly": 0.2517266869544983,
    "Consolidation": 0.14539679884910583,
    "Degenerative Change": 0.5596405863761902,
    "Edema": 0.11687798798084259,
    "Effusion": 0.035431403666734695,
    "Emphysema": 0.3230479657649994,
    "Fibrosis": 0.3169170916080475,
    "Fractures": 0.19175532460212708,
    "Hernia": 0.2684928774833679,
    "Hyperinflation": 0.36712831258773804,
    "Increased Lung Markings": 0.192545548081398,
    "Interstitial Lung Disease": 0.3149650990962982,
    "Kyphosis": 0.14742283523082733,
    "Lesion": 0.44851911067962646,
    "Mass": 0.12445475906133652,
    "Nodule": 0.21775349974632263,
    "Osteophyte": 0.3144395053386688,
    "Pleural Effusion": 0.21132469177246094,
    "Pleural Thickening": 0.15202346444129944,
    "Pneumothorax": 0.09478724747896194,
    "Pulmonary Artery Enlargement": 0.09724253416061401,
    "Pulmonary Fibrosis": 0.13509859144687653,
    "Rib Fracture": 0.04111817106604576,
    "Scoliosis": 0.21955448389053345,
    "Subcutaneous Emphysema": 0.02859371155500412,
    "Thickening": 0.2025257647037506,
    "Volume Loss": 0.2935510277748108,
    "normal": 0.6359151005744934
  }
}