{
  "uid": "3422",
  "frontal_image": "3422_IM-1656-1001.dcm.png",
  "lateral_image": "3422_IM-1656-1002.dcm.png",
  "fusion_mode": "weighted_avg(f=0.65,l=0.35)",
  "predicted_classes": [
    "normal"
  ],
  "resolved_classes": [
    "normal"
  ],
  "kg_classes": [
    "Normal"
  ],
  "num_predicted": 1,
  "conflict_resolution": "no_conflict",
  "is_uncertain": true,
  "uncertainty_reason": "normal_prob=0.681 (<0.73) with elevated disease scores: Degenerative Change=0.416, Lesion=0.410, Hyperinflation=0.347",
  "inference_time_s": 0.2758,
  "gt_labels": "normal",
  "probabilities": {
    "Airspace Disease": 0.211056,
    "Bronchiectasis": 0.028239,
    "Bronchiolitis": 0.007611,
    "Bullous Disease": 0.017517,
    "Calcified Granuloma": 0.318434,
    "Calcinosis": 0.248944,
    "Cardiac Shadow (abnormal)": 0.113416,
    "Cardiomegaly": 0.264074,
    "Consolidation": 0.115063,
    "Degenerative Change": 0.415695,
    "Edema": 0.107405,
    "Effusion": 0.023815,
    "Emphysema": 0.117994,
    "Fibrosis": 0.265916,
    "Fractures": 0.165739,
    "Hernia": 0.209216,
    "Hyperinflation": 0.34745,
    "Increased Lung Markings": 0.238532,
    "Interstitial Lung Disease": 0.07709,
    "Kyphosis": 0.119375,
    "Lesion": 0.409869,
    "Mass": 0.062732,
    "Nodule": 0.175196,
    "Osteophyte": 0.202621,
    "Pleural Effusion": 0.165964,
    "Pleural Thickening": 0.137839,
    "Pneumothorax": 0.037789,
    "Pulmonary Artery Enlargement": 0.066842,
    "Pulmonary Fibrosis": 0.051041,
    "Rib Fracture": 0.022314,
    "Scoliosis": 0.211509,
    "Subcutaneous Emphysema": 0.010874,
    "Thickening": 0.154093,
    "Volume Loss": 0.286751,
    "normal": 0.680725
  },
  "frontal_probs": {
    "Airspace Disease": 0.24559225142002106,
    "Bronchiectasis": 0.015665501356124878,
    "Bronchiolitis": 0.010710680857300758,
    "Bullous Disease": 0.021872684359550476,
    "Calcified Granuloma": 0.3229803442955017,
    "Calcinosis": 0.25557467341423035,
    "Cardiac Shadow (abnormal)": 0.12657029926776886,
    "Cardiomegaly": 0.3079395890235901,
    "Consolidation": 0.11744484305381775,
    "Degenerative Change": 0.4531543254852295,
    "Edema": 0.11317723244428635,
    "Effusion": 0.022268321365118027,
    "Emphysema": 0.12076396495103836,
    "Fibrosis": 0.29552388191223145,
    "Fractures": 0.18405844271183014,
    "Hernia": 0.24426524341106415,
    "Hyperinflation": 0.3690195083618164,
    "Increased Lung Markings": 0.25707128643989563,
    "Interstitial Lung Disease": 0.07903969287872314,
    "Kyphosis": 0.17077010869979858,
    "Lesion": 0.4297439157962799,
    "Mass": 0.048829369246959686,
    "Nodule": 0.17128248512744904,
    "Osteophyte": 0.2192569524049759,
    "Pleural Effusion": 0.20264391601085663,
    "Pleural Thickening": 0.15425929427146912,
    "Pneumothorax": 0.03854107856750488,
    "Pulmonary Artery Enlargement": 0.08845658600330353,
    "Pulmonary Fibrosis": 0.03815209120512009,
    "Rib Fracture": 0.019657714292407036,
    "Scoliosis": 0.24247634410858154,
    "Subcutaneous Emphysema": 0.01206262968480587,
    "Thickening": 0.13808231055736542,
    "Volume Loss": 0.3256532847881317,
    "normal": 0.6337151527404785
  },
  "lateral_probs": {
    "Airspace Disease": 0.14691607654094696,
    "Bronchiectasis": 0.051590561866760254,
    "Bronchiolitis": 0.0018538004951551557,
    "Bullous Disease": 0.009427184239029884,
    "Calcified Granuloma": 0.3099918067455292,
    "Calcinosis": 0.23663052916526794,
    "Cardiac Shadow (abnormal)": 0.08898570388555527,
    "Cardiomegaly": 0.182610422372818,
    "Consolidation": 0.11063999682664871,
    "Degenerative Change": 0.3461275100708008,
    "Edema": 0.09668396413326263,
    "Effusion": 0.02668827958405018,
    "Emphysema": 0.1128491461277008,
    "Fibrosis": 0.2109285444021225,
    "Fractures": 0.13171789050102234,
    "Hernia": 0.1441240757703781,
    "Hyperinflation": 0.30739322304725647,
    "Increased Lung Markings": 0.20410151779651642,
    "Interstitial Lung Disease": 0.07346993684768677,
    "Kyphosis": 0.023928090929985046,
    "Lesion": 0.37295955419540405,
    "Mass": 0.08855106681585312,
    "Nodule": 0.18246471881866455,
    "Osteophyte": 0.1717270463705063,
    "Pleural Effusion": 0.09784362465143204,
    "Pleural Thickening": 0.10734382271766663,
    "Pneumothorax": 0.036393266171216965,
    "Pulmonary Artery Enlargement": 0.026699453592300415,
    "Pulmonary Fibrosis": 0.07497670501470566,
    "Rib Fracture": 0.027245914563536644,
    "Scoliosis": 0.15399685502052307,
    "Subcutaneous Emphysema": 0.008665640838444233,
    "Thickening": 0.18382786214351654,
    "Volume Loss": 0.21450506150722504,
    "normal": 0.7680302858352661
  }
}