{
  "uid": "3855",
  "frontal_image": "3855_IM-1950-1001.dcm.png",
  "lateral_image": "3855_IM-1950-2001.dcm.png",
  "fusion_mode": "weighted_avg(f=0.65,l=0.35)",
  "predicted_classes": [
    "normal",
    "Lesion"
  ],
  "resolved_classes": [
    "Lesion"
  ],
  "kg_classes": [
    "Lesion"
  ],
  "num_predicted": 1,
  "conflict_resolution": "disease_dominates",
  "is_uncertain": false,
  "uncertainty_reason": "",
  "inference_time_s": 0.2577,
  "gt_labels": "Nodule",
  "probabilities": {
    "Airspace Disease": 0.447016,
    "Bronchiectasis": 0.047189,
    "Bronchiolitis": 0.01077,
    "Bullous Disease": 0.038406,
    "Calcified Granuloma": 0.315212,
    "Calcinosis": 0.274903,
    "Cardiac Shadow (abnormal)": 0.155817,
    "Cardiomegaly": 0.323032,
    "Consolidation": 0.303189,
    "Degenerative Change": 0.461457,
    "Edema": 0.218093,
    "Effusion": 0.041586,
    "Emphysema": 0.190299,
    "Fibrosis": 0.265068,
    "Fractures": 0.262208,
    "Hernia": 0.174741,
    "Hyperinflation": 0.403774,
    "Increased Lung Markings": 0.229079,
    "Interstitial Lung Disease": 0.178629,
    "Kyphosis": 0.101772,
    "Lesion": 0.549216,
    "Mass": 0.146975,
    "Nodule": 0.200845,
    "Osteophyte": 0.179515,
    "Pleural Effusion": 0.400065,
    "Pleural Thickening": 0.296507,
    "Pneumothorax": 0.114731,
    "Pulmonary Artery Enlargement": 0.070487,
    "Pulmonary Fibrosis": 0.09516,
    "Rib Fracture": 0.041361,
    "Scoliosis": 0.235444,
    "Subcutaneous Emphysema": 0.031933,
    "Thickening": 0.197195,
    "Volume Loss": 0.390914,
    "normal": 0.555256
  },
  "frontal_probs": {
    "Airspace Disease": 0.4900934398174286,
    "Bronchiectasis": 0.052681680768728256,
    "Bronchiolitis": 0.013361784629523754,
    "Bullous Disease": 0.04009702056646347,
    "Calcified Granuloma": 0.33057504892349243,
    "Calcinosis": 0.26004740595817566,
    "Cardiac Shadow (abnormal)": 0.15354645252227783,
    "Cardiomegaly": 0.28075161576271057,
    "Consolidation": 0.3260907232761383,
    "Degenerative Change": 0.4740292429924011,
    "Edema": 0.20748402178287506,
    "Effusion": 0.03820696473121643,
    "Emphysema": 0.18531304597854614,
    "Fibrosis": 0.26511624455451965,
    "Fractures": 0.2752882242202759,
    "Hernia": 0.18463978171348572,
    "Hyperinflation": 0.4246715307235718,
    "Increased Lung Markings": 0.19677864015102386,
    "Interstitial Lung Disease": 0.17511504888534546,
    "Kyphosis": 0.11211273074150085,
    "Lesion": 0.5858697891235352,
    "Mass": 0.18019649386405945,
    "Nodule": 0.22632212936878204,
    "Osteophyte": 0.20488280057907104,
    "Pleural Effusion": 0.462672621011734,
    "Pleural Thickening": 0.34130850434303284,
    "Pneumothorax": 0.11992411315441132,
    "Pulmonary Artery Enlargement": 0.05751470476388931,
    "Pulmonary Fibrosis": 0.10450034588575363,
    "Rib Fracture": 0.04600386321544647,
    "Scoliosis": 0.22839650511741638,
    "Subcutaneous Emphysema": 0.04017031565308571,
    "Thickening": 0.20840197801589966,
    "Volume Loss": 0.415837824344635,
    "normal": 0.5230937004089355
  },
  "lateral_probs": {
    "Airspace Disease": 0.3670137822628021,
    "Bronchiectasis": 0.03698888048529625,
    "Bronchiolitis": 0.005955515895038843,
    "Bullous Disease": 0.0352652482688427,
    "Calcified Granuloma": 0.2866797149181366,
    "Calcinosis": 0.3024922013282776,
    "Cardiac Shadow (abnormal)": 0.1600336730480194,
    "Cardiomegaly": 0.40155279636383057,
    "Consolidation": 0.2606573700904846,
    "Degenerative Change": 0.43810808658599854,
    "Edema": 0.23779471218585968,
    "Effusion": 0.04786057397723198,
    "Emphysema": 0.1995593011379242,
    "Fibrosis": 0.2649770975112915,
    "Fractures": 0.23791562020778656,
    "Hernia": 0.15635834634304047,
    "Hyperinflation": 0.3649645149707794,
    "Increased Lung Markings": 0.28906479477882385,
    "Interstitial Lung Disease": 0.18515609204769135,
    "Kyphosis": 0.08256909996271133,
    "Lesion": 0.4811432659626007,
    "Mass": 0.08527931571006775,
    "Nodule": 0.15352898836135864,
    "Osteophyte": 0.1324032098054886,
    "Pleural Effusion": 0.2837941646575928,
    "Pleural Thickening": 0.21330519020557404,
    "Pneumothorax": 0.10508540272712708,
    "Pulmonary Artery Enlargement": 0.09457872062921524,
    "Pulmonary Fibrosis": 0.07781267166137695,
    "Rib Fracture": 0.03273908793926239,
    "Scoliosis": 0.2485329657793045,
    "Subcutaneous Emphysema": 0.01663508452475071,
    "Thickening": 0.17638206481933594,
    "Volume Loss": 0.3446282744407654,
    "normal": 0.6149846315383911
  }
}