{
  "uid": "3563",
  "frontal_image": "3563_IM-1748-2002.dcm.png",
  "lateral_image": "3563_IM-1748-3003.dcm.png",
  "fusion_mode": "weighted_avg(f=0.65,l=0.35)",
  "predicted_classes": [
    "normal"
  ],
  "resolved_classes": [
    "normal"
  ],
  "kg_classes": [
    "Normal"
  ],
  "num_predicted": 1,
  "conflict_resolution": "no_conflict",
  "is_uncertain": false,
  "uncertainty_reason": "",
  "inference_time_s": 0.2534,
  "gt_labels": "normal",
  "probabilities": {
    "Airspace Disease": 0.09088,
    "Bronchiectasis": 0.007116,
    "Bronchiolitis": 0.000165,
    "Bullous Disease": 0.003213,
    "Calcified Granuloma": 0.147571,
    "Calcinosis": 0.115958,
    "Cardiac Shadow (abnormal)": 0.011497,
    "Cardiomegaly": 0.041039,
    "Consolidation": 0.046928,
    "Degenerative Change": 0.139402,
    "Edema": 0.021174,
    "Effusion": 0.008039,
    "Emphysema": 0.054515,
    "Fibrosis": 0.112224,
    "Fractures": 0.064008,
    "Hernia": 0.034554,
    "Hyperinflation": 0.155683,
    "Increased Lung Markings": 0.074041,
    "Interstitial Lung Disease": 0.031458,
    "Kyphosis": 0.006042,
    "Lesion": 0.176253,
    "Mass": 0.014376,
    "Nodule": 0.098197,
    "Osteophyte": 0.055253,
    "Pleural Effusion": 0.038543,
    "Pleural Thickening": 0.065866,
    "Pneumothorax": 0.093717,
    "Pulmonary Artery Enlargement": 0.010637,
    "Pulmonary Fibrosis": 0.010616,
    "Rib Fracture": 0.002774,
    "Scoliosis": 0.136246,
    "Subcutaneous Emphysema": 0.002337,
    "Thickening": 0.0462,
    "Volume Loss": 0.099566,
    "normal": 0.934147
  },
  "frontal_probs": {
    "Airspace Disease": 0.06239515170454979,
    "Bronchiectasis": 0.0011676618596538901,
    "Bronchiolitis": 4.9619953642832115e-05,
    "Bullous Disease": 0.002154742367565632,
    "Calcified Granuloma": 0.09771566838026047,
    "Calcinosis": 0.06889240443706512,
    "Cardiac Shadow (abnormal)": 0.002461180090904236,
    "Cardiomegaly": 0.013882906176149845,
    "Consolidation": 0.018526798114180565,
    "Degenerative Change": 0.056587859988212585,
    "Edema": 0.006427344400435686,
    "Effusion": 0.00480713089928031,
    "Emphysema": 0.027188872918486595,
    "Fibrosis": 0.08996459096670151,
    "Fractures": 0.03708181902766228,
    "Hernia": 0.01583174429833889,
    "Hyperinflation": 0.11217449605464935,
    "Increased Lung Markings": 0.04993949458003044,
    "Interstitial Lung Disease": 0.012094265781342983,
    "Kyphosis": 0.0033956810366362333,
    "Lesion": 0.14830754697322845,
    "Mass": 0.003019126132130623,
    "Nodule": 0.050849076360464096,
    "Osteophyte": 0.02810816839337349,
    "Pleural Effusion": 0.031982630491256714,
    "Pleural Thickening": 0.06932562589645386,
    "Pneumothorax": 0.13006795942783356,
    "Pulmonary Artery Enlargement": 0.0014323660871014,
    "Pulmonary Fibrosis": 0.0014781963545829058,
    "Rib Fracture": 0.0003531667753122747,
    "Scoliosis": 0.13243402540683746,
    "Subcutaneous Emphysema": 0.0012372761266306043,
    "Thickening": 0.019717367365956306,
    "Volume Loss": 0.08314383774995804,
    "normal": 0.9547634720802307
  },
  "lateral_probs": {
    "Airspace Disease": 0.14377954602241516,
    "Bronchiectasis": 0.018161514773964882,
    "Bronchiolitis": 0.0003806454478763044,
    "Bullous Disease": 0.0051783123053610325,
    "Calcified Granuloma": 0.24015820026397705,
    "Calcinosis": 0.20336595177650452,
    "Cardiac Shadow (abnormal)": 0.028279108926653862,
    "Cardiomegaly": 0.09147140383720398,
    "Consolidation": 0.09967414289712906,
    "Degenerative Change": 0.2932005226612091,
    "Edema": 0.048561789095401764,
    "Effusion": 0.014039844274520874,
    "Emphysema": 0.10526487231254578,
    "Fibrosis": 0.15356184542179108,
    "Fractures": 0.11401458829641342,
    "Hernia": 0.06932514905929565,
    "Hyperinflation": 0.23648390173912048,
    "Increased Lung Markings": 0.11880224198102951,
    "Interstitial Lung Disease": 0.06741978973150253,
    "Kyphosis": 0.010956693440675735,
    "Lesion": 0.22815051674842834,
    "Mass": 0.035466745495796204,
    "Nodule": 0.18612903356552124,
    "Osteophyte": 0.10566526651382446,
    "Pleural Effusion": 0.05072538182139397,
    "Pleural Thickening": 0.059440672397613525,
    "Pneumothorax": 0.02620932087302208,
    "Pulmonary Artery Enlargement": 0.02773176319897175,
    "Pulmonary Fibrosis": 0.027585795149207115,
    "Rib Fracture": 0.007269677706062794,
    "Scoliosis": 0.14332588016986847,
    "Subcutaneous Emphysema": 0.004378373268991709,
    "Thickening": 0.09538272768259048,
    "Volume Loss": 0.13006408512592316,
    "normal": 0.8958590030670166
  }
}