{
  "uid": "3547",
  "frontal_image": "3547_IM-1739-1001.dcm.png",
  "lateral_image": "3547_IM-1739-2001.dcm.png",
  "fusion_mode": "weighted_avg(f=0.65,l=0.35)",
  "predicted_classes": [
    "normal"
  ],
  "resolved_classes": [
    "normal"
  ],
  "kg_classes": [
    "Normal"
  ],
  "num_predicted": 1,
  "conflict_resolution": "no_conflict",
  "is_uncertain": true,
  "uncertainty_reason": "normal_prob=0.520 (<0.73) with elevated disease scores: Cardiomegaly=0.481, Degenerative Change=0.471, Lesion=0.464",
  "inference_time_s": 0.2819,
  "gt_labels": "Degenerative Change",
  "probabilities": {
    "Airspace Disease": 0.303245,
    "Bronchiectasis": 0.061413,
    "Bronchiolitis": 0.031427,
    "Bullous Disease": 0.048372,
    "Calcified Granuloma": 0.375837,
    "Calcinosis": 0.355734,
    "Cardiac Shadow (abnormal)": 0.288862,
    "Cardiomegaly": 0.481074,
    "Consolidation": 0.165851,
    "Degenerative Change": 0.470804,
    "Edema": 0.294861,
    "Effusion": 0.100846,
    "Emphysema": 0.196419,
    "Fibrosis": 0.306607,
    "Fractures": 0.312372,
    "Hernia": 0.337424,
    "Hyperinflation": 0.393749,
    "Increased Lung Markings": 0.372409,
    "Interstitial Lung Disease": 0.194125,
    "Kyphosis": 0.26828,
    "Lesion": 0.464187,
    "Mass": 0.174099,
    "Nodule": 0.261808,
    "Osteophyte": 0.266019,
    "Pleural Effusion": 0.25,
    "Pleural Thickening": 0.227414,
    "Pneumothorax": 0.113778,
    "Pulmonary Artery Enlargement": 0.189435,
    "Pulmonary Fibrosis": 0.114968,
    "Rib Fracture": 0.055525,
    "Scoliosis": 0.231946,
    "Subcutaneous Emphysema": 0.057876,
    "Thickening": 0.236056,
    "Volume Loss": 0.392391,
    "normal": 0.519814
  },
  "frontal_probs": {
    "Airspace Disease": 0.3369131088256836,
    "Bronchiectasis": 0.0568862147629261,
    "Bronchiolitis": 0.04136456921696663,
    "Bullous Disease": 0.05504307523369789,
    "Calcified Granuloma": 0.4032578766345978,
    "Calcinosis": 0.36431100964546204,
    "Cardiac Shadow (abnormal)": 0.2905155122280121,
    "Cardiomegaly": 0.5244538187980652,
    "Consolidation": 0.17412224411964417,
    "Degenerative Change": 0.48725977540016174,
    "Edema": 0.29515141248703003,
    "Effusion": 0.09970889240503311,
    "Emphysema": 0.21662114560604095,
    "Fibrosis": 0.2974003851413727,
    "Fractures": 0.34153974056243896,
    "Hernia": 0.37166860699653625,
    "Hyperinflation": 0.4018811881542206,
    "Increased Lung Markings": 0.38943925499916077,
    "Interstitial Lung Disease": 0.217434361577034,
    "Kyphosis": 0.3073917329311371,
    "Lesion": 0.5284889340400696,
    "Mass": 0.17557267844676971,
    "Nodule": 0.2754242718219757,
    "Osteophyte": 0.254705011844635,
    "Pleural Effusion": 0.28977611660957336,
    "Pleural Thickening": 0.2380610555410385,
    "Pneumothorax": 0.12794838845729828,
    "Pulmonary Artery Enlargement": 0.2281264215707779,
    "Pulmonary Fibrosis": 0.1225164607167244,
    "Rib Fracture": 0.0590934194624424,
    "Scoliosis": 0.23974904417991638,
    "Subcutaneous Emphysema": 0.05531564727425575,
    "Thickening": 0.24839405715465546,
    "Volume Loss": 0.42763230204582214,
    "normal": 0.4696703851222992
  },
  "lateral_probs": {
    "Airspace Disease": 0.24071760475635529,
    "Bronchiectasis": 0.06982062757015228,
    "Bronchiolitis": 0.012971827760338783,
    "Bullous Disease": 0.03598232939839363,
    "Calcified Granuloma": 0.3249119818210602,
    "Calcinosis": 0.3398040533065796,
    "Cardiac Shadow (abnormal)": 0.2857913672924042,
    "Cardiomegaly": 0.40051034092903137,
    "Consolidation": 0.1504906713962555,
    "Degenerative Change": 0.4402436316013336,
    "Edema": 0.2943224608898163,
    "Effusion": 0.10295657068490982,
    "Emphysema": 0.1589004397392273,
    "Fibrosis": 0.3237062096595764,
    "Fractures": 0.2582033574581146,
    "Hernia": 0.2738267183303833,
    "Hyperinflation": 0.3786470890045166,
    "Increased Lung Markings": 0.3407820165157318,
    "Interstitial Lung Disease": 0.15083667635917664,
    "Kyphosis": 0.19564273953437805,
    "Lesion": 0.3447701632976532,
    "Mass": 0.17136290669441223,
    "Nodule": 0.2365216165781021,
    "Osteophyte": 0.28702929615974426,
    "Pleural Effusion": 0.17612986266613007,
    "Pleural Thickening": 0.20764116942882538,
    "Pneumothorax": 0.08746057003736496,
    "Pulmonary Artery Enlargement": 0.1175803691148758,
    "Pulmonary Fibrosis": 0.10095063596963882,
    "Rib Fracture": 0.04889805614948273,
    "Scoliosis": 0.21745409071445465,
    "Subcutaneous Emphysema": 0.06263147294521332,
    "Thickening": 0.213141530752182,
    "Volume Loss": 0.3269425928592682,
    "normal": 0.6129364371299744
  }
}