{
  "uid": "3525",
  "frontal_image": "3525_IM-1722-6001.dcm.png",
  "lateral_image": "3525_IM-1722-1001.dcm.png",
  "fusion_mode": "weighted_avg(f=0.65,l=0.35)",
  "predicted_classes": [
    "normal"
  ],
  "resolved_classes": [
    "normal"
  ],
  "kg_classes": [
    "Normal"
  ],
  "num_predicted": 1,
  "conflict_resolution": "no_conflict",
  "is_uncertain": false,
  "uncertainty_reason": "",
  "inference_time_s": 0.2448,
  "gt_labels": "Calcified Granuloma",
  "probabilities": {
    "Airspace Disease": 0.18247,
    "Bronchiectasis": 0.041882,
    "Bronchiolitis": 0.006819,
    "Bullous Disease": 0.03281,
    "Calcified Granuloma": 0.223433,
    "Calcinosis": 0.172352,
    "Cardiac Shadow (abnormal)": 0.124279,
    "Cardiomegaly": 0.201858,
    "Consolidation": 0.091334,
    "Degenerative Change": 0.254835,
    "Edema": 0.138074,
    "Effusion": 0.070927,
    "Emphysema": 0.113456,
    "Fibrosis": 0.123224,
    "Fractures": 0.14958,
    "Hernia": 0.113398,
    "Hyperinflation": 0.263382,
    "Increased Lung Markings": 0.292868,
    "Interstitial Lung Disease": 0.093034,
    "Kyphosis": 0.119928,
    "Lesion": 0.261801,
    "Mass": 0.045374,
    "Nodule": 0.178843,
    "Osteophyte": 0.149633,
    "Pleural Effusion": 0.158415,
    "Pleural Thickening": 0.124186,
    "Pneumothorax": 0.102641,
    "Pulmonary Artery Enlargement": 0.044911,
    "Pulmonary Fibrosis": 0.046448,
    "Rib Fracture": 0.023062,
    "Scoliosis": 0.15386,
    "Subcutaneous Emphysema": 0.035249,
    "Thickening": 0.105007,
    "Volume Loss": 0.200219,
    "normal": 0.759191
  },
  "frontal_probs": {
    "Airspace Disease": 0.09356416016817093,
    "Bronchiectasis": 0.002914735348895192,
    "Bronchiolitis": 0.0005653457483276725,
    "Bullous Disease": 0.010358840227127075,
    "Calcified Granuloma": 0.17166775465011597,
    "Calcinosis": 0.09771918505430222,
    "Cardiac Shadow (abnormal)": 0.029579292982816696,
    "Cardiomegaly": 0.07326749712228775,
    "Consolidation": 0.06676506996154785,
    "Degenerative Change": 0.14526931941509247,
    "Edema": 0.03938652575016022,
    "Effusion": 0.004567332100123167,
    "Emphysema": 0.040020182728767395,
    "Fibrosis": 0.05441003665328026,
    "Fractures": 0.04255355894565582,
    "Hernia": 0.028912486508488655,
    "Hyperinflation": 0.12897451221942902,
    "Increased Lung Markings": 0.22281549870967865,
    "Interstitial Lung Disease": 0.016112525016069412,
    "Kyphosis": 0.02628653310239315,
    "Lesion": 0.11453190445899963,
    "Mass": 0.003698495915159583,
    "Nodule": 0.11139338463544846,
    "Osteophyte": 0.10157737135887146,
    "Pleural Effusion": 0.028797347098588943,
    "Pleural Thickening": 0.03408406302332878,
    "Pneumothorax": 0.023704618215560913,
    "Pulmonary Artery Enlargement": 0.010855619795620441,
    "Pulmonary Fibrosis": 0.004632623866200447,
    "Rib Fracture": 0.004043930675834417,
    "Scoliosis": 0.08307260274887085,
    "Subcutaneous Emphysema": 0.001270220149308443,
    "Thickening": 0.055367063730955124,
    "Volume Loss": 0.10241089016199112,
    "normal": 0.883463978767395
  },
  "lateral_probs": {
    "Airspace Disease": 0.3475804924964905,
    "Bronchiectasis": 0.11425092071294785,
    "Bronchiolitis": 0.018433663994073868,
    "Bullous Disease": 0.07450410723686218,
    "Calcified Granuloma": 0.3195674419403076,
    "Calcinosis": 0.3109564185142517,
    "Cardiac Shadow (abnormal)": 0.30014944076538086,
    "Cardiomegaly": 0.4406692385673523,
    "Consolidation": 0.13696259260177612,
    "Degenerative Change": 0.45831385254859924,
    "Edema": 0.3213505446910858,
    "Effusion": 0.1941671073436737,
    "Emphysema": 0.24983660876750946,
    "Fibrosis": 0.25102031230926514,
    "Fractures": 0.3483435809612274,
    "Hernia": 0.2702994644641876,
    "Hyperinflation": 0.5129970908164978,
    "Increased Lung Markings": 0.42296451330184937,
    "Interstitial Lung Disease": 0.23588761687278748,
    "Kyphosis": 0.2938336133956909,
    "Lesion": 0.5353018641471863,
    "Mass": 0.12277001887559891,
    "Nodule": 0.3041069507598877,
    "Osteophyte": 0.23888033628463745,
    "Pleural Effusion": 0.3991330564022064,
    "Pleural Thickening": 0.291517049074173,
    "Pneumothorax": 0.24923618137836456,
    "Pulmonary Artery Enlargement": 0.10815691947937012,
    "Pulmonary Fibrosis": 0.12410468608140945,
    "Rib Fracture": 0.05838235840201378,
    "Scoliosis": 0.2853235602378845,
    "Subcutaneous Emphysema": 0.09835366904735565,
    "Thickening": 0.19719409942626953,
    "Volume Loss": 0.38186123967170715,
    "normal": 0.5283989310264587
  }
}