{
  "uid": "3894",
  "frontal_image": "3894_IM-1976-1001.dcm.png",
  "lateral_image": "3894_IM-1976-1002.dcm.png",
  "fusion_mode": "weighted_avg(f=0.65,l=0.35)",
  "predicted_classes": [
    "normal"
  ],
  "resolved_classes": [
    "normal"
  ],
  "kg_classes": [
    "Normal"
  ],
  "num_predicted": 1,
  "conflict_resolution": "no_conflict",
  "is_uncertain": false,
  "uncertainty_reason": "",
  "inference_time_s": 0.2611,
  "gt_labels": "normal",
  "probabilities": {
    "Airspace Disease": 0.29223,
    "Bronchiectasis": 0.066776,
    "Bronchiolitis": 0.005296,
    "Bullous Disease": 0.027495,
    "Calcified Granuloma": 0.283116,
    "Calcinosis": 0.196791,
    "Cardiac Shadow (abnormal)": 0.066702,
    "Cardiomegaly": 0.176626,
    "Consolidation": 0.250612,
    "Degenerative Change": 0.267465,
    "Edema": 0.185644,
    "Effusion": 0.033733,
    "Emphysema": 0.159834,
    "Fibrosis": 0.214725,
    "Fractures": 0.155612,
    "Hernia": 0.113078,
    "Hyperinflation": 0.313869,
    "Increased Lung Markings": 0.210233,
    "Interstitial Lung Disease": 0.087955,
    "Kyphosis": 0.036822,
    "Lesion": 0.416614,
    "Mass": 0.069821,
    "Nodule": 0.178555,
    "Osteophyte": 0.132333,
    "Pleural Effusion": 0.141231,
    "Pleural Thickening": 0.111625,
    "Pneumothorax": 0.060757,
    "Pulmonary Artery Enlargement": 0.07924,
    "Pulmonary Fibrosis": 0.065346,
    "Rib Fracture": 0.021666,
    "Scoliosis": 0.24226,
    "Subcutaneous Emphysema": 0.01721,
    "Thickening": 0.164719,
    "Volume Loss": 0.199744,
    "normal": 0.741922
  },
  "frontal_probs": {
    "Airspace Disease": 0.3451352119445801,
    "Bronchiectasis": 0.0801459550857544,
    "Bronchiolitis": 0.007207061164081097,
    "Bullous Disease": 0.03479853644967079,
    "Calcified Granuloma": 0.2852764427661896,
    "Calcinosis": 0.1958245486021042,
    "Cardiac Shadow (abnormal)": 0.063991017639637,
    "Cardiomegaly": 0.1428598016500473,
    "Consolidation": 0.2531008720397949,
    "Degenerative Change": 0.2128014862537384,
    "Edema": 0.20195305347442627,
    "Effusion": 0.03899361193180084,
    "Emphysema": 0.17006535828113556,
    "Fibrosis": 0.19219845533370972,
    "Fractures": 0.16810156404972076,
    "Hernia": 0.11615516245365143,
    "Hyperinflation": 0.30965501070022583,
    "Increased Lung Markings": 0.2249821275472641,
    "Interstitial Lung Disease": 0.06459082663059235,
    "Kyphosis": 0.03818398341536522,
    "Lesion": 0.45642054080963135,
    "Mass": 0.08234405517578125,
    "Nodule": 0.1751323789358139,
    "Osteophyte": 0.11497873812913895,
    "Pleural Effusion": 0.13891252875328064,
    "Pleural Thickening": 0.10933206975460052,
    "Pneumothorax": 0.07592470943927765,
    "Pulmonary Artery Enlargement": 0.09135866165161133,
    "Pulmonary Fibrosis": 0.05232209339737892,
    "Rib Fracture": 0.025477617979049683,
    "Scoliosis": 0.2656506896018982,
    "Subcutaneous Emphysema": 0.021524619311094284,
    "Thickening": 0.15205639600753784,
    "Volume Loss": 0.18556596338748932,
    "normal": 0.7274709343910217
  },
  "lateral_probs": {
    "Airspace Disease": 0.1939762532711029,
    "Bronchiectasis": 0.041947461664676666,
    "Bronchiolitis": 0.0017473954940214753,
    "Bullous Disease": 0.013930306769907475,
    "Calcified Granuloma": 0.279105007648468,
    "Calcinosis": 0.19858679175376892,
    "Cardiac Shadow (abnormal)": 0.07173804193735123,
    "Cardiomegaly": 0.2393343597650528,
    "Consolidation": 0.24599088728427887,
    "Degenerative Change": 0.3689832091331482,
    "Edema": 0.15535607933998108,
    "Effusion": 0.023964466527104378,
    "Emphysema": 0.1408328115940094,
    "Fibrosis": 0.25655949115753174,
    "Fractures": 0.13241815567016602,
    "Hernia": 0.10736280679702759,
    "Hyperinflation": 0.32169392704963684,
    "Increased Lung Markings": 0.1828431338071823,
    "Interstitial Lung Disease": 0.131346195936203,
    "Kyphosis": 0.034292131662368774,
    "Lesion": 0.34268638491630554,
    "Mass": 0.046563394367694855,
    "Nodule": 0.1849106252193451,
    "Osteophyte": 0.16456100344657898,
    "Pleural Effusion": 0.14553533494472504,
    "Pleural Thickening": 0.11588380485773087,
    "Pneumothorax": 0.03258724883198738,
    "Pulmonary Artery Enlargement": 0.05673530325293541,
    "Pulmonary Fibrosis": 0.08953429758548737,
    "Rib Fracture": 0.014586416073143482,
    "Scoliosis": 0.19881990551948547,
    "Subcutaneous Emphysema": 0.009195887483656406,
    "Thickening": 0.18823426961898804,
    "Volume Loss": 0.2260737121105194,
    "normal": 0.768760621547699
  }
}