{
  "uid": "3836",
  "frontal_image": "3836_IM-1939-1001.dcm.png",
  "lateral_image": "3836_IM-1939-2001.dcm.png",
  "fusion_mode": "weighted_avg(f=0.65,l=0.35)",
  "predicted_classes": [
    "normal"
  ],
  "resolved_classes": [
    "normal"
  ],
  "kg_classes": [
    "Normal"
  ],
  "num_predicted": 1,
  "conflict_resolution": "no_conflict",
  "is_uncertain": false,
  "uncertainty_reason": "",
  "inference_time_s": 0.2658,
  "gt_labels": "normal",
  "probabilities": {
    "Airspace Disease": 0.055276,
    "Bronchiectasis": 0.002115,
    "Bronchiolitis": 0.000131,
    "Bullous Disease": 0.001322,
    "Calcified Granuloma": 0.126794,
    "Calcinosis": 0.097468,
    "Cardiac Shadow (abnormal)": 0.029009,
    "Cardiomegaly": 0.086866,
    "Consolidation": 0.033425,
    "Degenerative Change": 0.136972,
    "Edema": 0.052213,
    "Effusion": 0.003959,
    "Emphysema": 0.029614,
    "Fibrosis": 0.054331,
    "Fractures": 0.04417,
    "Hernia": 0.017467,
    "Hyperinflation": 0.118322,
    "Increased Lung Markings": 0.075712,
    "Interstitial Lung Disease": 0.026756,
    "Kyphosis": 0.007112,
    "Lesion": 0.091272,
    "Mass": 0.022683,
    "Nodule": 0.068575,
    "Osteophyte": 0.044387,
    "Pleural Effusion": 0.026547,
    "Pleural Thickening": 0.038133,
    "Pneumothorax": 0.013082,
    "Pulmonary Artery Enlargement": 0.02337,
    "Pulmonary Fibrosis": 0.006014,
    "Rib Fracture": 0.001652,
    "Scoliosis": 0.088734,
    "Subcutaneous Emphysema": 0.001022,
    "Thickening": 0.043036,
    "Volume Loss": 0.067875,
    "normal": 0.930566
  },
  "frontal_probs": {
    "Airspace Disease": 0.020854905247688293,
    "Bronchiectasis": 6.831743667135015e-05,
    "Bronchiolitis": 3.574804213712923e-05,
    "Bullous Disease": 0.0005039435927756131,
    "Calcified Granuloma": 0.09547778964042664,
    "Calcinosis": 0.05306197702884674,
    "Cardiac Shadow (abnormal)": 0.002614924916997552,
    "Cardiomegaly": 0.020129602402448654,
    "Consolidation": 0.008029738441109657,
    "Degenerative Change": 0.07424063980579376,
    "Edema": 0.006524746306240559,
    "Effusion": 0.0012064138427376747,
    "Emphysema": 0.01640103943645954,
    "Fibrosis": 0.036243800073862076,
    "Fractures": 0.030516592785716057,
    "Hernia": 0.011800374835729599,
    "Hyperinflation": 0.050643108785152435,
    "Increased Lung Markings": 0.014624064788222313,
    "Interstitial Lung Disease": 0.007175319362431765,
    "Kyphosis": 0.005057015456259251,
    "Lesion": 0.037514034658670425,
    "Mass": 0.0013444345677271485,
    "Nodule": 0.031199201941490173,
    "Osteophyte": 0.032618697732686996,
    "Pleural Effusion": 0.01075501088052988,
    "Pleural Thickening": 0.021740829572081566,
    "Pneumothorax": 0.010859087109565735,
    "Pulmonary Artery Enlargement": 0.002297147875651717,
    "Pulmonary Fibrosis": 0.0005340839270502329,
    "Rib Fracture": 0.00036916512181051075,
    "Scoliosis": 0.07114141434431076,
    "Subcutaneous Emphysema": 0.00017563701840117574,
    "Thickening": 0.016338633373379707,
    "Volume Loss": 0.024218516424298286,
    "normal": 0.9730594158172607
  },
  "lateral_probs": {
    "Airspace Disease": 0.11919952183961868,
    "Bronchiectasis": 0.005917239468544722,
    "Bronchiolitis": 0.0003067377838306129,
    "Bullous Disease": 0.002842038171365857,
    "Calcified Granuloma": 0.1849527508020401,
    "Calcinosis": 0.17993676662445068,
    "Cardiac Shadow (abnormal)": 0.07802660763263702,
    "Cardiomegaly": 0.21080559492111206,
    "Consolidation": 0.08058688789606094,
    "Degenerative Change": 0.2534733712673187,
    "Edema": 0.1370636373758316,
    "Effusion": 0.00907194521278143,
    "Emphysema": 0.054152388125658035,
    "Fibrosis": 0.08792183548212051,
    "Fractures": 0.06952545791864395,
    "Hernia": 0.027990734204649925,
    "Hyperinflation": 0.2440108209848404,
    "Increased Lung Markings": 0.18916110694408417,
    "Interstitial Lung Disease": 0.06312085688114166,
    "Kyphosis": 0.010928474366664886,
    "Lesion": 0.19110850989818573,
    "Mass": 0.06231308728456497,
    "Nodule": 0.13798721134662628,
    "Osteophyte": 0.06624161452054977,
    "Pleural Effusion": 0.05587390810251236,
    "Pleural Thickening": 0.06857477873563766,
    "Pneumothorax": 0.017208969220519066,
    "Pulmonary Artery Enlargement": 0.06250441074371338,
    "Pulmonary Fibrosis": 0.01619187742471695,
    "Rib Fracture": 0.0040341694839298725,
    "Scoliosis": 0.1214061826467514,
    "Subcutaneous Emphysema": 0.0025946502573788166,
    "Thickening": 0.09261801093816757,
    "Volume Loss": 0.14895068109035492,
    "normal": 0.8516503572463989
  }
}