{
  "uid": "3747",
  "frontal_image": "3747_IM-1873-1001.dcm.png",
  "lateral_image": "3747_IM-1873-2001.dcm.png",
  "fusion_mode": "weighted_avg(f=0.65,l=0.35)",
  "predicted_classes": [
    "normal"
  ],
  "resolved_classes": [
    "normal"
  ],
  "kg_classes": [
    "Normal"
  ],
  "num_predicted": 1,
  "conflict_resolution": "no_conflict",
  "is_uncertain": false,
  "uncertainty_reason": "",
  "inference_time_s": 0.2815,
  "gt_labels": "normal",
  "probabilities": {
    "Airspace Disease": 0.080122,
    "Bronchiectasis": 0.005195,
    "Bronchiolitis": 0.000638,
    "Bullous Disease": 0.003496,
    "Calcified Granuloma": 0.090994,
    "Calcinosis": 0.075428,
    "Cardiac Shadow (abnormal)": 0.063407,
    "Cardiomegaly": 0.124777,
    "Consolidation": 0.078235,
    "Degenerative Change": 0.114579,
    "Edema": 0.097085,
    "Effusion": 0.013438,
    "Emphysema": 0.029542,
    "Fibrosis": 0.054028,
    "Fractures": 0.052901,
    "Hernia": 0.030713,
    "Hyperinflation": 0.11281,
    "Increased Lung Markings": 0.089329,
    "Interstitial Lung Disease": 0.03498,
    "Kyphosis": 0.015604,
    "Lesion": 0.125676,
    "Mass": 0.043897,
    "Nodule": 0.052177,
    "Osteophyte": 0.044241,
    "Pleural Effusion": 0.069805,
    "Pleural Thickening": 0.062599,
    "Pneumothorax": 0.025639,
    "Pulmonary Artery Enlargement": 0.066881,
    "Pulmonary Fibrosis": 0.014549,
    "Rib Fracture": 0.004041,
    "Scoliosis": 0.08248,
    "Subcutaneous Emphysema": 0.001973,
    "Thickening": 0.029219,
    "Volume Loss": 0.105033,
    "normal": 0.922255
  },
  "frontal_probs": {
    "Airspace Disease": 0.009017019532620907,
    "Bronchiectasis": 9.459140528633725e-06,
    "Bronchiolitis": 2.117483745678328e-06,
    "Bullous Disease": 3.210104114259593e-05,
    "Calcified Granuloma": 0.03041110932826996,
    "Calcinosis": 0.01100085861980915,
    "Cardiac Shadow (abnormal)": 0.00130152003839612,
    "Cardiomegaly": 0.016559023410081863,
    "Consolidation": 0.003789714304730296,
    "Degenerative Change": 0.025432821363210678,
    "Edema": 0.0023867846466600895,
    "Effusion": 0.0002162877790397033,
    "Emphysema": 0.0019394985865801573,
    "Fibrosis": 0.007746771909296513,
    "Fractures": 0.007123195566236973,
    "Hernia": 0.005131617654114962,
    "Hyperinflation": 0.02702856808900833,
    "Increased Lung Markings": 0.012965112924575806,
    "Interstitial Lung Disease": 0.0011422884417697787,
    "Kyphosis": 0.0007862445781938732,
    "Lesion": 0.015186752192676067,
    "Mass": 0.0004567909345496446,
    "Nodule": 0.012987276539206505,
    "Osteophyte": 0.018046924844384193,
    "Pleural Effusion": 0.004020358435809612,
    "Pleural Thickening": 0.003979122266173363,
    "Pneumothorax": 0.0026300521567463875,
    "Pulmonary Artery Enlargement": 0.0025515942834317684,
    "Pulmonary Fibrosis": 3.8335714634740725e-05,
    "Rib Fracture": 3.075772838201374e-05,
    "Scoliosis": 0.03106674551963806,
    "Subcutaneous Emphysema": 2.062690327875316e-05,
    "Thickening": 0.0034099759068340063,
    "Volume Loss": 0.010634970851242542,
    "normal": 0.9925054907798767
  },
  "lateral_probs": {
    "Airspace Disease": 0.2121734470129013,
    "Bronchiectasis": 0.014824689365923405,
    "Bronchiolitis": 0.0018181086052209139,
    "Bullous Disease": 0.009927904233336449,
    "Calcified Granuloma": 0.2035045623779297,
    "Calcinosis": 0.1950777769088745,
    "Cardiac Shadow (abnormal)": 0.1787460893392563,
    "Cardiomegaly": 0.32575327157974243,
    "Consolidation": 0.21649156510829926,
    "Degenerative Change": 0.2801353931427002,
    "Edema": 0.27295273542404175,
    "Effusion": 0.037992212921381,
    "Emphysema": 0.08080323040485382,
    "Fibrosis": 0.13997742533683777,
    "Fractures": 0.13791625201702118,
    "Hernia": 0.07822158932685852,
    "Hyperinflation": 0.27211907505989075,
    "Increased Lung Markings": 0.2311488538980484,
    "Interstitial Lung Disease": 0.09782131016254425,
    "Kyphosis": 0.04312298819422722,
    "Lesion": 0.3308701515197754,
    "Mass": 0.12457048147916794,
    "Nodule": 0.12495844066143036,
    "Osteophyte": 0.0928874984383583,
    "Pleural Effusion": 0.19197624921798706,
    "Pleural Thickening": 0.17146354913711548,
    "Pneumothorax": 0.06836967170238495,
    "Pulmonary Artery Enlargement": 0.18635119497776031,
    "Pulmonary Fibrosis": 0.041498541831970215,
    "Rib Fracture": 0.011489059776067734,
    "Scoliosis": 0.17796221375465393,
    "Subcutaneous Emphysema": 0.005597858689725399,
    "Thickening": 0.07714901119470596,
    "Volume Loss": 0.2803438603878021,
    "normal": 0.791789710521698
  }
}