{
  "uid": "3353",
  "frontal_image": "",
  "lateral_image": "3353_IM-1609-2001.dcm.png",
  "fusion_mode": "lateral_only",
  "predicted_classes": [
    "normal"
  ],
  "resolved_classes": [
    "normal"
  ],
  "kg_classes": [
    "Normal"
  ],
  "num_predicted": 1,
  "conflict_resolution": "no_conflict",
  "is_uncertain": true,
  "uncertainty_reason": "normal_prob=0.574 (<0.73) with elevated disease scores: Pleural Thickening=0.433, Lesion=0.427, Hyperinflation=0.415",
  "inference_time_s": 0.1956,
  "gt_labels": "Cardiomegaly;Edema;Effusion",
  "probabilities": {
    "Airspace Disease": 0.3650352954864502,
    "Bronchiectasis": 0.05734945088624954,
    "Bronchiolitis": 0.01575784757733345,
    "Bullous Disease": 0.04829767718911171,
    "Calcified Granuloma": 0.3450371026992798,
    "Calcinosis": 0.28364625573158264,
    "Cardiac Shadow (abnormal)": 0.3691508173942566,
    "Cardiomegaly": 0.41223853826522827,
    "Consolidation": 0.23307585716247559,
    "Degenerative Change": 0.3758709132671356,
    "Edema": 0.4030507504940033,
    "Effusion": 0.22340813279151917,
    "Emphysema": 0.24282418191432953,
    "Fibrosis": 0.253606379032135,
    "Fractures": 0.2583027184009552,
    "Hernia": 0.17610342800617218,
    "Hyperinflation": 0.41512468457221985,
    "Increased Lung Markings": 0.30659016966819763,
    "Interstitial Lung Disease": 0.18194113671779633,
    "Kyphosis": 0.12469547986984253,
    "Lesion": 0.42691439390182495,
    "Mass": 0.16142576932907104,
    "Nodule": 0.23950538039207458,
    "Osteophyte": 0.22333692014217377,
    "Pleural Effusion": 0.39496710896492004,
    "Pleural Thickening": 0.4326140582561493,
    "Pneumothorax": 0.151615709066391,
    "Pulmonary Artery Enlargement": 0.2771320939064026,
    "Pulmonary Fibrosis": 0.1624658703804016,
    "Rib Fracture": 0.06758742779493332,
    "Scoliosis": 0.16909950971603394,
    "Subcutaneous Emphysema": 0.07111005485057831,
    "Thickening": 0.16269561648368835,
    "Volume Loss": 0.40973976254463196,
    "normal": 0.5739355683326721
  },
  "frontal_probs": {
    "Airspace Disease": 0.0,
    "Bronchiectasis": 0.0,
    "Bronchiolitis": 0.0,
    "Bullous Disease": 0.0,
    "Calcified Granuloma": 0.0,
    "Calcinosis": 0.0,
    "Cardiac Shadow (abnormal)": 0.0,
    "Cardiomegaly": 0.0,
    "Consolidation": 0.0,
    "Degenerative Change": 0.0,
    "Edema": 0.0,
    "Effusion": 0.0,
    "Emphysema": 0.0,
    "Fibrosis": 0.0,
    "Fractures": 0.0,
    "Hernia": 0.0,
    "Hyperinflation": 0.0,
    "Increased Lung Markings": 0.0,
    "Interstitial Lung Disease": 0.0,
    "Kyphosis": 0.0,
    "Lesion": 0.0,
    "Mass": 0.0,
    "Nodule": 0.0,
    "Osteophyte": 0.0,
    "Pleural Effusion": 0.0,
    "Pleural Thickening": 0.0,
    "Pneumothorax": 0.0,
    "Pulmonary Artery Enlargement": 0.0,
    "Pulmonary Fibrosis": 0.0,
    "Rib Fracture": 0.0,
    "Scoliosis": 0.0,
    "Subcutaneous Emphysema": 0.0,
    "Thickening": 0.0,
    "Volume Loss": 0.0,
    "normal": 0.0
  },
  "lateral_probs": {
    "Airspace Disease": 0.3650352954864502,
    "Bronchiectasis": 0.05734945088624954,
    "Bronchiolitis": 0.01575784757733345,
    "Bullous Disease": 0.04829767718911171,
    "Calcified Granuloma": 0.3450371026992798,
    "Calcinosis": 0.28364625573158264,
    "Cardiac Shadow (abnormal)": 0.3691508173942566,
    "Cardiomegaly": 0.41223853826522827,
    "Consolidation": 0.23307585716247559,
    "Degenerative Change": 0.3758709132671356,
    "Edema": 0.4030507504940033,
    "Effusion": 0.22340813279151917,
    "Emphysema": 0.24282418191432953,
    "Fibrosis": 0.253606379032135,
    "Fractures": 0.2583027184009552,
    "Hernia": 0.17610342800617218,
    "Hyperinflation": 0.41512468457221985,
    "Increased Lung Markings": 0.30659016966819763,
    "Interstitial Lung Disease": 0.18194113671779633,
    "Kyphosis": 0.12469547986984253,
    "Lesion": 0.42691439390182495,
    "Mass": 0.16142576932907104,
    "Nodule": 0.23950538039207458,
    "Osteophyte": 0.22333692014217377,
    "Pleural Effusion": 0.39496710896492004,
    "Pleural Thickening": 0.4326140582561493,
    "Pneumothorax": 0.151615709066391,
    "Pulmonary Artery Enlargement": 0.2771320939064026,
    "Pulmonary Fibrosis": 0.1624658703804016,
    "Rib Fracture": 0.06758742779493332,
    "Scoliosis": 0.16909950971603394,
    "Subcutaneous Emphysema": 0.07111005485057831,
    "Thickening": 0.16269561648368835,
    "Volume Loss": 0.40973976254463196,
    "normal": 0.5739355683326721
  }
}