{
  "uid": "3313",
  "frontal_image": "3313_IM-1586-1001.dcm.png",
  "lateral_image": "3313_IM-1586-1002.dcm.png",
  "fusion_mode": "weighted_avg(f=0.65,l=0.35)",
  "predicted_classes": [
    "normal"
  ],
  "resolved_classes": [
    "normal"
  ],
  "kg_classes": [
    "Normal"
  ],
  "num_predicted": 1,
  "conflict_resolution": "no_conflict",
  "is_uncertain": false,
  "uncertainty_reason": "",
  "inference_time_s": 0.2651,
  "gt_labels": "Degenerative Change",
  "probabilities": {
    "Airspace Disease": 0.069406,
    "Bronchiectasis": 0.030289,
    "Bronchiolitis": 0.001773,
    "Bullous Disease": 0.011284,
    "Calcified Granuloma": 0.18989,
    "Calcinosis": 0.144026,
    "Cardiac Shadow (abnormal)": 0.029923,
    "Cardiomegaly": 0.109932,
    "Consolidation": 0.066401,
    "Degenerative Change": 0.214096,
    "Edema": 0.058087,
    "Effusion": 0.018044,
    "Emphysema": 0.088809,
    "Fibrosis": 0.122591,
    "Fractures": 0.083152,
    "Hernia": 0.067118,
    "Hyperinflation": 0.17082,
    "Increased Lung Markings": 0.099101,
    "Interstitial Lung Disease": 0.07952,
    "Kyphosis": 0.028527,
    "Lesion": 0.153791,
    "Mass": 0.043953,
    "Nodule": 0.11452,
    "Osteophyte": 0.109541,
    "Pleural Effusion": 0.077473,
    "Pleural Thickening": 0.053732,
    "Pneumothorax": 0.024049,
    "Pulmonary Artery Enlargement": 0.022496,
    "Pulmonary Fibrosis": 0.038666,
    "Rib Fracture": 0.011204,
    "Scoliosis": 0.119564,
    "Subcutaneous Emphysema": 0.009042,
    "Thickening": 0.080255,
    "Volume Loss": 0.109337,
    "normal": 0.873851
  },
  "frontal_probs": {
    "Airspace Disease": 0.01102500781416893,
    "Bronchiectasis": 0.0001784740452421829,
    "Bronchiolitis": 3.629438651842065e-05,
    "Bullous Disease": 0.00031635124469175935,
    "Calcified Granuloma": 0.11408551782369614,
    "Calcinosis": 0.048861198127269745,
    "Cardiac Shadow (abnormal)": 0.002481967443600297,
    "Cardiomegaly": 0.020238101482391357,
    "Consolidation": 0.012831672094762325,
    "Degenerative Change": 0.10097461193799973,
    "Edema": 0.003018326824530959,
    "Effusion": 0.00029829071718268096,
    "Emphysema": 0.011311834678053856,
    "Fibrosis": 0.027733981609344482,
    "Fractures": 0.021515941247344017,
    "Hernia": 0.02472500503063202,
    "Hyperinflation": 0.04541478678584099,
    "Increased Lung Markings": 0.025810210034251213,
    "Interstitial Lung Disease": 0.008282443508505821,
    "Kyphosis": 0.00730549544095993,
    "Lesion": 0.03682532161474228,
    "Mass": 0.00377835426479578,
    "Nodule": 0.037370018661022186,
    "Osteophyte": 0.07041372358798981,
    "Pleural Effusion": 0.007190655451267958,
    "Pleural Thickening": 0.01176991406828165,
    "Pneumothorax": 0.0020427366252988577,
    "Pulmonary Artery Enlargement": 0.0035736234858632088,
    "Pulmonary Fibrosis": 0.000276909297099337,
    "Rib Fracture": 0.0005669548409059644,
    "Scoliosis": 0.06333066523075104,
    "Subcutaneous Emphysema": 0.0002002470282604918,
    "Thickening": 0.00890981312841177,
    "Volume Loss": 0.03439038246870041,
    "normal": 0.976182222366333
  },
  "lateral_probs": {
    "Airspace Disease": 0.17782866954803467,
    "Bronchiectasis": 0.08620963245630264,
    "Bronchiolitis": 0.004997739102691412,
    "Bullous Disease": 0.03165391460061073,
    "Calcified Granuloma": 0.33067095279693604,
    "Calcinosis": 0.3207608163356781,
    "Cardiac Shadow (abnormal)": 0.08088616281747818,
    "Cardiomegaly": 0.2765069901943207,
    "Consolidation": 0.1658863127231598,
    "Degenerative Change": 0.424179345369339,
    "Edema": 0.16035844385623932,
    "Effusion": 0.05100063979625702,
    "Emphysema": 0.23273178935050964,
    "Fibrosis": 0.29875341057777405,
    "Fractures": 0.1976180374622345,
    "Hernia": 0.14584927260875702,
    "Hyperinflation": 0.40371617674827576,
    "Increased Lung Markings": 0.2352128028869629,
    "Interstitial Lung Disease": 0.2118178755044937,
    "Kyphosis": 0.06793954223394394,
    "Lesion": 0.3710121512413025,
    "Mass": 0.11856397241353989,
    "Nodule": 0.2577991485595703,
    "Osteophyte": 0.18220509588718414,
    "Pleural Effusion": 0.2079973965883255,
    "Pleural Thickening": 0.1316625326871872,
    "Pneumothorax": 0.0649167075753212,
    "Pulmonary Artery Enlargement": 0.057638805359601974,
    "Pulmonary Fibrosis": 0.10995892435312271,
    "Rib Fracture": 0.030957113951444626,
    "Scoliosis": 0.22399620711803436,
    "Subcutaneous Emphysema": 0.025463147088885307,
    "Thickening": 0.21275286376476288,
    "Volume Loss": 0.24852406978607178,
    "normal": 0.6838065385818481
  }
}