{
  "uid": "3405",
  "frontal_image": "3405_IM-1647-1001.dcm.png",
  "lateral_image": "3405_IM-1647-2001.dcm.png",
  "fusion_mode": "weighted_avg(f=0.65,l=0.35)",
  "predicted_classes": [
    "normal"
  ],
  "resolved_classes": [
    "normal"
  ],
  "kg_classes": [
    "Normal"
  ],
  "num_predicted": 1,
  "conflict_resolution": "no_conflict",
  "is_uncertain": false,
  "uncertainty_reason": "",
  "inference_time_s": 0.2765,
  "gt_labels": "Degenerative Change",
  "probabilities": {
    "Airspace Disease": 0.166997,
    "Bronchiectasis": 0.008499,
    "Bronchiolitis": 0.005199,
    "Bullous Disease": 0.009885,
    "Calcified Granuloma": 0.22486,
    "Calcinosis": 0.162014,
    "Cardiac Shadow (abnormal)": 0.090466,
    "Cardiomegaly": 0.190051,
    "Consolidation": 0.073786,
    "Degenerative Change": 0.260596,
    "Edema": 0.134471,
    "Effusion": 0.022739,
    "Emphysema": 0.059864,
    "Fibrosis": 0.160479,
    "Fractures": 0.126481,
    "Hernia": 0.121027,
    "Hyperinflation": 0.206243,
    "Increased Lung Markings": 0.166499,
    "Interstitial Lung Disease": 0.061292,
    "Kyphosis": 0.054938,
    "Lesion": 0.261952,
    "Mass": 0.036758,
    "Nodule": 0.143489,
    "Osteophyte": 0.125151,
    "Pleural Effusion": 0.138391,
    "Pleural Thickening": 0.150112,
    "Pneumothorax": 0.070903,
    "Pulmonary Artery Enlargement": 0.049421,
    "Pulmonary Fibrosis": 0.022502,
    "Rib Fracture": 0.015638,
    "Scoliosis": 0.116736,
    "Subcutaneous Emphysema": 0.010931,
    "Thickening": 0.103332,
    "Volume Loss": 0.215791,
    "normal": 0.785261
  },
  "frontal_probs": {
    "Airspace Disease": 0.2535417377948761,
    "Bronchiectasis": 0.012992363423109055,
    "Bronchiolitis": 0.007996054366230965,
    "Bullous Disease": 0.015161925926804543,
    "Calcified Granuloma": 0.2850790321826935,
    "Calcinosis": 0.2295568734407425,
    "Cardiac Shadow (abnormal)": 0.13591183722019196,
    "Cardiomegaly": 0.28621047735214233,
    "Consolidation": 0.11227048188447952,
    "Degenerative Change": 0.3615206778049469,
    "Edema": 0.20494312047958374,
    "Effusion": 0.03474270924925804,
    "Emphysema": 0.08919444680213928,
    "Fibrosis": 0.2408325970172882,
    "Fractures": 0.186623677611351,
    "Hernia": 0.18154077231884003,
    "Hyperinflation": 0.30364298820495605,
    "Increased Lung Markings": 0.24952039122581482,
    "Interstitial Lung Disease": 0.09073186665773392,
    "Kyphosis": 0.08418913185596466,
    "Lesion": 0.3903227150440216,
    "Mass": 0.053907521069049835,
    "Nodule": 0.1869824230670929,
    "Osteophyte": 0.1504027545452118,
    "Pleural Effusion": 0.21180909872055054,
    "Pleural Thickening": 0.22917117178440094,
    "Pneumothorax": 0.10845211893320084,
    "Pulmonary Artery Enlargement": 0.07237446308135986,
    "Pulmonary Fibrosis": 0.033971745520830154,
    "Rib Fracture": 0.023902175948023796,
    "Scoliosis": 0.17216934263706207,
    "Subcutaneous Emphysema": 0.01676558330655098,
    "Thickening": 0.15336816012859344,
    "Volume Loss": 0.31954389810562134,
    "normal": 0.6718665957450867
  },
  "lateral_probs": {
    "Airspace Disease": 0.006270380690693855,
    "Bronchiectasis": 0.00015461837756447494,
    "Bronchiolitis": 4.2644282984838355e-06,
    "Bullous Disease": 8.51609802339226e-05,
    "Calcified Granuloma": 0.11302463710308075,
    "Calcinosis": 0.03657746687531471,
    "Cardiac Shadow (abnormal)": 0.006067150272428989,
    "Cardiomegaly": 0.011469991877675056,
    "Consolidation": 0.0023152693174779415,
    "Degenerative Change": 0.07316306978464127,
    "Edema": 0.003592953784391284,
    "Effusion": 0.000446031684987247,
    "Emphysema": 0.005393459461629391,
    "Fibrosis": 0.011251422576606274,
    "Fractures": 0.014788658358156681,
    "Hernia": 0.008645460940897465,
    "Hyperinflation": 0.0253572016954422,
    "Increased Lung Markings": 0.012315602041780949,
    "Interstitial Lung Disease": 0.006616746075451374,
    "Kyphosis": 0.0006143712089397013,
    "Lesion": 0.023549286648631096,
    "Mass": 0.004909163806587458,
    "Nodule": 0.0627165138721466,
    "Osteophyte": 0.07825478911399841,
    "Pleural Effusion": 0.0020427191630005836,
    "Pleural Thickening": 0.003287147032096982,
    "Pneumothorax": 0.0011679717572405934,
    "Pulmonary Artery Enlargement": 0.006793907377868891,
    "Pulmonary Fibrosis": 0.0012007596669718623,
    "Rib Fracture": 0.0002900314284488559,
    "Scoliosis": 0.013789345510303974,
    "Subcutaneous Emphysema": 9.578950994182378e-05,
    "Thickening": 0.010408942587673664,
    "Volume Loss": 0.023105807602405548,
    "normal": 0.9958510398864746
  }
}