{
  "uid": "3232",
  "frontal_image": "3232_IM-1529-1001.dcm.png",
  "lateral_image": "3232_IM-1529-2001.dcm.png",
  "fusion_mode": "weighted_avg(f=0.65,l=0.35)",
  "predicted_classes": [
    "normal"
  ],
  "resolved_classes": [
    "normal"
  ],
  "kg_classes": [
    "Normal"
  ],
  "num_predicted": 1,
  "conflict_resolution": "no_conflict",
  "is_uncertain": false,
  "uncertainty_reason": "",
  "inference_time_s": 0.2563,
  "gt_labels": "Nodule",
  "probabilities": {
    "Airspace Disease": 0.100573,
    "Bronchiectasis": 0.017555,
    "Bronchiolitis": 0.00434,
    "Bullous Disease": 0.017103,
    "Calcified Granuloma": 0.382675,
    "Calcinosis": 0.323457,
    "Cardiac Shadow (abnormal)": 0.097645,
    "Cardiomegaly": 0.22146,
    "Consolidation": 0.049495,
    "Degenerative Change": 0.386513,
    "Edema": 0.087435,
    "Effusion": 0.014703,
    "Emphysema": 0.165163,
    "Fibrosis": 0.22439,
    "Fractures": 0.167152,
    "Hernia": 0.148881,
    "Hyperinflation": 0.254589,
    "Increased Lung Markings": 0.184913,
    "Interstitial Lung Disease": 0.147272,
    "Kyphosis": 0.140646,
    "Lesion": 0.219902,
    "Mass": 0.044886,
    "Nodule": 0.216192,
    "Osteophyte": 0.180791,
    "Pleural Effusion": 0.065086,
    "Pleural Thickening": 0.097464,
    "Pneumothorax": 0.040603,
    "Pulmonary Artery Enlargement": 0.064823,
    "Pulmonary Fibrosis": 0.045506,
    "Rib Fracture": 0.014309,
    "Scoliosis": 0.175999,
    "Subcutaneous Emphysema": 0.014298,
    "Thickening": 0.104557,
    "Volume Loss": 0.159461,
    "normal": 0.795524
  },
  "frontal_probs": {
    "Airspace Disease": 0.06376151740550995,
    "Bronchiectasis": 0.004441901575773954,
    "Bronchiolitis": 0.003257160307839513,
    "Bullous Disease": 0.011901147663593292,
    "Calcified Granuloma": 0.39682668447494507,
    "Calcinosis": 0.2969054877758026,
    "Cardiac Shadow (abnormal)": 0.06331222504377365,
    "Cardiomegaly": 0.1993233561515808,
    "Consolidation": 0.03193553537130356,
    "Degenerative Change": 0.3699619770050049,
    "Edema": 0.034129101783037186,
    "Effusion": 0.005407669581472874,
    "Emphysema": 0.11000624299049377,
    "Fibrosis": 0.22816237807273865,
    "Fractures": 0.1607411652803421,
    "Hernia": 0.1596524715423584,
    "Hyperinflation": 0.21361996233463287,
    "Increased Lung Markings": 0.15531310439109802,
    "Interstitial Lung Disease": 0.07954264432191849,
    "Kyphosis": 0.15703757107257843,
    "Lesion": 0.1512918919324875,
    "Mass": 0.023964712396264076,
    "Nodule": 0.18392005562782288,
    "Osteophyte": 0.17494502663612366,
    "Pleural Effusion": 0.027212418615818024,
    "Pleural Thickening": 0.06529849767684937,
    "Pneumothorax": 0.03436768427491188,
    "Pulmonary Artery Enlargement": 0.06419924646615982,
    "Pulmonary Fibrosis": 0.032584529370069504,
    "Rib Fracture": 0.008450360037386417,
    "Scoliosis": 0.1707945615053177,
    "Subcutaneous Emphysema": 0.006976234260946512,
    "Thickening": 0.044196631759405136,
    "Volume Loss": 0.13134890794754028,
    "normal": 0.8294923305511475
  },
  "lateral_probs": {
    "Airspace Disease": 0.16893726587295532,
    "Bronchiectasis": 0.04190876707434654,
    "Bronchiolitis": 0.006350405514240265,
    "Bullous Disease": 0.026763146743178368,
    "Calcified Granuloma": 0.3563927114009857,
    "Calcinosis": 0.3727671205997467,
    "Cardiac Shadow (abnormal)": 0.1614057719707489,
    "Cardiomegaly": 0.2625707983970642,
    "Consolidation": 0.08210474252700806,
    "Degenerative Change": 0.41725054383277893,
    "Edema": 0.18643099069595337,
    "Effusion": 0.03196686878800392,
    "Emphysema": 0.2675958573818207,
    "Fibrosis": 0.2173837125301361,
    "Fractures": 0.17905808985233307,
    "Hernia": 0.12887558341026306,
    "Hyperinflation": 0.3306746482849121,
    "Increased Lung Markings": 0.23988495767116547,
    "Interstitial Lung Disease": 0.27305522561073303,
    "Kyphosis": 0.11020322889089584,
    "Lesion": 0.34732064604759216,
    "Mass": 0.08373948931694031,
    "Nodule": 0.27612602710723877,
    "Osteophyte": 0.19164851307868958,
    "Pleural Effusion": 0.13542205095291138,
    "Pleural Thickening": 0.15719923377037048,
    "Pneumothorax": 0.05218317359685898,
    "Pulmonary Artery Enlargement": 0.06598115712404251,
    "Pulmonary Fibrosis": 0.06950417906045914,
    "Rib Fracture": 0.025187935680150986,
    "Scoliosis": 0.18566560745239258,
    "Subcutaneous Emphysema": 0.02789541892707348,
    "Thickening": 0.216653972864151,
    "Volume Loss": 0.21166928112506866,
    "normal": 0.7324391007423401
  }
}