{
  "uid": "3511",
  "frontal_image": "3511_IM-1714-1001.dcm.png",
  "lateral_image": "3511_IM-1714-2001.dcm.png",
  "fusion_mode": "weighted_avg(f=0.65,l=0.35)",
  "predicted_classes": [
    "normal"
  ],
  "resolved_classes": [
    "normal"
  ],
  "kg_classes": [
    "Normal"
  ],
  "num_predicted": 1,
  "conflict_resolution": "no_conflict",
  "is_uncertain": true,
  "uncertainty_reason": "normal_prob=0.592 (<0.73) with elevated disease scores: Degenerative Change=0.432, Lesion=0.409, Volume Loss=0.408",
  "inference_time_s": 0.2355,
  "gt_labels": "normal",
  "probabilities": {
    "Airspace Disease": 0.30224,
    "Bronchiectasis": 0.019684,
    "Bronchiolitis": 0.021975,
    "Bullous Disease": 0.02119,
    "Calcified Granuloma": 0.322231,
    "Calcinosis": 0.283158,
    "Cardiac Shadow (abnormal)": 0.153537,
    "Cardiomegaly": 0.319912,
    "Consolidation": 0.141734,
    "Degenerative Change": 0.43232,
    "Edema": 0.179683,
    "Effusion": 0.047608,
    "Emphysema": 0.119613,
    "Fibrosis": 0.284626,
    "Fractures": 0.258928,
    "Hernia": 0.229436,
    "Hyperinflation": 0.402453,
    "Increased Lung Markings": 0.328899,
    "Interstitial Lung Disease": 0.106746,
    "Kyphosis": 0.136346,
    "Lesion": 0.40884,
    "Mass": 0.047502,
    "Nodule": 0.181768,
    "Osteophyte": 0.236931,
    "Pleural Effusion": 0.252904,
    "Pleural Thickening": 0.202495,
    "Pneumothorax": 0.06905,
    "Pulmonary Artery Enlargement": 0.110876,
    "Pulmonary Fibrosis": 0.084406,
    "Rib Fracture": 0.02174,
    "Scoliosis": 0.221375,
    "Subcutaneous Emphysema": 0.032185,
    "Thickening": 0.158994,
    "Volume Loss": 0.407542,
    "normal": 0.592417
  },
  "frontal_probs": {
    "Airspace Disease": 0.388012558221817,
    "Bronchiectasis": 0.026186663657426834,
    "Bronchiolitis": 0.03322372958064079,
    "Bullous Disease": 0.02900819666683674,
    "Calcified Granuloma": 0.3203217089176178,
    "Calcinosis": 0.28209200501441956,
    "Cardiac Shadow (abnormal)": 0.19069741666316986,
    "Cardiomegaly": 0.40788429975509644,
    "Consolidation": 0.17233046889305115,
    "Degenerative Change": 0.4624064564704895,
    "Edema": 0.23359233140945435,
    "Effusion": 0.06553876399993896,
    "Emphysema": 0.11352360248565674,
    "Fibrosis": 0.3248894512653351,
    "Fractures": 0.3118244409561157,
    "Hernia": 0.2993851900100708,
    "Hyperinflation": 0.4546222686767578,
    "Increased Lung Markings": 0.42814329266548157,
    "Interstitial Lung Disease": 0.0979050025343895,
    "Kyphosis": 0.18926459550857544,
    "Lesion": 0.46403008699417114,
    "Mass": 0.04806194826960564,
    "Nodule": 0.2035495638847351,
    "Osteophyte": 0.2620088756084442,
    "Pleural Effusion": 0.34374919533729553,
    "Pleural Thickening": 0.2645038068294525,
    "Pneumothorax": 0.07615652680397034,
    "Pulmonary Artery Enlargement": 0.1562616229057312,
    "Pulmonary Fibrosis": 0.107362762093544,
    "Rib Fracture": 0.0299969594925642,
    "Scoliosis": 0.25984612107276917,
    "Subcutaneous Emphysema": 0.04376170411705971,
    "Thickening": 0.1953386664390564,
    "Volume Loss": 0.4982510209083557,
    "normal": 0.4939257800579071
  },
  "lateral_probs": {
    "Airspace Disease": 0.1429472416639328,
    "Bronchiectasis": 0.007608003914356232,
    "Bronchiolitis": 0.0010842294432222843,
    "Bullous Disease": 0.0066699073649942875,
    "Calcified Granuloma": 0.32577747106552124,
    "Calcinosis": 0.285136878490448,
    "Cardiac Shadow (abnormal)": 0.08452344685792923,
    "Cardiomegaly": 0.15653586387634277,
    "Consolidation": 0.08491200953722,
    "Degenerative Change": 0.37644529342651367,
    "Edema": 0.07956627011299133,
    "Effusion": 0.014309254474937916,
    "Emphysema": 0.13092300295829773,
    "Fibrosis": 0.20985202491283417,
    "Fractures": 0.16069231927394867,
    "Hernia": 0.09953007102012634,
    "Hyperinflation": 0.30556783080101013,
    "Increased Lung Markings": 0.14458775520324707,
    "Interstitial Lung Disease": 0.12316586077213287,
    "Kyphosis": 0.03806797415018082,
    "Lesion": 0.30634546279907227,
    "Mass": 0.046463217586278915,
    "Nodule": 0.14131714403629303,
    "Osteophyte": 0.19035883247852325,
    "Pleural Effusion": 0.08419030904769897,
    "Pleural Thickening": 0.08733465522527695,
    "Pneumothorax": 0.05585230141878128,
    "Pulmonary Artery Enlargement": 0.02658829465508461,
    "Pulmonary Fibrosis": 0.041771840304136276,
    "Rib Fracture": 0.006406573578715324,
    "Scoliosis": 0.14992952346801758,
    "Subcutaneous Emphysema": 0.010686833411455154,
    "Thickening": 0.09149740636348724,
    "Volume Loss": 0.23908136785030365,
    "normal": 0.7753288149833679
  }
}