{
  "uid": "3823",
  "frontal_image": "3823_IM-1930-1001.dcm.png",
  "lateral_image": "3823_IM-1930-2001.dcm.png",
  "fusion_mode": "weighted_avg(f=0.65,l=0.35)",
  "predicted_classes": [
    "normal"
  ],
  "resolved_classes": [
    "normal"
  ],
  "kg_classes": [
    "Normal"
  ],
  "num_predicted": 1,
  "conflict_resolution": "no_conflict",
  "is_uncertain": false,
  "uncertainty_reason": "",
  "inference_time_s": 0.24,
  "gt_labels": "normal",
  "probabilities": {
    "Airspace Disease": 0.041242,
    "Bronchiectasis": 0.005926,
    "Bronchiolitis": 0.000322,
    "Bullous Disease": 0.002448,
    "Calcified Granuloma": 0.172352,
    "Calcinosis": 0.105711,
    "Cardiac Shadow (abnormal)": 0.009102,
    "Cardiomegaly": 0.039878,
    "Consolidation": 0.021798,
    "Degenerative Change": 0.169495,
    "Edema": 0.015293,
    "Effusion": 0.00253,
    "Emphysema": 0.0386,
    "Fibrosis": 0.122757,
    "Fractures": 0.049786,
    "Hernia": 0.031326,
    "Hyperinflation": 0.123508,
    "Increased Lung Markings": 0.051542,
    "Interstitial Lung Disease": 0.033762,
    "Kyphosis": 0.018847,
    "Lesion": 0.096576,
    "Mass": 0.015781,
    "Nodule": 0.080303,
    "Osteophyte": 0.058588,
    "Pleural Effusion": 0.017327,
    "Pleural Thickening": 0.03313,
    "Pneumothorax": 0.01389,
    "Pulmonary Artery Enlargement": 0.013148,
    "Pulmonary Fibrosis": 0.007241,
    "Rib Fracture": 0.001714,
    "Scoliosis": 0.090395,
    "Subcutaneous Emphysema": 0.002508,
    "Thickening": 0.036804,
    "Volume Loss": 0.056249,
    "normal": 0.951326
  },
  "frontal_probs": {
    "Airspace Disease": 0.008686281740665436,
    "Bronchiectasis": 7.329459913307801e-05,
    "Bronchiolitis": 4.045678906550165e-06,
    "Bullous Disease": 6.964326894376427e-05,
    "Calcified Granuloma": 0.08441079407930374,
    "Calcinosis": 0.04443250596523285,
    "Cardiac Shadow (abnormal)": 0.00026714461273513734,
    "Cardiomegaly": 0.003946817945688963,
    "Consolidation": 0.005265135783702135,
    "Degenerative Change": 0.024025406688451767,
    "Edema": 0.0006819356349296868,
    "Effusion": 0.00017679165466688573,
    "Emphysema": 0.0071279858238995075,
    "Fibrosis": 0.061960067600011826,
    "Fractures": 0.019418099895119667,
    "Hernia": 0.005093884188681841,
    "Hyperinflation": 0.03118239901959896,
    "Increased Lung Markings": 0.019427943974733353,
    "Interstitial Lung Disease": 0.002240193309262395,
    "Kyphosis": 0.0015254130121320486,
    "Lesion": 0.03287453576922417,
    "Mass": 0.0013951122527942061,
    "Nodule": 0.024923032149672508,
    "Osteophyte": 0.018273038789629936,
    "Pleural Effusion": 0.0029880220536142588,
    "Pleural Thickening": 0.020997267216444016,
    "Pneumothorax": 0.00960609968751669,
    "Pulmonary Artery Enlargement": 0.0011865196283906698,
    "Pulmonary Fibrosis": 0.00013509669224731624,
    "Rib Fracture": 5.91039533901494e-05,
    "Scoliosis": 0.05557874217629433,
    "Subcutaneous Emphysema": 7.295097020687535e-05,
    "Thickening": 0.003337371628731489,
    "Volume Loss": 0.024959418922662735,
    "normal": 0.9926522970199585
  },
  "lateral_probs": {
    "Airspace Disease": 0.10170286893844604,
    "Bronchiectasis": 0.016793975606560707,
    "Bronchiolitis": 0.000913551077246666,
    "Bullous Disease": 0.006865679286420345,
    "Calcified Granuloma": 0.3356720805168152,
    "Calcinosis": 0.21951507031917572,
    "Cardiac Shadow (abnormal)": 0.02550959773361683,
    "Cardiomegaly": 0.10660859197378159,
    "Consolidation": 0.05250074714422226,
    "Degenerative Change": 0.43965405225753784,
    "Edema": 0.04242679104208946,
    "Effusion": 0.006898997817188501,
    "Emphysema": 0.0970488116145134,
    "Fibrosis": 0.23566587269306183,
    "Fractures": 0.10618273168802261,
    "Hernia": 0.08004143834114075,
    "Hyperinflation": 0.2949700355529785,
    "Increased Lung Markings": 0.11118118464946747,
    "Interstitial Lung Disease": 0.09230142831802368,
    "Kyphosis": 0.05101495236158371,
    "Lesion": 0.21487829089164734,
    "Mass": 0.04249677062034607,
    "Nodule": 0.18315191566944122,
    "Osteophyte": 0.13345879316329956,
    "Pleural Effusion": 0.043956197798252106,
    "Pleural Thickening": 0.055663011968135834,
    "Pneumothorax": 0.021845275536179543,
    "Pulmonary Artery Enlargement": 0.03536274656653404,
    "Pulmonary Fibrosis": 0.020438145846128464,
    "Rib Fracture": 0.0047884611412882805,
    "Scoliosis": 0.15505336225032806,
    "Subcutaneous Emphysema": 0.007030638866126537,
    "Thickening": 0.09895747154951096,
    "Volume Loss": 0.1143568828701973,
    "normal": 0.8745781183242798
  }
}