{
  "uid": "3548",
  "frontal_image": "3548_IM-1739-1001.dcm.png",
  "lateral_image": "3548_IM-1739-2001.dcm.png",
  "fusion_mode": "weighted_avg(f=0.65,l=0.35)",
  "predicted_classes": [
    "normal"
  ],
  "resolved_classes": [
    "normal"
  ],
  "kg_classes": [
    "Normal"
  ],
  "num_predicted": 1,
  "conflict_resolution": "no_conflict",
  "is_uncertain": false,
  "uncertainty_reason": "",
  "inference_time_s": 0.2596,
  "gt_labels": "normal",
  "probabilities": {
    "Airspace Disease": 0.023547,
    "Bronchiectasis": 0.000597,
    "Bronchiolitis": 3.9e-05,
    "Bullous Disease": 0.000536,
    "Calcified Granuloma": 0.115945,
    "Calcinosis": 0.075903,
    "Cardiac Shadow (abnormal)": 0.007559,
    "Cardiomegaly": 0.03471,
    "Consolidation": 0.010785,
    "Degenerative Change": 0.078797,
    "Edema": 0.008193,
    "Effusion": 0.001275,
    "Emphysema": 0.014156,
    "Fibrosis": 0.028902,
    "Fractures": 0.039851,
    "Hernia": 0.01837,
    "Hyperinflation": 0.044998,
    "Increased Lung Markings": 0.030144,
    "Interstitial Lung Disease": 0.013953,
    "Kyphosis": 0.011851,
    "Lesion": 0.038083,
    "Mass": 0.008678,
    "Nodule": 0.06394,
    "Osteophyte": 0.042218,
    "Pleural Effusion": 0.004662,
    "Pleural Thickening": 0.013719,
    "Pneumothorax": 0.004908,
    "Pulmonary Artery Enlargement": 0.012266,
    "Pulmonary Fibrosis": 0.001622,
    "Rib Fracture": 0.000448,
    "Scoliosis": 0.0564,
    "Subcutaneous Emphysema": 0.000493,
    "Thickening": 0.014268,
    "Volume Loss": 0.02608,
    "normal": 0.986305
  },
  "frontal_probs": {
    "Airspace Disease": 0.010587198659777641,
    "Bronchiectasis": 0.00018513144459575415,
    "Bronchiolitis": 4.8039517423603684e-05,
    "Bullous Disease": 0.0006042493623681366,
    "Calcified Granuloma": 0.09875816106796265,
    "Calcinosis": 0.07571686804294586,
    "Cardiac Shadow (abnormal)": 0.005826303269714117,
    "Cardiomegaly": 0.04237600415945053,
    "Consolidation": 0.002997121773660183,
    "Degenerative Change": 0.052712712436914444,
    "Edema": 0.006083314772695303,
    "Effusion": 0.001398817403241992,
    "Emphysema": 0.011811133474111557,
    "Fibrosis": 0.024940311908721924,
    "Fractures": 0.03891570866107941,
    "Hernia": 0.02033334970474243,
    "Hyperinflation": 0.033559489995241165,
    "Increased Lung Markings": 0.029154380783438683,
    "Interstitial Lung Disease": 0.013552571646869183,
    "Kyphosis": 0.01734834723174572,
    "Lesion": 0.01813569664955139,
    "Mass": 0.0026477768551558256,
    "Nodule": 0.049796029925346375,
    "Osteophyte": 0.030072355642914772,
    "Pleural Effusion": 0.002220691181719303,
    "Pleural Thickening": 0.011513433419167995,
    "Pneumothorax": 0.006438408046960831,
    "Pulmonary Artery Enlargement": 0.01282325480133295,
    "Pulmonary Fibrosis": 0.000567850423976779,
    "Rib Fracture": 0.0002721019263844937,
    "Scoliosis": 0.051170527935028076,
    "Subcutaneous Emphysema": 0.0005154110840521753,
    "Thickening": 0.008573293685913086,
    "Volume Loss": 0.01937147229909897,
    "normal": 0.9862545728683472
  },
  "lateral_probs": {
    "Airspace Disease": 0.047614868730306625,
    "Bronchiectasis": 0.0013621145626530051,
    "Bronchiolitis": 2.106533975165803e-05,
    "Bullous Disease": 0.00040860072476789355,
    "Calcified Granuloma": 0.14786213636398315,
    "Calcinosis": 0.07624803483486176,
    "Cardiac Shadow (abnormal)": 0.010777082294225693,
    "Cardiomegaly": 0.020472856238484383,
    "Consolidation": 0.025248216465115547,
    "Degenerative Change": 0.12723901867866516,
    "Edema": 0.012110809795558453,
    "Effusion": 0.0010455233277752995,
    "Emphysema": 0.018510984256863594,
    "Fibrosis": 0.03626009076833725,
    "Fractures": 0.04158696159720421,
    "Hernia": 0.014724587090313435,
    "Hyperinflation": 0.06624040752649307,
    "Increased Lung Markings": 0.03198147192597389,
    "Interstitial Lung Disease": 0.014695946127176285,
    "Kyphosis": 0.00164144451264292,
    "Lesion": 0.07512735575437546,
    "Mass": 0.019877219572663307,
    "Nodule": 0.09020853042602539,
    "Osteophyte": 0.06477507948875427,
    "Pleural Effusion": 0.00919654406607151,
    "Pleural Thickening": 0.01781618408858776,
    "Pneumothorax": 0.0020665673073381186,
    "Pulmonary Artery Enlargement": 0.011230288073420525,
    "Pulmonary Fibrosis": 0.0035793858114629984,
    "Rib Fracture": 0.0007744089816696942,
    "Scoliosis": 0.06611072272062302,
    "Subcutaneous Emphysema": 0.00045024239807389677,
    "Thickening": 0.024844756349921227,
    "Volume Loss": 0.0385386198759079,
    "normal": 0.9863986372947693
  }
}