{
  "uid": "3279",
  "frontal_image": "3279_IM-1560-1001.dcm.png",
  "lateral_image": "3279_IM-1560-1002.dcm.png",
  "fusion_mode": "weighted_avg(f=0.65,l=0.35)",
  "predicted_classes": [
    "normal"
  ],
  "resolved_classes": [
    "normal"
  ],
  "kg_classes": [
    "Normal"
  ],
  "num_predicted": 1,
  "conflict_resolution": "no_conflict",
  "is_uncertain": false,
  "uncertainty_reason": "",
  "inference_time_s": 0.2604,
  "gt_labels": "normal",
  "probabilities": {
    "Airspace Disease": 0.083619,
    "Bronchiectasis": 0.018321,
    "Bronchiolitis": 0.001247,
    "Bullous Disease": 0.00885,
    "Calcified Granuloma": 0.194244,
    "Calcinosis": 0.147193,
    "Cardiac Shadow (abnormal)": 0.029839,
    "Cardiomegaly": 0.091086,
    "Consolidation": 0.086238,
    "Degenerative Change": 0.216893,
    "Edema": 0.051555,
    "Effusion": 0.009592,
    "Emphysema": 0.099481,
    "Fibrosis": 0.127106,
    "Fractures": 0.066919,
    "Hernia": 0.063236,
    "Hyperinflation": 0.145934,
    "Increased Lung Markings": 0.076721,
    "Interstitial Lung Disease": 0.071268,
    "Kyphosis": 0.0269,
    "Lesion": 0.136721,
    "Mass": 0.048396,
    "Nodule": 0.123546,
    "Osteophyte": 0.115895,
    "Pleural Effusion": 0.053437,
    "Pleural Thickening": 0.051007,
    "Pneumothorax": 0.022819,
    "Pulmonary Artery Enlargement": 0.026866,
    "Pulmonary Fibrosis": 0.032179,
    "Rib Fracture": 0.008498,
    "Scoliosis": 0.118749,
    "Subcutaneous Emphysema": 0.006313,
    "Thickening": 0.074494,
    "Volume Loss": 0.089758,
    "normal": 0.892662
  },
  "frontal_probs": {
    "Airspace Disease": 0.027322009205818176,
    "Bronchiectasis": 0.00026658587739802897,
    "Bronchiolitis": 4.977549542672932e-05,
    "Bullous Disease": 0.00043619962525554,
    "Calcified Granuloma": 0.1131913810968399,
    "Calcinosis": 0.06426291167736053,
    "Cardiac Shadow (abnormal)": 0.004838227294385433,
    "Cardiomegaly": 0.0352938212454319,
    "Consolidation": 0.04641875624656677,
    "Degenerative Change": 0.09568818658590317,
    "Edema": 0.007247782312333584,
    "Effusion": 0.00034901394974440336,
    "Emphysema": 0.020827583968639374,
    "Fibrosis": 0.032722074538469315,
    "Fractures": 0.027865858748555183,
    "Hernia": 0.029130754992365837,
    "Hyperinflation": 0.035857245326042175,
    "Increased Lung Markings": 0.017447544261813164,
    "Interstitial Lung Disease": 0.013690643012523651,
    "Kyphosis": 0.00697295879945159,
    "Lesion": 0.03846878558397293,
    "Mass": 0.005846749991178513,
    "Nodule": 0.05612150952219963,
    "Osteophyte": 0.05629792436957359,
    "Pleural Effusion": 0.005166853778064251,
    "Pleural Thickening": 0.007471208460628986,
    "Pneumothorax": 0.0020007265266031027,
    "Pulmonary Artery Enlargement": 0.014850695617496967,
    "Pulmonary Fibrosis": 0.0006367519963532686,
    "Rib Fracture": 0.0004407638043630868,
    "Scoliosis": 0.06900348514318466,
    "Subcutaneous Emphysema": 0.00022709618497174233,
    "Thickening": 0.01994619332253933,
    "Volume Loss": 0.018302258104085922,
    "normal": 0.9777206182479858
  },
  "lateral_probs": {
    "Airspace Disease": 0.18816916644573212,
    "Bronchiectasis": 0.051851946860551834,
    "Bronchiolitis": 0.003470098366960883,
    "Bullous Disease": 0.02447543479502201,
    "Calcified Granuloma": 0.3447692096233368,
    "Calcinosis": 0.30120596289634705,
    "Cardiac Shadow (abnormal)": 0.07626793533563614,
    "Cardiomegaly": 0.19470031559467316,
    "Consolidation": 0.16018910706043243,
    "Degenerative Change": 0.4419874846935272,
    "Edema": 0.13384006917476654,
    "Effusion": 0.026758166030049324,
    "Emphysema": 0.24555061757564545,
    "Fibrosis": 0.3023908734321594,
    "Fractures": 0.1394457221031189,
    "Hernia": 0.1265745908021927,
    "Hyperinflation": 0.35036158561706543,
    "Increased Lung Markings": 0.18680086731910706,
    "Interstitial Lung Disease": 0.1781979203224182,
    "Kyphosis": 0.06390854716300964,
    "Lesion": 0.3191904127597809,
    "Mass": 0.12741719186306,
    "Nodule": 0.2487640678882599,
    "Osteophyte": 0.22657658159732819,
    "Pleural Effusion": 0.14308176934719086,
    "Pleural Thickening": 0.13186030089855194,
    "Pneumothorax": 0.0614820159971714,
    "Pulmonary Artery Enlargement": 0.04918111488223076,
    "Pulmonary Fibrosis": 0.09075838327407837,
    "Rib Fracture": 0.02346120961010456,
    "Scoliosis": 0.21113379299640656,
    "Subcutaneous Emphysema": 0.017616434022784233,
    "Thickening": 0.17579743266105652,
    "Volume Loss": 0.22246181964874268,
    "normal": 0.7346953749656677
  }
}