{
  "uid": "3944",
  "frontal_image": "3944_IM-2014-1001.dcm.png",
  "lateral_image": "3944_IM-2014-2001.dcm.png",
  "fusion_mode": "weighted_avg(f=0.65,l=0.35)",
  "predicted_classes": [
    "normal"
  ],
  "resolved_classes": [
    "normal"
  ],
  "kg_classes": [
    "Normal"
  ],
  "num_predicted": 1,
  "conflict_resolution": "no_conflict",
  "is_uncertain": false,
  "uncertainty_reason": "",
  "inference_time_s": 0.2617,
  "gt_labels": "normal",
  "probabilities": {
    "Airspace Disease": 0.152437,
    "Bronchiectasis": 0.019673,
    "Bronchiolitis": 0.003903,
    "Bullous Disease": 0.018366,
    "Calcified Granuloma": 0.288685,
    "Calcinosis": 0.249017,
    "Cardiac Shadow (abnormal)": 0.04974,
    "Cardiomegaly": 0.101761,
    "Consolidation": 0.082465,
    "Degenerative Change": 0.282008,
    "Edema": 0.057321,
    "Effusion": 0.019706,
    "Emphysema": 0.173076,
    "Fibrosis": 0.251515,
    "Fractures": 0.184773,
    "Hernia": 0.073126,
    "Hyperinflation": 0.260967,
    "Increased Lung Markings": 0.124727,
    "Interstitial Lung Disease": 0.10777,
    "Kyphosis": 0.048963,
    "Lesion": 0.26522,
    "Mass": 0.035549,
    "Nodule": 0.166889,
    "Osteophyte": 0.13262,
    "Pleural Effusion": 0.071746,
    "Pleural Thickening": 0.122912,
    "Pneumothorax": 0.06529,
    "Pulmonary Artery Enlargement": 0.033964,
    "Pulmonary Fibrosis": 0.03811,
    "Rib Fracture": 0.009924,
    "Scoliosis": 0.154741,
    "Subcutaneous Emphysema": 0.026633,
    "Thickening": 0.095718,
    "Volume Loss": 0.139503,
    "normal": 0.822975
  },
  "frontal_probs": {
    "Airspace Disease": 0.12090245634317398,
    "Bronchiectasis": 0.002025608904659748,
    "Bronchiolitis": 0.0005484052817337215,
    "Bullous Disease": 0.0059973387978971004,
    "Calcified Granuloma": 0.20614001154899597,
    "Calcinosis": 0.15861377120018005,
    "Cardiac Shadow (abnormal)": 0.005997444037348032,
    "Cardiomegaly": 0.02434150129556656,
    "Consolidation": 0.0643744021654129,
    "Degenerative Change": 0.1746586263179779,
    "Edema": 0.016211699694395065,
    "Effusion": 0.003127003088593483,
    "Emphysema": 0.08404872566461563,
    "Fibrosis": 0.20656290650367737,
    "Fractures": 0.15169282257556915,
    "Hernia": 0.05289661884307861,
    "Hyperinflation": 0.16798244416713715,
    "Increased Lung Markings": 0.07111787050962448,
    "Interstitial Lung Disease": 0.03426804393529892,
    "Kyphosis": 0.013155670836567879,
    "Lesion": 0.21949952840805054,
    "Mass": 0.024975599721074104,
    "Nodule": 0.08365567028522491,
    "Osteophyte": 0.06512673199176788,
    "Pleural Effusion": 0.046931006014347076,
    "Pleural Thickening": 0.11527588963508606,
    "Pneumothorax": 0.04273518547415733,
    "Pulmonary Artery Enlargement": 0.014180243015289307,
    "Pulmonary Fibrosis": 0.006153359543532133,
    "Rib Fracture": 0.0025033620186150074,
    "Scoliosis": 0.14801956713199615,
    "Subcutaneous Emphysema": 0.004816643428057432,
    "Thickening": 0.04764239862561226,
    "Volume Loss": 0.11106887459754944,
    "normal": 0.89468914270401
  },
  "lateral_probs": {
    "Airspace Disease": 0.21100014448165894,
    "Bronchiectasis": 0.052447546273469925,
    "Bronchiolitis": 0.01013267319649458,
    "Bullous Disease": 0.04133628308773041,
    "Calcified Granuloma": 0.44198355078697205,
    "Calcinosis": 0.4169078469276428,
    "Cardiac Shadow (abnormal)": 0.13097542524337769,
    "Cardiomegaly": 0.2455410659313202,
    "Consolidation": 0.11606281250715256,
    "Degenerative Change": 0.48137134313583374,
    "Edema": 0.13366544246673584,
    "Effusion": 0.050496656447649,
    "Emphysema": 0.33841362595558167,
    "Fibrosis": 0.33499643206596375,
    "Fractures": 0.24620774388313293,
    "Hernia": 0.11069593578577042,
    "Hyperinflation": 0.43365272879600525,
    "Increased Lung Markings": 0.22428672015666962,
    "Interstitial Lung Disease": 0.2442730963230133,
    "Kyphosis": 0.11546266078948975,
    "Lesion": 0.35013052821159363,
    "Mass": 0.05518462508916855,
    "Nodule": 0.32146644592285156,
    "Osteophyte": 0.25796565413475037,
    "Pleural Effusion": 0.1178320124745369,
    "Pleural Thickening": 0.13709242641925812,
    "Pneumothorax": 0.10717709362506866,
    "Pulmonary Artery Enlargement": 0.07070615142583847,
    "Pulmonary Fibrosis": 0.09745795279741287,
    "Rib Fracture": 0.023704787716269493,
    "Scoliosis": 0.16722412407398224,
    "Subcutaneous Emphysema": 0.06714852154254913,
    "Thickening": 0.18499985337257385,
    "Volume Loss": 0.1923092007637024,
    "normal": 0.6897905468940735
  }
}