{
  "uid": "3250",
  "frontal_image": "3250_IM-1540-1001-0002.dcm.png",
  "lateral_image": "3250_IM-1540-1001-0001.dcm.png|3250_IM-1540-2001.dcm.png",
  "fusion_mode": "weighted_avg(f=0.65,l=0.35)",
  "predicted_classes": [
    "Lesion",
    "Cardiomegaly",
    "Degenerative Change"
  ],
  "resolved_classes": [
    "Lesion",
    "Cardiomegaly",
    "Degenerative Change"
  ],
  "kg_classes": [
    "Lesion",
    "Cardiomegaly",
    "Degenerative Change"
  ],
  "num_predicted": 3,
  "conflict_resolution": "no_conflict",
  "is_uncertain": false,
  "uncertainty_reason": "",
  "inference_time_s": 0.3879,
  "gt_labels": "Degenerative Change;Hernia;Osteophyte",
  "probabilities": {
    "Airspace Disease": 0.334036,
    "Bronchiectasis": 0.080877,
    "Bronchiolitis": 0.028249,
    "Bullous Disease": 0.071094,
    "Calcified Granuloma": 0.30429,
    "Calcinosis": 0.360363,
    "Cardiac Shadow (abnormal)": 0.344109,
    "Cardiomegaly": 0.53178,
    "Consolidation": 0.253114,
    "Degenerative Change": 0.519241,
    "Edema": 0.294852,
    "Effusion": 0.210633,
    "Emphysema": 0.195384,
    "Fibrosis": 0.294636,
    "Fractures": 0.297389,
    "Hernia": 0.362305,
    "Hyperinflation": 0.496354,
    "Increased Lung Markings": 0.388405,
    "Interstitial Lung Disease": 0.219256,
    "Kyphosis": 0.290661,
    "Lesion": 0.538373,
    "Mass": 0.14293,
    "Nodule": 0.226369,
    "Osteophyte": 0.282874,
    "Pleural Effusion": 0.403188,
    "Pleural Thickening": 0.270221,
    "Pneumothorax": 0.330323,
    "Pulmonary Artery Enlargement": 0.170405,
    "Pulmonary Fibrosis": 0.172162,
    "Rib Fracture": 0.073192,
    "Scoliosis": 0.318612,
    "Subcutaneous Emphysema": 0.10108,
    "Thickening": 0.222586,
    "Volume Loss": 0.455638,
    "normal": 0.446524
  },
  "frontal_probs": {
    "Airspace Disease": 0.2515083849430084,
    "Bronchiectasis": 0.06174052506685257,
    "Bronchiolitis": 0.02938995510339737,
    "Bullous Disease": 0.06854826956987381,
    "Calcified Granuloma": 0.3041224479675293,
    "Calcinosis": 0.40711915493011475,
    "Cardiac Shadow (abnormal)": 0.3232968747615814,
    "Cardiomegaly": 0.5197993516921997,
    "Consolidation": 0.24659863114356995,
    "Degenerative Change": 0.5361374616622925,
    "Edema": 0.2346331924200058,
    "Effusion": 0.19581931829452515,
    "Emphysema": 0.18476901948451996,
    "Fibrosis": 0.2910923361778259,
    "Fractures": 0.2997044622898102,
    "Hernia": 0.3185576796531677,
    "Hyperinflation": 0.47322165966033936,
    "Increased Lung Markings": 0.35527342557907104,
    "Interstitial Lung Disease": 0.19497603178024292,
    "Kyphosis": 0.33497315645217896,
    "Lesion": 0.49593520164489746,
    "Mass": 0.16180308163166046,
    "Nodule": 0.22358223795890808,
    "Osteophyte": 0.28977832198143005,
    "Pleural Effusion": 0.34467408061027527,
    "Pleural Thickening": 0.28496500849723816,
    "Pneumothorax": 0.33853140473365784,
    "Pulmonary Artery Enlargement": 0.18419243395328522,
    "Pulmonary Fibrosis": 0.15106551349163055,
    "Rib Fracture": 0.07726521790027618,
    "Scoliosis": 0.35611194372177124,
    "Subcutaneous Emphysema": 0.11747268587350845,
    "Thickening": 0.24562428891658783,
    "Volume Loss": 0.46340617537498474,
    "normal": 0.45156338810920715
  },
  "lateral_probs": {
    "Airspace Disease": 0.487300843000412,
    "Bronchiectasis": 0.1164151169359684,
    "Bronchiolitis": 0.026130279526114464,
    "Bullous Disease": 0.07582282647490501,
    "Calcified Granuloma": 0.30460256338119507,
    "Calcinosis": 0.2735307067632675,
    "Cardiac Shadow (abnormal)": 0.38276007771492004,
    "Cardiomegaly": 0.5540311932563782,
    "Consolidation": 0.26521530002355576,
    "Degenerative Change": 0.487862765789032,
    "Edema": 0.4066869467496872,
    "Effusion": 0.2381434440612793,
    "Emphysema": 0.21509718894958496,
    "Fibrosis": 0.30121584236621857,
    "Fractures": 0.29308944940567017,
    "Hernia": 0.44355057179927826,
    "Hyperinflation": 0.5393153429031372,
    "Increased Lung Markings": 0.4499351531267166,
    "Interstitial Lung Disease": 0.26434653997421265,
    "Kyphosis": 0.208367757499218,
    "Lesion": 0.6171857118606567,
    "Mass": 0.10788041353225708,
    "Nodule": 0.23154552280902863,
    "Osteophyte": 0.27005186676979065,
    "Pleural Effusion": 0.5118569731712341,
    "Pleural Thickening": 0.24283994734287262,
    "Pneumothorax": 0.31507787108421326,
    "Pulmonary Artery Enlargement": 0.14480037987232208,
    "Pulmonary Fibrosis": 0.21134179085493088,
    "Rib Fracture": 0.06562770530581474,
    "Scoliosis": 0.24896787852048874,
    "Subcutaneous Emphysema": 0.07063751108944416,
    "Thickening": 0.179799884557724,
    "Volume Loss": 0.44121113419532776,
    "normal": 0.4371655285358429
  }
}