{
  "uid": "3372",
  "frontal_image": "3372_IM-1623-1001.dcm.png",
  "lateral_image": "3372_IM-1623-2001.dcm.png",
  "fusion_mode": "weighted_avg(f=0.65,l=0.35)",
  "predicted_classes": [
    "Cardiomegaly",
    "Lesion",
    "Hyperinflation"
  ],
  "resolved_classes": [
    "Cardiomegaly",
    "Lesion",
    "Hyperinflation"
  ],
  "kg_classes": [
    "Cardiomegaly",
    "Lesion",
    "Hyperinflation"
  ],
  "num_predicted": 3,
  "conflict_resolution": "no_conflict",
  "is_uncertain": false,
  "uncertainty_reason": "",
  "inference_time_s": 0.2677,
  "gt_labels": "Cardiomegaly;Edema",
  "probabilities": {
    "Airspace Disease": 0.401696,
    "Bronchiectasis": 0.060764,
    "Bronchiolitis": 0.016127,
    "Bullous Disease": 0.041779,
    "Calcified Granuloma": 0.264316,
    "Calcinosis": 0.278081,
    "Cardiac Shadow (abnormal)": 0.431872,
    "Cardiomegaly": 0.64687,
    "Consolidation": 0.233004,
    "Degenerative Change": 0.426341,
    "Edema": 0.460087,
    "Effusion": 0.164905,
    "Emphysema": 0.168167,
    "Fibrosis": 0.286668,
    "Fractures": 0.203879,
    "Hernia": 0.262317,
    "Hyperinflation": 0.500677,
    "Increased Lung Markings": 0.372606,
    "Interstitial Lung Disease": 0.182081,
    "Kyphosis": 0.200527,
    "Lesion": 0.529665,
    "Mass": 0.100852,
    "Nodule": 0.196646,
    "Osteophyte": 0.158707,
    "Pleural Effusion": 0.365828,
    "Pleural Thickening": 0.293867,
    "Pneumothorax": 0.109617,
    "Pulmonary Artery Enlargement": 0.174735,
    "Pulmonary Fibrosis": 0.150821,
    "Rib Fracture": 0.043226,
    "Scoliosis": 0.232938,
    "Subcutaneous Emphysema": 0.043639,
    "Thickening": 0.196836,
    "Volume Loss": 0.443553,
    "normal": 0.476229
  },
  "frontal_probs": {
    "Airspace Disease": 0.39544081687927246,
    "Bronchiectasis": 0.04865504801273346,
    "Bronchiolitis": 0.017847711220383644,
    "Bullous Disease": 0.03937628120183945,
    "Calcified Granuloma": 0.2750464081764221,
    "Calcinosis": 0.3010217845439911,
    "Cardiac Shadow (abnormal)": 0.4291250705718994,
    "Cardiomegaly": 0.6943268179893494,
    "Consolidation": 0.2367600053548813,
    "Degenerative Change": 0.42269107699394226,
    "Edema": 0.47364985942840576,
    "Effusion": 0.2020886242389679,
    "Emphysema": 0.15397076308727264,
    "Fibrosis": 0.31110259890556335,
    "Fractures": 0.17111676931381226,
    "Hernia": 0.2646428942680359,
    "Hyperinflation": 0.5041769742965698,
    "Increased Lung Markings": 0.35144928097724915,
    "Interstitial Lung Disease": 0.16962164640426636,
    "Kyphosis": 0.20980407297611237,
    "Lesion": 0.5384496450424194,
    "Mass": 0.084935262799263,
    "Nodule": 0.19940657913684845,
    "Osteophyte": 0.15481272339820862,
    "Pleural Effusion": 0.35467442870140076,
    "Pleural Thickening": 0.29709285497665405,
    "Pneumothorax": 0.07168359309434891,
    "Pulmonary Artery Enlargement": 0.18512855470180511,
    "Pulmonary Fibrosis": 0.16554045677185059,
    "Rib Fracture": 0.03799526393413544,
    "Scoliosis": 0.2344805896282196,
    "Subcutaneous Emphysema": 0.039303433150053024,
    "Thickening": 0.22158095240592957,
    "Volume Loss": 0.4364181458950043,
    "normal": 0.44834479689598083
  },
  "lateral_probs": {
    "Airspace Disease": 0.41331198811531067,
    "Bronchiectasis": 0.08325211703777313,
    "Bronchiolitis": 0.012932470999658108,
    "Bullous Disease": 0.046242211014032364,
    "Calcified Granuloma": 0.24438810348510742,
    "Calcinosis": 0.23547795414924622,
    "Cardiac Shadow (abnormal)": 0.43697258830070496,
    "Cardiomegaly": 0.5587362051010132,
    "Consolidation": 0.2260277420282364,
    "Degenerative Change": 0.4331192672252655,
    "Edema": 0.43489745259284973,
    "Effusion": 0.09584984183311462,
    "Emphysema": 0.1945303976535797,
    "Fibrosis": 0.24128930270671844,
    "Fractures": 0.26472207903862,
    "Hernia": 0.25799888372421265,
    "Hyperinflation": 0.49417680501937866,
    "Increased Lung Markings": 0.411895751953125,
    "Interstitial Lung Disease": 0.2052209973335266,
    "Kyphosis": 0.18329781293869019,
    "Lesion": 0.513351559638977,
    "Mass": 0.1304125040769577,
    "Nodule": 0.1915198266506195,
    "Osteophyte": 0.165938138961792,
    "Pleural Effusion": 0.3865417242050171,
    "Pleural Thickening": 0.2878754138946533,
    "Pneumothorax": 0.18006546795368195,
    "Pulmonary Artery Enlargement": 0.15543133020401,
    "Pulmonary Fibrosis": 0.12348395586013794,
    "Rib Fracture": 0.05294104292988777,
    "Scoliosis": 0.23007293045520782,
    "Subcutaneous Emphysema": 0.0516899935901165,
    "Thickening": 0.1508801430463791,
    "Volume Loss": 0.4568043053150177,
    "normal": 0.5280136466026306
  }
}