{
  "uid": "3764",
  "frontal_image": "3764_IM-1884-1001.dcm.png",
  "lateral_image": "3764_IM-1884-1002.dcm.png",
  "fusion_mode": "weighted_avg(f=0.65,l=0.35)",
  "predicted_classes": [
    "normal"
  ],
  "resolved_classes": [
    "normal"
  ],
  "kg_classes": [
    "Normal"
  ],
  "num_predicted": 1,
  "conflict_resolution": "no_conflict",
  "is_uncertain": false,
  "uncertainty_reason": "",
  "inference_time_s": 0.2367,
  "gt_labels": "normal",
  "probabilities": {
    "Airspace Disease": 0.112891,
    "Bronchiectasis": 0.031112,
    "Bronchiolitis": 0.004336,
    "Bullous Disease": 0.026225,
    "Calcified Granuloma": 0.320452,
    "Calcinosis": 0.305122,
    "Cardiac Shadow (abnormal)": 0.0283,
    "Cardiomegaly": 0.068337,
    "Consolidation": 0.071975,
    "Degenerative Change": 0.331176,
    "Edema": 0.046496,
    "Effusion": 0.007692,
    "Emphysema": 0.275103,
    "Fibrosis": 0.226506,
    "Fractures": 0.139284,
    "Hernia": 0.101113,
    "Hyperinflation": 0.29065,
    "Increased Lung Markings": 0.117322,
    "Interstitial Lung Disease": 0.13888,
    "Kyphosis": 0.079169,
    "Lesion": 0.253239,
    "Mass": 0.026793,
    "Nodule": 0.162676,
    "Osteophyte": 0.120689,
    "Pleural Effusion": 0.055993,
    "Pleural Thickening": 0.149662,
    "Pneumothorax": 0.036143,
    "Pulmonary Artery Enlargement": 0.046598,
    "Pulmonary Fibrosis": 0.045378,
    "Rib Fracture": 0.009043,
    "Scoliosis": 0.233862,
    "Subcutaneous Emphysema": 0.011586,
    "Thickening": 0.099709,
    "Volume Loss": 0.178116,
    "normal": 0.815743
  },
  "frontal_probs": {
    "Airspace Disease": 0.11322402954101562,
    "Bronchiectasis": 0.04011261463165283,
    "Bronchiolitis": 0.0063336556777358055,
    "Bullous Disease": 0.03356063365936279,
    "Calcified Granuloma": 0.3671584725379944,
    "Calcinosis": 0.3837585151195526,
    "Cardiac Shadow (abnormal)": 0.030849384143948555,
    "Cardiomegaly": 0.06520291417837143,
    "Consolidation": 0.06534814834594727,
    "Degenerative Change": 0.3659832775592804,
    "Edema": 0.03897688537836075,
    "Effusion": 0.00708219688385725,
    "Emphysema": 0.3331170380115509,
    "Fibrosis": 0.2692096531391144,
    "Fractures": 0.16338810324668884,
    "Hernia": 0.11930519342422485,
    "Hyperinflation": 0.3288121819496155,
    "Increased Lung Markings": 0.12769314646720886,
    "Interstitial Lung Disease": 0.16371677815914154,
    "Kyphosis": 0.11085926741361618,
    "Lesion": 0.28818318247795105,
    "Mass": 0.026647187769412994,
    "Nodule": 0.16857275366783142,
    "Osteophyte": 0.11622531712055206,
    "Pleural Effusion": 0.057800572365522385,
    "Pleural Thickening": 0.17910705506801605,
    "Pneumothorax": 0.03562761843204498,
    "Pulmonary Artery Enlargement": 0.039918653666973114,
    "Pulmonary Fibrosis": 0.05840164050459862,
    "Rib Fracture": 0.012026633135974407,
    "Scoliosis": 0.2764852046966553,
    "Subcutaneous Emphysema": 0.013443727046251297,
    "Thickening": 0.10208220034837723,
    "Volume Loss": 0.20799532532691956,
    "normal": 0.7717516422271729
  },
  "lateral_probs": {
    "Airspace Disease": 0.11227243393659592,
    "Bronchiectasis": 0.014396862126886845,
    "Bronchiolitis": 0.0006246482953429222,
    "Bullous Disease": 0.012601414695382118,
    "Calcified Granuloma": 0.23371189832687378,
    "Calcinosis": 0.15908394753932953,
    "Cardiac Shadow (abnormal)": 0.023566216230392456,
    "Cardiomegaly": 0.07415729761123657,
    "Consolidation": 0.08428189903497696,
    "Degenerative Change": 0.26653486490249634,
    "Edema": 0.060459308326244354,
    "Effusion": 0.008825329132378101,
    "Emphysema": 0.1673625111579895,
    "Fibrosis": 0.14719803631305695,
    "Fractures": 0.09451964497566223,
    "Hernia": 0.06732744723558426,
    "Hyperinflation": 0.21977712213993073,
    "Increased Lung Markings": 0.09806080907583237,
    "Interstitial Lung Disease": 0.09275545179843903,
    "Kyphosis": 0.020316381007432938,
    "Lesion": 0.18834325671195984,
    "Mass": 0.027062999084591866,
    "Nodule": 0.15172627568244934,
    "Osteophyte": 0.12897811830043793,
    "Pleural Effusion": 0.05263500288128853,
    "Pleural Thickening": 0.09497949481010437,
    "Pneumothorax": 0.037099648267030716,
    "Pulmonary Artery Enlargement": 0.05900295823812485,
    "Pulmonary Fibrosis": 0.021189963445067406,
    "Rib Fracture": 0.00350214377976954,
    "Scoliosis": 0.15470588207244873,
    "Subcutaneous Emphysema": 0.008136791177093983,
    "Thickening": 0.09530024230480194,
    "Volume Loss": 0.12262612581253052,
    "normal": 0.8974398374557495
  }
}