{
  "uid": "3306",
  "frontal_image": "",
  "lateral_image": "3306_IM-1581-1002.dcm.png",
  "fusion_mode": "lateral_only",
  "predicted_classes": [
    "normal"
  ],
  "resolved_classes": [
    "normal"
  ],
  "kg_classes": [
    "Normal"
  ],
  "num_predicted": 1,
  "conflict_resolution": "no_conflict",
  "is_uncertain": false,
  "uncertainty_reason": "",
  "inference_time_s": 0.1374,
  "gt_labels": "Cardiomegaly;Degenerative Change",
  "probabilities": {
    "Airspace Disease": 0.17462198436260223,
    "Bronchiectasis": 0.024139974266290665,
    "Bronchiolitis": 0.0016613812185823917,
    "Bullous Disease": 0.008997393772006035,
    "Calcified Granuloma": 0.3106972575187683,
    "Calcinosis": 0.21041402220726013,
    "Cardiac Shadow (abnormal)": 0.1098175048828125,
    "Cardiomegaly": 0.26214051246643066,
    "Consolidation": 0.109283447265625,
    "Degenerative Change": 0.3387731611728668,
    "Edema": 0.17362935841083527,
    "Effusion": 0.06637854129076004,
    "Emphysema": 0.13674570620059967,
    "Fibrosis": 0.20277899503707886,
    "Fractures": 0.14651820063591003,
    "Hernia": 0.18369339406490326,
    "Hyperinflation": 0.347332626581192,
    "Increased Lung Markings": 0.26061928272247314,
    "Interstitial Lung Disease": 0.1184164509177208,
    "Kyphosis": 0.030850045382976532,
    "Lesion": 0.35027632117271423,
    "Mass": 0.05640405789017677,
    "Nodule": 0.17459149658679962,
    "Osteophyte": 0.15493302047252655,
    "Pleural Effusion": 0.09695542603731155,
    "Pleural Thickening": 0.07058672606945038,
    "Pneumothorax": 0.04799915850162506,
    "Pulmonary Artery Enlargement": 0.06701525300741196,
    "Pulmonary Fibrosis": 0.08256447315216064,
    "Rib Fracture": 0.024564871564507484,
    "Scoliosis": 0.13500472903251648,
    "Subcutaneous Emphysema": 0.01034848764538765,
    "Thickening": 0.10705547779798508,
    "Volume Loss": 0.2665913999080658,
    "normal": 0.8095566034317017
  },
  "frontal_probs": {
    "Airspace Disease": 0.0,
    "Bronchiectasis": 0.0,
    "Bronchiolitis": 0.0,
    "Bullous Disease": 0.0,
    "Calcified Granuloma": 0.0,
    "Calcinosis": 0.0,
    "Cardiac Shadow (abnormal)": 0.0,
    "Cardiomegaly": 0.0,
    "Consolidation": 0.0,
    "Degenerative Change": 0.0,
    "Edema": 0.0,
    "Effusion": 0.0,
    "Emphysema": 0.0,
    "Fibrosis": 0.0,
    "Fractures": 0.0,
    "Hernia": 0.0,
    "Hyperinflation": 0.0,
    "Increased Lung Markings": 0.0,
    "Interstitial Lung Disease": 0.0,
    "Kyphosis": 0.0,
    "Lesion": 0.0,
    "Mass": 0.0,
    "Nodule": 0.0,
    "Osteophyte": 0.0,
    "Pleural Effusion": 0.0,
    "Pleural Thickening": 0.0,
    "Pneumothorax": 0.0,
    "Pulmonary Artery Enlargement": 0.0,
    "Pulmonary Fibrosis": 0.0,
    "Rib Fracture": 0.0,
    "Scoliosis": 0.0,
    "Subcutaneous Emphysema": 0.0,
    "Thickening": 0.0,
    "Volume Loss": 0.0,
    "normal": 0.0
  },
  "lateral_probs": {
    "Airspace Disease": 0.17462198436260223,
    "Bronchiectasis": 0.024139974266290665,
    "Bronchiolitis": 0.0016613812185823917,
    "Bullous Disease": 0.008997393772006035,
    "Calcified Granuloma": 0.3106972575187683,
    "Calcinosis": 0.21041402220726013,
    "Cardiac Shadow (abnormal)": 0.1098175048828125,
    "Cardiomegaly": 0.26214051246643066,
    "Consolidation": 0.109283447265625,
    "Degenerative Change": 0.3387731611728668,
    "Edema": 0.17362935841083527,
    "Effusion": 0.06637854129076004,
    "Emphysema": 0.13674570620059967,
    "Fibrosis": 0.20277899503707886,
    "Fractures": 0.14651820063591003,
    "Hernia": 0.18369339406490326,
    "Hyperinflation": 0.347332626581192,
    "Increased Lung Markings": 0.26061928272247314,
    "Interstitial Lung Disease": 0.1184164509177208,
    "Kyphosis": 0.030850045382976532,
    "Lesion": 0.35027632117271423,
    "Mass": 0.05640405789017677,
    "Nodule": 0.17459149658679962,
    "Osteophyte": 0.15493302047252655,
    "Pleural Effusion": 0.09695542603731155,
    "Pleural Thickening": 0.07058672606945038,
    "Pneumothorax": 0.04799915850162506,
    "Pulmonary Artery Enlargement": 0.06701525300741196,
    "Pulmonary Fibrosis": 0.08256447315216064,
    "Rib Fracture": 0.024564871564507484,
    "Scoliosis": 0.13500472903251648,
    "Subcutaneous Emphysema": 0.01034848764538765,
    "Thickening": 0.10705547779798508,
    "Volume Loss": 0.2665913999080658,
    "normal": 0.8095566034317017
  }
}