{
  "uid": "3828",
  "frontal_image": "3828_IM-1932-1001.dcm.png",
  "lateral_image": "3828_IM-1932-2001.dcm.png",
  "fusion_mode": "weighted_avg(f=0.65,l=0.35)",
  "predicted_classes": [
    "normal"
  ],
  "resolved_classes": [
    "normal"
  ],
  "kg_classes": [
    "Normal"
  ],
  "num_predicted": 1,
  "conflict_resolution": "no_conflict",
  "is_uncertain": false,
  "uncertainty_reason": "",
  "inference_time_s": 0.2612,
  "gt_labels": "normal",
  "probabilities": {
    "Airspace Disease": 0.09891,
    "Bronchiectasis": 0.004432,
    "Bronchiolitis": 0.001953,
    "Bullous Disease": 0.011509,
    "Calcified Granuloma": 0.229849,
    "Calcinosis": 0.180836,
    "Cardiac Shadow (abnormal)": 0.068825,
    "Cardiomegaly": 0.199547,
    "Consolidation": 0.062663,
    "Degenerative Change": 0.336195,
    "Edema": 0.083177,
    "Effusion": 0.013199,
    "Emphysema": 0.138908,
    "Fibrosis": 0.145305,
    "Fractures": 0.102902,
    "Hernia": 0.11195,
    "Hyperinflation": 0.237383,
    "Increased Lung Markings": 0.111106,
    "Interstitial Lung Disease": 0.124243,
    "Kyphosis": 0.060849,
    "Lesion": 0.166843,
    "Mass": 0.035818,
    "Nodule": 0.110814,
    "Osteophyte": 0.137387,
    "Pleural Effusion": 0.058458,
    "Pleural Thickening": 0.068086,
    "Pneumothorax": 0.028844,
    "Pulmonary Artery Enlargement": 0.122847,
    "Pulmonary Fibrosis": 0.017313,
    "Rib Fracture": 0.011632,
    "Scoliosis": 0.101735,
    "Subcutaneous Emphysema": 0.007166,
    "Thickening": 0.071033,
    "Volume Loss": 0.162019,
    "normal": 0.839335
  },
  "frontal_probs": {
    "Airspace Disease": 0.09225217252969742,
    "Bronchiectasis": 0.0030918901320546865,
    "Bronchiolitis": 0.0021436410024762154,
    "Bullous Disease": 0.013819725252687931,
    "Calcified Granuloma": 0.2425217479467392,
    "Calcinosis": 0.1688692420721054,
    "Cardiac Shadow (abnormal)": 0.05470621958374977,
    "Cardiomegaly": 0.2076330929994583,
    "Consolidation": 0.05962969362735748,
    "Degenerative Change": 0.3480553925037384,
    "Edema": 0.06019092723727226,
    "Effusion": 0.0063416133634746075,
    "Emphysema": 0.15043288469314575,
    "Fibrosis": 0.16338986158370972,
    "Fractures": 0.10862372815608978,
    "Hernia": 0.13810978829860687,
    "Hyperinflation": 0.23887555301189423,
    "Increased Lung Markings": 0.09450311958789825,
    "Interstitial Lung Disease": 0.10031639039516449,
    "Kyphosis": 0.08001367747783661,
    "Lesion": 0.16870632767677307,
    "Mass": 0.032831110060214996,
    "Nodule": 0.09622173756361008,
    "Osteophyte": 0.13384346663951874,
    "Pleural Effusion": 0.0571332722902298,
    "Pleural Thickening": 0.06310572475194931,
    "Pneumothorax": 0.013663156889379025,
    "Pulmonary Artery Enlargement": 0.10963603109121323,
    "Pulmonary Fibrosis": 0.010252085514366627,
    "Rib Fracture": 0.012383060529828072,
    "Scoliosis": 0.12022066116333008,
    "Subcutaneous Emphysema": 0.005622032564133406,
    "Thickening": 0.07789736986160278,
    "Volume Loss": 0.13550683856010437,
    "normal": 0.8169119358062744
  },
  "lateral_probs": {
    "Airspace Disease": 0.11127538233995438,
    "Bronchiectasis": 0.0069203744642436504,
    "Bronchiolitis": 0.0016002694610506296,
    "Bullous Disease": 0.007217171136289835,
    "Calcified Granuloma": 0.20631389319896698,
    "Calcinosis": 0.20306052267551422,
    "Cardiac Shadow (abnormal)": 0.09504695236682892,
    "Cardiomegaly": 0.18453079462051392,
    "Consolidation": 0.06829521059989929,
    "Degenerative Change": 0.3141680657863617,
    "Edema": 0.1258644163608551,
    "Effusion": 0.025933068245649338,
    "Emphysema": 0.11750324070453644,
    "Fibrosis": 0.11171986162662506,
    "Fractures": 0.09227512776851654,
    "Hernia": 0.06336630135774612,
    "Hyperinflation": 0.23461133241653442,
    "Increased Lung Markings": 0.1419392079114914,
    "Interstitial Lung Disease": 0.16867758333683014,
    "Kyphosis": 0.02525884471833706,
    "Lesion": 0.16338284313678741,
    "Mass": 0.04136430844664574,
    "Nodule": 0.13791467249393463,
    "Osteophyte": 0.14396776258945465,
    "Pleural Effusion": 0.06091950461268425,
    "Pleural Thickening": 0.07733405381441116,
    "Pneumothorax": 0.057037945836782455,
    "Pulmonary Artery Enlargement": 0.14738039672374725,
    "Pulmonary Fibrosis": 0.030427448451519012,
    "Rib Fracture": 0.010236787609755993,
    "Scoliosis": 0.06740482896566391,
    "Subcutaneous Emphysema": 0.010033481754362583,
    "Thickening": 0.05828367546200752,
    "Volume Loss": 0.21125593781471252,
    "normal": 0.880978524684906
  }
}