{
  "uid": "3636",
  "frontal_image": "3636_IM-1803-1001.dcm.png",
  "lateral_image": "3636_IM-1803-2001.dcm.png",
  "fusion_mode": "weighted_avg(f=0.65,l=0.35)",
  "predicted_classes": [
    "normal"
  ],
  "resolved_classes": [
    "normal"
  ],
  "kg_classes": [
    "Normal"
  ],
  "num_predicted": 1,
  "conflict_resolution": "no_conflict",
  "is_uncertain": true,
  "uncertainty_reason": "normal_prob=0.595 (<0.73) with elevated disease scores: Degenerative Change=0.487, Emphysema=0.464, Hyperinflation=0.438",
  "inference_time_s": 0.2642,
  "gt_labels": "Emphysema;Fibrosis;Hyperinflation;Lesion",
  "probabilities": {
    "Airspace Disease": 0.271497,
    "Bronchiectasis": 0.050223,
    "Bronchiolitis": 0.025638,
    "Bullous Disease": 0.125419,
    "Calcified Granuloma": 0.392719,
    "Calcinosis": 0.374555,
    "Cardiac Shadow (abnormal)": 0.143832,
    "Cardiomegaly": 0.17968,
    "Consolidation": 0.166449,
    "Degenerative Change": 0.486835,
    "Edema": 0.179811,
    "Effusion": 0.069344,
    "Emphysema": 0.463906,
    "Fibrosis": 0.379344,
    "Fractures": 0.286271,
    "Hernia": 0.138532,
    "Hyperinflation": 0.43778,
    "Increased Lung Markings": 0.176749,
    "Interstitial Lung Disease": 0.340003,
    "Kyphosis": 0.122782,
    "Lesion": 0.437707,
    "Mass": 0.105638,
    "Nodule": 0.261009,
    "Osteophyte": 0.215057,
    "Pleural Effusion": 0.241392,
    "Pleural Thickening": 0.30151,
    "Pneumothorax": 0.187668,
    "Pulmonary Artery Enlargement": 0.078534,
    "Pulmonary Fibrosis": 0.131985,
    "Rib Fracture": 0.059426,
    "Scoliosis": 0.192875,
    "Subcutaneous Emphysema": 0.055524,
    "Thickening": 0.177007,
    "Volume Loss": 0.318709,
    "normal": 0.59533
  },
  "frontal_probs": {
    "Airspace Disease": 0.312934935092926,
    "Bronchiectasis": 0.06283418089151382,
    "Bronchiolitis": 0.037495505064725876,
    "Bullous Disease": 0.18109403550624847,
    "Calcified Granuloma": 0.412217915058136,
    "Calcinosis": 0.41641613841056824,
    "Cardiac Shadow (abnormal)": 0.15899714827537537,
    "Cardiomegaly": 0.15433990955352783,
    "Consolidation": 0.20452871918678284,
    "Degenerative Change": 0.5026580691337585,
    "Edema": 0.2019941359758377,
    "Effusion": 0.09361369907855988,
    "Emphysema": 0.5581132769584656,
    "Fibrosis": 0.46707868576049805,
    "Fractures": 0.35905611515045166,
    "Hernia": 0.1507146656513214,
    "Hyperinflation": 0.4851069450378418,
    "Increased Lung Markings": 0.19963359832763672,
    "Interstitial Lung Disease": 0.4142458736896515,
    "Kyphosis": 0.1519380658864975,
    "Lesion": 0.5125263333320618,
    "Mass": 0.12037842720746994,
    "Nodule": 0.28506332635879517,
    "Osteophyte": 0.18928255140781403,
    "Pleural Effusion": 0.30904510617256165,
    "Pleural Thickening": 0.3881013095378876,
    "Pneumothorax": 0.2692689001560211,
    "Pulmonary Artery Enlargement": 0.09264051169157028,
    "Pulmonary Fibrosis": 0.1699737161397934,
    "Rib Fracture": 0.08369216322898865,
    "Scoliosis": 0.20541973412036896,
    "Subcutaneous Emphysema": 0.07883463054895401,
    "Thickening": 0.19655369222164154,
    "Volume Loss": 0.3846975862979889,
    "normal": 0.5394316911697388
  },
  "lateral_probs": {
    "Airspace Disease": 0.1945403814315796,
    "Bronchiectasis": 0.026801930740475655,
    "Bronchiolitis": 0.0036170356906950474,
    "Bullous Disease": 0.02202383056282997,
    "Calcified Granuloma": 0.35650625824928284,
    "Calcinosis": 0.2968120574951172,
    "Cardiac Shadow (abnormal)": 0.11566697061061859,
    "Cardiomegaly": 0.2267390936613083,
    "Consolidation": 0.09572872519493103,
    "Degenerative Change": 0.4574504792690277,
    "Edema": 0.13861460983753204,
    "Effusion": 0.024271562695503235,
    "Emphysema": 0.28894880414009094,
    "Fibrosis": 0.21640707552433014,
    "Fractures": 0.1510981023311615,
    "Hernia": 0.11590837687253952,
    "Hyperinflation": 0.34988677501678467,
    "Increased Lung Markings": 0.13424770534038544,
    "Interstitial Lung Disease": 0.20212207734584808,
    "Kyphosis": 0.0686364471912384,
    "Lesion": 0.29875755310058594,
    "Mass": 0.07826326787471771,
    "Nodule": 0.2163379043340683,
    "Osteophyte": 0.26292335987091064,
    "Pleural Effusion": 0.1157492995262146,
    "Pleural Thickening": 0.14069803059101105,
    "Pneumothorax": 0.03612290695309639,
    "Pulmonary Artery Enlargement": 0.05233744904398918,
    "Pulmonary Fibrosis": 0.0614357627928257,
    "Rib Fracture": 0.014361497014760971,
    "Scoliosis": 0.1695764660835266,
    "Subcutaneous Emphysema": 0.012232929468154907,
    "Thickening": 0.14070500433444977,
    "Volume Loss": 0.1961599439382553,
    "normal": 0.6991399526596069
  }
}