{
  "uid": "3989",
  "frontal_image": "3989_IM-2042-1001.dcm.png",
  "lateral_image": "3989_IM-2042-2001.dcm.png",
  "fusion_mode": "weighted_avg(f=0.65,l=0.35)",
  "predicted_classes": [
    "normal"
  ],
  "resolved_classes": [
    "normal"
  ],
  "kg_classes": [
    "Normal"
  ],
  "num_predicted": 1,
  "conflict_resolution": "no_conflict",
  "is_uncertain": false,
  "uncertainty_reason": "",
  "inference_time_s": 0.2417,
  "gt_labels": "Hernia",
  "probabilities": {
    "Airspace Disease": 0.05823,
    "Bronchiectasis": 0.010154,
    "Bronchiolitis": 0.000484,
    "Bullous Disease": 0.00262,
    "Calcified Granuloma": 0.131306,
    "Calcinosis": 0.117936,
    "Cardiac Shadow (abnormal)": 0.022374,
    "Cardiomegaly": 0.055546,
    "Consolidation": 0.032868,
    "Degenerative Change": 0.130748,
    "Edema": 0.031922,
    "Effusion": 0.009535,
    "Emphysema": 0.047691,
    "Fibrosis": 0.082528,
    "Fractures": 0.069572,
    "Hernia": 0.04585,
    "Hyperinflation": 0.139743,
    "Increased Lung Markings": 0.071866,
    "Interstitial Lung Disease": 0.029028,
    "Kyphosis": 0.011791,
    "Lesion": 0.121221,
    "Mass": 0.018611,
    "Nodule": 0.077936,
    "Osteophyte": 0.059486,
    "Pleural Effusion": 0.034214,
    "Pleural Thickening": 0.03681,
    "Pneumothorax": 0.024602,
    "Pulmonary Artery Enlargement": 0.014608,
    "Pulmonary Fibrosis": 0.013893,
    "Rib Fracture": 0.005016,
    "Scoliosis": 0.087682,
    "Subcutaneous Emphysema": 0.003782,
    "Thickening": 0.051152,
    "Volume Loss": 0.072459,
    "normal": 0.931685
  },
  "frontal_probs": {
    "Airspace Disease": 0.014154057018458843,
    "Bronchiectasis": 5.6647051678737625e-05,
    "Bronchiolitis": 1.190246894111624e-05,
    "Bullous Disease": 0.00030829221941530704,
    "Calcified Granuloma": 0.053422775119543076,
    "Calcinosis": 0.048726022243499756,
    "Cardiac Shadow (abnormal)": 0.0009531652904115617,
    "Cardiomegaly": 0.009586634114384651,
    "Consolidation": 0.005481909494847059,
    "Degenerative Change": 0.02772410772740841,
    "Edema": 0.0019430500688031316,
    "Effusion": 0.0005841447273269296,
    "Emphysema": 0.016599060967564583,
    "Fibrosis": 0.03057493269443512,
    "Fractures": 0.02136177010834217,
    "Hernia": 0.010119013488292694,
    "Hyperinflation": 0.0416581928730011,
    "Increased Lung Markings": 0.019539587199687958,
    "Interstitial Lung Disease": 0.004173721186816692,
    "Kyphosis": 0.0031689691822975874,
    "Lesion": 0.023266129195690155,
    "Mass": 0.0006090965471230447,
    "Nodule": 0.01894170232117176,
    "Osteophyte": 0.016223764047026634,
    "Pleural Effusion": 0.0017459215596318245,
    "Pleural Thickening": 0.012336647137999535,
    "Pneumothorax": 0.017785869538784027,
    "Pulmonary Artery Enlargement": 0.0014608330093324184,
    "Pulmonary Fibrosis": 0.0002361022779950872,
    "Rib Fracture": 0.00010755244147730991,
    "Scoliosis": 0.04333021864295006,
    "Subcutaneous Emphysema": 0.00014353224833030254,
    "Thickening": 0.004999394528567791,
    "Volume Loss": 0.01988614909350872,
    "normal": 0.9868532419204712
  },
  "lateral_probs": {
    "Airspace Disease": 0.14008431136608124,
    "Bronchiectasis": 0.02890738658607006,
    "Bronchiolitis": 0.0013617260847240686,
    "Bullous Disease": 0.006913469638675451,
    "Calcified Granuloma": 0.275947630405426,
    "Calcinosis": 0.2464693784713745,
    "Cardiac Shadow (abnormal)": 0.06215455010533333,
    "Cardiomegaly": 0.14089927077293396,
    "Consolidation": 0.08372650295495987,
    "Degenerative Change": 0.32207897305488586,
    "Edema": 0.08759666979312897,
    "Effusion": 0.026159225031733513,
    "Emphysema": 0.10543232411146164,
    "Fibrosis": 0.179013192653656,
    "Fractures": 0.15910395979881287,
    "Hernia": 0.11220680922269821,
    "Hyperinflation": 0.3219009339809418,
    "Increased Lung Markings": 0.1690431535243988,
    "Interstitial Lung Disease": 0.07518677413463593,
    "Kyphosis": 0.02780315652489662,
    "Lesion": 0.30313849449157715,
    "Mass": 0.0520443394780159,
    "Nodule": 0.18749569356441498,
    "Osteophyte": 0.1398291140794754,
    "Pleural Effusion": 0.0945119559764862,
    "Pleural Thickening": 0.0822611078619957,
    "Pneumothorax": 0.037261709570884705,
    "Pulmonary Artery Enlargement": 0.0390230193734169,
    "Pulmonary Fibrosis": 0.03925575688481331,
    "Rib Fracture": 0.014132056385278702,
    "Scoliosis": 0.17004968225955963,
    "Subcutaneous Emphysema": 0.010539046488702297,
    "Thickening": 0.13686519861221313,
    "Volume Loss": 0.17009516060352325,
    "normal": 0.8292306065559387
  }
}