{
  "uid": "3609",
  "frontal_image": "3609_IM-1782-2001.dcm.png",
  "lateral_image": "3609_IM-1782-3001.dcm.png",
  "fusion_mode": "weighted_avg(f=0.65,l=0.35)",
  "predicted_classes": [
    "normal",
    "Cardiomegaly",
    "Lesion"
  ],
  "resolved_classes": [
    "Cardiomegaly",
    "Lesion"
  ],
  "kg_classes": [
    "Cardiomegaly",
    "Lesion"
  ],
  "num_predicted": 2,
  "conflict_resolution": "disease_dominates",
  "is_uncertain": false,
  "uncertainty_reason": "",
  "inference_time_s": 0.2787,
  "gt_labels": "Cardiomegaly",
  "probabilities": {
    "Airspace Disease": 0.284971,
    "Bronchiectasis": 0.045166,
    "Bronchiolitis": 0.012836,
    "Bullous Disease": 0.04762,
    "Calcified Granuloma": 0.262661,
    "Calcinosis": 0.249389,
    "Cardiac Shadow (abnormal)": 0.290362,
    "Cardiomegaly": 0.545203,
    "Consolidation": 0.2174,
    "Degenerative Change": 0.42169,
    "Edema": 0.320418,
    "Effusion": 0.111389,
    "Emphysema": 0.152431,
    "Fibrosis": 0.262569,
    "Fractures": 0.214817,
    "Hernia": 0.243147,
    "Hyperinflation": 0.434241,
    "Increased Lung Markings": 0.297468,
    "Interstitial Lung Disease": 0.161972,
    "Kyphosis": 0.231138,
    "Lesion": 0.535299,
    "Mass": 0.088698,
    "Nodule": 0.15518,
    "Osteophyte": 0.204659,
    "Pleural Effusion": 0.299688,
    "Pleural Thickening": 0.229996,
    "Pneumothorax": 0.116316,
    "Pulmonary Artery Enlargement": 0.137333,
    "Pulmonary Fibrosis": 0.088276,
    "Rib Fracture": 0.045236,
    "Scoliosis": 0.238569,
    "Subcutaneous Emphysema": 0.047367,
    "Thickening": 0.212642,
    "Volume Loss": 0.342233,
    "normal": 0.575596
  },
  "frontal_probs": {
    "Airspace Disease": 0.3280695974826813,
    "Bronchiectasis": 0.051385216414928436,
    "Bronchiolitis": 0.01706486940383911,
    "Bullous Disease": 0.054681446403265,
    "Calcified Granuloma": 0.24742348492145538,
    "Calcinosis": 0.2624754309654236,
    "Cardiac Shadow (abnormal)": 0.32236695289611816,
    "Cardiomegaly": 0.5958971977233887,
    "Consolidation": 0.2622380256652832,
    "Degenerative Change": 0.42661961913108826,
    "Edema": 0.3556649386882782,
    "Effusion": 0.1458665281534195,
    "Emphysema": 0.1489146500825882,
    "Fibrosis": 0.2588088810443878,
    "Fractures": 0.23402686417102814,
    "Hernia": 0.2680402398109436,
    "Hyperinflation": 0.461611807346344,
    "Increased Lung Markings": 0.33156418800354004,
    "Interstitial Lung Disease": 0.1662592589855194,
    "Kyphosis": 0.2843480408191681,
    "Lesion": 0.5874685049057007,
    "Mass": 0.09989940375089645,
    "Nodule": 0.15934385359287262,
    "Osteophyte": 0.18038080632686615,
    "Pleural Effusion": 0.3503454327583313,
    "Pleural Thickening": 0.27743375301361084,
    "Pneumothorax": 0.14710628986358643,
    "Pulmonary Artery Enlargement": 0.16305817663669586,
    "Pulmonary Fibrosis": 0.09239313751459122,
    "Rib Fracture": 0.05410837382078171,
    "Scoliosis": 0.25519853830337524,
    "Subcutaneous Emphysema": 0.05971799045801163,
    "Thickening": 0.23975029587745667,
    "Volume Loss": 0.3684397339820862,
    "normal": 0.5147693157196045
  },
  "lateral_probs": {
    "Airspace Disease": 0.2049296647310257,
    "Bronchiectasis": 0.033617179840803146,
    "Bronchiolitis": 0.00498355133458972,
    "Bullous Disease": 0.03450582176446915,
    "Calcified Granuloma": 0.29095983505249023,
    "Calcinosis": 0.2250857949256897,
    "Cardiac Shadow (abnormal)": 0.23092420399188995,
    "Cardiomegaly": 0.45105740427970886,
    "Consolidation": 0.13413000106811523,
    "Degenerative Change": 0.41253605484962463,
    "Edema": 0.25495994091033936,
    "Effusion": 0.04735875874757767,
    "Emphysema": 0.1589621901512146,
    "Fibrosis": 0.2695518434047699,
    "Fractures": 0.17914114892482758,
    "Hernia": 0.19691550731658936,
    "Hyperinflation": 0.3834105134010315,
    "Increased Lung Markings": 0.23414643108844757,
    "Interstitial Lung Disease": 0.15400971472263336,
    "Kyphosis": 0.13231858611106873,
    "Lesion": 0.4384123384952545,
    "Mass": 0.06789561361074448,
    "Nodule": 0.14744670689105988,
    "Osteophyte": 0.2497459203004837,
    "Pleural Effusion": 0.2056085765361786,
    "Pleural Thickening": 0.14189603924751282,
    "Pneumothorax": 0.059134431183338165,
    "Pulmonary Artery Enlargement": 0.0895562618970871,
    "Pulmonary Fibrosis": 0.080629862844944,
    "Rib Fracture": 0.02875964343547821,
    "Scoliosis": 0.20768655836582184,
    "Subcutaneous Emphysema": 0.024429963901638985,
    "Thickening": 0.16229715943336487,
    "Volume Loss": 0.2935640811920166,
    "normal": 0.6885601878166199
  }
}