{
  "uid": "3721",
  "frontal_image": "3721_IM-1859-1001.dcm.png",
  "lateral_image": "3721_IM-1859-2001.dcm.png",
  "fusion_mode": "weighted_avg(f=0.65,l=0.35)",
  "predicted_classes": [
    "normal"
  ],
  "resolved_classes": [
    "normal"
  ],
  "kg_classes": [
    "Normal"
  ],
  "num_predicted": 1,
  "conflict_resolution": "no_conflict",
  "is_uncertain": true,
  "uncertainty_reason": "normal_prob=0.608 (<0.73) with elevated disease scores: Lesion=0.472, Degenerative Change=0.433, Calcified Granuloma=0.400",
  "inference_time_s": 0.2662,
  "gt_labels": "Lesion;Volume Loss",
  "probabilities": {
    "Airspace Disease": 0.308003,
    "Bronchiectasis": 0.070624,
    "Bronchiolitis": 0.020345,
    "Bullous Disease": 0.053477,
    "Calcified Granuloma": 0.399533,
    "Calcinosis": 0.291916,
    "Cardiac Shadow (abnormal)": 0.157149,
    "Cardiomegaly": 0.260992,
    "Consolidation": 0.215537,
    "Degenerative Change": 0.432657,
    "Edema": 0.204545,
    "Effusion": 0.027464,
    "Emphysema": 0.274001,
    "Fibrosis": 0.284578,
    "Fractures": 0.173059,
    "Hernia": 0.19883,
    "Hyperinflation": 0.396542,
    "Increased Lung Markings": 0.208794,
    "Interstitial Lung Disease": 0.238226,
    "Kyphosis": 0.131277,
    "Lesion": 0.472148,
    "Mass": 0.1001,
    "Nodule": 0.274671,
    "Osteophyte": 0.203418,
    "Pleural Effusion": 0.21847,
    "Pleural Thickening": 0.231809,
    "Pneumothorax": 0.0479,
    "Pulmonary Artery Enlargement": 0.088979,
    "Pulmonary Fibrosis": 0.077997,
    "Rib Fracture": 0.061608,
    "Scoliosis": 0.129625,
    "Subcutaneous Emphysema": 0.024283,
    "Thickening": 0.194966,
    "Volume Loss": 0.332775,
    "normal": 0.608245
  },
  "frontal_probs": {
    "Airspace Disease": 0.3975098133087158,
    "Bronchiectasis": 0.10400582104921341,
    "Bronchiolitis": 0.03079221025109291,
    "Bullous Disease": 0.07760847359895706,
    "Calcified Granuloma": 0.406280517578125,
    "Calcinosis": 0.31004568934440613,
    "Cardiac Shadow (abnormal)": 0.20602978765964508,
    "Cardiomegaly": 0.31090661883354187,
    "Consolidation": 0.29372087121009827,
    "Degenerative Change": 0.4324483871459961,
    "Edema": 0.2613237500190735,
    "Effusion": 0.02875026874244213,
    "Emphysema": 0.3155732750892639,
    "Fibrosis": 0.3253699243068695,
    "Fractures": 0.1898491084575653,
    "Hernia": 0.26022568345069885,
    "Hyperinflation": 0.442316472530365,
    "Increased Lung Markings": 0.24490003287792206,
    "Interstitial Lung Disease": 0.28402096033096313,
    "Kyphosis": 0.18335682153701782,
    "Lesion": 0.5794833302497864,
    "Mass": 0.1401376575231552,
    "Nodule": 0.32718774676322937,
    "Osteophyte": 0.21623998880386353,
    "Pleural Effusion": 0.2936493754386902,
    "Pleural Thickening": 0.2769591212272644,
    "Pneumothorax": 0.06076360493898392,
    "Pulmonary Artery Enlargement": 0.11673387140035629,
    "Pulmonary Fibrosis": 0.09506833553314209,
    "Rib Fracture": 0.08793830126523972,
    "Scoliosis": 0.14069287478923798,
    "Subcutaneous Emphysema": 0.03331363573670387,
    "Thickening": 0.24666827917099,
    "Volume Loss": 0.405263215303421,
    "normal": 0.4998692572116852
  },
  "lateral_probs": {
    "Airspace Disease": 0.1417751908302307,
    "Bronchiectasis": 0.008630047552287579,
    "Bronchiolitis": 0.000941789650823921,
    "Bullous Disease": 0.008662176318466663,
    "Calcified Granuloma": 0.38700070977211,
    "Calcinosis": 0.2582463324069977,
    "Cardiac Shadow (abnormal)": 0.06636971980333328,
    "Cardiomegaly": 0.168294757604599,
    "Consolidation": 0.07033773511648178,
    "Degenerative Change": 0.4330451190471649,
    "Edema": 0.09909737855195999,
    "Effusion": 0.02507387287914753,
    "Emphysema": 0.19679516553878784,
    "Fibrosis": 0.20882244408130646,
    "Fractures": 0.14187797904014587,
    "Hernia": 0.08480861783027649,
    "Hyperinflation": 0.3115333616733551,
    "Increased Lung Markings": 0.1417407989501953,
    "Interstitial Lung Disease": 0.15317803621292114,
    "Kyphosis": 0.034558556973934174,
    "Lesion": 0.27281123399734497,
    "Mass": 0.025744792073965073,
    "Nodule": 0.17714005708694458,
    "Osteophyte": 0.1796056628227234,
    "Pleural Effusion": 0.07885108143091202,
    "Pleural Thickening": 0.14795821905136108,
    "Pneumothorax": 0.024011438712477684,
    "Pulmonary Artery Enlargement": 0.03743477165699005,
    "Pulmonary Fibrosis": 0.046294353902339935,
    "Rib Fracture": 0.012709872797131538,
    "Scoliosis": 0.109070785343647,
    "Subcutaneous Emphysema": 0.007512490730732679,
    "Thickening": 0.0989462286233902,
    "Volume Loss": 0.19815288484096527,
    "normal": 0.8095153570175171
  }
}