{
  "uid": "3848",
  "frontal_image": "3848_IM-1946-1001-0001.dcm.png",
  "lateral_image": "3848_IM-1946-1001-0002.dcm.png",
  "fusion_mode": "weighted_avg(f=0.65,l=0.35)",
  "predicted_classes": [
    "Cardiomegaly",
    "Lesion"
  ],
  "resolved_classes": [
    "Cardiomegaly",
    "Lesion"
  ],
  "kg_classes": [
    "Cardiomegaly",
    "Lesion"
  ],
  "num_predicted": 2,
  "conflict_resolution": "no_conflict",
  "is_uncertain": false,
  "uncertainty_reason": "",
  "inference_time_s": 0.2443,
  "gt_labels": "Cardiomegaly;Degenerative Change;Edema;Lesion;Pleural Thickening;Pulmonary Artery Enlargement",
  "probabilities": {
    "Airspace Disease": 0.358139,
    "Bronchiectasis": 0.038844,
    "Bronchiolitis": 0.016376,
    "Bullous Disease": 0.050411,
    "Calcified Granuloma": 0.297205,
    "Calcinosis": 0.299416,
    "Cardiac Shadow (abnormal)": 0.281718,
    "Cardiomegaly": 0.556434,
    "Consolidation": 0.180119,
    "Degenerative Change": 0.458531,
    "Edema": 0.404057,
    "Effusion": 0.120953,
    "Emphysema": 0.163508,
    "Fibrosis": 0.28721,
    "Fractures": 0.257945,
    "Hernia": 0.24667,
    "Hyperinflation": 0.480639,
    "Increased Lung Markings": 0.367343,
    "Interstitial Lung Disease": 0.147356,
    "Kyphosis": 0.250734,
    "Lesion": 0.522694,
    "Mass": 0.053615,
    "Nodule": 0.160243,
    "Osteophyte": 0.178889,
    "Pleural Effusion": 0.342912,
    "Pleural Thickening": 0.252351,
    "Pneumothorax": 0.146759,
    "Pulmonary Artery Enlargement": 0.164314,
    "Pulmonary Fibrosis": 0.120416,
    "Rib Fracture": 0.027162,
    "Scoliosis": 0.253584,
    "Subcutaneous Emphysema": 0.051219,
    "Thickening": 0.225467,
    "Volume Loss": 0.397753,
    "normal": 0.429953
  },
  "frontal_probs": {
    "Airspace Disease": 0.4154924750328064,
    "Bronchiectasis": 0.051757730543613434,
    "Bronchiolitis": 0.02235366590321064,
    "Bullous Disease": 0.05222354084253311,
    "Calcified Granuloma": 0.30559495091438293,
    "Calcinosis": 0.30671483278274536,
    "Cardiac Shadow (abnormal)": 0.3456839621067047,
    "Cardiomegaly": 0.6332528591156006,
    "Consolidation": 0.22014427185058594,
    "Degenerative Change": 0.45899203419685364,
    "Edema": 0.48643243312835693,
    "Effusion": 0.16136644780635834,
    "Emphysema": 0.16145774722099304,
    "Fibrosis": 0.3235454261302948,
    "Fractures": 0.25561362504959106,
    "Hernia": 0.2998124361038208,
    "Hyperinflation": 0.48634442687034607,
    "Increased Lung Markings": 0.40297192335128784,
    "Interstitial Lung Disease": 0.13807934522628784,
    "Kyphosis": 0.2728804051876068,
    "Lesion": 0.5626965761184692,
    "Mass": 0.06356601417064667,
    "Nodule": 0.1716291308403015,
    "Osteophyte": 0.1943303346633911,
    "Pleural Effusion": 0.3849414885044098,
    "Pleural Thickening": 0.321709007024765,
    "Pneumothorax": 0.16001147031784058,
    "Pulmonary Artery Enlargement": 0.21993431448936462,
    "Pulmonary Fibrosis": 0.16083484888076782,
    "Rib Fracture": 0.03425272926688194,
    "Scoliosis": 0.2855358421802521,
    "Subcutaneous Emphysema": 0.05607449263334274,
    "Thickening": 0.28451812267303467,
    "Volume Loss": 0.43989530205726624,
    "normal": 0.38054898381233215
  },
  "lateral_probs": {
    "Airspace Disease": 0.25162622332572937,
    "Bronchiectasis": 0.014860270544886589,
    "Bronchiolitis": 0.0052755349315702915,
    "Bullous Disease": 0.04704385623335838,
    "Calcified Granuloma": 0.2816235423088074,
    "Calcinosis": 0.28585970401763916,
    "Cardiac Shadow (abnormal)": 0.16292421519756317,
    "Cardiomegaly": 0.4137698709964752,
    "Consolidation": 0.10578575730323792,
    "Degenerative Change": 0.45767495036125183,
    "Edema": 0.2510751187801361,
    "Effusion": 0.04590066522359848,
    "Emphysema": 0.16731448471546173,
    "Fibrosis": 0.21973058581352234,
    "Fractures": 0.2622736692428589,
    "Hernia": 0.14797599613666534,
    "Hyperinflation": 0.47004199028015137,
    "Increased Lung Markings": 0.30117368698120117,
    "Interstitial Lung Disease": 0.16458308696746826,
    "Kyphosis": 0.20960557460784912,
    "Lesion": 0.44840365648269653,
    "Mass": 0.035133715718984604,
    "Nodule": 0.13909845054149628,
    "Osteophyte": 0.15021272003650665,
    "Pleural Effusion": 0.26485660672187805,
    "Pleural Thickening": 0.12354239821434021,
    "Pneumothorax": 0.12214591354131699,
    "Pulmonary Artery Enlargement": 0.06101958826184273,
    "Pulmonary Fibrosis": 0.04535110667347908,
    "Rib Fracture": 0.013992649503052235,
    "Scoliosis": 0.19424454867839813,
    "Subcutaneous Emphysema": 0.0422021858394146,
    "Thickening": 0.11579977720975876,
    "Volume Loss": 0.31948792934417725,
    "normal": 0.5217029452323914
  }
}