{
  "uid": "3235",
  "frontal_image": "3235_IM-1532-1001.dcm.png",
  "lateral_image": "3235_IM-1532-2001.dcm.png",
  "fusion_mode": "weighted_avg(f=0.65,l=0.35)",
  "predicted_classes": [
    "normal"
  ],
  "resolved_classes": [
    "normal"
  ],
  "kg_classes": [
    "Normal"
  ],
  "num_predicted": 1,
  "conflict_resolution": "no_conflict",
  "is_uncertain": false,
  "uncertainty_reason": "",
  "inference_time_s": 0.2741,
  "gt_labels": "normal",
  "probabilities": {
    "Airspace Disease": 0.185843,
    "Bronchiectasis": 0.035289,
    "Bronchiolitis": 0.005526,
    "Bullous Disease": 0.017521,
    "Calcified Granuloma": 0.249093,
    "Calcinosis": 0.200114,
    "Cardiac Shadow (abnormal)": 0.148448,
    "Cardiomegaly": 0.30715,
    "Consolidation": 0.105682,
    "Degenerative Change": 0.304869,
    "Edema": 0.174942,
    "Effusion": 0.037066,
    "Emphysema": 0.110849,
    "Fibrosis": 0.168876,
    "Fractures": 0.167398,
    "Hernia": 0.167653,
    "Hyperinflation": 0.300152,
    "Increased Lung Markings": 0.272867,
    "Interstitial Lung Disease": 0.084747,
    "Kyphosis": 0.065038,
    "Lesion": 0.301373,
    "Mass": 0.049955,
    "Nodule": 0.202949,
    "Osteophyte": 0.173045,
    "Pleural Effusion": 0.14684,
    "Pleural Thickening": 0.119675,
    "Pneumothorax": 0.067886,
    "Pulmonary Artery Enlargement": 0.098459,
    "Pulmonary Fibrosis": 0.051753,
    "Rib Fracture": 0.025656,
    "Scoliosis": 0.169798,
    "Subcutaneous Emphysema": 0.019648,
    "Thickening": 0.140871,
    "Volume Loss": 0.234567,
    "normal": 0.737957
  },
  "frontal_probs": {
    "Airspace Disease": 0.09678632020950317,
    "Bronchiectasis": 0.0032641387078911066,
    "Bronchiolitis": 0.0017504759598523378,
    "Bullous Disease": 0.006704422179609537,
    "Calcified Granuloma": 0.20298683643341064,
    "Calcinosis": 0.13887301087379456,
    "Cardiac Shadow (abnormal)": 0.10074156522750854,
    "Cardiomegaly": 0.2599674463272095,
    "Consolidation": 0.029760507866740227,
    "Degenerative Change": 0.2401236742734909,
    "Edema": 0.13283294439315796,
    "Effusion": 0.021279262378811836,
    "Emphysema": 0.04719499498605728,
    "Fibrosis": 0.0915670171380043,
    "Fractures": 0.13271337747573853,
    "Hernia": 0.1347048580646515,
    "Hyperinflation": 0.22099880874156952,
    "Increased Lung Markings": 0.22797439992427826,
    "Interstitial Lung Disease": 0.02595938742160797,
    "Kyphosis": 0.039476633071899414,
    "Lesion": 0.21176791191101074,
    "Mass": 0.02252310700714588,
    "Nodule": 0.1865750551223755,
    "Osteophyte": 0.1566958874464035,
    "Pleural Effusion": 0.060327962040901184,
    "Pleural Thickening": 0.04596523568034172,
    "Pneumothorax": 0.06244701147079468,
    "Pulmonary Artery Enlargement": 0.0898548886179924,
    "Pulmonary Fibrosis": 0.011389401741325855,
    "Rib Fracture": 0.01377375889569521,
    "Scoliosis": 0.13250713050365448,
    "Subcutaneous Emphysema": 0.006097088567912579,
    "Thickening": 0.06877516210079193,
    "Volume Loss": 0.15911348164081573,
    "normal": 0.8144990801811218
  },
  "lateral_probs": {
    "Airspace Disease": 0.3512331545352936,
    "Bronchiectasis": 0.09476348757743835,
    "Bronchiolitis": 0.012536895461380482,
    "Bullous Disease": 0.03760768473148346,
    "Calcified Granuloma": 0.3347177803516388,
    "Calcinosis": 0.3138481676578522,
    "Cardiac Shadow (abnormal)": 0.2370445430278778,
    "Cardiomegaly": 0.3947739899158478,
    "Consolidation": 0.24668028950691223,
    "Degenerative Change": 0.425110399723053,
    "Edema": 0.25314417481422424,
    "Effusion": 0.06638356298208237,
    "Emphysema": 0.22906307876110077,
    "Fibrosis": 0.31244897842407227,
    "Fractures": 0.23181290924549103,
    "Hernia": 0.22884298861026764,
    "Hyperinflation": 0.4471506178379059,
    "Increased Lung Markings": 0.35624009370803833,
    "Interstitial Lung Disease": 0.19392338395118713,
    "Kyphosis": 0.1125083938241005,
    "Lesion": 0.4677828550338745,
    "Mass": 0.10089857876300812,
    "Nodule": 0.23335640132427216,
    "Osteophyte": 0.20340639352798462,
    "Pleural Effusion": 0.30750420689582825,
    "Pleural Thickening": 0.25656336545944214,
    "Pneumothorax": 0.07798568159341812,
    "Pulmonary Artery Enlargement": 0.11443765461444855,
    "Pulmonary Fibrosis": 0.12671443819999695,
    "Rib Fracture": 0.047723062336444855,
    "Scoliosis": 0.23905344307422638,
    "Subcutaneous Emphysema": 0.044815368950366974,
    "Thickening": 0.27476295828819275,
    "Volume Loss": 0.37469610571861267,
    "normal": 0.5958083271980286
  }
}