{
  "uid": "3566",
  "frontal_image": "3566_IM-1751-12012.dcm.png|3566_IM-1751-4004.dcm.png",
  "lateral_image": "3566_IM-1751-1001.dcm.png|3566_IM-1751-2001.dcm.png",
  "fusion_mode": "weighted_avg(f=0.65,l=0.35)",
  "predicted_classes": [
    "Lesion"
  ],
  "resolved_classes": [
    "Lesion"
  ],
  "kg_classes": [
    "Lesion"
  ],
  "num_predicted": 1,
  "conflict_resolution": "no_conflict",
  "is_uncertain": false,
  "uncertainty_reason": "",
  "inference_time_s": 0.5169,
  "gt_labels": "Hyperinflation;Osteophyte;Volume Loss",
  "probabilities": {
    "Airspace Disease": 0.358795,
    "Bronchiectasis": 0.064286,
    "Bronchiolitis": 0.02971,
    "Bullous Disease": 0.078708,
    "Calcified Granuloma": 0.308624,
    "Calcinosis": 0.371851,
    "Cardiac Shadow (abnormal)": 0.296616,
    "Cardiomegaly": 0.475119,
    "Consolidation": 0.181787,
    "Degenerative Change": 0.452543,
    "Edema": 0.336697,
    "Effusion": 0.18117,
    "Emphysema": 0.185201,
    "Fibrosis": 0.257241,
    "Fractures": 0.293173,
    "Hernia": 0.238684,
    "Hyperinflation": 0.492552,
    "Increased Lung Markings": 0.415854,
    "Interstitial Lung Disease": 0.185794,
    "Kyphosis": 0.192801,
    "Lesion": 0.51064,
    "Mass": 0.08577,
    "Nodule": 0.266696,
    "Osteophyte": 0.296063,
    "Pleural Effusion": 0.369846,
    "Pleural Thickening": 0.271423,
    "Pneumothorax": 0.228334,
    "Pulmonary Artery Enlargement": 0.092575,
    "Pulmonary Fibrosis": 0.169795,
    "Rib Fracture": 0.076157,
    "Scoliosis": 0.20873,
    "Subcutaneous Emphysema": 0.070527,
    "Thickening": 0.222116,
    "Volume Loss": 0.43756,
    "normal": 0.49871
  },
  "frontal_probs": {
    "Airspace Disease": 0.31709901988506317,
    "Bronchiectasis": 0.06018049642443657,
    "Bronchiolitis": 0.031823075376451015,
    "Bullous Disease": 0.07569458335638046,
    "Calcified Granuloma": 0.30504724383354187,
    "Calcinosis": 0.37892310321331024,
    "Cardiac Shadow (abnormal)": 0.27574728429317474,
    "Cardiomegaly": 0.45153316855430603,
    "Consolidation": 0.18610358983278275,
    "Degenerative Change": 0.4534298777580261,
    "Edema": 0.3106591925024986,
    "Effusion": 0.17903945595026016,
    "Emphysema": 0.15427910536527634,
    "Fibrosis": 0.2798863798379898,
    "Fractures": 0.2866941913962364,
    "Hernia": 0.24556422233581543,
    "Hyperinflation": 0.45462000370025635,
    "Increased Lung Markings": 0.40192320942878723,
    "Interstitial Lung Disease": 0.14771490171551704,
    "Kyphosis": 0.19286784529685974,
    "Lesion": 0.4863836318254471,
    "Mass": 0.0712069571018219,
    "Nodule": 0.2696612477302551,
    "Osteophyte": 0.3419785350561142,
    "Pleural Effusion": 0.341915562748909,
    "Pleural Thickening": 0.2760462760925293,
    "Pneumothorax": 0.23066473752260208,
    "Pulmonary Artery Enlargement": 0.0866495929658413,
    "Pulmonary Fibrosis": 0.17483965680003166,
    "Rib Fracture": 0.07866444066166878,
    "Scoliosis": 0.19399364292621613,
    "Subcutaneous Emphysema": 0.07911141775548458,
    "Thickening": 0.24611947685480118,
    "Volume Loss": 0.43561625480651855,
    "normal": 0.5151228308677673
  },
  "lateral_probs": {
    "Airspace Disease": 0.43623073399066925,
    "Bronchiectasis": 0.0719095878303051,
    "Bronchiolitis": 0.025786800775676966,
    "Bullous Disease": 0.08430450037121773,
    "Calcified Granuloma": 0.315267875790596,
    "Calcinosis": 0.35871632397174835,
    "Cardiac Shadow (abnormal)": 0.33537301421165466,
    "Cardiomegaly": 0.518920511007309,
    "Consolidation": 0.17377090454101562,
    "Degenerative Change": 0.45089609920978546,
    "Edema": 0.38505375385284424,
    "Effusion": 0.18512622639536858,
    "Emphysema": 0.24262680113315582,
    "Fibrosis": 0.21518509089946747,
    "Fractures": 0.30520471930503845,
    "Hernia": 0.2259076088666916,
    "Hyperinflation": 0.5629971623420715,
    "Increased Lung Markings": 0.44172678887844086,
    "Interstitial Lung Disease": 0.2565118670463562,
    "Kyphosis": 0.19267815351486206,
    "Lesion": 0.5556880533695221,
    "Mass": 0.11281627602875233,
    "Nodule": 0.2611887976527214,
    "Osteophyte": 0.2107924297451973,
    "Pleural Effusion": 0.42171645164489746,
    "Pleural Thickening": 0.262837678194046,
    "Pneumothorax": 0.22400453686714172,
    "Pulmonary Artery Enlargement": 0.10358033329248428,
    "Pulmonary Fibrosis": 0.16042520478367805,
    "Rib Fracture": 0.07149950973689556,
    "Scoliosis": 0.23609858751296997,
    "Subcutaneous Emphysema": 0.05458452180027962,
    "Thickening": 0.1775381863117218,
    "Volume Loss": 0.4411700516939163,
    "normal": 0.46822772920131683
  }
}