{
  "uid": "3417",
  "frontal_image": "3417_IM-1652-1001.dcm.png",
  "lateral_image": "3417_IM-1652-2001.dcm.png",
  "fusion_mode": "weighted_avg(f=0.65,l=0.35)",
  "predicted_classes": [
    "normal",
    "Degenerative Change"
  ],
  "resolved_classes": [
    "Degenerative Change"
  ],
  "kg_classes": [
    "Degenerative Change"
  ],
  "num_predicted": 1,
  "conflict_resolution": "disease_dominates",
  "is_uncertain": false,
  "uncertainty_reason": "",
  "inference_time_s": 0.2569,
  "gt_labels": "Cardiomegaly;Degenerative Change;Emphysema;Hyperinflation;Interstitial Lung Disease",
  "probabilities": {
    "Airspace Disease": 0.254089,
    "Bronchiectasis": 0.081784,
    "Bronchiolitis": 0.020758,
    "Bullous Disease": 0.05168,
    "Calcified Granuloma": 0.399308,
    "Calcinosis": 0.426177,
    "Cardiac Shadow (abnormal)": 0.215028,
    "Cardiomegaly": 0.333286,
    "Consolidation": 0.157081,
    "Degenerative Change": 0.500702,
    "Edema": 0.250183,
    "Effusion": 0.127386,
    "Emphysema": 0.337044,
    "Fibrosis": 0.359113,
    "Fractures": 0.254035,
    "Hernia": 0.256656,
    "Hyperinflation": 0.436975,
    "Increased Lung Markings": 0.243089,
    "Interstitial Lung Disease": 0.296793,
    "Kyphosis": 0.203501,
    "Lesion": 0.439125,
    "Mass": 0.120845,
    "Nodule": 0.274313,
    "Osteophyte": 0.243942,
    "Pleural Effusion": 0.232615,
    "Pleural Thickening": 0.345536,
    "Pneumothorax": 0.143198,
    "Pulmonary Artery Enlargement": 0.112667,
    "Pulmonary Fibrosis": 0.120406,
    "Rib Fracture": 0.060497,
    "Scoliosis": 0.303805,
    "Subcutaneous Emphysema": 0.079173,
    "Thickening": 0.309186,
    "Volume Loss": 0.333325,
    "normal": 0.59566
  },
  "frontal_probs": {
    "Airspace Disease": 0.2628578841686249,
    "Bronchiectasis": 0.07683762907981873,
    "Bronchiolitis": 0.025032559409737587,
    "Bullous Disease": 0.05911650136113167,
    "Calcified Granuloma": 0.3730924129486084,
    "Calcinosis": 0.45150700211524963,
    "Cardiac Shadow (abnormal)": 0.2150849848985672,
    "Cardiomegaly": 0.35160937905311584,
    "Consolidation": 0.17311729490756989,
    "Degenerative Change": 0.5178526639938354,
    "Edema": 0.25624507665634155,
    "Effusion": 0.16063366830348969,
    "Emphysema": 0.33713966608047485,
    "Fibrosis": 0.38222944736480713,
    "Fractures": 0.2817193269729614,
    "Hernia": 0.2480132281780243,
    "Hyperinflation": 0.46069878339767456,
    "Increased Lung Markings": 0.2249375283718109,
    "Interstitial Lung Disease": 0.32826921343803406,
    "Kyphosis": 0.2347942590713501,
    "Lesion": 0.4629490077495575,
    "Mass": 0.12288281321525574,
    "Nodule": 0.2703453600406647,
    "Osteophyte": 0.20465689897537231,
    "Pleural Effusion": 0.25404149293899536,
    "Pleural Thickening": 0.4168911576271057,
    "Pneumothorax": 0.16294704377651215,
    "Pulmonary Artery Enlargement": 0.11450687795877457,
    "Pulmonary Fibrosis": 0.1305219680070877,
    "Rib Fracture": 0.063646599650383,
    "Scoliosis": 0.3427393138408661,
    "Subcutaneous Emphysema": 0.09934873878955841,
    "Thickening": 0.36887773871421814,
    "Volume Loss": 0.3335896134376526,
    "normal": 0.5830429792404175
  },
  "lateral_probs": {
    "Airspace Disease": 0.23780404031276703,
    "Bronchiectasis": 0.09096869081258774,
    "Bronchiolitis": 0.012818950228393078,
    "Bullous Disease": 0.0378706157207489,
    "Calcified Granuloma": 0.44799482822418213,
    "Calcinosis": 0.3791345953941345,
    "Cardiac Shadow (abnormal)": 0.21492239832878113,
    "Cardiomegaly": 0.2992556095123291,
    "Consolidation": 0.12729816138744354,
    "Degenerative Change": 0.4688516855239868,
    "Edema": 0.23892390727996826,
    "Effusion": 0.06563983112573624,
    "Emphysema": 0.33686596155166626,
    "Fibrosis": 0.3161832392215729,
    "Fractures": 0.20262056589126587,
    "Hernia": 0.27270668745040894,
    "Hyperinflation": 0.3929159343242645,
    "Increased Lung Markings": 0.27679866552352905,
    "Interstitial Lung Disease": 0.2383360117673874,
    "Kyphosis": 0.14538364112377167,
    "Lesion": 0.39487993717193604,
    "Mass": 0.11706119775772095,
    "Nodule": 0.281680703163147,
    "Osteophyte": 0.31690114736557007,
    "Pleural Effusion": 0.1928223967552185,
    "Pleural Thickening": 0.21301956474781036,
    "Pneumothorax": 0.1065221056342125,
    "Pulmonary Artery Enlargement": 0.10925056785345078,
    "Pulmonary Fibrosis": 0.10161934792995453,
    "Rib Fracture": 0.05464724451303482,
    "Scoliosis": 0.23149943351745605,
    "Subcutaneous Emphysema": 0.041702695190906525,
    "Thickening": 0.19832968711853027,
    "Volume Loss": 0.33283257484436035,
    "normal": 0.6190909147262573
  }
}