{
  "uid": "3593",
  "frontal_image": "3593_IM-1772-1001.dcm.png",
  "lateral_image": "3593_IM-1772-2001.dcm.png",
  "fusion_mode": "weighted_avg(f=0.65,l=0.35)",
  "predicted_classes": [
    "normal"
  ],
  "resolved_classes": [
    "normal"
  ],
  "kg_classes": [
    "Normal"
  ],
  "num_predicted": 1,
  "conflict_resolution": "no_conflict",
  "is_uncertain": false,
  "uncertainty_reason": "",
  "inference_time_s": 0.2562,
  "gt_labels": "normal",
  "probabilities": {
    "Airspace Disease": 0.115361,
    "Bronchiectasis": 0.023895,
    "Bronchiolitis": 0.001506,
    "Bullous Disease": 0.007306,
    "Calcified Granuloma": 0.165323,
    "Calcinosis": 0.115831,
    "Cardiac Shadow (abnormal)": 0.056719,
    "Cardiomegaly": 0.12529,
    "Consolidation": 0.072173,
    "Degenerative Change": 0.160169,
    "Edema": 0.084242,
    "Effusion": 0.045395,
    "Emphysema": 0.095463,
    "Fibrosis": 0.102355,
    "Fractures": 0.083748,
    "Hernia": 0.057306,
    "Hyperinflation": 0.15172,
    "Increased Lung Markings": 0.08781,
    "Interstitial Lung Disease": 0.054513,
    "Kyphosis": 0.018231,
    "Lesion": 0.156164,
    "Mass": 0.030836,
    "Nodule": 0.113572,
    "Osteophyte": 0.079692,
    "Pleural Effusion": 0.072634,
    "Pleural Thickening": 0.094192,
    "Pneumothorax": 0.034055,
    "Pulmonary Artery Enlargement": 0.03088,
    "Pulmonary Fibrosis": 0.035609,
    "Rib Fracture": 0.012835,
    "Scoliosis": 0.075965,
    "Subcutaneous Emphysema": 0.00831,
    "Thickening": 0.061803,
    "Volume Loss": 0.119783,
    "normal": 0.88481
  },
  "frontal_probs": {
    "Airspace Disease": 0.033098962157964706,
    "Bronchiectasis": 8.065591828199103e-05,
    "Bronchiolitis": 1.2434563359420281e-05,
    "Bullous Disease": 0.000846008479129523,
    "Calcified Granuloma": 0.07363613694906235,
    "Calcinosis": 0.02542014792561531,
    "Cardiac Shadow (abnormal)": 0.0011063942220062017,
    "Cardiomegaly": 0.005864032078534365,
    "Consolidation": 0.01332415733486414,
    "Degenerative Change": 0.04294011741876602,
    "Edema": 0.0028779811691492796,
    "Effusion": 0.00026604809681884944,
    "Emphysema": 0.0249944981187582,
    "Fibrosis": 0.02257983200252056,
    "Fractures": 0.020394327118992805,
    "Hernia": 0.009733516722917557,
    "Hyperinflation": 0.030648931860923767,
    "Increased Lung Markings": 0.012430070899426937,
    "Interstitial Lung Disease": 0.004467925988137722,
    "Kyphosis": 0.0012025119503960013,
    "Lesion": 0.03797775134444237,
    "Mass": 0.0007492399890907109,
    "Nodule": 0.04039428010582924,
    "Osteophyte": 0.02555243670940399,
    "Pleural Effusion": 0.005490357056260109,
    "Pleural Thickening": 0.021851995959877968,
    "Pneumothorax": 0.0039046320598572493,
    "Pulmonary Artery Enlargement": 0.001521432539448142,
    "Pulmonary Fibrosis": 0.00019315717509016395,
    "Rib Fracture": 0.00022732105571776628,
    "Scoliosis": 0.01963023468852043,
    "Subcutaneous Emphysema": 0.00015629918198101223,
    "Thickening": 0.0060188984498381615,
    "Volume Loss": 0.023044800385832787,
    "normal": 0.981389582157135
  },
  "lateral_probs": {
    "Airspace Disease": 0.2681337296962738,
    "Bronchiectasis": 0.06812161952257156,
    "Bronchiolitis": 0.0042793238535523415,
    "Bullous Disease": 0.01930330879986286,
    "Calcified Granuloma": 0.33559828996658325,
    "Calcinosis": 0.2837376296520233,
    "Cardiac Shadow (abnormal)": 0.15999971330165863,
    "Cardiomegaly": 0.34708186984062195,
    "Consolidation": 0.18146364390850067,
    "Degenerative Change": 0.3778785765171051,
    "Edema": 0.23534750938415527,
    "Effusion": 0.12920723855495453,
    "Emphysema": 0.22633184492588043,
    "Fibrosis": 0.25050976872444153,
    "Fractures": 0.2014058530330658,
    "Hernia": 0.14565570652484894,
    "Hyperinflation": 0.376567006111145,
    "Increased Lung Markings": 0.22780071198940277,
    "Interstitial Lung Disease": 0.1474533975124359,
    "Kyphosis": 0.04985460638999939,
    "Lesion": 0.3756527900695801,
    "Mass": 0.08671160042285919,
    "Nodule": 0.24947206676006317,
    "Osteophyte": 0.18023689091205597,
    "Pleural Effusion": 0.1973302811384201,
    "Pleural Thickening": 0.228537455201149,
    "Pneumothorax": 0.09004900604486465,
    "Pulmonary Artery Enlargement": 0.0854041576385498,
    "Pulmonary Fibrosis": 0.10138072073459625,
    "Rib Fracture": 0.03624963015317917,
    "Scoliosis": 0.18058735132217407,
    "Subcutaneous Emphysema": 0.02345273829996586,
    "Thickening": 0.16540294885635376,
    "Volume Loss": 0.29944005608558655,
    "normal": 0.7054482698440552
  }
}