{
  "uid": "3273",
  "frontal_image": "3273_IM-1554-1001.dcm.png",
  "lateral_image": "3273_IM-1554-2001.dcm.png",
  "fusion_mode": "weighted_avg(f=0.65,l=0.35)",
  "predicted_classes": [
    "Cardiomegaly",
    "normal",
    "Lesion"
  ],
  "resolved_classes": [
    "Cardiomegaly",
    "Lesion"
  ],
  "kg_classes": [
    "Cardiomegaly",
    "Lesion"
  ],
  "num_predicted": 2,
  "conflict_resolution": "disease_dominates",
  "is_uncertain": false,
  "uncertainty_reason": "",
  "inference_time_s": 0.279,
  "gt_labels": "Cardiomegaly",
  "probabilities": {
    "Airspace Disease": 0.354314,
    "Bronchiectasis": 0.063113,
    "Bronchiolitis": 0.015856,
    "Bullous Disease": 0.053767,
    "Calcified Granuloma": 0.321545,
    "Calcinosis": 0.320022,
    "Cardiac Shadow (abnormal)": 0.369449,
    "Cardiomegaly": 0.610718,
    "Consolidation": 0.224276,
    "Degenerative Change": 0.428077,
    "Edema": 0.411866,
    "Effusion": 0.170545,
    "Emphysema": 0.205643,
    "Fibrosis": 0.30813,
    "Fractures": 0.185784,
    "Hernia": 0.29506,
    "Hyperinflation": 0.442271,
    "Increased Lung Markings": 0.319413,
    "Interstitial Lung Disease": 0.208904,
    "Kyphosis": 0.220474,
    "Lesion": 0.512028,
    "Mass": 0.106345,
    "Nodule": 0.193341,
    "Osteophyte": 0.187087,
    "Pleural Effusion": 0.343891,
    "Pleural Thickening": 0.303613,
    "Pneumothorax": 0.099496,
    "Pulmonary Artery Enlargement": 0.159639,
    "Pulmonary Fibrosis": 0.16413,
    "Rib Fracture": 0.047746,
    "Scoliosis": 0.249044,
    "Subcutaneous Emphysema": 0.048983,
    "Thickening": 0.243194,
    "Volume Loss": 0.385488,
    "normal": 0.513751
  },
  "frontal_probs": {
    "Airspace Disease": 0.3591941297054291,
    "Bronchiectasis": 0.05917910113930702,
    "Bronchiolitis": 0.01734567992389202,
    "Bullous Disease": 0.05384988710284233,
    "Calcified Granuloma": 0.30611109733581543,
    "Calcinosis": 0.35654106736183167,
    "Cardiac Shadow (abnormal)": 0.39153188467025757,
    "Cardiomegaly": 0.6758154630661011,
    "Consolidation": 0.21010228991508484,
    "Degenerative Change": 0.40754222869873047,
    "Edema": 0.43746232986450195,
    "Effusion": 0.2045869082212448,
    "Emphysema": 0.18217986822128296,
    "Fibrosis": 0.3097779154777527,
    "Fractures": 0.17844247817993164,
    "Hernia": 0.2924823462963104,
    "Hyperinflation": 0.45367613434791565,
    "Increased Lung Markings": 0.3362855911254883,
    "Interstitial Lung Disease": 0.19226813316345215,
    "Kyphosis": 0.2544299364089966,
    "Lesion": 0.5238754749298096,
    "Mass": 0.09406977146863937,
    "Nodule": 0.19447506964206696,
    "Osteophyte": 0.16677476465702057,
    "Pleural Effusion": 0.3561271131038666,
    "Pleural Thickening": 0.31669706106185913,
    "Pneumothorax": 0.08545473963022232,
    "Pulmonary Artery Enlargement": 0.16442805528640747,
    "Pulmonary Fibrosis": 0.17893551290035248,
    "Rib Fracture": 0.03781715780496597,
    "Scoliosis": 0.2720593810081482,
    "Subcutaneous Emphysema": 0.05148222669959068,
    "Thickening": 0.258851021528244,
    "Volume Loss": 0.39733052253723145,
    "normal": 0.48855116963386536
  },
  "lateral_probs": {
    "Airspace Disease": 0.34525179862976074,
    "Bronchiectasis": 0.07041892409324646,
    "Bronchiolitis": 0.013089792802929878,
    "Bullous Disease": 0.05361360311508179,
    "Calcified Granuloma": 0.3502081036567688,
    "Calcinosis": 0.252200186252594,
    "Cardiac Shadow (abnormal)": 0.32843783497810364,
    "Cardiomegaly": 0.4898218810558319,
    "Consolidation": 0.2505972981452942,
    "Degenerative Change": 0.46621301770210266,
    "Edema": 0.3643302917480469,
    "Effusion": 0.10732495039701462,
    "Emphysema": 0.24921815097332,
    "Fibrosis": 0.3050691485404968,
    "Fractures": 0.19941741228103638,
    "Hernia": 0.29984569549560547,
    "Hyperinflation": 0.4210897386074066,
    "Increased Lung Markings": 0.28807854652404785,
    "Interstitial Lung Disease": 0.23979800939559937,
    "Kyphosis": 0.15741243958473206,
    "Lesion": 0.49002495408058167,
    "Mass": 0.12914255261421204,
    "Nodule": 0.19123579561710358,
    "Osteophyte": 0.22481001913547516,
    "Pleural Effusion": 0.32116782665252686,
    "Pleural Thickening": 0.27931270003318787,
    "Pneumothorax": 0.12557214498519897,
    "Pulmonary Artery Enlargement": 0.15074533224105835,
    "Pulmonary Fibrosis": 0.13663291931152344,
    "Rib Fracture": 0.06618432700634003,
    "Scoliosis": 0.20630237460136414,
    "Subcutaneous Emphysema": 0.04434211552143097,
    "Thickening": 0.214117631316185,
    "Volume Loss": 0.363495796918869,
    "normal": 0.5605499744415283
  }
}