{
  "uid": "3291",
  "frontal_image": "3291_IM-1572-1001.dcm.png",
  "lateral_image": "3291_IM-1572-2001.dcm.png",
  "fusion_mode": "weighted_avg(f=0.65,l=0.35)",
  "predicted_classes": [
    "normal"
  ],
  "resolved_classes": [
    "normal"
  ],
  "kg_classes": [
    "Normal"
  ],
  "num_predicted": 1,
  "conflict_resolution": "no_conflict",
  "is_uncertain": false,
  "uncertainty_reason": "",
  "inference_time_s": 0.258,
  "gt_labels": "normal",
  "probabilities": {
    "Airspace Disease": 0.091097,
    "Bronchiectasis": 0.011686,
    "Bronchiolitis": 0.000672,
    "Bullous Disease": 0.009924,
    "Calcified Granuloma": 0.285482,
    "Calcinosis": 0.187122,
    "Cardiac Shadow (abnormal)": 0.023074,
    "Cardiomegaly": 0.072954,
    "Consolidation": 0.057041,
    "Degenerative Change": 0.24625,
    "Edema": 0.043576,
    "Effusion": 0.009168,
    "Emphysema": 0.117396,
    "Fibrosis": 0.167509,
    "Fractures": 0.096891,
    "Hernia": 0.076555,
    "Hyperinflation": 0.211094,
    "Increased Lung Markings": 0.093993,
    "Interstitial Lung Disease": 0.059914,
    "Kyphosis": 0.021693,
    "Lesion": 0.211677,
    "Mass": 0.03628,
    "Nodule": 0.169058,
    "Osteophyte": 0.110024,
    "Pleural Effusion": 0.040426,
    "Pleural Thickening": 0.098091,
    "Pneumothorax": 0.02396,
    "Pulmonary Artery Enlargement": 0.028103,
    "Pulmonary Fibrosis": 0.023266,
    "Rib Fracture": 0.009994,
    "Scoliosis": 0.111153,
    "Subcutaneous Emphysema": 0.00355,
    "Thickening": 0.064471,
    "Volume Loss": 0.115923,
    "normal": 0.878932
  },
  "frontal_probs": {
    "Airspace Disease": 0.06293494254350662,
    "Bronchiectasis": 0.0066457041539251804,
    "Bronchiolitis": 0.0005412037135101855,
    "Bullous Disease": 0.012095177546143532,
    "Calcified Granuloma": 0.2844775319099426,
    "Calcinosis": 0.17359107732772827,
    "Cardiac Shadow (abnormal)": 0.014552022330462933,
    "Cardiomegaly": 0.04529227316379547,
    "Consolidation": 0.027438338845968246,
    "Degenerative Change": 0.1973762810230255,
    "Edema": 0.030129000544548035,
    "Effusion": 0.003803801955655217,
    "Emphysema": 0.09769371151924133,
    "Fibrosis": 0.16654101014137268,
    "Fractures": 0.08346998691558838,
    "Hernia": 0.05717714503407478,
    "Hyperinflation": 0.16569925844669342,
    "Increased Lung Markings": 0.07933533936738968,
    "Interstitial Lung Disease": 0.04653650522232056,
    "Kyphosis": 0.026364115998148918,
    "Lesion": 0.16274814307689667,
    "Mass": 0.014964668080210686,
    "Nodule": 0.14883285760879517,
    "Osteophyte": 0.09333023428916931,
    "Pleural Effusion": 0.017791926860809326,
    "Pleural Thickening": 0.10055582970380783,
    "Pneumothorax": 0.020312972366809845,
    "Pulmonary Artery Enlargement": 0.02782728709280491,
    "Pulmonary Fibrosis": 0.011047085747122765,
    "Rib Fracture": 0.004737477749586105,
    "Scoliosis": 0.09028562158346176,
    "Subcutaneous Emphysema": 0.0024336641654372215,
    "Thickening": 0.033534303307533264,
    "Volume Loss": 0.09325172007083893,
    "normal": 0.8923351168632507
  },
  "lateral_probs": {
    "Airspace Disease": 0.14339803159236908,
    "Bronchiectasis": 0.021047420799732208,
    "Bronchiolitis": 0.0009155553416348994,
    "Bullous Disease": 0.005891853477805853,
    "Calcified Granuloma": 0.2873460352420807,
    "Calcinosis": 0.21225063502788544,
    "Cardiac Shadow (abnormal)": 0.03890051692724228,
    "Cardiomegaly": 0.12432532757520676,
    "Consolidation": 0.11201861500740051,
    "Degenerative Change": 0.3370141386985779,
    "Edema": 0.06854987889528275,
    "Effusion": 0.019128791987895966,
    "Emphysema": 0.15398572385311127,
    "Fibrosis": 0.16930770874023438,
    "Fractures": 0.12181632220745087,
    "Hernia": 0.11254260689020157,
    "Hyperinflation": 0.2953976094722748,
    "Increased Lung Markings": 0.12121373414993286,
    "Interstitial Lung Disease": 0.08475728332996368,
    "Kyphosis": 0.013019449077546597,
    "Lesion": 0.30254626274108887,
    "Mass": 0.07586623728275299,
    "Nodule": 0.2066192328929901,
    "Osteophyte": 0.14102767407894135,
    "Pleural Effusion": 0.08245935291051865,
    "Pleural Thickening": 0.09351284056901932,
    "Pneumothorax": 0.030731968581676483,
    "Pulmonary Artery Enlargement": 0.028613677248358727,
    "Pulmonary Fibrosis": 0.04595878720283508,
    "Rib Fracture": 0.019755635410547256,
    "Scoliosis": 0.14990563690662384,
    "Subcutaneous Emphysema": 0.0056245578452944756,
    "Thickening": 0.12192472070455551,
    "Volume Loss": 0.15802617371082306,
    "normal": 0.8540391325950623
  }
}