{
  "uid": "3382",
  "frontal_image": "3382_IM-1629-0001-0001.dcm.png",
  "lateral_image": "3382_IM-1629-0001-0002.dcm.png",
  "fusion_mode": "weighted_avg(f=0.65,l=0.35)",
  "predicted_classes": [
    "Lesion"
  ],
  "resolved_classes": [
    "Lesion"
  ],
  "kg_classes": [
    "Lesion"
  ],
  "num_predicted": 1,
  "conflict_resolution": "no_conflict",
  "is_uncertain": false,
  "uncertainty_reason": "",
  "inference_time_s": 0.2778,
  "gt_labels": "Increased Lung Markings;Pleural Effusion",
  "probabilities": {
    "Airspace Disease": 0.403246,
    "Bronchiectasis": 0.089582,
    "Bronchiolitis": 0.049839,
    "Bullous Disease": 0.07723,
    "Calcified Granuloma": 0.350024,
    "Calcinosis": 0.395207,
    "Cardiac Shadow (abnormal)": 0.329413,
    "Cardiomegaly": 0.492137,
    "Consolidation": 0.238952,
    "Degenerative Change": 0.470736,
    "Edema": 0.367015,
    "Effusion": 0.097666,
    "Emphysema": 0.315744,
    "Fibrosis": 0.360114,
    "Fractures": 0.269749,
    "Hernia": 0.355183,
    "Hyperinflation": 0.477684,
    "Increased Lung Markings": 0.385919,
    "Interstitial Lung Disease": 0.26489,
    "Kyphosis": 0.272563,
    "Lesion": 0.556749,
    "Mass": 0.120058,
    "Nodule": 0.279652,
    "Osteophyte": 0.261594,
    "Pleural Effusion": 0.35429,
    "Pleural Thickening": 0.297673,
    "Pneumothorax": 0.139909,
    "Pulmonary Artery Enlargement": 0.153803,
    "Pulmonary Fibrosis": 0.163152,
    "Rib Fracture": 0.077491,
    "Scoliosis": 0.230925,
    "Subcutaneous Emphysema": 0.057028,
    "Thickening": 0.291009,
    "Volume Loss": 0.478944,
    "normal": 0.444486
  },
  "frontal_probs": {
    "Airspace Disease": 0.4240815043449402,
    "Bronchiectasis": 0.06875256448984146,
    "Bronchiolitis": 0.062360458076000214,
    "Bullous Disease": 0.08232145756483078,
    "Calcified Granuloma": 0.3403325080871582,
    "Calcinosis": 0.41741037368774414,
    "Cardiac Shadow (abnormal)": 0.37478381395339966,
    "Cardiomegaly": 0.5441649556159973,
    "Consolidation": 0.2529468834400177,
    "Degenerative Change": 0.4650461673736572,
    "Edema": 0.4016468822956085,
    "Effusion": 0.0893755555152893,
    "Emphysema": 0.2847353518009186,
    "Fibrosis": 0.37717780470848083,
    "Fractures": 0.29462751746177673,
    "Hernia": 0.3482031524181366,
    "Hyperinflation": 0.4857061803340912,
    "Increased Lung Markings": 0.41264256834983826,
    "Interstitial Lung Disease": 0.23875899612903595,
    "Kyphosis": 0.2904975712299347,
    "Lesion": 0.5891440510749817,
    "Mass": 0.0968923345208168,
    "Nodule": 0.2905987799167633,
    "Osteophyte": 0.231411412358284,
    "Pleural Effusion": 0.3342370390892029,
    "Pleural Thickening": 0.29988840222358704,
    "Pneumothorax": 0.11069558560848236,
    "Pulmonary Artery Enlargement": 0.1516694575548172,
    "Pulmonary Fibrosis": 0.1469254195690155,
    "Rib Fracture": 0.07043729722499847,
    "Scoliosis": 0.22289422154426575,
    "Subcutaneous Emphysema": 0.0527179054915905,
    "Thickening": 0.29984453320503235,
    "Volume Loss": 0.5171369910240173,
    "normal": 0.4007071256637573
  },
  "lateral_probs": {
    "Airspace Disease": 0.36455291509628296,
    "Bronchiectasis": 0.1282641738653183,
    "Bronchiolitis": 0.02658439427614212,
    "Bullous Disease": 0.06777554005384445,
    "Calcified Granuloma": 0.36802220344543457,
    "Calcinosis": 0.3539707362651825,
    "Cardiac Shadow (abnormal)": 0.2451527714729309,
    "Cardiomegaly": 0.39551499485969543,
    "Consolidation": 0.21296201646327972,
    "Degenerative Change": 0.4813039004802704,
    "Edema": 0.3026972711086273,
    "Effusion": 0.1130618080496788,
    "Emphysema": 0.3733317255973816,
    "Fibrosis": 0.3284247815608978,
    "Fractures": 0.22354526817798615,
    "Hernia": 0.3681461811065674,
    "Hyperinflation": 0.46278613805770874,
    "Increased Lung Markings": 0.3362900912761688,
    "Interstitial Lung Disease": 0.31341907382011414,
    "Kyphosis": 0.23925550282001495,
    "Lesion": 0.4965876042842865,
    "Mass": 0.16307933628559113,
    "Nodule": 0.2593231201171875,
    "Osteophyte": 0.3176477551460266,
    "Pleural Effusion": 0.39153212308883667,
    "Pleural Thickening": 0.2935578525066376,
    "Pneumothorax": 0.19416368007659912,
    "Pulmonary Artery Enlargement": 0.1577644944190979,
    "Pulmonary Fibrosis": 0.1932877153158188,
    "Rib Fracture": 0.09059073776006699,
    "Scoliosis": 0.24584022164344788,
    "Subcutaneous Emphysema": 0.06503273546695709,
    "Thickening": 0.27459993958473206,
    "Volume Loss": 0.40801456570625305,
    "normal": 0.5257899761199951
  }
}