{
  "uid": "3467",
  "frontal_image": "3467_IM-1684-0001-0001.dcm.png",
  "lateral_image": "3467_IM-1684-0001-0002.dcm.png",
  "fusion_mode": "weighted_avg(f=0.65,l=0.35)",
  "predicted_classes": [
    "normal"
  ],
  "resolved_classes": [
    "normal"
  ],
  "kg_classes": [
    "Normal"
  ],
  "num_predicted": 1,
  "conflict_resolution": "no_conflict",
  "is_uncertain": false,
  "uncertainty_reason": "",
  "inference_time_s": 0.2697,
  "gt_labels": "Calcinosis",
  "probabilities": {
    "Airspace Disease": 0.126868,
    "Bronchiectasis": 0.03634,
    "Bronchiolitis": 0.003013,
    "Bullous Disease": 0.014621,
    "Calcified Granuloma": 0.258968,
    "Calcinosis": 0.175808,
    "Cardiac Shadow (abnormal)": 0.043982,
    "Cardiomegaly": 0.088726,
    "Consolidation": 0.070311,
    "Degenerative Change": 0.264917,
    "Edema": 0.061128,
    "Effusion": 0.0157,
    "Emphysema": 0.19193,
    "Fibrosis": 0.170696,
    "Fractures": 0.097344,
    "Hernia": 0.114184,
    "Hyperinflation": 0.211439,
    "Increased Lung Markings": 0.101278,
    "Interstitial Lung Disease": 0.102662,
    "Kyphosis": 0.046681,
    "Lesion": 0.225211,
    "Mass": 0.051629,
    "Nodule": 0.135029,
    "Osteophyte": 0.138254,
    "Pleural Effusion": 0.077129,
    "Pleural Thickening": 0.101758,
    "Pneumothorax": 0.051318,
    "Pulmonary Artery Enlargement": 0.027562,
    "Pulmonary Fibrosis": 0.041172,
    "Rib Fracture": 0.023092,
    "Scoliosis": 0.142041,
    "Subcutaneous Emphysema": 0.009155,
    "Thickening": 0.071159,
    "Volume Loss": 0.129899,
    "normal": 0.837639
  },
  "frontal_probs": {
    "Airspace Disease": 0.037243131548166275,
    "Bronchiectasis": 0.002126591745764017,
    "Bronchiolitis": 0.00010696913523133844,
    "Bullous Disease": 0.0027691253926604986,
    "Calcified Granuloma": 0.18887488543987274,
    "Calcinosis": 0.10876952856779099,
    "Cardiac Shadow (abnormal)": 0.00391584075987339,
    "Cardiomegaly": 0.011215112172067165,
    "Consolidation": 0.01587599702179432,
    "Degenerative Change": 0.11491882055997849,
    "Edema": 0.006976915057748556,
    "Effusion": 0.0009554660646244884,
    "Emphysema": 0.11851698905229568,
    "Fibrosis": 0.10110954940319061,
    "Fractures": 0.06184269115328789,
    "Hernia": 0.029976049438118935,
    "Hyperinflation": 0.11479350924491882,
    "Increased Lung Markings": 0.0624743215739727,
    "Interstitial Lung Disease": 0.0350235179066658,
    "Kyphosis": 0.005671260878443718,
    "Lesion": 0.10052599757909775,
    "Mass": 0.005385303404182196,
    "Nodule": 0.09444747865200043,
    "Osteophyte": 0.054977696388959885,
    "Pleural Effusion": 0.013454939238727093,
    "Pleural Thickening": 0.07325714081525803,
    "Pneumothorax": 0.01932508684694767,
    "Pulmonary Artery Enlargement": 0.00295077171176672,
    "Pulmonary Fibrosis": 0.0016937210457399487,
    "Rib Fracture": 0.0015018399571999907,
    "Scoliosis": 0.10729900747537613,
    "Subcutaneous Emphysema": 0.0011780030326917768,
    "Thickening": 0.020522773265838623,
    "Volume Loss": 0.05454185605049133,
    "normal": 0.9455863833427429
  },
  "lateral_probs": {
    "Airspace Disease": 0.2933149039745331,
    "Bronchiectasis": 0.09987912327051163,
    "Bronchiolitis": 0.008410057984292507,
    "Bullous Disease": 0.03663180395960808,
    "Calcified Granuloma": 0.389140784740448,
    "Calcinosis": 0.3003074526786804,
    "Cardiac Shadow (abnormal)": 0.11838917434215546,
    "Cardiomegaly": 0.23267586529254913,
    "Consolidation": 0.17140460014343262,
    "Degenerative Change": 0.5434843301773071,
    "Edema": 0.16169343888759613,
    "Effusion": 0.04308133199810982,
    "Emphysema": 0.3282698690891266,
    "Fibrosis": 0.29992833733558655,
    "Fractures": 0.16327576339244843,
    "Hernia": 0.27057066559791565,
    "Hyperinflation": 0.3909229636192322,
    "Increased Lung Markings": 0.17334061861038208,
    "Interstitial Lung Disease": 0.22827763855457306,
    "Kyphosis": 0.12284161150455475,
    "Lesion": 0.4567684829235077,
    "Mass": 0.1375093162059784,
    "Nodule": 0.2103947401046753,
    "Osteophyte": 0.29290971159935,
    "Pleural Effusion": 0.19538070261478424,
    "Pleural Thickening": 0.15468686819076538,
    "Pneumothorax": 0.11073482036590576,
    "Pulmonary Artery Enlargement": 0.0732697993516922,
    "Pulmonary Fibrosis": 0.11448763310909271,
    "Rib Fracture": 0.06318670511245728,
    "Scoliosis": 0.2065625637769699,
    "Subcutaneous Emphysema": 0.02397078089416027,
    "Thickening": 0.16519659757614136,
    "Volume Loss": 0.2698487937450409,
    "normal": 0.6371638774871826
  }
}