{
  "uid": "3581",
  "frontal_image": "3581_IM-1761-1001.dcm.png",
  "lateral_image": "3581_IM-1761-3001.dcm.png",
  "fusion_mode": "weighted_avg(f=0.65,l=0.35)",
  "predicted_classes": [
    "normal"
  ],
  "resolved_classes": [
    "normal"
  ],
  "kg_classes": [
    "Normal"
  ],
  "num_predicted": 1,
  "conflict_resolution": "no_conflict",
  "is_uncertain": true,
  "uncertainty_reason": "normal_prob=0.668 (<0.73) with elevated disease scores: Degenerative Change=0.385, Calcinosis=0.371, Lesion=0.369",
  "inference_time_s": 0.2486,
  "gt_labels": "Calcified Granuloma;Calcinosis;Degenerative Change",
  "probabilities": {
    "Airspace Disease": 0.183546,
    "Bronchiectasis": 0.032066,
    "Bronchiolitis": 0.007534,
    "Bullous Disease": 0.032729,
    "Calcified Granuloma": 0.318008,
    "Calcinosis": 0.370886,
    "Cardiac Shadow (abnormal)": 0.122597,
    "Cardiomegaly": 0.286365,
    "Consolidation": 0.091825,
    "Degenerative Change": 0.384837,
    "Edema": 0.165007,
    "Effusion": 0.0726,
    "Emphysema": 0.234551,
    "Fibrosis": 0.285556,
    "Fractures": 0.228785,
    "Hernia": 0.173124,
    "Hyperinflation": 0.346268,
    "Increased Lung Markings": 0.187732,
    "Interstitial Lung Disease": 0.155931,
    "Kyphosis": 0.123028,
    "Lesion": 0.368726,
    "Mass": 0.061915,
    "Nodule": 0.210173,
    "Osteophyte": 0.206968,
    "Pleural Effusion": 0.137334,
    "Pleural Thickening": 0.188586,
    "Pneumothorax": 0.113047,
    "Pulmonary Artery Enlargement": 0.105406,
    "Pulmonary Fibrosis": 0.070963,
    "Rib Fracture": 0.023108,
    "Scoliosis": 0.231474,
    "Subcutaneous Emphysema": 0.037111,
    "Thickening": 0.169362,
    "Volume Loss": 0.264086,
    "normal": 0.667589
  },
  "frontal_probs": {
    "Airspace Disease": 0.17487949132919312,
    "Bronchiectasis": 0.029343118891119957,
    "Bronchiolitis": 0.009605994448065758,
    "Bullous Disease": 0.040045224130153656,
    "Calcified Granuloma": 0.29905393719673157,
    "Calcinosis": 0.39673152565956116,
    "Cardiac Shadow (abnormal)": 0.13146322965621948,
    "Cardiomegaly": 0.35238558053970337,
    "Consolidation": 0.09485863149166107,
    "Degenerative Change": 0.34933027625083923,
    "Edema": 0.18162192404270172,
    "Effusion": 0.08880603313446045,
    "Emphysema": 0.1946505457162857,
    "Fibrosis": 0.30501168966293335,
    "Fractures": 0.23363138735294342,
    "Hernia": 0.1672900915145874,
    "Hyperinflation": 0.3329809606075287,
    "Increased Lung Markings": 0.19971098005771637,
    "Interstitial Lung Disease": 0.12139932811260223,
    "Kyphosis": 0.1496097445487976,
    "Lesion": 0.36794230341911316,
    "Mass": 0.04596077278256416,
    "Nodule": 0.21870820224285126,
    "Osteophyte": 0.1797134280204773,
    "Pleural Effusion": 0.1489720493555069,
    "Pleural Thickening": 0.19913510978221893,
    "Pneumothorax": 0.1292530745267868,
    "Pulmonary Artery Enlargement": 0.11586147546768188,
    "Pulmonary Fibrosis": 0.07419976592063904,
    "Rib Fracture": 0.020877819508314133,
    "Scoliosis": 0.267459899187088,
    "Subcutaneous Emphysema": 0.038349468261003494,
    "Thickening": 0.182810977101326,
    "Volume Loss": 0.2659391164779663,
    "normal": 0.6556854844093323
  },
  "lateral_probs": {
    "Airspace Disease": 0.19964230060577393,
    "Bronchiectasis": 0.03712288290262222,
    "Bronchiolitis": 0.0036849332973361015,
    "Bullous Disease": 0.019140582531690598,
    "Calcified Granuloma": 0.3532089591026306,
    "Calcinosis": 0.32288846373558044,
    "Cardiac Shadow (abnormal)": 0.1061306819319725,
    "Cardiomegaly": 0.1637544333934784,
    "Consolidation": 0.08619116246700287,
    "Degenerative Change": 0.4507767856121063,
    "Edema": 0.1341518610715866,
    "Effusion": 0.04250190779566765,
    "Emphysema": 0.30865171551704407,
    "Fibrosis": 0.24942348897457123,
    "Fractures": 0.21978512406349182,
    "Hernia": 0.18395833671092987,
    "Hyperinflation": 0.3709453344345093,
    "Increased Lung Markings": 0.16548575460910797,
    "Interstitial Lung Disease": 0.22005996108055115,
    "Kyphosis": 0.07366184145212173,
    "Lesion": 0.37018251419067383,
    "Mass": 0.09154550731182098,
    "Nodule": 0.19432248175144196,
    "Osteophyte": 0.2575829327106476,
    "Pleural Effusion": 0.11572013050317764,
    "Pleural Thickening": 0.1689935028553009,
    "Pneumothorax": 0.08295008540153503,
    "Pulmonary Artery Enlargement": 0.08598829060792923,
    "Pulmonary Fibrosis": 0.0649518147110939,
    "Rib Fracture": 0.02725101448595524,
    "Scoliosis": 0.16464170813560486,
    "Subcutaneous Emphysema": 0.034811124205589294,
    "Thickening": 0.1443842649459839,
    "Volume Loss": 0.26064345240592957,
    "normal": 0.6896947622299194
  }
}