{
  "uid": "3912",
  "frontal_image": "3912_IM-1988-2001-0001.dcm.png|3912_IM-1988-2001-0002.dcm.png",
  "lateral_image": "3912_IM-1988-1001.dcm.png",
  "fusion_mode": "weighted_avg(f=0.65,l=0.35)",
  "predicted_classes": [
    "normal",
    "Cardiomegaly"
  ],
  "resolved_classes": [
    "Cardiomegaly"
  ],
  "kg_classes": [
    "Cardiomegaly"
  ],
  "num_predicted": 1,
  "conflict_resolution": "disease_dominates",
  "is_uncertain": false,
  "uncertainty_reason": "",
  "inference_time_s": 0.4325,
  "gt_labels": "Cardiomegaly;Pleural Thickening",
  "probabilities": {
    "Airspace Disease": 0.268861,
    "Bronchiectasis": 0.09129,
    "Bronchiolitis": 0.025398,
    "Bullous Disease": 0.106359,
    "Calcified Granuloma": 0.278514,
    "Calcinosis": 0.349083,
    "Cardiac Shadow (abnormal)": 0.283892,
    "Cardiomegaly": 0.524689,
    "Consolidation": 0.213473,
    "Degenerative Change": 0.463833,
    "Edema": 0.388774,
    "Effusion": 0.131581,
    "Emphysema": 0.261266,
    "Fibrosis": 0.268033,
    "Fractures": 0.256302,
    "Hernia": 0.258907,
    "Hyperinflation": 0.435468,
    "Increased Lung Markings": 0.320587,
    "Interstitial Lung Disease": 0.252468,
    "Kyphosis": 0.212324,
    "Lesion": 0.453763,
    "Mass": 0.106763,
    "Nodule": 0.267985,
    "Osteophyte": 0.251691,
    "Pleural Effusion": 0.24518,
    "Pleural Thickening": 0.283829,
    "Pneumothorax": 0.114289,
    "Pulmonary Artery Enlargement": 0.187217,
    "Pulmonary Fibrosis": 0.133095,
    "Rib Fracture": 0.085912,
    "Scoliosis": 0.224953,
    "Subcutaneous Emphysema": 0.072289,
    "Thickening": 0.264222,
    "Volume Loss": 0.362326,
    "normal": 0.569819
  },
  "frontal_probs": {
    "Airspace Disease": 0.23044516891241074,
    "Bronchiectasis": 0.05791105329990387,
    "Bronchiolitis": 0.024238038808107376,
    "Bullous Disease": 0.08846899028867483,
    "Calcified Granuloma": 0.2326253429055214,
    "Calcinosis": 0.334727019071579,
    "Cardiac Shadow (abnormal)": 0.3142646849155426,
    "Cardiomegaly": 0.5374597907066345,
    "Consolidation": 0.13802893459796906,
    "Degenerative Change": 0.46854986250400543,
    "Edema": 0.3757660984992981,
    "Effusion": 0.1115223728120327,
    "Emphysema": 0.22151483595371246,
    "Fibrosis": 0.21034114062786102,
    "Fractures": 0.233042873442173,
    "Hernia": 0.2284158244729042,
    "Hyperinflation": 0.4379529058933258,
    "Increased Lung Markings": 0.3319830298423767,
    "Interstitial Lung Disease": 0.18753814697265625,
    "Kyphosis": 0.19703920930624008,
    "Lesion": 0.4353701323270798,
    "Mass": 0.0900340136140585,
    "Nodule": 0.2764681801199913,
    "Osteophyte": 0.23569414764642715,
    "Pleural Effusion": 0.18470731377601624,
    "Pleural Thickening": 0.2573148161172867,
    "Pneumothorax": 0.1029401496052742,
    "Pulmonary Artery Enlargement": 0.16649282723665237,
    "Pulmonary Fibrosis": 0.08734212629497051,
    "Rib Fracture": 0.055420923978090286,
    "Scoliosis": 0.1906878426671028,
    "Subcutaneous Emphysema": 0.061183154582977295,
    "Thickening": 0.22488877922296524,
    "Volume Loss": 0.360870897769928,
    "normal": 0.5529525578022003
  },
  "lateral_probs": {
    "Airspace Disease": 0.3402033746242523,
    "Bronchiectasis": 0.1532791405916214,
    "Bronchiolitis": 0.02755177766084671,
    "Bullous Disease": 0.13958296179771423,
    "Calcified Granuloma": 0.3637361228466034,
    "Calcinosis": 0.37574484944343567,
    "Cardiac Shadow (abnormal)": 0.22748656570911407,
    "Cardiomegaly": 0.5009714365005493,
    "Consolidation": 0.3535832166671753,
    "Degenerative Change": 0.45507389307022095,
    "Edema": 0.41293272376060486,
    "Effusion": 0.16883382201194763,
    "Emphysema": 0.335090696811676,
    "Fibrosis": 0.3751752972602844,
    "Fractures": 0.29949694871902466,
    "Hernia": 0.31553375720977783,
    "Hyperinflation": 0.43085241317749023,
    "Increased Lung Markings": 0.29942232370376587,
    "Interstitial Lung Disease": 0.3730514645576477,
    "Kyphosis": 0.2407100945711136,
    "Lesion": 0.48792025446891785,
    "Mass": 0.13783180713653564,
    "Nodule": 0.2522311508655548,
    "Osteophyte": 0.2813986539840698,
    "Pleural Effusion": 0.3574866056442261,
    "Pleural Thickening": 0.33306965231895447,
    "Pneumothorax": 0.13536539673805237,
    "Pulmonary Artery Enlargement": 0.22570616006851196,
    "Pulmonary Fibrosis": 0.2180650383234024,
    "Rib Fracture": 0.14253735542297363,
    "Scoliosis": 0.28858959674835205,
    "Subcutaneous Emphysema": 0.09291278570890427,
    "Thickening": 0.3372691869735718,
    "Volume Loss": 0.3650270700454712,
    "normal": 0.6011413931846619
  }
}