{
  "uid": "3423",
  "frontal_image": "3423_IM-1656-1001.dcm.png",
  "lateral_image": "3423_IM-1656-2001.dcm.png",
  "fusion_mode": "weighted_avg(f=0.65,l=0.35)",
  "predicted_classes": [
    "normal"
  ],
  "resolved_classes": [
    "normal"
  ],
  "kg_classes": [
    "Normal"
  ],
  "num_predicted": 1,
  "conflict_resolution": "no_conflict",
  "is_uncertain": true,
  "uncertainty_reason": "normal_prob=0.620 (<0.73) with elevated disease scores: Degenerative Change=0.479, Lesion=0.408, Hyperinflation=0.392",
  "inference_time_s": 0.2419,
  "gt_labels": "Degenerative Change",
  "probabilities": {
    "Airspace Disease": 0.21638,
    "Bronchiectasis": 0.013443,
    "Bronchiolitis": 0.008884,
    "Bullous Disease": 0.019056,
    "Calcified Granuloma": 0.311618,
    "Calcinosis": 0.263544,
    "Cardiac Shadow (abnormal)": 0.091623,
    "Cardiomegaly": 0.294266,
    "Consolidation": 0.136515,
    "Degenerative Change": 0.479317,
    "Edema": 0.096233,
    "Effusion": 0.023181,
    "Emphysema": 0.114282,
    "Fibrosis": 0.280219,
    "Fractures": 0.2387,
    "Hernia": 0.293539,
    "Hyperinflation": 0.392077,
    "Increased Lung Markings": 0.275268,
    "Interstitial Lung Disease": 0.109065,
    "Kyphosis": 0.141295,
    "Lesion": 0.408159,
    "Mass": 0.051211,
    "Nodule": 0.146665,
    "Osteophyte": 0.238653,
    "Pleural Effusion": 0.2187,
    "Pleural Thickening": 0.109766,
    "Pneumothorax": 0.062264,
    "Pulmonary Artery Enlargement": 0.068217,
    "Pulmonary Fibrosis": 0.049282,
    "Rib Fracture": 0.018522,
    "Scoliosis": 0.234226,
    "Subcutaneous Emphysema": 0.015752,
    "Thickening": 0.097999,
    "Volume Loss": 0.3067,
    "normal": 0.619724
  },
  "frontal_probs": {
    "Airspace Disease": 0.1778489202260971,
    "Bronchiectasis": 0.007518831640481949,
    "Bronchiolitis": 0.011628339998424053,
    "Bullous Disease": 0.015459916554391384,
    "Calcified Granuloma": 0.3055078685283661,
    "Calcinosis": 0.2635631561279297,
    "Cardiac Shadow (abnormal)": 0.08433522284030914,
    "Cardiomegaly": 0.26976555585861206,
    "Consolidation": 0.10409880429506302,
    "Degenerative Change": 0.49490317702293396,
    "Edema": 0.06328646838665009,
    "Effusion": 0.01844830997288227,
    "Emphysema": 0.06991051882505417,
    "Fibrosis": 0.26931554079055786,
    "Fractures": 0.22293616831302643,
    "Hernia": 0.32284438610076904,
    "Hyperinflation": 0.4087136387825012,
    "Increased Lung Markings": 0.30528607964515686,
    "Interstitial Lung Disease": 0.0474388524889946,
    "Kyphosis": 0.13540412485599518,
    "Lesion": 0.38431516289711,
    "Mass": 0.054593004286289215,
    "Nodule": 0.15375246107578278,
    "Osteophyte": 0.2527309060096741,
    "Pleural Effusion": 0.21819014847278595,
    "Pleural Thickening": 0.09544913470745087,
    "Pneumothorax": 0.042730096727609634,
    "Pulmonary Artery Enlargement": 0.05520068109035492,
    "Pulmonary Fibrosis": 0.03437943384051323,
    "Rib Fracture": 0.01568669266998768,
    "Scoliosis": 0.2529720067977905,
    "Subcutaneous Emphysema": 0.012956158258020878,
    "Thickening": 0.09341049939393997,
    "Volume Loss": 0.3292168974876404,
    "normal": 0.6103678941726685
  },
  "lateral_probs": {
    "Airspace Disease": 0.2879387438297272,
    "Bronchiectasis": 0.024444106966257095,
    "Bronchiolitis": 0.0037885571364313364,
    "Bullous Disease": 0.02573464997112751,
    "Calcified Granuloma": 0.3229651153087616,
    "Calcinosis": 0.26350924372673035,
    "Cardiac Shadow (abnormal)": 0.10515721142292023,
    "Cardiomegaly": 0.3397679626941681,
    "Consolidation": 0.19671708345413208,
    "Degenerative Change": 0.4503712058067322,
    "Edema": 0.15741972625255585,
    "Effusion": 0.03196953982114792,
    "Emphysema": 0.19668714702129364,
    "Fibrosis": 0.3004687428474426,
    "Fractures": 0.2679746747016907,
    "Hernia": 0.2391137033700943,
    "Hyperinflation": 0.3611791431903839,
    "Increased Lung Markings": 0.2195190042257309,
    "Interstitial Lung Disease": 0.2235131561756134,
    "Kyphosis": 0.15223540365695953,
    "Lesion": 0.45244142413139343,
    "Mass": 0.04493088647723198,
    "Nodule": 0.13350331783294678,
    "Osteophyte": 0.2125069946050644,
    "Pleural Effusion": 0.21964789927005768,
    "Pleural Thickening": 0.13635507225990295,
    "Pneumothorax": 0.09854090213775635,
    "Pulmonary Artery Enlargement": 0.09239017963409424,
    "Pulmonary Fibrosis": 0.0769570991396904,
    "Rib Fracture": 0.02378750778734684,
    "Scoliosis": 0.1994122862815857,
    "Subcutaneous Emphysema": 0.020945604890584946,
    "Thickening": 0.10652094334363937,
    "Volume Loss": 0.26488184928894043,
    "normal": 0.6371006965637207
  }
}