{
  "uid": "3377",
  "frontal_image": "3377_IM-1626-1002001.dcm.png",
  "lateral_image": "",
  "fusion_mode": "frontal_only",
  "predicted_classes": [
    "normal"
  ],
  "resolved_classes": [
    "normal"
  ],
  "kg_classes": [
    "Normal"
  ],
  "num_predicted": 1,
  "conflict_resolution": "no_conflict",
  "is_uncertain": true,
  "uncertainty_reason": "normal_prob=0.642 (<0.73) with elevated disease scores: Emphysema=0.427, Degenerative Change=0.397, Lesion=0.376",
  "inference_time_s": 0.1278,
  "gt_labels": "normal",
  "probabilities": {
    "Airspace Disease": 0.24425648152828217,
    "Bronchiectasis": 0.055755067616701126,
    "Bronchiolitis": 0.016265379264950752,
    "Bullous Disease": 0.07366834580898285,
    "Calcified Granuloma": 0.3700697422027588,
    "Calcinosis": 0.31028950214385986,
    "Cardiac Shadow (abnormal)": 0.08089509606361389,
    "Cardiomegaly": 0.08810476958751678,
    "Consolidation": 0.14679065346717834,
    "Degenerative Change": 0.3973562717437744,
    "Edema": 0.0543285496532917,
    "Effusion": 0.011364001780748367,
    "Emphysema": 0.4270796477794647,
    "Fibrosis": 0.3066231310367584,
    "Fractures": 0.17624548077583313,
    "Hernia": 0.2794097661972046,
    "Hyperinflation": 0.37430667877197266,
    "Increased Lung Markings": 0.20447778701782227,
    "Interstitial Lung Disease": 0.2061099261045456,
    "Kyphosis": 0.15512627363204956,
    "Lesion": 0.3756602704524994,
    "Mass": 0.061953309923410416,
    "Nodule": 0.18006037175655365,
    "Osteophyte": 0.2623203992843628,
    "Pleural Effusion": 0.08578751981258392,
    "Pleural Thickening": 0.22682423889636993,
    "Pneumothorax": 0.03439871221780777,
    "Pulmonary Artery Enlargement": 0.07290847599506378,
    "Pulmonary Fibrosis": 0.0767235979437828,
    "Rib Fracture": 0.03227938711643219,
    "Scoliosis": 0.09274518489837646,
    "Subcutaneous Emphysema": 0.027330894023180008,
    "Thickening": 0.1565205305814743,
    "Volume Loss": 0.30153074860572815,
    "normal": 0.6417015194892883
  },
  "frontal_probs": {
    "Airspace Disease": 0.24425648152828217,
    "Bronchiectasis": 0.055755067616701126,
    "Bronchiolitis": 0.016265379264950752,
    "Bullous Disease": 0.07366834580898285,
    "Calcified Granuloma": 0.3700697422027588,
    "Calcinosis": 0.31028950214385986,
    "Cardiac Shadow (abnormal)": 0.08089509606361389,
    "Cardiomegaly": 0.08810476958751678,
    "Consolidation": 0.14679065346717834,
    "Degenerative Change": 0.3973562717437744,
    "Edema": 0.0543285496532917,
    "Effusion": 0.011364001780748367,
    "Emphysema": 0.4270796477794647,
    "Fibrosis": 0.3066231310367584,
    "Fractures": 0.17624548077583313,
    "Hernia": 0.2794097661972046,
    "Hyperinflation": 0.37430667877197266,
    "Increased Lung Markings": 0.20447778701782227,
    "Interstitial Lung Disease": 0.2061099261045456,
    "Kyphosis": 0.15512627363204956,
    "Lesion": 0.3756602704524994,
    "Mass": 0.061953309923410416,
    "Nodule": 0.18006037175655365,
    "Osteophyte": 0.2623203992843628,
    "Pleural Effusion": 0.08578751981258392,
    "Pleural Thickening": 0.22682423889636993,
    "Pneumothorax": 0.03439871221780777,
    "Pulmonary Artery Enlargement": 0.07290847599506378,
    "Pulmonary Fibrosis": 0.0767235979437828,
    "Rib Fracture": 0.03227938711643219,
    "Scoliosis": 0.09274518489837646,
    "Subcutaneous Emphysema": 0.027330894023180008,
    "Thickening": 0.1565205305814743,
    "Volume Loss": 0.30153074860572815,
    "normal": 0.6417015194892883
  },
  "lateral_probs": {
    "Airspace Disease": 0.0,
    "Bronchiectasis": 0.0,
    "Bronchiolitis": 0.0,
    "Bullous Disease": 0.0,
    "Calcified Granuloma": 0.0,
    "Calcinosis": 0.0,
    "Cardiac Shadow (abnormal)": 0.0,
    "Cardiomegaly": 0.0,
    "Consolidation": 0.0,
    "Degenerative Change": 0.0,
    "Edema": 0.0,
    "Effusion": 0.0,
    "Emphysema": 0.0,
    "Fibrosis": 0.0,
    "Fractures": 0.0,
    "Hernia": 0.0,
    "Hyperinflation": 0.0,
    "Increased Lung Markings": 0.0,
    "Interstitial Lung Disease": 0.0,
    "Kyphosis": 0.0,
    "Lesion": 0.0,
    "Mass": 0.0,
    "Nodule": 0.0,
    "Osteophyte": 0.0,
    "Pleural Effusion": 0.0,
    "Pleural Thickening": 0.0,
    "Pneumothorax": 0.0,
    "Pulmonary Artery Enlargement": 0.0,
    "Pulmonary Fibrosis": 0.0,
    "Rib Fracture": 0.0,
    "Scoliosis": 0.0,
    "Subcutaneous Emphysema": 0.0,
    "Thickening": 0.0,
    "Volume Loss": 0.0,
    "normal": 0.0
  }
}