{
  "uid": "3638",
  "frontal_image": "3638_IM-1804-1001.dcm.png",
  "lateral_image": "3638_IM-1804-2001.dcm.png",
  "fusion_mode": "weighted_avg(f=0.65,l=0.35)",
  "predicted_classes": [
    "normal"
  ],
  "resolved_classes": [
    "normal"
  ],
  "kg_classes": [
    "Normal"
  ],
  "num_predicted": 1,
  "conflict_resolution": "no_conflict",
  "is_uncertain": false,
  "uncertainty_reason": "",
  "inference_time_s": 0.2844,
  "gt_labels": "Cardiomegaly",
  "probabilities": {
    "Airspace Disease": 0.148039,
    "Bronchiectasis": 0.008296,
    "Bronchiolitis": 0.002004,
    "Bullous Disease": 0.012475,
    "Calcified Granuloma": 0.218555,
    "Calcinosis": 0.171382,
    "Cardiac Shadow (abnormal)": 0.187219,
    "Cardiomegaly": 0.455769,
    "Consolidation": 0.062951,
    "Degenerative Change": 0.269157,
    "Edema": 0.207053,
    "Effusion": 0.049201,
    "Emphysema": 0.064943,
    "Fibrosis": 0.160464,
    "Fractures": 0.121101,
    "Hernia": 0.142126,
    "Hyperinflation": 0.337683,
    "Increased Lung Markings": 0.216949,
    "Interstitial Lung Disease": 0.049882,
    "Kyphosis": 0.072572,
    "Lesion": 0.341187,
    "Mass": 0.029052,
    "Nodule": 0.200179,
    "Osteophyte": 0.142294,
    "Pleural Effusion": 0.109491,
    "Pleural Thickening": 0.092661,
    "Pneumothorax": 0.051053,
    "Pulmonary Artery Enlargement": 0.097253,
    "Pulmonary Fibrosis": 0.024786,
    "Rib Fracture": 0.013949,
    "Scoliosis": 0.082108,
    "Subcutaneous Emphysema": 0.005725,
    "Thickening": 0.074432,
    "Volume Loss": 0.299594,
    "normal": 0.735249
  },
  "frontal_probs": {
    "Airspace Disease": 0.15405921638011932,
    "Bronchiectasis": 0.006312106270343065,
    "Bronchiolitis": 0.0028167604468762875,
    "Bullous Disease": 0.016541171818971634,
    "Calcified Granuloma": 0.18754707276821136,
    "Calcinosis": 0.16966523230075836,
    "Cardiac Shadow (abnormal)": 0.21363666653633118,
    "Cardiomegaly": 0.49900105595588684,
    "Consolidation": 0.041084982454776764,
    "Degenerative Change": 0.2708463668823242,
    "Edema": 0.18876221776008606,
    "Effusion": 0.04136030375957489,
    "Emphysema": 0.03458850830793381,
    "Fibrosis": 0.16988901793956757,
    "Fractures": 0.14504636824131012,
    "Hernia": 0.16871759295463562,
    "Hyperinflation": 0.3172192871570587,
    "Increased Lung Markings": 0.22425547242164612,
    "Interstitial Lung Disease": 0.027405070140957832,
    "Kyphosis": 0.09877458959817886,
    "Lesion": 0.3530961871147156,
    "Mass": 0.025205176323652267,
    "Nodule": 0.2347700446844101,
    "Osteophyte": 0.15337292850017548,
    "Pleural Effusion": 0.1091720461845398,
    "Pleural Thickening": 0.0816810354590416,
    "Pneumothorax": 0.06537137925624847,
    "Pulmonary Artery Enlargement": 0.10532370954751968,
    "Pulmonary Fibrosis": 0.01740284450352192,
    "Rib Fracture": 0.015247211791574955,
    "Scoliosis": 0.0819864273071289,
    "Subcutaneous Emphysema": 0.006578169297426939,
    "Thickening": 0.08003611862659454,
    "Volume Loss": 0.3097202479839325,
    "normal": 0.7113985419273376
  },
  "lateral_probs": {
    "Airspace Disease": 0.13685797154903412,
    "Bronchiectasis": 0.011981459334492683,
    "Bronchiolitis": 0.0004938176716677845,
    "Bullous Disease": 0.004923257976770401,
    "Calcified Granuloma": 0.27614179253578186,
    "Calcinosis": 0.17456920444965363,
    "Cardiac Shadow (abnormal)": 0.13815738260746002,
    "Cardiomegaly": 0.37548089027404785,
    "Consolidation": 0.103560671210289,
    "Degenerative Change": 0.2660207450389862,
    "Edema": 0.2410227507352829,
    "Effusion": 0.06376223266124725,
    "Emphysema": 0.12131527811288834,
    "Fibrosis": 0.14295971393585205,
    "Fractures": 0.07663003355264664,
    "Hernia": 0.0927409678697586,
    "Hyperinflation": 0.37568655610084534,
    "Increased Lung Markings": 0.2033809870481491,
    "Interstitial Lung Disease": 0.09162493795156479,
    "Kyphosis": 0.02391062118113041,
    "Lesion": 0.3190694749355316,
    "Mass": 0.03619738295674324,
    "Nodule": 0.13593895733356476,
    "Osteophyte": 0.12171775102615356,
    "Pleural Effusion": 0.11008413881063461,
    "Pleural Thickening": 0.11305374652147293,
    "Pneumothorax": 0.024461789056658745,
    "Pulmonary Artery Enlargement": 0.08226542174816132,
    "Pulmonary Fibrosis": 0.038497984409332275,
    "Rib Fracture": 0.011539174243807793,
    "Scoliosis": 0.08233282715082169,
    "Subcutaneous Emphysema": 0.004140292294323444,
    "Thickening": 0.0640249028801918,
    "Volume Loss": 0.2807873785495758,
    "normal": 0.7795441150665283
  }
}