{
  "uid": "3261",
  "frontal_image": "3261_IM-1547-1001.dcm.png",
  "lateral_image": "3261_IM-1547-2001.dcm.png",
  "fusion_mode": "weighted_avg(f=0.65,l=0.35)",
  "predicted_classes": [
    "normal"
  ],
  "resolved_classes": [
    "normal"
  ],
  "kg_classes": [
    "Normal"
  ],
  "num_predicted": 1,
  "conflict_resolution": "no_conflict",
  "is_uncertain": false,
  "uncertainty_reason": "",
  "inference_time_s": 0.2723,
  "gt_labels": "normal",
  "probabilities": {
    "Airspace Disease": 0.08443,
    "Bronchiectasis": 0.014229,
    "Bronchiolitis": 0.000935,
    "Bullous Disease": 0.006168,
    "Calcified Granuloma": 0.174941,
    "Calcinosis": 0.115679,
    "Cardiac Shadow (abnormal)": 0.027566,
    "Cardiomegaly": 0.127393,
    "Consolidation": 0.081153,
    "Degenerative Change": 0.187321,
    "Edema": 0.112636,
    "Effusion": 0.020068,
    "Emphysema": 0.066225,
    "Fibrosis": 0.1392,
    "Fractures": 0.066874,
    "Hernia": 0.04226,
    "Hyperinflation": 0.152069,
    "Increased Lung Markings": 0.073607,
    "Interstitial Lung Disease": 0.049082,
    "Kyphosis": 0.030093,
    "Lesion": 0.157277,
    "Mass": 0.015828,
    "Nodule": 0.100114,
    "Osteophyte": 0.080334,
    "Pleural Effusion": 0.071805,
    "Pleural Thickening": 0.091349,
    "Pneumothorax": 0.020349,
    "Pulmonary Artery Enlargement": 0.038748,
    "Pulmonary Fibrosis": 0.027103,
    "Rib Fracture": 0.008019,
    "Scoliosis": 0.108837,
    "Subcutaneous Emphysema": 0.004118,
    "Thickening": 0.069272,
    "Volume Loss": 0.116548,
    "normal": 0.891483
  },
  "frontal_probs": {
    "Airspace Disease": 0.01238208170980215,
    "Bronchiectasis": 9.490793308941647e-05,
    "Bronchiolitis": 2.7778736694017425e-05,
    "Bullous Disease": 0.0006827328470535576,
    "Calcified Granuloma": 0.08764132112264633,
    "Calcinosis": 0.06859086453914642,
    "Cardiac Shadow (abnormal)": 0.0017054845811799169,
    "Cardiomegaly": 0.021148139610886574,
    "Consolidation": 0.005790984723716974,
    "Degenerative Change": 0.07832282781600952,
    "Edema": 0.0035305474884808064,
    "Effusion": 0.0006282622343860567,
    "Emphysema": 0.015071997418999672,
    "Fibrosis": 0.0667630210518837,
    "Fractures": 0.03304865583777428,
    "Hernia": 0.015319145284593105,
    "Hyperinflation": 0.04490979388356209,
    "Increased Lung Markings": 0.020574606955051422,
    "Interstitial Lung Disease": 0.007152203004807234,
    "Kyphosis": 0.008932819589972496,
    "Lesion": 0.05403999611735344,
    "Mass": 0.0009633435402065516,
    "Nodule": 0.03538725897669792,
    "Osteophyte": 0.028824444860219955,
    "Pleural Effusion": 0.0051818168722093105,
    "Pleural Thickening": 0.025396674871444702,
    "Pneumothorax": 0.015525810420513153,
    "Pulmonary Artery Enlargement": 0.002814855193719268,
    "Pulmonary Fibrosis": 0.0006096761208027601,
    "Rib Fracture": 0.0002007142174988985,
    "Scoliosis": 0.05699120834469795,
    "Subcutaneous Emphysema": 0.00013564826804213226,
    "Thickening": 0.008564126677811146,
    "Volume Loss": 0.04309052228927612,
    "normal": 0.9731568098068237
  },
  "lateral_probs": {
    "Airspace Disease": 0.21823439002037048,
    "Bronchiectasis": 0.04047936946153641,
    "Bronchiolitis": 0.0026197333354502916,
    "Bullous Disease": 0.01635383814573288,
    "Calcified Granuloma": 0.3370696008205414,
    "Calcinosis": 0.20312854647636414,
    "Cardiac Shadow (abnormal)": 0.07559233903884888,
    "Cardiomegaly": 0.32470443844795227,
    "Consolidation": 0.22111190855503082,
    "Degenerative Change": 0.3897468149662018,
    "Edema": 0.3152600824832916,
    "Effusion": 0.0561697743833065,
    "Emphysema": 0.16122430562973022,
    "Fibrosis": 0.27372631430625916,
    "Fractures": 0.12969373166561127,
    "Hernia": 0.09229247272014618,
    "Hyperinflation": 0.3510790169239044,
    "Increased Lung Markings": 0.17209668457508087,
    "Interstitial Lung Disease": 0.12695220112800598,
    "Kyphosis": 0.06938935816287994,
    "Lesion": 0.34900376200675964,
    "Mass": 0.04343356192111969,
    "Nodule": 0.22032217681407928,
    "Osteophyte": 0.1759951412677765,
    "Pleural Effusion": 0.19553516805171967,
    "Pleural Thickening": 0.2138311266899109,
    "Pneumothorax": 0.02930712141096592,
    "Pulmonary Artery Enlargement": 0.10548171401023865,
    "Pulmonary Fibrosis": 0.07630395889282227,
    "Rib Fracture": 0.02253900095820427,
    "Scoliosis": 0.20512190461158752,
    "Subcutaneous Emphysema": 0.01151280477643013,
    "Thickening": 0.18201428651809692,
    "Volume Loss": 0.25296953320503235,
    "normal": 0.7398020625114441
  }
}