{
  "uid": "3316",
  "frontal_image": "3316_IM-1586-1001.dcm.png",
  "lateral_image": "",
  "fusion_mode": "frontal_only",
  "predicted_classes": [
    "Lesion",
    "normal",
    "Emphysema",
    "Hyperinflation"
  ],
  "resolved_classes": [
    "Lesion",
    "Emphysema",
    "Hyperinflation"
  ],
  "kg_classes": [
    "Lesion",
    "Emphysema",
    "Hyperinflation"
  ],
  "num_predicted": 3,
  "conflict_resolution": "disease_dominates",
  "is_uncertain": false,
  "uncertainty_reason": "",
  "inference_time_s": 0.1268,
  "gt_labels": "Emphysema;Fibrosis;Lesion",
  "probabilities": {
    "Airspace Disease": 0.32510673999786377,
    "Bronchiectasis": 0.08886916190385818,
    "Bronchiolitis": 0.029515104368329048,
    "Bullous Disease": 0.11775589734315872,
    "Calcified Granuloma": 0.44060879945755005,
    "Calcinosis": 0.3889102637767792,
    "Cardiac Shadow (abnormal)": 0.13321445882320404,
    "Cardiomegaly": 0.15791529417037964,
    "Consolidation": 0.18041406571865082,
    "Degenerative Change": 0.483041912317276,
    "Edema": 0.1911364197731018,
    "Effusion": 0.04576163366436958,
    "Emphysema": 0.5192050337791443,
    "Fibrosis": 0.4244020879268646,
    "Fractures": 0.2400180846452713,
    "Hernia": 0.27207931876182556,
    "Hyperinflation": 0.5011059641838074,
    "Increased Lung Markings": 0.21771572530269623,
    "Interstitial Lung Disease": 0.357892781496048,
    "Kyphosis": 0.16990908980369568,
    "Lesion": 0.5858634114265442,
    "Mass": 0.1117643490433693,
    "Nodule": 0.2578226923942566,
    "Osteophyte": 0.2066897600889206,
    "Pleural Effusion": 0.2247115522623062,
    "Pleural Thickening": 0.3062819838523865,
    "Pneumothorax": 0.10099143534898758,
    "Pulmonary Artery Enlargement": 0.09036501497030258,
    "Pulmonary Fibrosis": 0.10800313949584961,
    "Rib Fracture": 0.0560927577316761,
    "Scoliosis": 0.24562475085258484,
    "Subcutaneous Emphysema": 0.057734984904527664,
    "Thickening": 0.267980694770813,
    "Volume Loss": 0.3283492922782898,
    "normal": 0.5337732434272766
  },
  "frontal_probs": {
    "Airspace Disease": 0.32510673999786377,
    "Bronchiectasis": 0.08886916190385818,
    "Bronchiolitis": 0.029515104368329048,
    "Bullous Disease": 0.11775589734315872,
    "Calcified Granuloma": 0.44060879945755005,
    "Calcinosis": 0.3889102637767792,
    "Cardiac Shadow (abnormal)": 0.13321445882320404,
    "Cardiomegaly": 0.15791529417037964,
    "Consolidation": 0.18041406571865082,
    "Degenerative Change": 0.483041912317276,
    "Edema": 0.1911364197731018,
    "Effusion": 0.04576163366436958,
    "Emphysema": 0.5192050337791443,
    "Fibrosis": 0.4244020879268646,
    "Fractures": 0.2400180846452713,
    "Hernia": 0.27207931876182556,
    "Hyperinflation": 0.5011059641838074,
    "Increased Lung Markings": 0.21771572530269623,
    "Interstitial Lung Disease": 0.357892781496048,
    "Kyphosis": 0.16990908980369568,
    "Lesion": 0.5858634114265442,
    "Mass": 0.1117643490433693,
    "Nodule": 0.2578226923942566,
    "Osteophyte": 0.2066897600889206,
    "Pleural Effusion": 0.2247115522623062,
    "Pleural Thickening": 0.3062819838523865,
    "Pneumothorax": 0.10099143534898758,
    "Pulmonary Artery Enlargement": 0.09036501497030258,
    "Pulmonary Fibrosis": 0.10800313949584961,
    "Rib Fracture": 0.0560927577316761,
    "Scoliosis": 0.24562475085258484,
    "Subcutaneous Emphysema": 0.057734984904527664,
    "Thickening": 0.267980694770813,
    "Volume Loss": 0.3283492922782898,
    "normal": 0.5337732434272766
  },
  "lateral_probs": {
    "Airspace Disease": 0.0,
    "Bronchiectasis": 0.0,
    "Bronchiolitis": 0.0,
    "Bullous Disease": 0.0,
    "Calcified Granuloma": 0.0,
    "Calcinosis": 0.0,
    "Cardiac Shadow (abnormal)": 0.0,
    "Cardiomegaly": 0.0,
    "Consolidation": 0.0,
    "Degenerative Change": 0.0,
    "Edema": 0.0,
    "Effusion": 0.0,
    "Emphysema": 0.0,
    "Fibrosis": 0.0,
    "Fractures": 0.0,
    "Hernia": 0.0,
    "Hyperinflation": 0.0,
    "Increased Lung Markings": 0.0,
    "Interstitial Lung Disease": 0.0,
    "Kyphosis": 0.0,
    "Lesion": 0.0,
    "Mass": 0.0,
    "Nodule": 0.0,
    "Osteophyte": 0.0,
    "Pleural Effusion": 0.0,
    "Pleural Thickening": 0.0,
    "Pneumothorax": 0.0,
    "Pulmonary Artery Enlargement": 0.0,
    "Pulmonary Fibrosis": 0.0,
    "Rib Fracture": 0.0,
    "Scoliosis": 0.0,
    "Subcutaneous Emphysema": 0.0,
    "Thickening": 0.0,
    "Volume Loss": 0.0,
    "normal": 0.0
  }
}