{
  "uid": "3271",
  "frontal_image": "3271_IM-1552-1001.dcm.png",
  "lateral_image": "3271_IM-1552-2001.dcm.png",
  "fusion_mode": "weighted_avg(f=0.65,l=0.35)",
  "predicted_classes": [
    "normal"
  ],
  "resolved_classes": [
    "normal"
  ],
  "kg_classes": [
    "Normal"
  ],
  "num_predicted": 1,
  "conflict_resolution": "no_conflict",
  "is_uncertain": false,
  "uncertainty_reason": "",
  "inference_time_s": 0.2638,
  "gt_labels": "normal",
  "probabilities": {
    "Airspace Disease": 0.057339,
    "Bronchiectasis": 0.010533,
    "Bronchiolitis": 0.001459,
    "Bullous Disease": 0.003936,
    "Calcified Granuloma": 0.188253,
    "Calcinosis": 0.116072,
    "Cardiac Shadow (abnormal)": 0.058901,
    "Cardiomegaly": 0.085707,
    "Consolidation": 0.033518,
    "Degenerative Change": 0.176209,
    "Edema": 0.046009,
    "Effusion": 0.009755,
    "Emphysema": 0.061406,
    "Fibrosis": 0.097378,
    "Fractures": 0.065422,
    "Hernia": 0.045264,
    "Hyperinflation": 0.14154,
    "Increased Lung Markings": 0.052001,
    "Interstitial Lung Disease": 0.060487,
    "Kyphosis": 0.037219,
    "Lesion": 0.119373,
    "Mass": 0.025263,
    "Nodule": 0.062964,
    "Osteophyte": 0.112112,
    "Pleural Effusion": 0.030321,
    "Pleural Thickening": 0.055362,
    "Pneumothorax": 0.027078,
    "Pulmonary Artery Enlargement": 0.024401,
    "Pulmonary Fibrosis": 0.029711,
    "Rib Fracture": 0.007008,
    "Scoliosis": 0.058448,
    "Subcutaneous Emphysema": 0.007875,
    "Thickening": 0.057346,
    "Volume Loss": 0.098428,
    "normal": 0.909338
  },
  "frontal_probs": {
    "Airspace Disease": 0.011734487488865852,
    "Bronchiectasis": 0.00022503860236611217,
    "Bronchiolitis": 1.2360704204184003e-05,
    "Bullous Disease": 0.0005991228972561657,
    "Calcified Granuloma": 0.10613775998353958,
    "Calcinosis": 0.04775356501340866,
    "Cardiac Shadow (abnormal)": 0.0011991217033937573,
    "Cardiomegaly": 0.005549593362957239,
    "Consolidation": 0.00495214993134141,
    "Degenerative Change": 0.04137204587459564,
    "Edema": 0.0007965018739923835,
    "Effusion": 0.0003728398587554693,
    "Emphysema": 0.01366466749459505,
    "Fibrosis": 0.02777516096830368,
    "Fractures": 0.01848270371556282,
    "Hernia": 0.011280291713774204,
    "Hyperinflation": 0.035116780549287796,
    "Increased Lung Markings": 0.013480445370078087,
    "Interstitial Lung Disease": 0.007371894083917141,
    "Kyphosis": 0.011204213835299015,
    "Lesion": 0.01478410791605711,
    "Mass": 0.00015545732458122075,
    "Nodule": 0.01574811153113842,
    "Osteophyte": 0.019665807485580444,
    "Pleural Effusion": 0.002087940461933613,
    "Pleural Thickening": 0.029759185388684273,
    "Pneumothorax": 0.022174734622240067,
    "Pulmonary Artery Enlargement": 0.0028233188204467297,
    "Pulmonary Fibrosis": 0.0003846052859444171,
    "Rib Fracture": 3.975465733674355e-05,
    "Scoliosis": 0.02968555875122547,
    "Subcutaneous Emphysema": 0.0001541674428153783,
    "Thickening": 0.006218521855771542,
    "Volume Loss": 0.015651889145374298,
    "normal": 0.9890227317810059
  },
  "lateral_probs": {
    "Airspace Disease": 0.1420343667268753,
    "Bronchiectasis": 0.029675185680389404,
    "Bronchiolitis": 0.004144662991166115,
    "Bullous Disease": 0.010132401250302792,
    "Calcified Granuloma": 0.34075355529785156,
    "Calcinosis": 0.24294857680797577,
    "Cardiac Shadow (abnormal)": 0.16606228053569794,
    "Cardiomegaly": 0.23457074165344238,
    "Consolidation": 0.08656779676675797,
    "Degenerative Change": 0.4266197085380554,
    "Edema": 0.12997528910636902,
    "Effusion": 0.027179745957255363,
    "Emphysema": 0.15006819367408752,
    "Fibrosis": 0.22663982212543488,
    "Fractures": 0.15259522199630737,
    "Hernia": 0.10837607085704803,
    "Hyperinflation": 0.3391837775707245,
    "Increased Lung Markings": 0.12354002892971039,
    "Interstitial Lung Disease": 0.15913045406341553,
    "Kyphosis": 0.08553158491849899,
    "Lesion": 0.313608855009079,
    "Mass": 0.07189102470874786,
    "Nodule": 0.15065012872219086,
    "Osteophyte": 0.2837975323200226,
    "Pleural Effusion": 0.08275438100099564,
    "Pleural Thickening": 0.10291048884391785,
    "Pneumothorax": 0.03618425130844116,
    "Pulmonary Artery Enlargement": 0.06447411328554153,
    "Pulmonary Fibrosis": 0.08417530357837677,
    "Rib Fracture": 0.019948681816458702,
    "Scoliosis": 0.1118636205792427,
    "Subcutaneous Emphysema": 0.02221301756799221,
    "Thickening": 0.15229569375514984,
    "Volume Loss": 0.25215622782707214,
    "normal": 0.7613515853881836
  }
}