{
  "uid": "3501",
  "frontal_image": "3501_IM-1706-1001.dcm.png",
  "lateral_image": "3501_IM-1706-2001.dcm.png",
  "fusion_mode": "weighted_avg(f=0.65,l=0.35)",
  "predicted_classes": [
    "normal"
  ],
  "resolved_classes": [
    "normal"
  ],
  "kg_classes": [
    "Normal"
  ],
  "num_predicted": 1,
  "conflict_resolution": "no_conflict",
  "is_uncertain": false,
  "uncertainty_reason": "",
  "inference_time_s": 0.2372,
  "gt_labels": "normal",
  "probabilities": {
    "Airspace Disease": 0.187409,
    "Bronchiectasis": 0.022235,
    "Bronchiolitis": 0.007526,
    "Bullous Disease": 0.026526,
    "Calcified Granuloma": 0.302912,
    "Calcinosis": 0.272179,
    "Cardiac Shadow (abnormal)": 0.081972,
    "Cardiomegaly": 0.162298,
    "Consolidation": 0.107153,
    "Degenerative Change": 0.345458,
    "Edema": 0.105715,
    "Effusion": 0.034762,
    "Emphysema": 0.17372,
    "Fibrosis": 0.267032,
    "Fractures": 0.201534,
    "Hernia": 0.123378,
    "Hyperinflation": 0.389131,
    "Increased Lung Markings": 0.298629,
    "Interstitial Lung Disease": 0.120562,
    "Kyphosis": 0.074101,
    "Lesion": 0.341233,
    "Mass": 0.055887,
    "Nodule": 0.242189,
    "Osteophyte": 0.168522,
    "Pleural Effusion": 0.192195,
    "Pleural Thickening": 0.162737,
    "Pneumothorax": 0.080515,
    "Pulmonary Artery Enlargement": 0.03785,
    "Pulmonary Fibrosis": 0.050265,
    "Rib Fracture": 0.017509,
    "Scoliosis": 0.270847,
    "Subcutaneous Emphysema": 0.023395,
    "Thickening": 0.139541,
    "Volume Loss": 0.270274,
    "normal": 0.743362
  },
  "frontal_probs": {
    "Airspace Disease": 0.1453094333410263,
    "Bronchiectasis": 0.008703375235199928,
    "Bronchiolitis": 0.008819242008030415,
    "Bullous Disease": 0.021258413791656494,
    "Calcified Granuloma": 0.28964558243751526,
    "Calcinosis": 0.2500564157962799,
    "Cardiac Shadow (abnormal)": 0.05646871402859688,
    "Cardiomegaly": 0.1253606230020523,
    "Consolidation": 0.08892695605754852,
    "Degenerative Change": 0.3068886995315552,
    "Edema": 0.06416265666484833,
    "Effusion": 0.019816966727375984,
    "Emphysema": 0.1357184499502182,
    "Fibrosis": 0.25889691710472107,
    "Fractures": 0.19793285429477692,
    "Hernia": 0.09274185448884964,
    "Hyperinflation": 0.3820696473121643,
    "Increased Lung Markings": 0.31351590156555176,
    "Interstitial Lung Disease": 0.08067533373832703,
    "Kyphosis": 0.0592246912419796,
    "Lesion": 0.33300089836120605,
    "Mass": 0.04414789006114006,
    "Nodule": 0.25001856684684753,
    "Osteophyte": 0.17538940906524658,
    "Pleural Effusion": 0.18775184452533722,
    "Pleural Thickening": 0.16054704785346985,
    "Pneumothorax": 0.06973981112241745,
    "Pulmonary Artery Enlargement": 0.020985053852200508,
    "Pulmonary Fibrosis": 0.02307496778666973,
    "Rib Fracture": 0.013141069561243057,
    "Scoliosis": 0.29524046182632446,
    "Subcutaneous Emphysema": 0.016301147639751434,
    "Thickening": 0.1142147108912468,
    "Volume Loss": 0.2903291881084442,
    "normal": 0.7550780773162842
  },
  "lateral_probs": {
    "Airspace Disease": 0.2655944228172302,
    "Bronchiectasis": 0.04736418277025223,
    "Bronchiolitis": 0.005123233422636986,
    "Bullous Disease": 0.03630748763680458,
    "Calcified Granuloma": 0.32754984498023987,
    "Calcinosis": 0.3132637143135071,
    "Cardiac Shadow (abnormal)": 0.12933656573295593,
    "Cardiomegaly": 0.23089613020420074,
    "Consolidation": 0.1410001963376999,
    "Degenerative Change": 0.41708770394325256,
    "Edema": 0.18288251757621765,
    "Effusion": 0.06251788139343262,
    "Emphysema": 0.24429389834403992,
    "Fibrosis": 0.28213953971862793,
    "Fractures": 0.20822076499462128,
    "Hernia": 0.18027326464653015,
    "Hyperinflation": 0.4022449553012848,
    "Increased Lung Markings": 0.27098172903060913,
    "Interstitial Lung Disease": 0.19463850557804108,
    "Kyphosis": 0.10172849148511887,
    "Lesion": 0.3565213680267334,
    "Mass": 0.07768896967172623,
    "Nodule": 0.22764700651168823,
    "Osteophyte": 0.15576770901679993,
    "Pleural Effusion": 0.20044583082199097,
    "Pleural Thickening": 0.16680331528186798,
    "Pneumothorax": 0.10052504390478134,
    "Pulmonary Artery Enlargement": 0.06917157769203186,
    "Pulmonary Fibrosis": 0.10076156258583069,
    "Rib Fracture": 0.02561970427632332,
    "Scoliosis": 0.22554561495780945,
    "Subcutaneous Emphysema": 0.036568351089954376,
    "Thickening": 0.18657618761062622,
    "Volume Loss": 0.2330297827720642,
    "normal": 0.7216038703918457
  }
}