{
  "uid": "3284",
  "frontal_image": "3284_IM-1565-20001.dcm.png",
  "lateral_image": "",
  "fusion_mode": "frontal_only",
  "predicted_classes": [
    "normal",
    "Degenerative Change"
  ],
  "resolved_classes": [
    "Degenerative Change"
  ],
  "kg_classes": [
    "Degenerative Change"
  ],
  "num_predicted": 1,
  "conflict_resolution": "disease_dominates",
  "is_uncertain": false,
  "uncertainty_reason": "",
  "inference_time_s": 0.1323,
  "gt_labels": "normal",
  "probabilities": {
    "Airspace Disease": 0.08343078196048737,
    "Bronchiectasis": 0.0073393830098211765,
    "Bronchiolitis": 0.018160590901970863,
    "Bullous Disease": 0.024297170341014862,
    "Calcified Granuloma": 0.4035450220108032,
    "Calcinosis": 0.32936573028564453,
    "Cardiac Shadow (abnormal)": 0.06608355045318604,
    "Cardiomegaly": 0.23677396774291992,
    "Consolidation": 0.059695400297641754,
    "Degenerative Change": 0.5920935869216919,
    "Edema": 0.04514992609620094,
    "Effusion": 0.01882610097527504,
    "Emphysema": 0.0963602066040039,
    "Fibrosis": 0.24450668692588806,
    "Fractures": 0.27670392394065857,
    "Hernia": 0.31644243001937866,
    "Hyperinflation": 0.3334057629108429,
    "Increased Lung Markings": 0.2289232313632965,
    "Interstitial Lung Disease": 0.09206295013427734,
    "Kyphosis": 0.22899192571640015,
    "Lesion": 0.27779752016067505,
    "Mass": 0.0794210284948349,
    "Nodule": 0.16240805387496948,
    "Osteophyte": 0.3577679395675659,
    "Pleural Effusion": 0.07648996263742447,
    "Pleural Thickening": 0.072477325797081,
    "Pneumothorax": 0.031676702201366425,
    "Pulmonary Artery Enlargement": 0.08731422573328018,
    "Pulmonary Fibrosis": 0.05187573656439781,
    "Rib Fracture": 0.027810199186205864,
    "Scoliosis": 0.2158118635416031,
    "Subcutaneous Emphysema": 0.021064497530460358,
    "Thickening": 0.09908360242843628,
    "Volume Loss": 0.22032402455806732,
    "normal": 0.6542547941207886
  },
  "frontal_probs": {
    "Airspace Disease": 0.08343078196048737,
    "Bronchiectasis": 0.0073393830098211765,
    "Bronchiolitis": 0.018160590901970863,
    "Bullous Disease": 0.024297170341014862,
    "Calcified Granuloma": 0.4035450220108032,
    "Calcinosis": 0.32936573028564453,
    "Cardiac Shadow (abnormal)": 0.06608355045318604,
    "Cardiomegaly": 0.23677396774291992,
    "Consolidation": 0.059695400297641754,
    "Degenerative Change": 0.5920935869216919,
    "Edema": 0.04514992609620094,
    "Effusion": 0.01882610097527504,
    "Emphysema": 0.0963602066040039,
    "Fibrosis": 0.24450668692588806,
    "Fractures": 0.27670392394065857,
    "Hernia": 0.31644243001937866,
    "Hyperinflation": 0.3334057629108429,
    "Increased Lung Markings": 0.2289232313632965,
    "Interstitial Lung Disease": 0.09206295013427734,
    "Kyphosis": 0.22899192571640015,
    "Lesion": 0.27779752016067505,
    "Mass": 0.0794210284948349,
    "Nodule": 0.16240805387496948,
    "Osteophyte": 0.3577679395675659,
    "Pleural Effusion": 0.07648996263742447,
    "Pleural Thickening": 0.072477325797081,
    "Pneumothorax": 0.031676702201366425,
    "Pulmonary Artery Enlargement": 0.08731422573328018,
    "Pulmonary Fibrosis": 0.05187573656439781,
    "Rib Fracture": 0.027810199186205864,
    "Scoliosis": 0.2158118635416031,
    "Subcutaneous Emphysema": 0.021064497530460358,
    "Thickening": 0.09908360242843628,
    "Volume Loss": 0.22032402455806732,
    "normal": 0.6542547941207886
  },
  "lateral_probs": {
    "Airspace Disease": 0.0,
    "Bronchiectasis": 0.0,
    "Bronchiolitis": 0.0,
    "Bullous Disease": 0.0,
    "Calcified Granuloma": 0.0,
    "Calcinosis": 0.0,
    "Cardiac Shadow (abnormal)": 0.0,
    "Cardiomegaly": 0.0,
    "Consolidation": 0.0,
    "Degenerative Change": 0.0,
    "Edema": 0.0,
    "Effusion": 0.0,
    "Emphysema": 0.0,
    "Fibrosis": 0.0,
    "Fractures": 0.0,
    "Hernia": 0.0,
    "Hyperinflation": 0.0,
    "Increased Lung Markings": 0.0,
    "Interstitial Lung Disease": 0.0,
    "Kyphosis": 0.0,
    "Lesion": 0.0,
    "Mass": 0.0,
    "Nodule": 0.0,
    "Osteophyte": 0.0,
    "Pleural Effusion": 0.0,
    "Pleural Thickening": 0.0,
    "Pneumothorax": 0.0,
    "Pulmonary Artery Enlargement": 0.0,
    "Pulmonary Fibrosis": 0.0,
    "Rib Fracture": 0.0,
    "Scoliosis": 0.0,
    "Subcutaneous Emphysema": 0.0,
    "Thickening": 0.0,
    "Volume Loss": 0.0,
    "normal": 0.0
  }
}