{
  "uid": "3928",
  "frontal_image": "3928_IM-2000-1001.dcm.png",
  "lateral_image": "3928_IM-2000-2001.dcm.png",
  "fusion_mode": "weighted_avg(f=0.65,l=0.35)",
  "predicted_classes": [
    "normal"
  ],
  "resolved_classes": [
    "normal"
  ],
  "kg_classes": [
    "Normal"
  ],
  "num_predicted": 1,
  "conflict_resolution": "no_conflict",
  "is_uncertain": true,
  "uncertainty_reason": "normal_prob=0.547 (<0.73) with elevated disease scores: Degenerative Change=0.492, Hyperinflation=0.478, Lesion=0.475",
  "inference_time_s": 0.255,
  "gt_labels": "Calcified Granuloma;Calcinosis;Degenerative Change",
  "probabilities": {
    "Airspace Disease": 0.322127,
    "Bronchiectasis": 0.04508,
    "Bronchiolitis": 0.011844,
    "Bullous Disease": 0.032243,
    "Calcified Granuloma": 0.351542,
    "Calcinosis": 0.333505,
    "Cardiac Shadow (abnormal)": 0.238724,
    "Cardiomegaly": 0.404643,
    "Consolidation": 0.141609,
    "Degenerative Change": 0.492341,
    "Edema": 0.190675,
    "Effusion": 0.050763,
    "Emphysema": 0.21968,
    "Fibrosis": 0.326149,
    "Fractures": 0.225145,
    "Hernia": 0.314411,
    "Hyperinflation": 0.478311,
    "Increased Lung Markings": 0.322988,
    "Interstitial Lung Disease": 0.164815,
    "Kyphosis": 0.24915,
    "Lesion": 0.47547,
    "Mass": 0.08675,
    "Nodule": 0.221679,
    "Osteophyte": 0.22143,
    "Pleural Effusion": 0.327333,
    "Pleural Thickening": 0.242897,
    "Pneumothorax": 0.093227,
    "Pulmonary Artery Enlargement": 0.106294,
    "Pulmonary Fibrosis": 0.082884,
    "Rib Fracture": 0.02842,
    "Scoliosis": 0.283769,
    "Subcutaneous Emphysema": 0.039846,
    "Thickening": 0.223833,
    "Volume Loss": 0.411761,
    "normal": 0.54731
  },
  "frontal_probs": {
    "Airspace Disease": 0.34196555614471436,
    "Bronchiectasis": 0.03781765326857567,
    "Bronchiolitis": 0.013368525542318821,
    "Bullous Disease": 0.031230172142386436,
    "Calcified Granuloma": 0.34409353137016296,
    "Calcinosis": 0.31093284487724304,
    "Cardiac Shadow (abnormal)": 0.2731524705886841,
    "Cardiomegaly": 0.43468818068504333,
    "Consolidation": 0.14455704391002655,
    "Degenerative Change": 0.5047025680541992,
    "Edema": 0.16912761330604553,
    "Effusion": 0.0385371632874012,
    "Emphysema": 0.18588896095752716,
    "Fibrosis": 0.3437374234199524,
    "Fractures": 0.22454985976219177,
    "Hernia": 0.3603766858577728,
    "Hyperinflation": 0.49935418367385864,
    "Increased Lung Markings": 0.3460547626018524,
    "Interstitial Lung Disease": 0.1485006958246231,
    "Kyphosis": 0.31885871291160583,
    "Lesion": 0.5220054388046265,
    "Mass": 0.06968221068382263,
    "Nodule": 0.182944655418396,
    "Osteophyte": 0.1955227553844452,
    "Pleural Effusion": 0.3635382652282715,
    "Pleural Thickening": 0.24411018192768097,
    "Pneumothorax": 0.09199509769678116,
    "Pulmonary Artery Enlargement": 0.11561484634876251,
    "Pulmonary Fibrosis": 0.06297940015792847,
    "Rib Fracture": 0.025619525462388992,
    "Scoliosis": 0.3015044331550598,
    "Subcutaneous Emphysema": 0.032800160348415375,
    "Thickening": 0.2129031866788864,
    "Volume Loss": 0.47309237718582153,
    "normal": 0.5072833299636841
  },
  "lateral_probs": {
    "Airspace Disease": 0.28528422117233276,
    "Bronchiectasis": 0.058565903455019,
    "Bronchiolitis": 0.009011809714138508,
    "Bullous Disease": 0.03412385284900665,
    "Calcified Granuloma": 0.3653736412525177,
    "Calcinosis": 0.3754234313964844,
    "Cardiac Shadow (abnormal)": 0.17478464543819427,
    "Cardiomegaly": 0.34884536266326904,
    "Consolidation": 0.13613301515579224,
    "Degenerative Change": 0.4693836569786072,
    "Edema": 0.23069030046463013,
    "Effusion": 0.0734686553478241,
    "Emphysema": 0.28243452310562134,
    "Fibrosis": 0.29348549246788025,
    "Fractures": 0.22624970972537994,
    "Hernia": 0.2290465235710144,
    "Hyperinflation": 0.4392310678958893,
    "Increased Lung Markings": 0.28014931082725525,
    "Interstitial Lung Disease": 0.1951143741607666,
    "Kyphosis": 0.11969201266765594,
    "Lesion": 0.389048308134079,
    "Mass": 0.118447445333004,
    "Nodule": 0.29361435770988464,
    "Osteophyte": 0.2695430517196655,
    "Pleural Effusion": 0.2600957453250885,
    "Pleural Thickening": 0.2406444400548935,
    "Pneumothorax": 0.09551574289798737,
    "Pulmonary Artery Enlargement": 0.08898378163576126,
    "Pulmonary Fibrosis": 0.11984957009553909,
    "Rib Fracture": 0.03361980989575386,
    "Scoliosis": 0.25083252787590027,
    "Subcutaneous Emphysema": 0.052930667996406555,
    "Thickening": 0.24413196742534637,
    "Volume Loss": 0.2978595495223999,
    "normal": 0.6216447949409485
  }
}