{
  "uid": "3735",
  "frontal_image": "3735_IM-1866-1001.dcm.png",
  "lateral_image": "3735_IM-1866-2001.dcm.png",
  "fusion_mode": "weighted_avg(f=0.65,l=0.35)",
  "predicted_classes": [
    "normal"
  ],
  "resolved_classes": [
    "normal"
  ],
  "kg_classes": [
    "Normal"
  ],
  "num_predicted": 1,
  "conflict_resolution": "no_conflict",
  "is_uncertain": false,
  "uncertainty_reason": "",
  "inference_time_s": 0.2496,
  "gt_labels": "Degenerative Change",
  "probabilities": {
    "Airspace Disease": 0.205433,
    "Bronchiectasis": 0.016241,
    "Bronchiolitis": 0.002531,
    "Bullous Disease": 0.016653,
    "Calcified Granuloma": 0.343491,
    "Calcinosis": 0.247214,
    "Cardiac Shadow (abnormal)": 0.063265,
    "Cardiomegaly": 0.125112,
    "Consolidation": 0.080868,
    "Degenerative Change": 0.319048,
    "Edema": 0.090076,
    "Effusion": 0.01914,
    "Emphysema": 0.170408,
    "Fibrosis": 0.222962,
    "Fractures": 0.1557,
    "Hernia": 0.119221,
    "Hyperinflation": 0.245738,
    "Increased Lung Markings": 0.171299,
    "Interstitial Lung Disease": 0.087152,
    "Kyphosis": 0.052346,
    "Lesion": 0.291056,
    "Mass": 0.046556,
    "Nodule": 0.235749,
    "Osteophyte": 0.184337,
    "Pleural Effusion": 0.077573,
    "Pleural Thickening": 0.111919,
    "Pneumothorax": 0.045398,
    "Pulmonary Artery Enlargement": 0.046414,
    "Pulmonary Fibrosis": 0.030993,
    "Rib Fracture": 0.01457,
    "Scoliosis": 0.129492,
    "Subcutaneous Emphysema": 0.010757,
    "Thickening": 0.092868,
    "Volume Loss": 0.175903,
    "normal": 0.77047
  },
  "frontal_probs": {
    "Airspace Disease": 0.21969294548034668,
    "Bronchiectasis": 0.009517998434603214,
    "Bronchiolitis": 0.002326066605746746,
    "Bullous Disease": 0.01821237988770008,
    "Calcified Granuloma": 0.3334313929080963,
    "Calcinosis": 0.20549651980400085,
    "Cardiac Shadow (abnormal)": 0.057668667286634445,
    "Cardiomegaly": 0.0949045792222023,
    "Consolidation": 0.07704067975282669,
    "Degenerative Change": 0.28316420316696167,
    "Edema": 0.0910906046628952,
    "Effusion": 0.008130297996103764,
    "Emphysema": 0.15777897834777832,
    "Fibrosis": 0.21054904162883759,
    "Fractures": 0.12443429976701736,
    "Hernia": 0.09699444472789764,
    "Hyperinflation": 0.23222047090530396,
    "Increased Lung Markings": 0.15557843446731567,
    "Interstitial Lung Disease": 0.06153310090303421,
    "Kyphosis": 0.04651463031768799,
    "Lesion": 0.29551076889038086,
    "Mass": 0.012357592582702637,
    "Nodule": 0.2439994364976883,
    "Osteophyte": 0.1717461198568344,
    "Pleural Effusion": 0.07360194623470306,
    "Pleural Thickening": 0.1201743483543396,
    "Pneumothorax": 0.031846415251493454,
    "Pulmonary Artery Enlargement": 0.03193057328462601,
    "Pulmonary Fibrosis": 0.015874246135354042,
    "Rib Fracture": 0.011397060006856918,
    "Scoliosis": 0.08830831199884415,
    "Subcutaneous Emphysema": 0.00456394674256444,
    "Thickening": 0.09111101925373077,
    "Volume Loss": 0.16650952398777008,
    "normal": 0.7401334643363953
  },
  "lateral_probs": {
    "Airspace Disease": 0.17894966900348663,
    "Bronchiectasis": 0.028727933764457703,
    "Bronchiolitis": 0.0029122529085725546,
    "Bullous Disease": 0.01375696063041687,
    "Calcified Granuloma": 0.36217325925827026,
    "Calcinosis": 0.32469022274017334,
    "Cardiac Shadow (abnormal)": 0.07365923374891281,
    "Cardiomegaly": 0.1812116950750351,
    "Consolidation": 0.08797572553157806,
    "Degenerative Change": 0.38568899035453796,
    "Edema": 0.08819069713354111,
    "Effusion": 0.03958611562848091,
    "Emphysema": 0.19386063516139984,
    "Fibrosis": 0.24601414799690247,
    "Fractures": 0.21376584470272064,
    "Hernia": 0.16050024330615997,
    "Hyperinflation": 0.2708429992198944,
    "Increased Lung Markings": 0.20049293339252472,
    "Interstitial Lung Disease": 0.13473038375377655,
    "Kyphosis": 0.06317602843046188,
    "Lesion": 0.2827818989753723,
    "Mass": 0.11006870120763779,
    "Nodule": 0.22042717039585114,
    "Osteophyte": 0.20772148668766022,
    "Pleural Effusion": 0.08494910597801208,
    "Pleural Thickening": 0.09658677130937576,
    "Pneumothorax": 0.07056547701358795,
    "Pulmonary Artery Enlargement": 0.07331162691116333,
    "Pulmonary Fibrosis": 0.059069447219371796,
    "Rib Fracture": 0.020461633801460266,
    "Scoliosis": 0.20597538352012634,
    "Subcutaneous Emphysema": 0.0222572460770607,
    "Thickening": 0.09613221138715744,
    "Volume Loss": 0.19334858655929565,
    "normal": 0.826809823513031
  }
}