{
  "uid": "3354",
  "frontal_image": "3354_IM-1609-1001.dcm.png",
  "lateral_image": "3354_IM-1609-1002.dcm.png",
  "fusion_mode": "weighted_avg(f=0.65,l=0.35)",
  "predicted_classes": [
    "normal"
  ],
  "resolved_classes": [
    "normal"
  ],
  "kg_classes": [
    "Normal"
  ],
  "num_predicted": 1,
  "conflict_resolution": "no_conflict",
  "is_uncertain": true,
  "uncertainty_reason": "normal_prob=0.618 (<0.73) with elevated disease scores: Lesion=0.468, Degenerative Change=0.463, Hyperinflation=0.446",
  "inference_time_s": 0.316,
  "gt_labels": "Emphysema;Hyperinflation",
  "probabilities": {
    "Airspace Disease": 0.307431,
    "Bronchiectasis": 0.15841,
    "Bronchiolitis": 0.033071,
    "Bullous Disease": 0.104978,
    "Calcified Granuloma": 0.361424,
    "Calcinosis": 0.353226,
    "Cardiac Shadow (abnormal)": 0.17482,
    "Cardiomegaly": 0.227928,
    "Consolidation": 0.217584,
    "Degenerative Change": 0.462625,
    "Edema": 0.197337,
    "Effusion": 0.120247,
    "Emphysema": 0.441946,
    "Fibrosis": 0.378116,
    "Fractures": 0.2283,
    "Hernia": 0.185191,
    "Hyperinflation": 0.446323,
    "Increased Lung Markings": 0.212147,
    "Interstitial Lung Disease": 0.227219,
    "Kyphosis": 0.103126,
    "Lesion": 0.468441,
    "Mass": 0.09972,
    "Nodule": 0.305446,
    "Osteophyte": 0.215894,
    "Pleural Effusion": 0.255981,
    "Pleural Thickening": 0.28267,
    "Pneumothorax": 0.166485,
    "Pulmonary Artery Enlargement": 0.098657,
    "Pulmonary Fibrosis": 0.122867,
    "Rib Fracture": 0.065897,
    "Scoliosis": 0.281382,
    "Subcutaneous Emphysema": 0.071184,
    "Thickening": 0.250916,
    "Volume Loss": 0.309566,
    "normal": 0.617625
  },
  "frontal_probs": {
    "Airspace Disease": 0.3895931839942932,
    "Bronchiectasis": 0.2196984738111496,
    "Bronchiolitis": 0.04990891367197037,
    "Bullous Disease": 0.15363048017024994,
    "Calcified Granuloma": 0.36649468541145325,
    "Calcinosis": 0.3976094424724579,
    "Cardiac Shadow (abnormal)": 0.2399265617132187,
    "Cardiomegaly": 0.26838645339012146,
    "Consolidation": 0.25776419043540955,
    "Degenerative Change": 0.4893134534358978,
    "Edema": 0.2518429160118103,
    "Effusion": 0.16651201248168945,
    "Emphysema": 0.4854392111301422,
    "Fibrosis": 0.4252932369709015,
    "Fractures": 0.2643778920173645,
    "Hernia": 0.1972697526216507,
    "Hyperinflation": 0.4896847903728485,
    "Increased Lung Markings": 0.2637304961681366,
    "Interstitial Lung Disease": 0.2557634115219116,
    "Kyphosis": 0.1361318677663803,
    "Lesion": 0.5207762122154236,
    "Mass": 0.12179812043905258,
    "Nodule": 0.38217076659202576,
    "Osteophyte": 0.20453684031963348,
    "Pleural Effusion": 0.34122636914253235,
    "Pleural Thickening": 0.36129170656204224,
    "Pneumothorax": 0.20713239908218384,
    "Pulmonary Artery Enlargement": 0.1171235516667366,
    "Pulmonary Fibrosis": 0.15567319095134735,
    "Rib Fracture": 0.09265883266925812,
    "Scoliosis": 0.3371827304363251,
    "Subcutaneous Emphysema": 0.10303985327482224,
    "Thickening": 0.33698195219039917,
    "Volume Loss": 0.35385435819625854,
    "normal": 0.5352856516838074
  },
  "lateral_probs": {
    "Airspace Disease": 0.15484531223773956,
    "Bronchiectasis": 0.044587887823581696,
    "Bronchiolitis": 0.0017992526991292834,
    "Bullous Disease": 0.014623142778873444,
    "Calcified Granuloma": 0.35200679302215576,
    "Calcinosis": 0.2707989811897278,
    "Cardiac Shadow (abnormal)": 0.053907860070466995,
    "Cardiomegaly": 0.15279126167297363,
    "Consolidation": 0.14296458661556244,
    "Degenerative Change": 0.4130617380142212,
    "Edema": 0.09611112624406815,
    "Effusion": 0.03432649374008179,
    "Emphysema": 0.3611733317375183,
    "Fibrosis": 0.29050034284591675,
    "Fractures": 0.16129760444164276,
    "Hernia": 0.16275940835475922,
    "Hyperinflation": 0.36579275131225586,
    "Increased Lung Markings": 0.11634872108697891,
    "Interstitial Lung Disease": 0.174207866191864,
    "Kyphosis": 0.041828446090221405,
    "Lesion": 0.37124666571617126,
    "Mass": 0.05871647596359253,
    "Nodule": 0.16295577585697174,
    "Osteophyte": 0.23698486387729645,
    "Pleural Effusion": 0.09766785800457001,
    "Pleural Thickening": 0.13665717840194702,
    "Pneumothorax": 0.09099716693162918,
    "Pulmonary Artery Enlargement": 0.06436178833246231,
    "Pulmonary Fibrosis": 0.06194242462515831,
    "Rib Fracture": 0.01619711145758629,
    "Scoliosis": 0.17775295674800873,
    "Subcutaneous Emphysema": 0.012021715752780437,
    "Thickening": 0.09107912331819534,
    "Volume Loss": 0.22731487452983856,
    "normal": 0.7705403566360474
  }
}