{
  "uid": "3339",
  "frontal_image": "3339_IM-1599-1001.dcm.png",
  "lateral_image": "3339_IM-1599-2001.dcm.png",
  "fusion_mode": "weighted_avg(f=0.65,l=0.35)",
  "predicted_classes": [
    "normal"
  ],
  "resolved_classes": [
    "normal"
  ],
  "kg_classes": [
    "Normal"
  ],
  "num_predicted": 1,
  "conflict_resolution": "no_conflict",
  "is_uncertain": true,
  "uncertainty_reason": "normal_prob=0.636 (<0.73) with elevated disease scores: Degenerative Change=0.458, Hyperinflation=0.376, Lesion=0.346",
  "inference_time_s": 0.2592,
  "gt_labels": "normal",
  "probabilities": {
    "Airspace Disease": 0.187438,
    "Bronchiectasis": 0.033626,
    "Bronchiolitis": 0.005809,
    "Bullous Disease": 0.028183,
    "Calcified Granuloma": 0.308093,
    "Calcinosis": 0.285157,
    "Cardiac Shadow (abnormal)": 0.119175,
    "Cardiomegaly": 0.281281,
    "Consolidation": 0.119446,
    "Degenerative Change": 0.457948,
    "Edema": 0.161073,
    "Effusion": 0.036368,
    "Emphysema": 0.154855,
    "Fibrosis": 0.226108,
    "Fractures": 0.180013,
    "Hernia": 0.159462,
    "Hyperinflation": 0.375577,
    "Increased Lung Markings": 0.239554,
    "Interstitial Lung Disease": 0.077726,
    "Kyphosis": 0.081939,
    "Lesion": 0.346393,
    "Mass": 0.035935,
    "Nodule": 0.254002,
    "Osteophyte": 0.286798,
    "Pleural Effusion": 0.144117,
    "Pleural Thickening": 0.129072,
    "Pneumothorax": 0.088532,
    "Pulmonary Artery Enlargement": 0.046377,
    "Pulmonary Fibrosis": 0.052746,
    "Rib Fracture": 0.025965,
    "Scoliosis": 0.153372,
    "Subcutaneous Emphysema": 0.016699,
    "Thickening": 0.146469,
    "Volume Loss": 0.244599,
    "normal": 0.635779
  },
  "frontal_probs": {
    "Airspace Disease": 0.16470514237880707,
    "Bronchiectasis": 0.003376596374437213,
    "Bronchiolitis": 0.004823263268917799,
    "Bullous Disease": 0.024129675701260567,
    "Calcified Granuloma": 0.27142906188964844,
    "Calcinosis": 0.28075188398361206,
    "Cardiac Shadow (abnormal)": 0.09783270955085754,
    "Cardiomegaly": 0.24200841784477234,
    "Consolidation": 0.04941794276237488,
    "Degenerative Change": 0.4780180752277374,
    "Edema": 0.10222183912992477,
    "Effusion": 0.01992061361670494,
    "Emphysema": 0.08505947887897491,
    "Fibrosis": 0.1584547609090805,
    "Fractures": 0.18118467926979065,
    "Hernia": 0.1743726283311844,
    "Hyperinflation": 0.3593285083770752,
    "Increased Lung Markings": 0.24272604286670685,
    "Interstitial Lung Disease": 0.03613667190074921,
    "Kyphosis": 0.09093626588582993,
    "Lesion": 0.3242262601852417,
    "Mass": 0.010819081217050552,
    "Nodule": 0.24047401547431946,
    "Osteophyte": 0.3037945628166199,
    "Pleural Effusion": 0.13521362841129303,
    "Pleural Thickening": 0.07562143355607986,
    "Pneumothorax": 0.10559196770191193,
    "Pulmonary Artery Enlargement": 0.024107296019792557,
    "Pulmonary Fibrosis": 0.03093705326318741,
    "Rib Fracture": 0.020843906328082085,
    "Scoliosis": 0.13661716878414154,
    "Subcutaneous Emphysema": 0.008112766779959202,
    "Thickening": 0.08994438499212265,
    "Volume Loss": 0.22575446963310242,
    "normal": 0.6320559978485107
  },
  "lateral_probs": {
    "Airspace Disease": 0.22965572774410248,
    "Bronchiectasis": 0.08980432897806168,
    "Bronchiolitis": 0.00764103839173913,
    "Bullous Disease": 0.03570934012532234,
    "Calcified Granuloma": 0.37618371844291687,
    "Calcinosis": 0.29333847761154175,
    "Cardiac Shadow (abnormal)": 0.15881165862083435,
    "Cardiomegaly": 0.35421690344810486,
    "Consolidation": 0.24949690699577332,
    "Degenerative Change": 0.420674592256546,
    "Edema": 0.2703686058521271,
    "Effusion": 0.06691315025091171,
    "Emphysema": 0.2844753861427307,
    "Fibrosis": 0.35174936056137085,
    "Fractures": 0.17783650755882263,
    "Hernia": 0.13177043199539185,
    "Hyperinflation": 0.4057537317276001,
    "Increased Lung Markings": 0.23366306722164154,
    "Interstitial Lung Disease": 0.154963880777359,
    "Kyphosis": 0.0652305856347084,
    "Lesion": 0.3875608444213867,
    "Mass": 0.08257917314767838,
    "Nodule": 0.27912577986717224,
    "Osteophyte": 0.2552320957183838,
    "Pleural Effusion": 0.16065259277820587,
    "Pleural Thickening": 0.22833620011806488,
    "Pneumothorax": 0.056850045919418335,
    "Pulmonary Artery Enlargement": 0.08773577213287354,
    "Pulmonary Fibrosis": 0.0932484120130539,
    "Rib Fracture": 0.0354757085442543,
    "Scoliosis": 0.1844884157180786,
    "Subcutaneous Emphysema": 0.03264518827199936,
    "Thickening": 0.25144317746162415,
    "Volume Loss": 0.27959656715393066,
    "normal": 0.6426944732666016
  }
}