{
  "uid": "3518",
  "frontal_image": "3518_IM-1717-1001.dcm.png",
  "lateral_image": "3518_IM-1717-2001.dcm.png",
  "fusion_mode": "weighted_avg(f=0.65,l=0.35)",
  "predicted_classes": [
    "normal"
  ],
  "resolved_classes": [
    "normal"
  ],
  "kg_classes": [
    "Normal"
  ],
  "num_predicted": 1,
  "conflict_resolution": "no_conflict",
  "is_uncertain": true,
  "uncertainty_reason": "normal_prob=0.672 (<0.73) with elevated disease scores: Lesion=0.389, Degenerative Change=0.375, Calcified Granuloma=0.372",
  "inference_time_s": 0.2701,
  "gt_labels": "Osteophyte",
  "probabilities": {
    "Airspace Disease": 0.182061,
    "Bronchiectasis": 0.04296,
    "Bronchiolitis": 0.008307,
    "Bullous Disease": 0.061286,
    "Calcified Granuloma": 0.372108,
    "Calcinosis": 0.342728,
    "Cardiac Shadow (abnormal)": 0.062541,
    "Cardiomegaly": 0.133888,
    "Consolidation": 0.090765,
    "Degenerative Change": 0.374685,
    "Edema": 0.118603,
    "Effusion": 0.022404,
    "Emphysema": 0.253558,
    "Fibrosis": 0.287607,
    "Fractures": 0.189015,
    "Hernia": 0.131815,
    "Hyperinflation": 0.369099,
    "Increased Lung Markings": 0.194995,
    "Interstitial Lung Disease": 0.136317,
    "Kyphosis": 0.08228,
    "Lesion": 0.388889,
    "Mass": 0.042165,
    "Nodule": 0.202114,
    "Osteophyte": 0.193136,
    "Pleural Effusion": 0.080618,
    "Pleural Thickening": 0.176708,
    "Pneumothorax": 0.080112,
    "Pulmonary Artery Enlargement": 0.047165,
    "Pulmonary Fibrosis": 0.061467,
    "Rib Fracture": 0.019987,
    "Scoliosis": 0.154177,
    "Subcutaneous Emphysema": 0.017657,
    "Thickening": 0.122383,
    "Volume Loss": 0.246717,
    "normal": 0.672372
  },
  "frontal_probs": {
    "Airspace Disease": 0.21850363910198212,
    "Bronchiectasis": 0.05754327028989792,
    "Bronchiolitis": 0.012414942495524883,
    "Bullous Disease": 0.09201369434595108,
    "Calcified Granuloma": 0.3876943588256836,
    "Calcinosis": 0.372821182012558,
    "Cardiac Shadow (abnormal)": 0.07134978473186493,
    "Cardiomegaly": 0.14815473556518555,
    "Consolidation": 0.10260465741157532,
    "Degenerative Change": 0.36207640171051025,
    "Edema": 0.15200994908809662,
    "Effusion": 0.027493400499224663,
    "Emphysema": 0.2970704138278961,
    "Fibrosis": 0.3389650583267212,
    "Fractures": 0.2211882770061493,
    "Hernia": 0.16238877177238464,
    "Hyperinflation": 0.415947824716568,
    "Increased Lung Markings": 0.24747760593891144,
    "Interstitial Lung Disease": 0.1387196183204651,
    "Kyphosis": 0.1143953874707222,
    "Lesion": 0.4457581341266632,
    "Mass": 0.041745517402887344,
    "Nodule": 0.20159079134464264,
    "Osteophyte": 0.18875297904014587,
    "Pleural Effusion": 0.09878040105104446,
    "Pleural Thickening": 0.23097461462020874,
    "Pneumothorax": 0.11091454327106476,
    "Pulmonary Artery Enlargement": 0.05679251626133919,
    "Pulmonary Fibrosis": 0.07495458424091339,
    "Rib Fracture": 0.02436096966266632,
    "Scoliosis": 0.16776402294635773,
    "Subcutaneous Emphysema": 0.02331884205341339,
    "Thickening": 0.11840366572141647,
    "Volume Loss": 0.30083468556404114,
    "normal": 0.583711564540863
  },
  "lateral_probs": {
    "Airspace Disease": 0.1143808364868164,
    "Bronchiectasis": 0.015877852216362953,
    "Bronchiolitis": 0.0006773542845621705,
    "Bullous Disease": 0.004221112001687288,
    "Calcified Granuloma": 0.34316274523735046,
    "Calcinosis": 0.2868400812149048,
    "Cardiac Shadow (abnormal)": 0.04618173465132713,
    "Cardiomegaly": 0.10739385336637497,
    "Consolidation": 0.06877702474594116,
    "Degenerative Change": 0.39810237288475037,
    "Edema": 0.0565604493021965,
    "Effusion": 0.012951829470694065,
    "Emphysema": 0.17275013029575348,
    "Fibrosis": 0.1922263652086258,
    "Fractures": 0.12926365435123444,
    "Hernia": 0.07503642141819,
    "Hyperinflation": 0.28209400177001953,
    "Increased Lung Markings": 0.0975276380777359,
    "Interstitial Lung Disease": 0.1318548172712326,
    "Kyphosis": 0.022637533023953438,
    "Lesion": 0.2832762598991394,
    "Mass": 0.04294435679912567,
    "Nodule": 0.2030850201845169,
    "Osteophyte": 0.20127639174461365,
    "Pleural Effusion": 0.04688722640275955,
    "Pleural Thickening": 0.07592646777629852,
    "Pneumothorax": 0.022906964644789696,
    "Pulmonary Artery Enlargement": 0.029284747317433357,
    "Pulmonary Fibrosis": 0.036417704075574875,
    "Rib Fracture": 0.011863406747579575,
    "Scoliosis": 0.12894274294376373,
    "Subcutaneous Emphysema": 0.0071427347138524055,
    "Thickening": 0.12977367639541626,
    "Volume Loss": 0.14621229469776154,
    "normal": 0.8370283842086792
  }
}