{
  "uid": "3220",
  "frontal_image": "3220_IM-1522-1001.dcm.png",
  "lateral_image": "3220_IM-1522-2001.dcm.png",
  "fusion_mode": "weighted_avg(f=0.65,l=0.35)",
  "predicted_classes": [
    "normal"
  ],
  "resolved_classes": [
    "normal"
  ],
  "kg_classes": [
    "Normal"
  ],
  "num_predicted": 1,
  "conflict_resolution": "no_conflict",
  "is_uncertain": false,
  "uncertainty_reason": "",
  "inference_time_s": 0.2875,
  "gt_labels": "normal",
  "probabilities": {
    "Airspace Disease": 0.042863,
    "Bronchiectasis": 0.002428,
    "Bronchiolitis": 8.4e-05,
    "Bullous Disease": 0.002366,
    "Calcified Granuloma": 0.149252,
    "Calcinosis": 0.107652,
    "Cardiac Shadow (abnormal)": 0.010067,
    "Cardiomegaly": 0.034911,
    "Consolidation": 0.025145,
    "Degenerative Change": 0.148307,
    "Edema": 0.020195,
    "Effusion": 0.003774,
    "Emphysema": 0.103132,
    "Fibrosis": 0.111169,
    "Fractures": 0.051776,
    "Hernia": 0.014524,
    "Hyperinflation": 0.134628,
    "Increased Lung Markings": 0.033716,
    "Interstitial Lung Disease": 0.029262,
    "Kyphosis": 0.008542,
    "Lesion": 0.10305,
    "Mass": 0.00457,
    "Nodule": 0.08421,
    "Osteophyte": 0.057783,
    "Pleural Effusion": 0.017034,
    "Pleural Thickening": 0.064223,
    "Pneumothorax": 0.037194,
    "Pulmonary Artery Enlargement": 0.012252,
    "Pulmonary Fibrosis": 0.005075,
    "Rib Fracture": 0.000704,
    "Scoliosis": 0.05342,
    "Subcutaneous Emphysema": 0.001838,
    "Thickening": 0.033373,
    "Volume Loss": 0.06597,
    "normal": 0.938945
  },
  "frontal_probs": {
    "Airspace Disease": 0.02546572871506214,
    "Bronchiectasis": 0.00015967620129231364,
    "Bronchiolitis": 1.8318280126550235e-05,
    "Bullous Disease": 0.0014674110570922494,
    "Calcified Granuloma": 0.07951154559850693,
    "Calcinosis": 0.058881718665361404,
    "Cardiac Shadow (abnormal)": 0.0011594478273764253,
    "Cardiomegaly": 0.00880682934075594,
    "Consolidation": 0.005044298246502876,
    "Degenerative Change": 0.05239146202802658,
    "Edema": 0.0033677213359624147,
    "Effusion": 0.0008271706174127758,
    "Emphysema": 0.05352528765797615,
    "Fibrosis": 0.05023913085460663,
    "Fractures": 0.028401825577020645,
    "Hernia": 0.006735134869813919,
    "Hyperinflation": 0.05133963003754616,
    "Increased Lung Markings": 0.010367510840296745,
    "Interstitial Lung Disease": 0.009906833991408348,
    "Kyphosis": 0.00563413742929697,
    "Lesion": 0.04498858377337456,
    "Mass": 0.000201716655283235,
    "Nodule": 0.03049001470208168,
    "Osteophyte": 0.02618865668773651,
    "Pleural Effusion": 0.01096772588789463,
    "Pleural Thickening": 0.06580369174480438,
    "Pneumothorax": 0.04514880105853081,
    "Pulmonary Artery Enlargement": 0.001180951134301722,
    "Pulmonary Fibrosis": 0.00040587683906778693,
    "Rib Fracture": 0.0002015378704527393,
    "Scoliosis": 0.025677654892206192,
    "Subcutaneous Emphysema": 0.00016662244161125273,
    "Thickening": 0.008585039526224136,
    "Volume Loss": 0.039857421070337296,
    "normal": 0.97384113073349
  },
  "lateral_probs": {
    "Airspace Disease": 0.075172059237957,
    "Bronchiectasis": 0.006641118787229061,
    "Bronchiolitis": 0.00020500083337537944,
    "Bullous Disease": 0.004034355282783508,
    "Calcified Granuloma": 0.2787703275680542,
    "Calcinosis": 0.19822534918785095,
    "Cardiac Shadow (abnormal)": 0.02661038562655449,
    "Cardiomegaly": 0.08339084684848785,
    "Consolidation": 0.0624740831553936,
    "Degenerative Change": 0.3264351487159729,
    "Edema": 0.05144689604640007,
    "Effusion": 0.009248082526028156,
    "Emphysema": 0.19525982439517975,
    "Fibrosis": 0.22432351112365723,
    "Fractures": 0.09518516808748245,
    "Hernia": 0.02898923121392727,
    "Hyperinflation": 0.289306640625,
    "Increased Lung Markings": 0.07707672566175461,
    "Interstitial Lung Disease": 0.06520724296569824,
    "Kyphosis": 0.013942074961960316,
    "Lesion": 0.21087950468063354,
    "Mass": 0.01268372219055891,
    "Nodule": 0.18397469818592072,
    "Osteophyte": 0.11645787954330444,
    "Pleural Effusion": 0.028299281373620033,
    "Pleural Thickening": 0.061288122087717056,
    "Pneumothorax": 0.022422097623348236,
    "Pulmonary Artery Enlargement": 0.03281315043568611,
    "Pulmonary Fibrosis": 0.013745022937655449,
    "Rib Fracture": 0.001636979402974248,
    "Scoliosis": 0.10494266450405121,
    "Subcutaneous Emphysema": 0.004942211788147688,
    "Thickening": 0.0794086679816246,
    "Volume Loss": 0.1144641637802124,
    "normal": 0.8741384744644165
  }
}