{
  "uid": "3940",
  "frontal_image": "3940_IM-2011-1001.dcm.png",
  "lateral_image": "3940_IM-2011-2001.dcm.png",
  "fusion_mode": "weighted_avg(f=0.65,l=0.35)",
  "predicted_classes": [
    "Degenerative Change",
    "normal"
  ],
  "resolved_classes": [
    "Degenerative Change"
  ],
  "kg_classes": [
    "Degenerative Change"
  ],
  "num_predicted": 1,
  "conflict_resolution": "disease_dominates",
  "is_uncertain": false,
  "uncertainty_reason": "",
  "inference_time_s": 0.2534,
  "gt_labels": "Fibrosis;Lesion",
  "probabilities": {
    "Airspace Disease": 0.186106,
    "Bronchiectasis": 0.040547,
    "Bronchiolitis": 0.023769,
    "Bullous Disease": 0.027393,
    "Calcified Granuloma": 0.444379,
    "Calcinosis": 0.349825,
    "Cardiac Shadow (abnormal)": 0.113677,
    "Cardiomegaly": 0.259438,
    "Consolidation": 0.153911,
    "Degenerative Change": 0.560925,
    "Edema": 0.128036,
    "Effusion": 0.025889,
    "Emphysema": 0.307107,
    "Fibrosis": 0.352751,
    "Fractures": 0.198769,
    "Hernia": 0.308465,
    "Hyperinflation": 0.374144,
    "Increased Lung Markings": 0.186823,
    "Interstitial Lung Disease": 0.197418,
    "Kyphosis": 0.220363,
    "Lesion": 0.375268,
    "Mass": 0.1121,
    "Nodule": 0.148749,
    "Osteophyte": 0.32714,
    "Pleural Effusion": 0.165069,
    "Pleural Thickening": 0.154427,
    "Pneumothorax": 0.045161,
    "Pulmonary Artery Enlargement": 0.141427,
    "Pulmonary Fibrosis": 0.080365,
    "Rib Fracture": 0.046954,
    "Scoliosis": 0.213963,
    "Subcutaneous Emphysema": 0.018084,
    "Thickening": 0.153956,
    "Volume Loss": 0.32056,
    "normal": 0.557928
  },
  "frontal_probs": {
    "Airspace Disease": 0.175668865442276,
    "Bronchiectasis": 0.0232491847127676,
    "Bronchiolitis": 0.03306726738810539,
    "Bullous Disease": 0.032852474600076675,
    "Calcified Granuloma": 0.48157715797424316,
    "Calcinosis": 0.3885319232940674,
    "Cardiac Shadow (abnormal)": 0.10218701511621475,
    "Cardiomegaly": 0.23995035886764526,
    "Consolidation": 0.13693919777870178,
    "Degenerative Change": 0.5891110301017761,
    "Edema": 0.0886780321598053,
    "Effusion": 0.017190851271152496,
    "Emphysema": 0.2951778173446655,
    "Fibrosis": 0.3701218068599701,
    "Fractures": 0.22174549102783203,
    "Hernia": 0.34836822748184204,
    "Hyperinflation": 0.3685522973537445,
    "Increased Lung Markings": 0.18801768124103546,
    "Interstitial Lung Disease": 0.1762973517179489,
    "Kyphosis": 0.26001352071762085,
    "Lesion": 0.37236371636390686,
    "Mass": 0.08414305746555328,
    "Nodule": 0.15791645646095276,
    "Osteophyte": 0.36981987953186035,
    "Pleural Effusion": 0.16604839265346527,
    "Pleural Thickening": 0.1582980453968048,
    "Pneumothorax": 0.03156600147485733,
    "Pulmonary Artery Enlargement": 0.16650092601776123,
    "Pulmonary Fibrosis": 0.06000838801264763,
    "Rib Fracture": 0.04181023687124252,
    "Scoliosis": 0.21890752017498016,
    "Subcutaneous Emphysema": 0.01996506378054619,
    "Thickening": 0.1690644472837448,
    "Volume Loss": 0.34311363101005554,
    "normal": 0.530232846736908
  },
  "lateral_probs": {
    "Airspace Disease": 0.20548798143863678,
    "Bronchiectasis": 0.07267224788665771,
    "Bronchiolitis": 0.00649992935359478,
    "Bullous Disease": 0.017255160957574844,
    "Calcified Granuloma": 0.3752954304218292,
    "Calcinosis": 0.27794110774993896,
    "Cardiac Shadow (abnormal)": 0.1350151151418686,
    "Cardiomegaly": 0.2956288158893585,
    "Consolidation": 0.18542969226837158,
    "Degenerative Change": 0.5085781216621399,
    "Edema": 0.2011302411556244,
    "Effusion": 0.042043592780828476,
    "Emphysema": 0.32926076650619507,
    "Fibrosis": 0.3204904794692993,
    "Fractures": 0.1560988426208496,
    "Hernia": 0.23435987532138824,
    "Hyperinflation": 0.38452884554862976,
    "Increased Lung Markings": 0.1846044510602951,
    "Interstitial Lung Disease": 0.23664236068725586,
    "Kyphosis": 0.14672604203224182,
    "Lesion": 0.3806607723236084,
    "Mass": 0.1640186309814453,
    "Nodule": 0.13172432780265808,
    "Osteophyte": 0.24787838757038116,
    "Pleural Effusion": 0.16324904561042786,
    "Pleural Thickening": 0.1472376585006714,
    "Pneumothorax": 0.07040982693433762,
    "Pulmonary Artery Enlargement": 0.0948600247502327,
    "Pulmonary Fibrosis": 0.11817151308059692,
    "Rib Fracture": 0.056506987661123276,
    "Scoliosis": 0.20478051900863647,
    "Subcutaneous Emphysema": 0.014589528553187847,
    "Thickening": 0.12589740753173828,
    "Volume Loss": 0.27867591381073,
    "normal": 0.6093606948852539
  }
}