{
  "uid": "3694",
  "frontal_image": "3694_IM-1845-1001.dcm.png",
  "lateral_image": "3694_IM-1845-2001.dcm.png",
  "fusion_mode": "weighted_avg(f=0.65,l=0.35)",
  "predicted_classes": [
    "normal"
  ],
  "resolved_classes": [
    "normal"
  ],
  "kg_classes": [
    "Normal"
  ],
  "num_predicted": 1,
  "conflict_resolution": "no_conflict",
  "is_uncertain": false,
  "uncertainty_reason": "",
  "inference_time_s": 0.2428,
  "gt_labels": "Pneumothorax",
  "probabilities": {
    "Airspace Disease": 0.087103,
    "Bronchiectasis": 0.009929,
    "Bronchiolitis": 0.001023,
    "Bullous Disease": 0.006016,
    "Calcified Granuloma": 0.184785,
    "Calcinosis": 0.115289,
    "Cardiac Shadow (abnormal)": 0.025969,
    "Cardiomegaly": 0.077574,
    "Consolidation": 0.038277,
    "Degenerative Change": 0.168875,
    "Edema": 0.041969,
    "Effusion": 0.011076,
    "Emphysema": 0.062626,
    "Fibrosis": 0.100054,
    "Fractures": 0.081526,
    "Hernia": 0.043727,
    "Hyperinflation": 0.172174,
    "Increased Lung Markings": 0.123035,
    "Interstitial Lung Disease": 0.039027,
    "Kyphosis": 0.030264,
    "Lesion": 0.143273,
    "Mass": 0.024702,
    "Nodule": 0.100945,
    "Osteophyte": 0.096628,
    "Pleural Effusion": 0.051244,
    "Pleural Thickening": 0.071057,
    "Pneumothorax": 0.14417,
    "Pulmonary Artery Enlargement": 0.034944,
    "Pulmonary Fibrosis": 0.019698,
    "Rib Fracture": 0.003531,
    "Scoliosis": 0.141584,
    "Subcutaneous Emphysema": 0.009356,
    "Thickening": 0.071536,
    "Volume Loss": 0.105637,
    "normal": 0.903469
  },
  "frontal_probs": {
    "Airspace Disease": 0.03717799484729767,
    "Bronchiectasis": 0.0007680038106627762,
    "Bronchiolitis": 0.00012534935376606882,
    "Bullous Disease": 0.001546668354421854,
    "Calcified Granuloma": 0.12648573517799377,
    "Calcinosis": 0.06019534915685654,
    "Cardiac Shadow (abnormal)": 0.005914261098951101,
    "Cardiomegaly": 0.029526470229029655,
    "Consolidation": 0.00944829173386097,
    "Degenerative Change": 0.06799469143152237,
    "Edema": 0.00892510637640953,
    "Effusion": 0.0050110709853470325,
    "Emphysema": 0.023836525157094002,
    "Fibrosis": 0.05155886709690094,
    "Fractures": 0.05597417801618576,
    "Hernia": 0.018045874312520027,
    "Hyperinflation": 0.11165177822113037,
    "Increased Lung Markings": 0.09662624448537827,
    "Interstitial Lung Disease": 0.008472043089568615,
    "Kyphosis": 0.014082323759794235,
    "Lesion": 0.07798293232917786,
    "Mass": 0.0017888066358864307,
    "Nodule": 0.03989193215966225,
    "Osteophyte": 0.044789399951696396,
    "Pleural Effusion": 0.021866483613848686,
    "Pleural Thickening": 0.05712540075182915,
    "Pneumothorax": 0.20161615312099457,
    "Pulmonary Artery Enlargement": 0.006724600680172443,
    "Pulmonary Fibrosis": 0.001794620300643146,
    "Rib Fracture": 0.0005917881499044597,
    "Scoliosis": 0.12016793340444565,
    "Subcutaneous Emphysema": 0.001433134195394814,
    "Thickening": 0.024158954620361328,
    "Volume Loss": 0.0683286115527153,
    "normal": 0.9437980055809021
  },
  "lateral_probs": {
    "Airspace Disease": 0.17982091009616852,
    "Bronchiectasis": 0.026941103860735893,
    "Bronchiolitis": 0.0026892395690083504,
    "Bullous Disease": 0.014315631240606308,
    "Calcified Granuloma": 0.29305610060691833,
    "Calcinosis": 0.21760530769824982,
    "Cardiac Shadow (abnormal)": 0.06321433931589127,
    "Cardiomegaly": 0.16680629551410675,
    "Consolidation": 0.09181474149227142,
    "Degenerative Change": 0.3562231659889221,
    "Edema": 0.10333708673715591,
    "Effusion": 0.022340456023812294,
    "Emphysema": 0.1346622258424759,
    "Fibrosis": 0.1901157647371292,
    "Fractures": 0.12898050248622894,
    "Hernia": 0.09142148494720459,
    "Hyperinflation": 0.28457117080688477,
    "Increased Lung Markings": 0.17208106815814972,
    "Interstitial Lung Disease": 0.09577323496341705,
    "Kyphosis": 0.06031612306833267,
    "Lesion": 0.2645266354084015,
    "Mass": 0.0672542154788971,
    "Nodule": 0.2143278568983078,
    "Osteophyte": 0.19289885461330414,
    "Pleural Effusion": 0.10580247640609741,
    "Pleural Thickening": 0.09692926704883575,
    "Pneumothorax": 0.03748433664441109,
    "Pulmonary Artery Enlargement": 0.08735255151987076,
    "Pulmonary Fibrosis": 0.05294729769229889,
    "Rib Fracture": 0.008988873101770878,
    "Scoliosis": 0.18135571479797363,
    "Subcutaneous Emphysema": 0.02406863495707512,
    "Thickening": 0.15952160954475403,
    "Volume Loss": 0.17492415010929108,
    "normal": 0.8285723328590393
  }
}