{
  "uid": "3585",
  "frontal_image": "3585_IM-1763-1001.dcm.png",
  "lateral_image": "3585_IM-1763-2001.dcm.png",
  "fusion_mode": "weighted_avg(f=0.65,l=0.35)",
  "predicted_classes": [
    "normal"
  ],
  "resolved_classes": [
    "normal"
  ],
  "kg_classes": [
    "Normal"
  ],
  "num_predicted": 1,
  "conflict_resolution": "no_conflict",
  "is_uncertain": true,
  "uncertainty_reason": "normal_prob=0.681 (<0.73) with elevated disease scores: Degenerative Change=0.415, Calcified Granuloma=0.357, Hyperinflation=0.353",
  "inference_time_s": 0.2612,
  "gt_labels": "normal",
  "probabilities": {
    "Airspace Disease": 0.22724,
    "Bronchiectasis": 0.019178,
    "Bronchiolitis": 0.006483,
    "Bullous Disease": 0.041635,
    "Calcified Granuloma": 0.357448,
    "Calcinosis": 0.332924,
    "Cardiac Shadow (abnormal)": 0.068564,
    "Cardiomegaly": 0.150812,
    "Consolidation": 0.129459,
    "Degenerative Change": 0.414502,
    "Edema": 0.127483,
    "Effusion": 0.035934,
    "Emphysema": 0.343496,
    "Fibrosis": 0.299284,
    "Fractures": 0.206464,
    "Hernia": 0.126867,
    "Hyperinflation": 0.352823,
    "Increased Lung Markings": 0.143837,
    "Interstitial Lung Disease": 0.22025,
    "Kyphosis": 0.097278,
    "Lesion": 0.352564,
    "Mass": 0.054211,
    "Nodule": 0.176291,
    "Osteophyte": 0.158982,
    "Pleural Effusion": 0.138742,
    "Pleural Thickening": 0.215867,
    "Pneumothorax": 0.099647,
    "Pulmonary Artery Enlargement": 0.074689,
    "Pulmonary Fibrosis": 0.062452,
    "Rib Fracture": 0.02307,
    "Scoliosis": 0.160073,
    "Subcutaneous Emphysema": 0.025606,
    "Thickening": 0.156894,
    "Volume Loss": 0.250457,
    "normal": 0.680705
  },
  "frontal_probs": {
    "Airspace Disease": 0.24363860487937927,
    "Bronchiectasis": 0.017630187794566154,
    "Bronchiolitis": 0.009001689031720161,
    "Bullous Disease": 0.05511830747127533,
    "Calcified Granuloma": 0.3346099257469177,
    "Calcinosis": 0.33640486001968384,
    "Cardiac Shadow (abnormal)": 0.05999727547168732,
    "Cardiomegaly": 0.1399485319852829,
    "Consolidation": 0.1365080624818802,
    "Degenerative Change": 0.3935789167881012,
    "Edema": 0.11841171234846115,
    "Effusion": 0.03987262398004532,
    "Emphysema": 0.36866170167922974,
    "Fibrosis": 0.3388165533542633,
    "Fractures": 0.21869896352291107,
    "Hernia": 0.14274249970912933,
    "Hyperinflation": 0.3250992000102997,
    "Increased Lung Markings": 0.13460320234298706,
    "Interstitial Lung Disease": 0.22188834846019745,
    "Kyphosis": 0.12585806846618652,
    "Lesion": 0.35655272006988525,
    "Mass": 0.05275804176926613,
    "Nodule": 0.15860658884048462,
    "Osteophyte": 0.14402729272842407,
    "Pleural Effusion": 0.1534501016139984,
    "Pleural Thickening": 0.24383220076560974,
    "Pneumothorax": 0.12604832649230957,
    "Pulmonary Artery Enlargement": 0.09416425973176956,
    "Pulmonary Fibrosis": 0.0565730482339859,
    "Rib Fracture": 0.024881815537810326,
    "Scoliosis": 0.16300658881664276,
    "Subcutaneous Emphysema": 0.032120395451784134,
    "Thickening": 0.1596367359161377,
    "Volume Loss": 0.26695170998573303,
    "normal": 0.6563314199447632
  },
  "lateral_probs": {
    "Airspace Disease": 0.19678667187690735,
    "Bronchiectasis": 0.022051990032196045,
    "Bronchiolitis": 0.0018062270246446133,
    "Bullous Disease": 0.01659516990184784,
    "Calcified Granuloma": 0.3998607397079468,
    "Calcinosis": 0.32645824551582336,
    "Cardiac Shadow (abnormal)": 0.08447392284870148,
    "Cardiomegaly": 0.17098566889762878,
    "Consolidation": 0.11636781692504883,
    "Degenerative Change": 0.453359991312027,
    "Edema": 0.1443295031785965,
    "Effusion": 0.028618622571229935,
    "Emphysema": 0.2967604100704193,
    "Fibrosis": 0.22586706280708313,
    "Fractures": 0.1837426871061325,
    "Hernia": 0.0973832756280899,
    "Hyperinflation": 0.4043114185333252,
    "Increased Lung Markings": 0.16098475456237793,
    "Interstitial Lung Disease": 0.21720723807811737,
    "Kyphosis": 0.04420100525021553,
    "Lesion": 0.3451557159423828,
    "Mass": 0.05690864101052284,
    "Nodule": 0.20913459360599518,
    "Osteophyte": 0.18675532937049866,
    "Pleural Effusion": 0.11142689734697342,
    "Pleural Thickening": 0.16393209993839264,
    "Pneumothorax": 0.05061602592468262,
    "Pulmonary Artery Enlargement": 0.03852200508117676,
    "Pulmonary Fibrosis": 0.07336903363466263,
    "Rib Fracture": 0.019705500453710556,
    "Scoliosis": 0.1546245962381363,
    "Subcutaneous Emphysema": 0.013506869785487652,
    "Thickening": 0.1518014520406723,
    "Volume Loss": 0.21982453763484955,
    "normal": 0.7259710431098938
  }
}