{
  "uid": "3809",
  "frontal_image": "3809_IM-1919-1002001.dcm.png",
  "lateral_image": "3809_IM-1919-1004003.dcm.png",
  "fusion_mode": "weighted_avg(f=0.65,l=0.35)",
  "predicted_classes": [
    "normal"
  ],
  "resolved_classes": [
    "normal"
  ],
  "kg_classes": [
    "Normal"
  ],
  "num_predicted": 1,
  "conflict_resolution": "no_conflict",
  "is_uncertain": false,
  "uncertainty_reason": "",
  "inference_time_s": 0.2797,
  "gt_labels": "normal",
  "probabilities": {
    "Airspace Disease": 0.161423,
    "Bronchiectasis": 0.053284,
    "Bronchiolitis": 0.005485,
    "Bullous Disease": 0.024911,
    "Calcified Granuloma": 0.346635,
    "Calcinosis": 0.311982,
    "Cardiac Shadow (abnormal)": 0.060466,
    "Cardiomegaly": 0.109463,
    "Consolidation": 0.080441,
    "Degenerative Change": 0.391325,
    "Edema": 0.060477,
    "Effusion": 0.011062,
    "Emphysema": 0.300309,
    "Fibrosis": 0.260828,
    "Fractures": 0.157158,
    "Hernia": 0.177567,
    "Hyperinflation": 0.28739,
    "Increased Lung Markings": 0.153064,
    "Interstitial Lung Disease": 0.178498,
    "Kyphosis": 0.075034,
    "Lesion": 0.324919,
    "Mass": 0.039583,
    "Nodule": 0.229796,
    "Osteophyte": 0.200818,
    "Pleural Effusion": 0.058651,
    "Pleural Thickening": 0.118118,
    "Pneumothorax": 0.024376,
    "Pulmonary Artery Enlargement": 0.043992,
    "Pulmonary Fibrosis": 0.040592,
    "Rib Fracture": 0.026781,
    "Scoliosis": 0.127193,
    "Subcutaneous Emphysema": 0.010323,
    "Thickening": 0.096151,
    "Volume Loss": 0.167068,
    "normal": 0.764449
  },
  "frontal_probs": {
    "Airspace Disease": 0.20052877068519592,
    "Bronchiectasis": 0.07021918147802353,
    "Bronchiolitis": 0.008057051338255405,
    "Bullous Disease": 0.03571688011288643,
    "Calcified Granuloma": 0.3719969689846039,
    "Calcinosis": 0.3432123363018036,
    "Cardiac Shadow (abnormal)": 0.0804230347275734,
    "Cardiomegaly": 0.11281721293926239,
    "Consolidation": 0.09142031520605087,
    "Degenerative Change": 0.40354323387145996,
    "Edema": 0.07062920182943344,
    "Effusion": 0.013804982416331768,
    "Emphysema": 0.40065038204193115,
    "Fibrosis": 0.2885962128639221,
    "Fractures": 0.172803595662117,
    "Hernia": 0.23342303931713104,
    "Hyperinflation": 0.30979451537132263,
    "Increased Lung Markings": 0.19298627972602844,
    "Interstitial Lung Disease": 0.2243058979511261,
    "Kyphosis": 0.09108828008174896,
    "Lesion": 0.368486225605011,
    "Mass": 0.03857990726828575,
    "Nodule": 0.2492036074399948,
    "Osteophyte": 0.23259377479553223,
    "Pleural Effusion": 0.06392467767000198,
    "Pleural Thickening": 0.1605723351240158,
    "Pneumothorax": 0.026461245492100716,
    "Pulmonary Artery Enlargement": 0.04910064488649368,
    "Pulmonary Fibrosis": 0.045126818120479584,
    "Rib Fracture": 0.03807862848043442,
    "Scoliosis": 0.12189432978630066,
    "Subcutaneous Emphysema": 0.012797240167856216,
    "Thickening": 0.08784004300832748,
    "Volume Loss": 0.19721128046512604,
    "normal": 0.7008546590805054
  },
  "lateral_probs": {
    "Airspace Disease": 0.0887979120016098,
    "Bronchiectasis": 0.021831994876265526,
    "Bronchiolitis": 0.0007089420687407255,
    "Bullous Disease": 0.004842713475227356,
    "Calcified Granuloma": 0.29953378438949585,
    "Calcinosis": 0.2539842128753662,
    "Cardiac Shadow (abnormal)": 0.023403415456414223,
    "Cardiomegaly": 0.10323449224233627,
    "Consolidation": 0.060051701962947845,
    "Degenerative Change": 0.3686346709728241,
    "Edema": 0.04162187874317169,
    "Effusion": 0.005969030782580376,
    "Emphysema": 0.11396156996488571,
    "Fibrosis": 0.20925918221473694,
    "Fractures": 0.12810254096984863,
    "Hernia": 0.0738355815410614,
    "Hyperinflation": 0.24578072130680084,
    "Increased Lung Markings": 0.07892289012670517,
    "Interstitial Lung Disease": 0.09342588484287262,
    "Kyphosis": 0.04521863907575607,
    "Lesion": 0.24400894343852997,
    "Mass": 0.04144500941038132,
    "Nodule": 0.19375422596931458,
    "Osteophyte": 0.14180612564086914,
    "Pleural Effusion": 0.04885830730199814,
    "Pleural Thickening": 0.039275120943784714,
    "Pneumothorax": 0.02050352841615677,
    "Pulmonary Artery Enlargement": 0.0345049649477005,
    "Pulmonary Fibrosis": 0.0321691557765007,
    "Rib Fracture": 0.005799292586743832,
    "Scoliosis": 0.13703353703022003,
    "Subcutaneous Emphysema": 0.005727747455239296,
    "Thickening": 0.11158625036478043,
    "Volume Loss": 0.1110880896449089,
    "normal": 0.8825516700744629
  }
}