{
  "uid": "3474",
  "frontal_image": "3474_IM-1688-1001.dcm.png",
  "lateral_image": "3474_IM-1688-2001.dcm.png",
  "fusion_mode": "weighted_avg(f=0.65,l=0.35)",
  "predicted_classes": [
    "Lesion",
    "normal"
  ],
  "resolved_classes": [
    "Lesion"
  ],
  "kg_classes": [
    "Lesion"
  ],
  "num_predicted": 1,
  "conflict_resolution": "disease_dominates",
  "is_uncertain": false,
  "uncertainty_reason": "",
  "inference_time_s": 0.2438,
  "gt_labels": "Degenerative Change;Hyperinflation;Increased Lung Markings",
  "probabilities": {
    "Airspace Disease": 0.318328,
    "Bronchiectasis": 0.091799,
    "Bronchiolitis": 0.028151,
    "Bullous Disease": 0.05691,
    "Calcified Granuloma": 0.376541,
    "Calcinosis": 0.345152,
    "Cardiac Shadow (abnormal)": 0.231509,
    "Cardiomegaly": 0.4668,
    "Consolidation": 0.23757,
    "Degenerative Change": 0.464575,
    "Edema": 0.308361,
    "Effusion": 0.116308,
    "Emphysema": 0.258291,
    "Fibrosis": 0.320186,
    "Fractures": 0.267258,
    "Hernia": 0.327772,
    "Hyperinflation": 0.427956,
    "Increased Lung Markings": 0.351099,
    "Interstitial Lung Disease": 0.266075,
    "Kyphosis": 0.177274,
    "Lesion": 0.538879,
    "Mass": 0.191833,
    "Nodule": 0.223999,
    "Osteophyte": 0.229781,
    "Pleural Effusion": 0.281126,
    "Pleural Thickening": 0.263021,
    "Pneumothorax": 0.137744,
    "Pulmonary Artery Enlargement": 0.180571,
    "Pulmonary Fibrosis": 0.133579,
    "Rib Fracture": 0.086963,
    "Scoliosis": 0.221916,
    "Subcutaneous Emphysema": 0.054341,
    "Thickening": 0.220864,
    "Volume Loss": 0.383081,
    "normal": 0.527603
  },
  "frontal_probs": {
    "Airspace Disease": 0.3395569622516632,
    "Bronchiectasis": 0.08877179771661758,
    "Bronchiolitis": 0.03663426265120506,
    "Bullous Disease": 0.06221328303217888,
    "Calcified Granuloma": 0.3679962158203125,
    "Calcinosis": 0.3537484407424927,
    "Cardiac Shadow (abnormal)": 0.25903359055519104,
    "Cardiomegaly": 0.5309450626373291,
    "Consolidation": 0.2551180422306061,
    "Degenerative Change": 0.47512319684028625,
    "Edema": 0.3425387740135193,
    "Effusion": 0.12285804748535156,
    "Emphysema": 0.22429756820201874,
    "Fibrosis": 0.32703593373298645,
    "Fractures": 0.29446685314178467,
    "Hernia": 0.3132549226284027,
    "Hyperinflation": 0.43341031670570374,
    "Increased Lung Markings": 0.36295944452285767,
    "Interstitial Lung Disease": 0.27394530177116394,
    "Kyphosis": 0.18468762934207916,
    "Lesion": 0.5933754444122314,
    "Mass": 0.21323511004447937,
    "Nodule": 0.23411232233047485,
    "Osteophyte": 0.21016059815883636,
    "Pleural Effusion": 0.3065520226955414,
    "Pleural Thickening": 0.2850572466850281,
    "Pneumothorax": 0.12623770534992218,
    "Pulmonary Artery Enlargement": 0.19937843084335327,
    "Pulmonary Fibrosis": 0.13979829847812653,
    "Rib Fracture": 0.08451208472251892,
    "Scoliosis": 0.21817271411418915,
    "Subcutaneous Emphysema": 0.06295527517795563,
    "Thickening": 0.2338813692331314,
    "Volume Loss": 0.3971526622772217,
    "normal": 0.48428764939308167
  },
  "lateral_probs": {
    "Airspace Disease": 0.27890270948410034,
    "Bronchiectasis": 0.09742037206888199,
    "Bronchiolitis": 0.012397105805575848,
    "Bullous Disease": 0.047059908509254456,
    "Calcified Granuloma": 0.3924098312854767,
    "Calcinosis": 0.3291879892349243,
    "Cardiac Shadow (abnormal)": 0.1803927719593048,
    "Cardiomegaly": 0.3476720452308655,
    "Consolidation": 0.20497991144657135,
    "Degenerative Change": 0.44498446583747864,
    "Edema": 0.24488717317581177,
    "Effusion": 0.10414281487464905,
    "Emphysema": 0.32142123579978943,
    "Fibrosis": 0.3074638247489929,
    "Fractures": 0.21672827005386353,
    "Hernia": 0.354732871055603,
    "Hyperinflation": 0.417826771736145,
    "Increased Lung Markings": 0.3290732204914093,
    "Interstitial Lung Disease": 0.25145742297172546,
    "Kyphosis": 0.16350604593753815,
    "Lesion": 0.43767049908638,
    "Mass": 0.15208518505096436,
    "Nodule": 0.2052178978919983,
    "Osteophyte": 0.26622024178504944,
    "Pleural Effusion": 0.2339058816432953,
    "Pleural Thickening": 0.2220979630947113,
    "Pneumothorax": 0.1591133326292038,
    "Pulmonary Artery Enlargement": 0.14564326405525208,
    "Pulmonary Fibrosis": 0.12202784419059753,
    "Rib Fracture": 0.09151452779769897,
    "Scoliosis": 0.22886890172958374,
    "Subcutaneous Emphysema": 0.038341958075761795,
    "Thickening": 0.19668814539909363,
    "Volume Loss": 0.3569466173648834,
    "normal": 0.6080464720726013
  }
}