{
  "uid": "3244",
  "frontal_image": "3244_IM-1536-1001.dcm.png",
  "lateral_image": "3244_IM-1536-2002.dcm.png",
  "fusion_mode": "weighted_avg(f=0.65,l=0.35)",
  "predicted_classes": [
    "normal"
  ],
  "resolved_classes": [
    "normal"
  ],
  "kg_classes": [
    "Normal"
  ],
  "num_predicted": 1,
  "conflict_resolution": "no_conflict",
  "is_uncertain": true,
  "uncertainty_reason": "normal_prob=0.634 (<0.73) with elevated disease scores: Lesion=0.464, Degenerative Change=0.430, Volume Loss=0.430",
  "inference_time_s": 0.2709,
  "gt_labels": "Airspace Disease;Hyperinflation;Lesion;Volume Loss",
  "probabilities": {
    "Airspace Disease": 0.283729,
    "Bronchiectasis": 0.043516,
    "Bronchiolitis": 0.012497,
    "Bullous Disease": 0.034728,
    "Calcified Granuloma": 0.308252,
    "Calcinosis": 0.30994,
    "Cardiac Shadow (abnormal)": 0.127397,
    "Cardiomegaly": 0.292578,
    "Consolidation": 0.12328,
    "Degenerative Change": 0.430286,
    "Edema": 0.168536,
    "Effusion": 0.044766,
    "Emphysema": 0.149598,
    "Fibrosis": 0.337487,
    "Fractures": 0.222588,
    "Hernia": 0.160533,
    "Hyperinflation": 0.400098,
    "Increased Lung Markings": 0.283504,
    "Interstitial Lung Disease": 0.086077,
    "Kyphosis": 0.170417,
    "Lesion": 0.463711,
    "Mass": 0.067796,
    "Nodule": 0.230693,
    "Osteophyte": 0.187325,
    "Pleural Effusion": 0.263297,
    "Pleural Thickening": 0.244519,
    "Pneumothorax": 0.108787,
    "Pulmonary Artery Enlargement": 0.081043,
    "Pulmonary Fibrosis": 0.054847,
    "Rib Fracture": 0.033685,
    "Scoliosis": 0.205425,
    "Subcutaneous Emphysema": 0.02551,
    "Thickening": 0.176134,
    "Volume Loss": 0.43014,
    "normal": 0.63358
  },
  "frontal_probs": {
    "Airspace Disease": 0.3815930485725403,
    "Bronchiectasis": 0.05412502959370613,
    "Bronchiolitis": 0.01861555501818657,
    "Bullous Disease": 0.04860943555831909,
    "Calcified Granuloma": 0.3215652108192444,
    "Calcinosis": 0.36643004417419434,
    "Cardiac Shadow (abnormal)": 0.1801123023033142,
    "Cardiomegaly": 0.3976273536682129,
    "Consolidation": 0.13512498140335083,
    "Degenerative Change": 0.45764049887657166,
    "Edema": 0.23307041823863983,
    "Effusion": 0.06325685232877731,
    "Emphysema": 0.15807847678661346,
    "Fibrosis": 0.37905722856521606,
    "Fractures": 0.2833353281021118,
    "Hernia": 0.18863239884376526,
    "Hyperinflation": 0.4579816460609436,
    "Increased Lung Markings": 0.3762754201889038,
    "Interstitial Lung Disease": 0.0888729840517044,
    "Kyphosis": 0.24218519032001495,
    "Lesion": 0.5423774123191833,
    "Mass": 0.0642012357711792,
    "Nodule": 0.2763636112213135,
    "Osteophyte": 0.22198575735092163,
    "Pleural Effusion": 0.353598415851593,
    "Pleural Thickening": 0.3338702321052551,
    "Pneumothorax": 0.15366841852664948,
    "Pulmonary Artery Enlargement": 0.11022932082414627,
    "Pulmonary Fibrosis": 0.06820057332515717,
    "Rib Fracture": 0.04339790344238281,
    "Scoliosis": 0.22356733679771423,
    "Subcutaneous Emphysema": 0.036565981805324554,
    "Thickening": 0.1989744007587433,
    "Volume Loss": 0.5604593753814697,
    "normal": 0.5298073291778564
  },
  "lateral_probs": {
    "Airspace Disease": 0.1019817516207695,
    "Bronchiectasis": 0.023813309147953987,
    "Bronchiolitis": 0.001134863356128335,
    "Bullous Disease": 0.008948486298322678,
    "Calcified Granuloma": 0.2835269868373871,
    "Calcinosis": 0.20503026247024536,
    "Cardiac Shadow (abnormal)": 0.029497236013412476,
    "Cardiomegaly": 0.09748569130897522,
    "Consolidation": 0.10128084570169449,
    "Degenerative Change": 0.37948471307754517,
    "Edema": 0.048687536269426346,
    "Effusion": 0.01042656134814024,
    "Emphysema": 0.13384957611560822,
    "Fibrosis": 0.2602837383747101,
    "Fractures": 0.1097709909081459,
    "Hernia": 0.1083497479557991,
    "Hyperinflation": 0.2925998270511627,
    "Increased Lung Markings": 0.11121519654989243,
    "Interstitial Lung Disease": 0.08088428527116776,
    "Kyphosis": 0.03713410720229149,
    "Lesion": 0.317615807056427,
    "Mass": 0.07447069138288498,
    "Nodule": 0.14587539434432983,
    "Osteophyte": 0.12295442819595337,
    "Pleural Effusion": 0.09559328109025955,
    "Pleural Thickening": 0.07858052104711533,
    "Pneumothorax": 0.025435011833906174,
    "Pulmonary Artery Enlargement": 0.02684107981622219,
    "Pulmonary Fibrosis": 0.030046813189983368,
    "Rib Fracture": 0.015646805986762047,
    "Scoliosis": 0.17173171043395996,
    "Subcutaneous Emphysema": 0.004976242780685425,
    "Thickening": 0.13371673226356506,
    "Volume Loss": 0.18811967968940735,
    "normal": 0.8263009190559387
  }
}