{
  "uid": "3889",
  "frontal_image": "3889_IM-1973-1001.dcm.png",
  "lateral_image": "3889_IM-1973-2001.dcm.png",
  "fusion_mode": "weighted_avg(f=0.65,l=0.35)",
  "predicted_classes": [
    "normal"
  ],
  "resolved_classes": [
    "normal"
  ],
  "kg_classes": [
    "Normal"
  ],
  "num_predicted": 1,
  "conflict_resolution": "no_conflict",
  "is_uncertain": false,
  "uncertainty_reason": "",
  "inference_time_s": 0.2364,
  "gt_labels": "normal",
  "probabilities": {
    "Airspace Disease": 0.092187,
    "Bronchiectasis": 0.020444,
    "Bronchiolitis": 0.001301,
    "Bullous Disease": 0.009826,
    "Calcified Granuloma": 0.145975,
    "Calcinosis": 0.160458,
    "Cardiac Shadow (abnormal)": 0.026526,
    "Cardiomegaly": 0.068513,
    "Consolidation": 0.065398,
    "Degenerative Change": 0.169389,
    "Edema": 0.044131,
    "Effusion": 0.018884,
    "Emphysema": 0.088051,
    "Fibrosis": 0.158142,
    "Fractures": 0.09775,
    "Hernia": 0.061493,
    "Hyperinflation": 0.174001,
    "Increased Lung Markings": 0.107919,
    "Interstitial Lung Disease": 0.055497,
    "Kyphosis": 0.01901,
    "Lesion": 0.17254,
    "Mass": 0.037003,
    "Nodule": 0.118103,
    "Osteophyte": 0.077777,
    "Pleural Effusion": 0.060662,
    "Pleural Thickening": 0.075362,
    "Pneumothorax": 0.050254,
    "Pulmonary Artery Enlargement": 0.0179,
    "Pulmonary Fibrosis": 0.021039,
    "Rib Fracture": 0.008762,
    "Scoliosis": 0.151327,
    "Subcutaneous Emphysema": 0.011336,
    "Thickening": 0.067677,
    "Volume Loss": 0.104805,
    "normal": 0.911139
  },
  "frontal_probs": {
    "Airspace Disease": 0.026927072554826736,
    "Bronchiectasis": 0.0004776926652994007,
    "Bronchiolitis": 9.191190474666655e-05,
    "Bullous Disease": 0.000617416575551033,
    "Calcified Granuloma": 0.08861365914344788,
    "Calcinosis": 0.09164613485336304,
    "Cardiac Shadow (abnormal)": 0.0031368436757475138,
    "Cardiomegaly": 0.02511787973344326,
    "Consolidation": 0.01748707890510559,
    "Degenerative Change": 0.08563612401485443,
    "Edema": 0.005830243229866028,
    "Effusion": 0.002615181030705571,
    "Emphysema": 0.03799235075712204,
    "Fibrosis": 0.11627853661775589,
    "Fractures": 0.044977787882089615,
    "Hernia": 0.024895410984754562,
    "Hyperinflation": 0.0985674038529396,
    "Increased Lung Markings": 0.055602412670850754,
    "Interstitial Lung Disease": 0.015493773855268955,
    "Kyphosis": 0.00969993881881237,
    "Lesion": 0.09363196045160294,
    "Mass": 0.011273624375462532,
    "Nodule": 0.048964183777570724,
    "Osteophyte": 0.045885201543569565,
    "Pleural Effusion": 0.01746533252298832,
    "Pleural Thickening": 0.044476814568042755,
    "Pneumothorax": 0.032484035938978195,
    "Pulmonary Artery Enlargement": 0.0053714546374976635,
    "Pulmonary Fibrosis": 0.0010735936230048537,
    "Rib Fracture": 0.0005477488739416003,
    "Scoliosis": 0.12662585079669952,
    "Subcutaneous Emphysema": 0.00148811808321625,
    "Thickening": 0.017448632046580315,
    "Volume Loss": 0.06217876449227333,
    "normal": 0.9716672897338867
  },
  "lateral_probs": {
    "Airspace Disease": 0.21338431537151337,
    "Bronchiectasis": 0.05752298980951309,
    "Bronchiolitis": 0.0035469599533826113,
    "Bullous Disease": 0.026928924024105072,
    "Calcified Granuloma": 0.25250372290611267,
    "Calcinosis": 0.28825199604034424,
    "Cardiac Shadow (abnormal)": 0.06996414810419083,
    "Cardiomegaly": 0.1491038203239441,
    "Consolidation": 0.15437549352645874,
    "Degenerative Change": 0.32493096590042114,
    "Edema": 0.11525999754667282,
    "Effusion": 0.04909767583012581,
    "Emphysema": 0.18101760745048523,
    "Fibrosis": 0.2358884960412979,
    "Fractures": 0.19575685262680054,
    "Hernia": 0.12945996224880219,
    "Hyperinflation": 0.3140929639339447,
    "Increased Lung Markings": 0.2050783783197403,
    "Interstitial Lung Disease": 0.12978842854499817,
    "Kyphosis": 0.03629901260137558,
    "Lesion": 0.31908488273620605,
    "Mass": 0.08478710055351257,
    "Nodule": 0.24650399386882782,
    "Osteophyte": 0.1370042860507965,
    "Pleural Effusion": 0.14088426530361176,
    "Pleural Thickening": 0.13271963596343994,
    "Pneumothorax": 0.08325555920600891,
    "Pulmonary Artery Enlargement": 0.04116610065102577,
    "Pulmonary Fibrosis": 0.05811665952205658,
    "Rib Fracture": 0.02401711791753769,
    "Scoliosis": 0.19720104336738586,
    "Subcutaneous Emphysema": 0.02962428890168667,
    "Thickening": 0.16095784306526184,
    "Volume Loss": 0.18396922945976257,
    "normal": 0.7987303733825684
  }
}