{
  "uid": "3352",
  "frontal_image": "3352_IM-1608-1001.dcm.png",
  "lateral_image": "3352_IM-1608-2001.dcm.png",
  "fusion_mode": "weighted_avg(f=0.65,l=0.35)",
  "predicted_classes": [
    "normal"
  ],
  "resolved_classes": [
    "normal"
  ],
  "kg_classes": [
    "Normal"
  ],
  "num_predicted": 1,
  "conflict_resolution": "no_conflict",
  "is_uncertain": false,
  "uncertainty_reason": "",
  "inference_time_s": 0.2414,
  "gt_labels": "normal",
  "probabilities": {
    "Airspace Disease": 0.04286,
    "Bronchiectasis": 0.004676,
    "Bronchiolitis": 0.000258,
    "Bullous Disease": 0.001491,
    "Calcified Granuloma": 0.103873,
    "Calcinosis": 0.065771,
    "Cardiac Shadow (abnormal)": 0.033784,
    "Cardiomegaly": 0.07108,
    "Consolidation": 0.033181,
    "Degenerative Change": 0.101502,
    "Edema": 0.055064,
    "Effusion": 0.010359,
    "Emphysema": 0.018889,
    "Fibrosis": 0.049016,
    "Fractures": 0.037276,
    "Hernia": 0.040138,
    "Hyperinflation": 0.104152,
    "Increased Lung Markings": 0.110912,
    "Interstitial Lung Disease": 0.018463,
    "Kyphosis": 0.005295,
    "Lesion": 0.084896,
    "Mass": 0.02335,
    "Nodule": 0.071792,
    "Osteophyte": 0.053505,
    "Pleural Effusion": 0.025884,
    "Pleural Thickening": 0.025257,
    "Pneumothorax": 0.006571,
    "Pulmonary Artery Enlargement": 0.015042,
    "Pulmonary Fibrosis": 0.014722,
    "Rib Fracture": 0.004536,
    "Scoliosis": 0.059502,
    "Subcutaneous Emphysema": 0.001611,
    "Thickening": 0.036439,
    "Volume Loss": 0.071309,
    "normal": 0.949488
  },
  "frontal_probs": {
    "Airspace Disease": 0.009311486035585403,
    "Bronchiectasis": 2.6391042410978116e-05,
    "Bronchiolitis": 4.17116916651139e-06,
    "Bullous Disease": 4.560566958389245e-05,
    "Calcified Granuloma": 0.029780231416225433,
    "Calcinosis": 0.009107537567615509,
    "Cardiac Shadow (abnormal)": 0.002254795515909791,
    "Cardiomegaly": 0.02479836903512478,
    "Consolidation": 0.0032083599362522364,
    "Degenerative Change": 0.02657036855816841,
    "Edema": 0.0057480549439787865,
    "Effusion": 0.0003593542496673763,
    "Emphysema": 0.0012789370957762003,
    "Fibrosis": 0.006982490420341492,
    "Fractures": 0.006631676107645035,
    "Hernia": 0.00539349764585495,
    "Hyperinflation": 0.026500985026359558,
    "Increased Lung Markings": 0.03992805629968643,
    "Interstitial Lung Disease": 0.0004453094443306327,
    "Kyphosis": 0.0005885667051188648,
    "Lesion": 0.01611548848450184,
    "Mass": 0.00030923300073482096,
    "Nodule": 0.025496691465377808,
    "Osteophyte": 0.027434643357992172,
    "Pleural Effusion": 0.0032152002677321434,
    "Pleural Thickening": 0.0029626681935042143,
    "Pneumothorax": 0.0044820779003202915,
    "Pulmonary Artery Enlargement": 0.0033840357791632414,
    "Pulmonary Fibrosis": 4.507226913119666e-05,
    "Rib Fracture": 8.709118264960125e-05,
    "Scoliosis": 0.01935589872300625,
    "Subcutaneous Emphysema": 2.6787183742271736e-05,
    "Thickening": 0.002713914029300213,
    "Volume Loss": 0.01673205941915512,
    "normal": 0.9900718927383423
  },
  "lateral_probs": {
    "Airspace Disease": 0.10516578704118729,
    "Bronchiectasis": 0.013311149552464485,
    "Bronchiolitis": 0.0007291513029485941,
    "Bullous Disease": 0.004174169152975082,
    "Calcified Granuloma": 0.2414735108613968,
    "Calcinosis": 0.17100322246551514,
    "Cardiac Shadow (abnormal)": 0.09233730286359787,
    "Cardiomegaly": 0.15703120827674866,
    "Consolidation": 0.08884395658969879,
    "Degenerative Change": 0.24066098034381866,
    "Edema": 0.146650493144989,
    "Effusion": 0.028928810730576515,
    "Emphysema": 0.05159421265125275,
    "Fibrosis": 0.12707945704460144,
    "Fractures": 0.09418679028749466,
    "Hernia": 0.10466351360082626,
    "Hyperinflation": 0.24836048483848572,
    "Increased Lung Markings": 0.24274007976055145,
    "Interstitial Lung Disease": 0.05192378908395767,
    "Kyphosis": 0.014036036096513271,
    "Lesion": 0.21263180673122406,
    "Mass": 0.06614024192094803,
    "Nodule": 0.15776921808719635,
    "Osteophyte": 0.1019216850399971,
    "Pleural Effusion": 0.06798211485147476,
    "Pleural Thickening": 0.06666073203086853,
    "Pneumothorax": 0.010449118912220001,
    "Pulmonary Artery Enlargement": 0.036692120134830475,
    "Pulmonary Fibrosis": 0.04198046401143074,
    "Rib Fracture": 0.012796975672245026,
    "Scoliosis": 0.13405786454677582,
    "Subcutaneous Emphysema": 0.004553359467536211,
    "Thickening": 0.09907151758670807,
    "Volume Loss": 0.17266510426998138,
    "normal": 0.8741167187690735
  }
}