{
  "uid": "3784",
  "frontal_image": "3784_IM-1898-2001.dcm.png",
  "lateral_image": "3784_IM-1898-1001.dcm.png",
  "fusion_mode": "weighted_avg(f=0.65,l=0.35)",
  "predicted_classes": [
    "Cardiomegaly",
    "Lesion",
    "Hyperinflation"
  ],
  "resolved_classes": [
    "Cardiomegaly",
    "Lesion",
    "Hyperinflation"
  ],
  "kg_classes": [
    "Cardiomegaly",
    "Lesion",
    "Hyperinflation"
  ],
  "num_predicted": 3,
  "conflict_resolution": "no_conflict",
  "is_uncertain": false,
  "uncertainty_reason": "",
  "inference_time_s": 0.2593,
  "gt_labels": "Hyperinflation",
  "probabilities": {
    "Airspace Disease": 0.355002,
    "Bronchiectasis": 0.067488,
    "Bronchiolitis": 0.0209,
    "Bullous Disease": 0.071261,
    "Calcified Granuloma": 0.284483,
    "Calcinosis": 0.348305,
    "Cardiac Shadow (abnormal)": 0.333114,
    "Cardiomegaly": 0.607497,
    "Consolidation": 0.257273,
    "Degenerative Change": 0.424577,
    "Edema": 0.428886,
    "Effusion": 0.182012,
    "Emphysema": 0.22144,
    "Fibrosis": 0.290352,
    "Fractures": 0.276467,
    "Hernia": 0.299197,
    "Hyperinflation": 0.518941,
    "Increased Lung Markings": 0.367326,
    "Interstitial Lung Disease": 0.185348,
    "Kyphosis": 0.233448,
    "Lesion": 0.57754,
    "Mass": 0.075978,
    "Nodule": 0.222569,
    "Osteophyte": 0.190147,
    "Pleural Effusion": 0.37701,
    "Pleural Thickening": 0.264177,
    "Pneumothorax": 0.140574,
    "Pulmonary Artery Enlargement": 0.117284,
    "Pulmonary Fibrosis": 0.206899,
    "Rib Fracture": 0.045192,
    "Scoliosis": 0.271889,
    "Subcutaneous Emphysema": 0.090019,
    "Thickening": 0.255849,
    "Volume Loss": 0.425232,
    "normal": 0.460189
  },
  "frontal_probs": {
    "Airspace Disease": 0.32416796684265137,
    "Bronchiectasis": 0.07058505713939667,
    "Bronchiolitis": 0.022877749055624008,
    "Bullous Disease": 0.05852383375167847,
    "Calcified Granuloma": 0.2309713065624237,
    "Calcinosis": 0.36680328845977783,
    "Cardiac Shadow (abnormal)": 0.3342072367668152,
    "Cardiomegaly": 0.6155775785446167,
    "Consolidation": 0.24000251293182373,
    "Degenerative Change": 0.4185776710510254,
    "Edema": 0.4390682578086853,
    "Effusion": 0.198202982544899,
    "Emphysema": 0.18853642046451569,
    "Fibrosis": 0.2882267236709595,
    "Fractures": 0.28617385029792786,
    "Hernia": 0.2746284306049347,
    "Hyperinflation": 0.511084258556366,
    "Increased Lung Markings": 0.38146957755088806,
    "Interstitial Lung Disease": 0.14220812916755676,
    "Kyphosis": 0.21081815659999847,
    "Lesion": 0.5975364446640015,
    "Mass": 0.053463008254766464,
    "Nodule": 0.21858902275562286,
    "Osteophyte": 0.17665216326713562,
    "Pleural Effusion": 0.38238897919654846,
    "Pleural Thickening": 0.25851523876190186,
    "Pneumothorax": 0.12979285418987274,
    "Pulmonary Artery Enlargement": 0.10258575528860092,
    "Pulmonary Fibrosis": 0.19635938107967377,
    "Rib Fracture": 0.040432337671518326,
    "Scoliosis": 0.29986149072647095,
    "Subcutaneous Emphysema": 0.10457631945610046,
    "Thickening": 0.2818674147129059,
    "Volume Loss": 0.45261597633361816,
    "normal": 0.4428955912590027
  },
  "lateral_probs": {
    "Airspace Disease": 0.4122648239135742,
    "Bronchiectasis": 0.06173526123166084,
    "Bronchiolitis": 0.017227068543434143,
    "Bullous Disease": 0.09491600096225739,
    "Calcified Granuloma": 0.38386091589927673,
    "Calcinosis": 0.3139500021934509,
    "Cardiac Shadow (abnormal)": 0.3310829997062683,
    "Cardiomegaly": 0.5924913287162781,
    "Consolidation": 0.28934767842292786,
    "Degenerative Change": 0.43571969866752625,
    "Edema": 0.4099763333797455,
    "Effusion": 0.1519440859556198,
    "Emphysema": 0.28254759311676025,
    "Fibrosis": 0.2942991554737091,
    "Fractures": 0.258440762758255,
    "Hernia": 0.34482496976852417,
    "Hyperinflation": 0.5335315465927124,
    "Increased Lung Markings": 0.34105849266052246,
    "Interstitial Lung Disease": 0.265464186668396,
    "Kyphosis": 0.27547383308410645,
    "Lesion": 0.5404034852981567,
    "Mass": 0.11779256910085678,
    "Nodule": 0.22996114194393158,
    "Osteophyte": 0.21520785987377167,
    "Pleural Effusion": 0.3670200705528259,
    "Pleural Thickening": 0.2746925354003906,
    "Pneumothorax": 0.16059483587741852,
    "Pulmonary Artery Enlargement": 0.1445818990468979,
    "Pulmonary Fibrosis": 0.22647304832935333,
    "Rib Fracture": 0.05403229594230652,
    "Scoliosis": 0.21994128823280334,
    "Subcutaneous Emphysema": 0.06298515945672989,
    "Thickening": 0.2075289636850357,
    "Volume Loss": 0.37437617778778076,
    "normal": 0.4923041760921478
  }
}