{
  "uid": "3882",
  "frontal_image": "3882_IM-1970-1001.dcm.png",
  "lateral_image": "3882_IM-1970-2001.dcm.png",
  "fusion_mode": "weighted_avg(f=0.65,l=0.35)",
  "predicted_classes": [
    "normal"
  ],
  "resolved_classes": [
    "normal"
  ],
  "kg_classes": [
    "Normal"
  ],
  "num_predicted": 1,
  "conflict_resolution": "no_conflict",
  "is_uncertain": true,
  "uncertainty_reason": "normal_prob=0.558 (<0.73) with elevated disease scores: Hyperinflation=0.474, Degenerative Change=0.474, Lesion=0.465",
  "inference_time_s": 0.2726,
  "gt_labels": "Hernia;Hyperinflation",
  "probabilities": {
    "Airspace Disease": 0.315839,
    "Bronchiectasis": 0.036635,
    "Bronchiolitis": 0.014728,
    "Bullous Disease": 0.035633,
    "Calcified Granuloma": 0.350028,
    "Calcinosis": 0.289072,
    "Cardiac Shadow (abnormal)": 0.187282,
    "Cardiomegaly": 0.41243,
    "Consolidation": 0.157571,
    "Degenerative Change": 0.474168,
    "Edema": 0.245665,
    "Effusion": 0.057327,
    "Emphysema": 0.131817,
    "Fibrosis": 0.277734,
    "Fractures": 0.259008,
    "Hernia": 0.25057,
    "Hyperinflation": 0.474335,
    "Increased Lung Markings": 0.346308,
    "Interstitial Lung Disease": 0.119275,
    "Kyphosis": 0.176716,
    "Lesion": 0.464566,
    "Mass": 0.05712,
    "Nodule": 0.220356,
    "Osteophyte": 0.229062,
    "Pleural Effusion": 0.240592,
    "Pleural Thickening": 0.227803,
    "Pneumothorax": 0.127935,
    "Pulmonary Artery Enlargement": 0.094864,
    "Pulmonary Fibrosis": 0.075651,
    "Rib Fracture": 0.037209,
    "Scoliosis": 0.224441,
    "Subcutaneous Emphysema": 0.034429,
    "Thickening": 0.168633,
    "Volume Loss": 0.418545,
    "normal": 0.558397
  },
  "frontal_probs": {
    "Airspace Disease": 0.2884290814399719,
    "Bronchiectasis": 0.01537801418453455,
    "Bronchiolitis": 0.01738978736102581,
    "Bullous Disease": 0.03914066404104233,
    "Calcified Granuloma": 0.3875780403614044,
    "Calcinosis": 0.2951502501964569,
    "Cardiac Shadow (abnormal)": 0.11273033916950226,
    "Cardiomegaly": 0.34053149819374084,
    "Consolidation": 0.11656323075294495,
    "Degenerative Change": 0.5240928530693054,
    "Edema": 0.14695191383361816,
    "Effusion": 0.04087869077920914,
    "Emphysema": 0.12535373866558075,
    "Fibrosis": 0.2772337794303894,
    "Fractures": 0.2600850760936737,
    "Hernia": 0.2794138789176941,
    "Hyperinflation": 0.47925204038619995,
    "Increased Lung Markings": 0.3093721866607666,
    "Interstitial Lung Disease": 0.10267246514558792,
    "Kyphosis": 0.18774132430553436,
    "Lesion": 0.4694836437702179,
    "Mass": 0.04531070962548256,
    "Nodule": 0.23694118857383728,
    "Osteophyte": 0.2595825493335724,
    "Pleural Effusion": 0.20928612351417542,
    "Pleural Thickening": 0.18720953166484833,
    "Pneumothorax": 0.1493234485387802,
    "Pulmonary Artery Enlargement": 0.06418938934803009,
    "Pulmonary Fibrosis": 0.05588824301958084,
    "Rib Fracture": 0.03944062441587448,
    "Scoliosis": 0.23405301570892334,
    "Subcutaneous Emphysema": 0.028197942301630974,
    "Thickening": 0.15042179822921753,
    "Volume Loss": 0.37604430317878723,
    "normal": 0.5657637119293213
  },
  "lateral_probs": {
    "Airspace Disease": 0.3667434751987457,
    "Bronchiectasis": 0.07611158490180969,
    "Bronchiolitis": 0.00978333130478859,
    "Bullous Disease": 0.029118932783603668,
    "Calcified Granuloma": 0.2802920937538147,
    "Calcinosis": 0.27778273820877075,
    "Cardiac Shadow (abnormal)": 0.3257344961166382,
    "Cardiomegaly": 0.5459568500518799,
    "Consolidation": 0.23372723162174225,
    "Degenerative Change": 0.3814496099948883,
    "Edema": 0.4289894104003906,
    "Effusion": 0.08787402510643005,
    "Emphysema": 0.14381979405879974,
    "Fibrosis": 0.27866289019584656,
    "Fractures": 0.25700628757476807,
    "Hernia": 0.19700278341770172,
    "Hyperinflation": 0.46520307660102844,
    "Increased Lung Markings": 0.4149024784564972,
    "Interstitial Lung Disease": 0.15010690689086914,
    "Kyphosis": 0.15623964369297028,
    "Lesion": 0.4554325342178345,
    "Mass": 0.07905220985412598,
    "Nodule": 0.18955621123313904,
    "Osteophyte": 0.17237985134124756,
    "Pleural Effusion": 0.2987324595451355,
    "Pleural Thickening": 0.30319222807884216,
    "Pneumothorax": 0.088214211165905,
    "Pulmonary Artery Enlargement": 0.1518324315547943,
    "Pulmonary Fibrosis": 0.11235210299491882,
    "Rib Fracture": 0.03306479752063751,
    "Scoliosis": 0.2065889686346054,
    "Subcutaneous Emphysema": 0.04599999263882637,
    "Thickening": 0.2024533599615097,
    "Volume Loss": 0.49747413396835327,
    "normal": 0.5447162985801697
  }
}