{
  "uid": "3587",
  "frontal_image": "3587_IM-1765-1001.dcm.png",
  "lateral_image": "3587_IM-1765-1002.dcm.png",
  "fusion_mode": "weighted_avg(f=0.65,l=0.35)",
  "predicted_classes": [
    "normal",
    "Lesion"
  ],
  "resolved_classes": [
    "Lesion"
  ],
  "kg_classes": [
    "Lesion"
  ],
  "num_predicted": 1,
  "conflict_resolution": "disease_dominates",
  "is_uncertain": false,
  "uncertainty_reason": "",
  "inference_time_s": 0.2529,
  "gt_labels": "normal",
  "probabilities": {
    "Airspace Disease": 0.38037,
    "Bronchiectasis": 0.108125,
    "Bronchiolitis": 0.016719,
    "Bullous Disease": 0.027757,
    "Calcified Granuloma": 0.32039,
    "Calcinosis": 0.249969,
    "Cardiac Shadow (abnormal)": 0.150049,
    "Cardiomegaly": 0.269702,
    "Consolidation": 0.314552,
    "Degenerative Change": 0.368226,
    "Edema": 0.250479,
    "Effusion": 0.049934,
    "Emphysema": 0.226475,
    "Fibrosis": 0.249639,
    "Fractures": 0.148307,
    "Hernia": 0.211274,
    "Hyperinflation": 0.405753,
    "Increased Lung Markings": 0.245288,
    "Interstitial Lung Disease": 0.242042,
    "Kyphosis": 0.060805,
    "Lesion": 0.530845,
    "Mass": 0.097721,
    "Nodule": 0.19984,
    "Osteophyte": 0.18613,
    "Pleural Effusion": 0.287264,
    "Pleural Thickening": 0.219279,
    "Pneumothorax": 0.034943,
    "Pulmonary Artery Enlargement": 0.088222,
    "Pulmonary Fibrosis": 0.101741,
    "Rib Fracture": 0.064828,
    "Scoliosis": 0.138688,
    "Subcutaneous Emphysema": 0.016644,
    "Thickening": 0.182283,
    "Volume Loss": 0.34119,
    "normal": 0.616258
  },
  "frontal_probs": {
    "Airspace Disease": 0.4800163209438324,
    "Bronchiectasis": 0.13919945061206818,
    "Bronchiolitis": 0.023208467289805412,
    "Bullous Disease": 0.035345062613487244,
    "Calcified Granuloma": 0.330165296792984,
    "Calcinosis": 0.25585705041885376,
    "Cardiac Shadow (abnormal)": 0.18669520318508148,
    "Cardiomegaly": 0.3024984896183014,
    "Consolidation": 0.36939358711242676,
    "Degenerative Change": 0.38077521324157715,
    "Edema": 0.32412800192832947,
    "Effusion": 0.05852324888110161,
    "Emphysema": 0.2767982482910156,
    "Fibrosis": 0.25982487201690674,
    "Fractures": 0.15278173983097076,
    "Hernia": 0.22392994165420532,
    "Hyperinflation": 0.4400593340396881,
    "Increased Lung Markings": 0.2588251829147339,
    "Interstitial Lung Disease": 0.3009524643421173,
    "Kyphosis": 0.07487666606903076,
    "Lesion": 0.5982705950737,
    "Mass": 0.07292254269123077,
    "Nodule": 0.2146470546722412,
    "Osteophyte": 0.20097684860229492,
    "Pleural Effusion": 0.34550586342811584,
    "Pleural Thickening": 0.2521999478340149,
    "Pneumothorax": 0.035701073706150055,
    "Pulmonary Artery Enlargement": 0.10477308183908463,
    "Pulmonary Fibrosis": 0.11153886467218399,
    "Rib Fracture": 0.07320327311754227,
    "Scoliosis": 0.11656676977872849,
    "Subcutaneous Emphysema": 0.021416714414954185,
    "Thickening": 0.16091252863407135,
    "Volume Loss": 0.3738236725330353,
    "normal": 0.5503400564193726
  },
  "lateral_probs": {
    "Airspace Disease": 0.19531233608722687,
    "Bronchiectasis": 0.050416283309459686,
    "Bronchiolitis": 0.00466848723590374,
    "Bullous Disease": 0.01366437878459692,
    "Calcified Granuloma": 0.30223599076271057,
    "Calcinosis": 0.23903417587280273,
    "Cardiac Shadow (abnormal)": 0.08199252188205719,
    "Cardiomegaly": 0.2087947428226471,
    "Consolidation": 0.2127026468515396,
    "Degenerative Change": 0.34492120146751404,
    "Edema": 0.11370155960321426,
    "Effusion": 0.0339830219745636,
    "Emphysema": 0.1330166757106781,
    "Fibrosis": 0.23072369396686554,
    "Fractures": 0.13999609649181366,
    "Hernia": 0.18776975572109222,
    "Hyperinflation": 0.3420403003692627,
    "Increased Lung Markings": 0.2201484590768814,
    "Interstitial Lung Disease": 0.1326368898153305,
    "Kyphosis": 0.034672487527132034,
    "Lesion": 0.40562644600868225,
    "Mass": 0.1437738835811615,
    "Nodule": 0.17234072089195251,
    "Osteophyte": 0.1585579365491867,
    "Pleural Effusion": 0.1790996491909027,
    "Pleural Thickening": 0.15814034640789032,
    "Pneumothorax": 0.03353537991642952,
    "Pulmonary Artery Enlargement": 0.05748387426137924,
    "Pulmonary Fibrosis": 0.08354613184928894,
    "Rib Fracture": 0.049274858087301254,
    "Scoliosis": 0.17977020144462585,
    "Subcutaneous Emphysema": 0.007780079729855061,
    "Thickening": 0.22197243571281433,
    "Volume Loss": 0.2805855870246887,
    "normal": 0.7386776208877563
  }
}