{
  "uid": "3953",
  "frontal_image": "3953_IM-2021-1001.dcm.png",
  "lateral_image": "3953_IM-2021-1002.dcm.png",
  "fusion_mode": "weighted_avg(f=0.65,l=0.35)",
  "predicted_classes": [
    "normal"
  ],
  "resolved_classes": [
    "normal"
  ],
  "kg_classes": [
    "Normal"
  ],
  "num_predicted": 1,
  "conflict_resolution": "no_conflict",
  "is_uncertain": true,
  "uncertainty_reason": "normal_prob=0.662 (<0.73) with elevated disease scores: Hyperinflation=0.428, Emphysema=0.406, Lesion=0.398",
  "inference_time_s": 0.2603,
  "gt_labels": "normal",
  "probabilities": {
    "Airspace Disease": 0.181365,
    "Bronchiectasis": 0.05758,
    "Bronchiolitis": 0.008637,
    "Bullous Disease": 0.063381,
    "Calcified Granuloma": 0.385806,
    "Calcinosis": 0.345868,
    "Cardiac Shadow (abnormal)": 0.059954,
    "Cardiomegaly": 0.125963,
    "Consolidation": 0.108762,
    "Degenerative Change": 0.397506,
    "Edema": 0.131389,
    "Effusion": 0.033837,
    "Emphysema": 0.406308,
    "Fibrosis": 0.322498,
    "Fractures": 0.185765,
    "Hernia": 0.136677,
    "Hyperinflation": 0.427998,
    "Increased Lung Markings": 0.162775,
    "Interstitial Lung Disease": 0.247223,
    "Kyphosis": 0.10082,
    "Lesion": 0.397793,
    "Mass": 0.044487,
    "Nodule": 0.22545,
    "Osteophyte": 0.158159,
    "Pleural Effusion": 0.109301,
    "Pleural Thickening": 0.164118,
    "Pneumothorax": 0.091216,
    "Pulmonary Artery Enlargement": 0.044501,
    "Pulmonary Fibrosis": 0.078089,
    "Rib Fracture": 0.022703,
    "Scoliosis": 0.210002,
    "Subcutaneous Emphysema": 0.026007,
    "Thickening": 0.200551,
    "Volume Loss": 0.24018,
    "normal": 0.66184
  },
  "frontal_probs": {
    "Airspace Disease": 0.1963760405778885,
    "Bronchiectasis": 0.0497019961476326,
    "Bronchiolitis": 0.0107638631016016,
    "Bullous Disease": 0.0854373499751091,
    "Calcified Granuloma": 0.38384810090065,
    "Calcinosis": 0.34871578216552734,
    "Cardiac Shadow (abnormal)": 0.05409042537212372,
    "Cardiomegaly": 0.08516933023929596,
    "Consolidation": 0.10213610529899597,
    "Degenerative Change": 0.350547730922699,
    "Edema": 0.14088183641433716,
    "Effusion": 0.028457719832658768,
    "Emphysema": 0.4412423372268677,
    "Fibrosis": 0.33417773246765137,
    "Fractures": 0.18165069818496704,
    "Hernia": 0.1205284595489502,
    "Hyperinflation": 0.44272956252098083,
    "Increased Lung Markings": 0.16778981685638428,
    "Interstitial Lung Disease": 0.2732110619544983,
    "Kyphosis": 0.12362189590930939,
    "Lesion": 0.4130587577819824,
    "Mass": 0.029217083007097244,
    "Nodule": 0.2201196402311325,
    "Osteophyte": 0.11508790403604507,
    "Pleural Effusion": 0.11230193823575974,
    "Pleural Thickening": 0.17730624973773956,
    "Pneumothorax": 0.08665627241134644,
    "Pulmonary Artery Enlargement": 0.037686705589294434,
    "Pulmonary Fibrosis": 0.08050897717475891,
    "Rib Fracture": 0.019975312054157257,
    "Scoliosis": 0.21151641011238098,
    "Subcutaneous Emphysema": 0.024444041773676872,
    "Thickening": 0.22368767857551575,
    "Volume Loss": 0.22813351452350616,
    "normal": 0.6424602270126343
  },
  "lateral_probs": {
    "Airspace Disease": 0.15348748862743378,
    "Bronchiectasis": 0.07221032679080963,
    "Bronchiolitis": 0.0046877190470695496,
    "Bullous Disease": 0.022419942542910576,
    "Calcified Granuloma": 0.3894411623477936,
    "Calcinosis": 0.3405802845954895,
    "Cardiac Shadow (abnormal)": 0.07084262371063232,
    "Cardiomegaly": 0.20172126591205597,
    "Consolidation": 0.12106771767139435,
    "Degenerative Change": 0.4847148358821869,
    "Edema": 0.11375951021909714,
    "Effusion": 0.043825820088386536,
    "Emphysema": 0.3414309620857239,
    "Fibrosis": 0.30080699920654297,
    "Fractures": 0.19340625405311584,
    "Hernia": 0.1666661649942398,
    "Hyperinflation": 0.40063902735710144,
    "Increased Lung Markings": 0.15346115827560425,
    "Interstitial Lung Disease": 0.19895882904529572,
    "Kyphosis": 0.05847421661019325,
    "Lesion": 0.3694417178630829,
    "Mass": 0.07284476608037949,
    "Nodule": 0.23534850776195526,
    "Osteophyte": 0.23814831674098969,
    "Pleural Effusion": 0.10372889786958694,
    "Pleural Thickening": 0.139626607298851,
    "Pneumothorax": 0.09968443959951401,
    "Pulmonary Artery Enlargement": 0.057155635207891464,
    "Pulmonary Fibrosis": 0.07359591126441956,
    "Rib Fracture": 0.027768447995185852,
    "Scoliosis": 0.20718882977962494,
    "Subcutaneous Emphysema": 0.02891043946146965,
    "Thickening": 0.1575830578804016,
    "Volume Loss": 0.2625513970851898,
    "normal": 0.6978296637535095
  }
}