{
  "uid": "3847",
  "frontal_image": "3847_IM-1946-1001.dcm.png",
  "lateral_image": "3847_IM-1946-1002.dcm.png",
  "fusion_mode": "weighted_avg(f=0.65,l=0.35)",
  "predicted_classes": [
    "normal"
  ],
  "resolved_classes": [
    "normal"
  ],
  "kg_classes": [
    "Normal"
  ],
  "num_predicted": 1,
  "conflict_resolution": "no_conflict",
  "is_uncertain": true,
  "uncertainty_reason": "normal_prob=0.557 (<0.73) with elevated disease scores: Lesion=0.488, Emphysema=0.486, Hyperinflation=0.470",
  "inference_time_s": 0.2625,
  "gt_labels": "Emphysema;Hyperinflation;Interstitial Lung Disease;Pneumothorax",
  "probabilities": {
    "Airspace Disease": 0.395338,
    "Bronchiectasis": 0.132887,
    "Bronchiolitis": 0.057632,
    "Bullous Disease": 0.142357,
    "Calcified Granuloma": 0.383278,
    "Calcinosis": 0.405693,
    "Cardiac Shadow (abnormal)": 0.237209,
    "Cardiomegaly": 0.319349,
    "Consolidation": 0.269285,
    "Degenerative Change": 0.467216,
    "Edema": 0.265824,
    "Effusion": 0.208673,
    "Emphysema": 0.48627,
    "Fibrosis": 0.344855,
    "Fractures": 0.286194,
    "Hernia": 0.311074,
    "Hyperinflation": 0.469667,
    "Increased Lung Markings": 0.287015,
    "Interstitial Lung Disease": 0.373111,
    "Kyphosis": 0.248202,
    "Lesion": 0.488248,
    "Mass": 0.131791,
    "Nodule": 0.328108,
    "Osteophyte": 0.24893,
    "Pleural Effusion": 0.378878,
    "Pleural Thickening": 0.360048,
    "Pneumothorax": 0.314198,
    "Pulmonary Artery Enlargement": 0.149806,
    "Pulmonary Fibrosis": 0.206764,
    "Rib Fracture": 0.105242,
    "Scoliosis": 0.329777,
    "Subcutaneous Emphysema": 0.152033,
    "Thickening": 0.339264,
    "Volume Loss": 0.385059,
    "normal": 0.557328
  },
  "frontal_probs": {
    "Airspace Disease": 0.503864586353302,
    "Bronchiectasis": 0.18757931888103485,
    "Bronchiolitis": 0.08439964801073074,
    "Bullous Disease": 0.17020735144615173,
    "Calcified Granuloma": 0.41488155722618103,
    "Calcinosis": 0.414728581905365,
    "Cardiac Shadow (abnormal)": 0.3092849552631378,
    "Cardiomegaly": 0.3955962657928467,
    "Consolidation": 0.3486860394477844,
    "Degenerative Change": 0.4935966432094574,
    "Edema": 0.318307101726532,
    "Effusion": 0.3104308247566223,
    "Emphysema": 0.5072962641716003,
    "Fibrosis": 0.42263585329055786,
    "Fractures": 0.32478761672973633,
    "Hernia": 0.4258771538734436,
    "Hyperinflation": 0.4898877739906311,
    "Increased Lung Markings": 0.33883219957351685,
    "Interstitial Lung Disease": 0.3166685700416565,
    "Kyphosis": 0.330461323261261,
    "Lesion": 0.5943893194198608,
    "Mass": 0.17571674287319183,
    "Nodule": 0.3547893464565277,
    "Osteophyte": 0.31473153829574585,
    "Pleural Effusion": 0.49113211035728455,
    "Pleural Thickening": 0.40608978271484375,
    "Pneumothorax": 0.37374794483184814,
    "Pulmonary Artery Enlargement": 0.18915125727653503,
    "Pulmonary Fibrosis": 0.2848072052001953,
    "Rib Fracture": 0.15084196627140045,
    "Scoliosis": 0.3657286465167999,
    "Subcutaneous Emphysema": 0.21935421228408813,
    "Thickening": 0.4032057523727417,
    "Volume Loss": 0.4660167992115021,
    "normal": 0.4993474781513214
  },
  "lateral_probs": {
    "Airspace Disease": 0.19378912448883057,
    "Bronchiectasis": 0.03131505474448204,
    "Bronchiolitis": 0.007921533659100533,
    "Bullous Disease": 0.09063510596752167,
    "Calcified Granuloma": 0.3245856463909149,
    "Calcinosis": 0.38891276717185974,
    "Cardiac Shadow (abnormal)": 0.10335392504930496,
    "Cardiomegaly": 0.17774713039398193,
    "Consolidation": 0.12182720005512238,
    "Degenerative Change": 0.4182237684726715,
    "Edema": 0.16835640370845795,
    "Effusion": 0.019692976027727127,
    "Emphysema": 0.4472222328186035,
    "Fibrosis": 0.20040540397167206,
    "Fractures": 0.21451900899410248,
    "Hernia": 0.09786925464868546,
    "Hyperinflation": 0.4321135878562927,
    "Increased Lung Markings": 0.19078223407268524,
    "Interstitial Lung Disease": 0.47793281078338623,
    "Kyphosis": 0.09543456137180328,
    "Lesion": 0.291128009557724,
    "Mass": 0.05021391063928604,
    "Nodule": 0.27855783700942993,
    "Osteophyte": 0.1267264485359192,
    "Pleural Effusion": 0.17040593922138214,
    "Pleural Thickening": 0.27454233169555664,
    "Pneumothorax": 0.20360617339611053,
    "Pulmonary Artery Enlargement": 0.07673491537570953,
    "Pulmonary Fibrosis": 0.0618278943002224,
    "Rib Fracture": 0.02055494301021099,
    "Scoliosis": 0.26301074028015137,
    "Subcutaneous Emphysema": 0.027009278535842896,
    "Thickening": 0.22051376104354858,
    "Volume Loss": 0.23470966517925262,
    "normal": 0.6650067567825317
  }
}