{
  "uid": "3364",
  "frontal_image": "3364_IM-1617-2001.dcm.png",
  "lateral_image": "3364_IM-1617-3001.dcm.png",
  "fusion_mode": "weighted_avg(f=0.65,l=0.35)",
  "predicted_classes": [
    "normal",
    "Degenerative Change"
  ],
  "resolved_classes": [
    "Degenerative Change"
  ],
  "kg_classes": [
    "Degenerative Change"
  ],
  "num_predicted": 1,
  "conflict_resolution": "disease_dominates",
  "is_uncertain": false,
  "uncertainty_reason": "",
  "inference_time_s": 0.2598,
  "gt_labels": "Calcinosis;Cardiomegaly;Hyperinflation",
  "probabilities": {
    "Airspace Disease": 0.178551,
    "Bronchiectasis": 0.018036,
    "Bronchiolitis": 0.008395,
    "Bullous Disease": 0.019808,
    "Calcified Granuloma": 0.30139,
    "Calcinosis": 0.304707,
    "Cardiac Shadow (abnormal)": 0.171459,
    "Cardiomegaly": 0.40571,
    "Consolidation": 0.073746,
    "Degenerative Change": 0.521657,
    "Edema": 0.155003,
    "Effusion": 0.042215,
    "Emphysema": 0.088156,
    "Fibrosis": 0.217175,
    "Fractures": 0.213564,
    "Hernia": 0.272188,
    "Hyperinflation": 0.392653,
    "Increased Lung Markings": 0.378551,
    "Interstitial Lung Disease": 0.090804,
    "Kyphosis": 0.202871,
    "Lesion": 0.317598,
    "Mass": 0.073013,
    "Nodule": 0.165478,
    "Osteophyte": 0.310292,
    "Pleural Effusion": 0.170715,
    "Pleural Thickening": 0.133928,
    "Pneumothorax": 0.08421,
    "Pulmonary Artery Enlargement": 0.098535,
    "Pulmonary Fibrosis": 0.041559,
    "Rib Fracture": 0.020835,
    "Scoliosis": 0.204305,
    "Subcutaneous Emphysema": 0.023565,
    "Thickening": 0.105286,
    "Volume Loss": 0.341158,
    "normal": 0.609387
  },
  "frontal_probs": {
    "Airspace Disease": 0.12443545460700989,
    "Bronchiectasis": 0.010559044778347015,
    "Bronchiolitis": 0.009523709304630756,
    "Bullous Disease": 0.012463984079658985,
    "Calcified Granuloma": 0.2992607653141022,
    "Calcinosis": 0.31301504373550415,
    "Cardiac Shadow (abnormal)": 0.11751218140125275,
    "Cardiomegaly": 0.3814849257469177,
    "Consolidation": 0.049141284078359604,
    "Degenerative Change": 0.5600621700286865,
    "Edema": 0.07140740007162094,
    "Effusion": 0.03140512853860855,
    "Emphysema": 0.04767230525612831,
    "Fibrosis": 0.19138985872268677,
    "Fractures": 0.20242783427238464,
    "Hernia": 0.2895828187465668,
    "Hyperinflation": 0.35946306586265564,
    "Increased Lung Markings": 0.3730311393737793,
    "Interstitial Lung Disease": 0.04590065777301788,
    "Kyphosis": 0.2101709395647049,
    "Lesion": 0.298856645822525,
    "Mass": 0.06283766031265259,
    "Nodule": 0.1435607671737671,
    "Osteophyte": 0.34303802251815796,
    "Pleural Effusion": 0.1330333799123764,
    "Pleural Thickening": 0.0991903692483902,
    "Pneumothorax": 0.097091443836689,
    "Pulmonary Artery Enlargement": 0.09738101065158844,
    "Pulmonary Fibrosis": 0.020688261836767197,
    "Rib Fracture": 0.018270332366228104,
    "Scoliosis": 0.19759304821491241,
    "Subcutaneous Emphysema": 0.02020740881562233,
    "Thickening": 0.07891715317964554,
    "Volume Loss": 0.32210755348205566,
    "normal": 0.6148105263710022
  },
  "lateral_probs": {
    "Airspace Disease": 0.2790510356426239,
    "Bronchiectasis": 0.0319211408495903,
    "Bronchiolitis": 0.0062979599460959435,
    "Bullous Disease": 0.03344808518886566,
    "Calcified Granuloma": 0.30534297227859497,
    "Calcinosis": 0.2892763614654541,
    "Cardiac Shadow (abnormal)": 0.271647185087204,
    "Cardiomegaly": 0.45069941878318787,
    "Consolidation": 0.1194400042295456,
    "Degenerative Change": 0.4503321945667267,
    "Edema": 0.31025180220603943,
    "Effusion": 0.06229143962264061,
    "Emphysema": 0.16333931684494019,
    "Fibrosis": 0.2650604546070099,
    "Fractures": 0.23424606025218964,
    "Hernia": 0.2398819625377655,
    "Hyperinflation": 0.4542907774448395,
    "Increased Lung Markings": 0.3888011872768402,
    "Interstitial Lung Disease": 0.17419523000717163,
    "Kyphosis": 0.18931372463703156,
    "Lesion": 0.35240206122398376,
    "Mass": 0.09191007167100906,
    "Nodule": 0.2061806470155716,
    "Osteophyte": 0.2494790405035019,
    "Pleural Effusion": 0.2406938672065735,
    "Pleural Thickening": 0.1984395533800125,
    "Pneumothorax": 0.06028590351343155,
    "Pulmonary Artery Enlargement": 0.10067824274301529,
    "Pulmonary Fibrosis": 0.08031922578811646,
    "Rib Fracture": 0.025597916916012764,
    "Scoliosis": 0.21676968038082123,
    "Subcutaneous Emphysema": 0.029801201075315475,
    "Thickening": 0.15425612032413483,
    "Volume Loss": 0.3765382766723633,
    "normal": 0.5993139147758484
  }
}