{
  "uid": "3699",
  "frontal_image": "3699_IM-1846-1001.dcm.png",
  "lateral_image": "3699_IM-1846-1002.dcm.png",
  "fusion_mode": "weighted_avg(f=0.65,l=0.35)",
  "predicted_classes": [
    "normal"
  ],
  "resolved_classes": [
    "normal"
  ],
  "kg_classes": [
    "Normal"
  ],
  "num_predicted": 1,
  "conflict_resolution": "no_conflict",
  "is_uncertain": false,
  "uncertainty_reason": "",
  "inference_time_s": 0.2314,
  "gt_labels": "Degenerative Change;Osteophyte",
  "probabilities": {
    "Airspace Disease": 0.17003,
    "Bronchiectasis": 0.024528,
    "Bronchiolitis": 0.007631,
    "Bullous Disease": 0.013491,
    "Calcified Granuloma": 0.321887,
    "Calcinosis": 0.289856,
    "Cardiac Shadow (abnormal)": 0.124852,
    "Cardiomegaly": 0.245722,
    "Consolidation": 0.130872,
    "Degenerative Change": 0.413117,
    "Edema": 0.106521,
    "Effusion": 0.023719,
    "Emphysema": 0.129974,
    "Fibrosis": 0.234814,
    "Fractures": 0.215243,
    "Hernia": 0.260206,
    "Hyperinflation": 0.3198,
    "Increased Lung Markings": 0.214487,
    "Interstitial Lung Disease": 0.110126,
    "Kyphosis": 0.175594,
    "Lesion": 0.304135,
    "Mass": 0.167122,
    "Nodule": 0.174723,
    "Osteophyte": 0.251244,
    "Pleural Effusion": 0.138563,
    "Pleural Thickening": 0.111423,
    "Pneumothorax": 0.062264,
    "Pulmonary Artery Enlargement": 0.089854,
    "Pulmonary Fibrosis": 0.036211,
    "Rib Fracture": 0.023601,
    "Scoliosis": 0.250569,
    "Subcutaneous Emphysema": 0.019147,
    "Thickening": 0.113331,
    "Volume Loss": 0.21158,
    "normal": 0.75289
  },
  "frontal_probs": {
    "Airspace Disease": 0.141752228140831,
    "Bronchiectasis": 0.011106500402092934,
    "Bronchiolitis": 0.008534367196261883,
    "Bullous Disease": 0.009631915017962456,
    "Calcified Granuloma": 0.329026460647583,
    "Calcinosis": 0.2969445586204529,
    "Cardiac Shadow (abnormal)": 0.12022154033184052,
    "Cardiomegaly": 0.23502278327941895,
    "Consolidation": 0.1269366294145584,
    "Degenerative Change": 0.38103607296943665,
    "Edema": 0.08789297193288803,
    "Effusion": 0.015016116201877594,
    "Emphysema": 0.11323324590921402,
    "Fibrosis": 0.22206753492355347,
    "Fractures": 0.2390260249376297,
    "Hernia": 0.2600932717323303,
    "Hyperinflation": 0.31599855422973633,
    "Increased Lung Markings": 0.2070949375629425,
    "Interstitial Lung Disease": 0.09885139763355255,
    "Kyphosis": 0.20150765776634216,
    "Lesion": 0.25156915187835693,
    "Mass": 0.16810984909534454,
    "Nodule": 0.1687983274459839,
    "Osteophyte": 0.2412494421005249,
    "Pleural Effusion": 0.10400433838367462,
    "Pleural Thickening": 0.09939683973789215,
    "Pneumothorax": 0.029352078214287758,
    "Pulmonary Artery Enlargement": 0.07639933377504349,
    "Pulmonary Fibrosis": 0.020104020833969116,
    "Rib Fracture": 0.01704864203929901,
    "Scoliosis": 0.2680509388446808,
    "Subcutaneous Emphysema": 0.014330510050058365,
    "Thickening": 0.09322553873062134,
    "Volume Loss": 0.19039052724838257,
    "normal": 0.7653833031654358
  },
  "lateral_probs": {
    "Airspace Disease": 0.2225470095872879,
    "Bronchiectasis": 0.04945245012640953,
    "Bronchiolitis": 0.005952479317784309,
    "Bullous Disease": 0.020658545196056366,
    "Calcified Granuloma": 0.3086274564266205,
    "Calcinosis": 0.2766927182674408,
    "Cardiac Shadow (abnormal)": 0.13345232605934143,
    "Cardiomegaly": 0.26559168100357056,
    "Consolidation": 0.13817989826202393,
    "Degenerative Change": 0.47269588708877563,
    "Edema": 0.1411145180463791,
    "Effusion": 0.03988179937005043,
    "Emphysema": 0.16106382012367249,
    "Fibrosis": 0.25848689675331116,
    "Fractures": 0.171074777841568,
    "Hernia": 0.26041465997695923,
    "Hyperinflation": 0.326860636472702,
    "Increased Lung Markings": 0.22821439802646637,
    "Interstitial Lung Disease": 0.13106374442577362,
    "Kyphosis": 0.12746930122375488,
    "Lesion": 0.4017566442489624,
    "Mass": 0.16528797149658203,
    "Nodule": 0.1857253462076187,
    "Osteophyte": 0.2698063552379608,
    "Pleural Effusion": 0.20274467766284943,
    "Pleural Thickening": 0.13375747203826904,
    "Pneumothorax": 0.12338518351316452,
    "Pulmonary Artery Enlargement": 0.1148422583937645,
    "Pulmonary Fibrosis": 0.06612273305654526,
    "Rib Fracture": 0.03576834872364998,
    "Scoliosis": 0.21810223162174225,
    "Subcutaneous Emphysema": 0.028091134503483772,
    "Thickening": 0.15067073702812195,
    "Volume Loss": 0.2509317100048065,
    "normal": 0.7296867966651917
  }
}