{
  "uid": "3966",
  "frontal_image": "3966_IM-2028-1001.dcm.png",
  "lateral_image": "3966_IM-2028-2001.dcm.png",
  "fusion_mode": "weighted_avg(f=0.65,l=0.35)",
  "predicted_classes": [
    "normal",
    "Degenerative Change"
  ],
  "resolved_classes": [
    "Degenerative Change"
  ],
  "kg_classes": [
    "Degenerative Change"
  ],
  "num_predicted": 1,
  "conflict_resolution": "disease_dominates",
  "is_uncertain": false,
  "uncertainty_reason": "",
  "inference_time_s": 0.2903,
  "gt_labels": "Degenerative Change",
  "probabilities": {
    "Airspace Disease": 0.151157,
    "Bronchiectasis": 0.009913,
    "Bronchiolitis": 0.005942,
    "Bullous Disease": 0.011069,
    "Calcified Granuloma": 0.316843,
    "Calcinosis": 0.244339,
    "Cardiac Shadow (abnormal)": 0.104805,
    "Cardiomegaly": 0.294312,
    "Consolidation": 0.07934,
    "Degenerative Change": 0.504433,
    "Edema": 0.098844,
    "Effusion": 0.018368,
    "Emphysema": 0.092618,
    "Fibrosis": 0.220285,
    "Fractures": 0.172565,
    "Hernia": 0.229992,
    "Hyperinflation": 0.310734,
    "Increased Lung Markings": 0.222148,
    "Interstitial Lung Disease": 0.08765,
    "Kyphosis": 0.149254,
    "Lesion": 0.308552,
    "Mass": 0.03384,
    "Nodule": 0.175654,
    "Osteophyte": 0.238988,
    "Pleural Effusion": 0.081947,
    "Pleural Thickening": 0.086995,
    "Pneumothorax": 0.04684,
    "Pulmonary Artery Enlargement": 0.096729,
    "Pulmonary Fibrosis": 0.030256,
    "Rib Fracture": 0.02308,
    "Scoliosis": 0.137706,
    "Subcutaneous Emphysema": 0.008972,
    "Thickening": 0.093225,
    "Volume Loss": 0.2325,
    "normal": 0.704633
  },
  "frontal_probs": {
    "Airspace Disease": 0.14644713699817657,
    "Bronchiectasis": 0.0029841861687600613,
    "Bronchiolitis": 0.00794382393360138,
    "Bullous Disease": 0.010758593678474426,
    "Calcified Granuloma": 0.30217301845550537,
    "Calcinosis": 0.24694572389125824,
    "Cardiac Shadow (abnormal)": 0.0915355235338211,
    "Cardiomegaly": 0.35246798396110535,
    "Consolidation": 0.0876428484916687,
    "Degenerative Change": 0.537153422832489,
    "Edema": 0.06681769341230392,
    "Effusion": 0.010429071262478828,
    "Emphysema": 0.04919636622071266,
    "Fibrosis": 0.2253642976284027,
    "Fractures": 0.1788862943649292,
    "Hernia": 0.274892121553421,
    "Hyperinflation": 0.32311975955963135,
    "Increased Lung Markings": 0.25987905263900757,
    "Interstitial Lung Disease": 0.041999541223049164,
    "Kyphosis": 0.20181967318058014,
    "Lesion": 0.3212714195251465,
    "Mass": 0.022046171128749847,
    "Nodule": 0.174167662858963,
    "Osteophyte": 0.2529788017272949,
    "Pleural Effusion": 0.08170574903488159,
    "Pleural Thickening": 0.07286690920591354,
    "Pneumothorax": 0.04579663649201393,
    "Pulmonary Artery Enlargement": 0.10614271461963654,
    "Pulmonary Fibrosis": 0.017527883872389793,
    "Rib Fracture": 0.014427009038627148,
    "Scoliosis": 0.15013980865478516,
    "Subcutaneous Emphysema": 0.00742808822542429,
    "Thickening": 0.09403514117002487,
    "Volume Loss": 0.2358669936656952,
    "normal": 0.6547171473503113
  },
  "lateral_probs": {
    "Airspace Disease": 0.15990257263183594,
    "Bronchiectasis": 0.022781571373343468,
    "Bronchiolitis": 0.0022247645538300276,
    "Bullous Disease": 0.011646384373307228,
    "Calcified Granuloma": 0.34408706426620483,
    "Calcinosis": 0.2394978553056717,
    "Cardiac Shadow (abnormal)": 0.12944841384887695,
    "Cardiomegaly": 0.1863071620464325,
    "Consolidation": 0.06391928344964981,
    "Degenerative Change": 0.4436677098274231,
    "Edema": 0.1583210825920105,
    "Effusion": 0.03311053290963173,
    "Emphysema": 0.17325888574123383,
    "Fibrosis": 0.21085266768932343,
    "Fractures": 0.16082410514354706,
    "Hernia": 0.1466062366962433,
    "Hyperinflation": 0.28773099184036255,
    "Increased Lung Markings": 0.15207694470882416,
    "Interstitial Lung Disease": 0.1724306046962738,
    "Kyphosis": 0.05163196846842766,
    "Lesion": 0.28492969274520874,
    "Mass": 0.055741406977176666,
    "Nodule": 0.1784142702817917,
    "Osteophyte": 0.21300479769706726,
    "Pleural Effusion": 0.08239404112100601,
    "Pleural Thickening": 0.11323190480470657,
    "Pneumothorax": 0.04877792298793793,
    "Pulmonary Artery Enlargement": 0.0792454406619072,
    "Pulmonary Fibrosis": 0.05389489606022835,
    "Rib Fracture": 0.03914845362305641,
    "Scoliosis": 0.11461321264505386,
    "Subcutaneous Emphysema": 0.011838949285447598,
    "Thickening": 0.09171926975250244,
    "Volume Loss": 0.22624677419662476,
    "normal": 0.7973332405090332
  }
}