{
  "uid": "3962",
  "frontal_image": "3962_IM-2027-1001.dcm.png",
  "lateral_image": "3962_IM-2027-2001.dcm.png",
  "fusion_mode": "weighted_avg(f=0.65,l=0.35)",
  "predicted_classes": [
    "normal"
  ],
  "resolved_classes": [
    "normal"
  ],
  "kg_classes": [
    "Normal"
  ],
  "num_predicted": 1,
  "conflict_resolution": "no_conflict",
  "is_uncertain": true,
  "uncertainty_reason": "normal_prob=0.697 (<0.73) with elevated disease scores: Degenerative Change=0.480, Lesion=0.383, Calcified Granuloma=0.373",
  "inference_time_s": 0.2579,
  "gt_labels": "normal",
  "probabilities": {
    "Airspace Disease": 0.165908,
    "Bronchiectasis": 0.040947,
    "Bronchiolitis": 0.01735,
    "Bullous Disease": 0.047084,
    "Calcified Granuloma": 0.37337,
    "Calcinosis": 0.35206,
    "Cardiac Shadow (abnormal)": 0.168848,
    "Cardiomegaly": 0.251872,
    "Consolidation": 0.112253,
    "Degenerative Change": 0.479582,
    "Edema": 0.201913,
    "Effusion": 0.035253,
    "Emphysema": 0.253881,
    "Fibrosis": 0.277533,
    "Fractures": 0.21665,
    "Hernia": 0.165116,
    "Hyperinflation": 0.3617,
    "Increased Lung Markings": 0.201046,
    "Interstitial Lung Disease": 0.22137,
    "Kyphosis": 0.084326,
    "Lesion": 0.382527,
    "Mass": 0.1107,
    "Nodule": 0.246473,
    "Osteophyte": 0.185119,
    "Pleural Effusion": 0.130985,
    "Pleural Thickening": 0.161765,
    "Pneumothorax": 0.054154,
    "Pulmonary Artery Enlargement": 0.083134,
    "Pulmonary Fibrosis": 0.082275,
    "Rib Fracture": 0.055294,
    "Scoliosis": 0.20955,
    "Subcutaneous Emphysema": 0.022003,
    "Thickening": 0.188228,
    "Volume Loss": 0.225415,
    "normal": 0.697259
  },
  "frontal_probs": {
    "Airspace Disease": 0.19417692720890045,
    "Bronchiectasis": 0.056893520057201385,
    "Bronchiolitis": 0.026237063109874725,
    "Bullous Disease": 0.06865658611059189,
    "Calcified Granuloma": 0.38752925395965576,
    "Calcinosis": 0.3902604579925537,
    "Cardiac Shadow (abnormal)": 0.23664894700050354,
    "Cardiomegaly": 0.32679006457328796,
    "Consolidation": 0.12419623136520386,
    "Degenerative Change": 0.501785397529602,
    "Edema": 0.2680259048938751,
    "Effusion": 0.045354049652814865,
    "Emphysema": 0.2735922932624817,
    "Fibrosis": 0.28182610869407654,
    "Fractures": 0.25537529587745667,
    "Hernia": 0.22221821546554565,
    "Hyperinflation": 0.3764044940471649,
    "Increased Lung Markings": 0.2406308501958847,
    "Interstitial Lung Disease": 0.2737661898136139,
    "Kyphosis": 0.10932308435440063,
    "Lesion": 0.4472966194152832,
    "Mass": 0.15490765869617462,
    "Nodule": 0.2724609375,
    "Osteophyte": 0.19191008806228638,
    "Pleural Effusion": 0.16604666411876678,
    "Pleural Thickening": 0.1963675320148468,
    "Pneumothorax": 0.06705336272716522,
    "Pulmonary Artery Enlargement": 0.10991300642490387,
    "Pulmonary Fibrosis": 0.108144611120224,
    "Rib Fracture": 0.08064287900924683,
    "Scoliosis": 0.25606051087379456,
    "Subcutaneous Emphysema": 0.02925216034054756,
    "Thickening": 0.21983568370342255,
    "Volume Loss": 0.24194949865341187,
    "normal": 0.6382692456245422
  },
  "lateral_probs": {
    "Airspace Disease": 0.11340891569852829,
    "Bronchiectasis": 0.011331411078572273,
    "Bronchiolitis": 0.0008441326208412647,
    "Bullous Disease": 0.007021017838269472,
    "Calcified Granuloma": 0.34707537293434143,
    "Calcinosis": 0.2811155617237091,
    "Cardiac Shadow (abnormal)": 0.04293229058384895,
    "Cardiomegaly": 0.11273953318595886,
    "Consolidation": 0.09007302671670914,
    "Degenerative Change": 0.43834632635116577,
    "Edema": 0.07913058251142502,
    "Effusion": 0.016492823138833046,
    "Emphysema": 0.21727360785007477,
    "Fibrosis": 0.26956018805503845,
    "Fractures": 0.1447327882051468,
    "Hernia": 0.05906899273395538,
    "Hyperinflation": 0.33439138531684875,
    "Increased Lung Markings": 0.1275320053100586,
    "Interstitial Lung Disease": 0.12406352907419205,
    "Kyphosis": 0.0379021093249321,
    "Lesion": 0.2622414827346802,
    "Mass": 0.02860071137547493,
    "Nodule": 0.19820921123027802,
    "Osteophyte": 0.17250671982765198,
    "Pleural Effusion": 0.06586973369121552,
    "Pleural Thickening": 0.0975036472082138,
    "Pneumothorax": 0.03019704297184944,
    "Pulmonary Artery Enlargement": 0.03340156003832817,
    "Pulmonary Fibrosis": 0.03423236310482025,
    "Rib Fracture": 0.00821739248931408,
    "Scoliosis": 0.12317430973052979,
    "Subcutaneous Emphysema": 0.008540453389286995,
    "Thickening": 0.12952764332294464,
    "Volume Loss": 0.19470718502998352,
    "normal": 0.8068102598190308
  }
}