{
  "uid": "3410",
  "frontal_image": "3410_IM-1648-1001.dcm.png",
  "lateral_image": "3410_IM-1648-2001.dcm.png",
  "fusion_mode": "weighted_avg(f=0.65,l=0.35)",
  "predicted_classes": [
    "normal"
  ],
  "resolved_classes": [
    "normal"
  ],
  "kg_classes": [
    "Normal"
  ],
  "num_predicted": 1,
  "conflict_resolution": "no_conflict",
  "is_uncertain": false,
  "uncertainty_reason": "",
  "inference_time_s": 0.2711,
  "gt_labels": "Calcified Granuloma;Calcinosis;Emphysema;Hyperinflation;Interstitial Lung Disease",
  "probabilities": {
    "Airspace Disease": 0.122514,
    "Bronchiectasis": 0.019033,
    "Bronchiolitis": 0.00419,
    "Bullous Disease": 0.019021,
    "Calcified Granuloma": 0.276501,
    "Calcinosis": 0.319595,
    "Cardiac Shadow (abnormal)": 0.050632,
    "Cardiomegaly": 0.1368,
    "Consolidation": 0.083277,
    "Degenerative Change": 0.36195,
    "Edema": 0.056505,
    "Effusion": 0.019468,
    "Emphysema": 0.201891,
    "Fibrosis": 0.206407,
    "Fractures": 0.200766,
    "Hernia": 0.1402,
    "Hyperinflation": 0.264635,
    "Increased Lung Markings": 0.156991,
    "Interstitial Lung Disease": 0.159115,
    "Kyphosis": 0.072103,
    "Lesion": 0.237215,
    "Mass": 0.046894,
    "Nodule": 0.179139,
    "Osteophyte": 0.160226,
    "Pleural Effusion": 0.073158,
    "Pleural Thickening": 0.084681,
    "Pneumothorax": 0.091915,
    "Pulmonary Artery Enlargement": 0.038512,
    "Pulmonary Fibrosis": 0.042625,
    "Rib Fracture": 0.014292,
    "Scoliosis": 0.173893,
    "Subcutaneous Emphysema": 0.016843,
    "Thickening": 0.080362,
    "Volume Loss": 0.175386,
    "normal": 0.787004
  },
  "frontal_probs": {
    "Airspace Disease": 0.05759779363870621,
    "Bronchiectasis": 0.0013377818977460265,
    "Bronchiolitis": 0.002207077806815505,
    "Bullous Disease": 0.004673177842050791,
    "Calcified Granuloma": 0.23755912482738495,
    "Calcinosis": 0.27580752968788147,
    "Cardiac Shadow (abnormal)": 0.013647486455738544,
    "Cardiomegaly": 0.11241203546524048,
    "Consolidation": 0.04554590955376625,
    "Degenerative Change": 0.2969485819339752,
    "Edema": 0.015612252987921238,
    "Effusion": 0.0027646624948829412,
    "Emphysema": 0.07045859098434448,
    "Fibrosis": 0.14782097935676575,
    "Fractures": 0.12161742895841599,
    "Hernia": 0.10205750912427902,
    "Hyperinflation": 0.17330147325992584,
    "Increased Lung Markings": 0.12375611066818237,
    "Interstitial Lung Disease": 0.034105971455574036,
    "Kyphosis": 0.05821384862065315,
    "Lesion": 0.14817480742931366,
    "Mass": 0.004453917965292931,
    "Nodule": 0.14765465259552002,
    "Osteophyte": 0.11461272090673447,
    "Pleural Effusion": 0.031788963824510574,
    "Pleural Thickening": 0.03980894759297371,
    "Pneumothorax": 0.0237590279430151,
    "Pulmonary Artery Enlargement": 0.018441464751958847,
    "Pulmonary Fibrosis": 0.006886525545269251,
    "Rib Fracture": 0.004055545199662447,
    "Scoliosis": 0.13938231766223907,
    "Subcutaneous Emphysema": 0.003015289083123207,
    "Thickening": 0.04854685813188553,
    "Volume Loss": 0.1106674075126648,
    "normal": 0.8522810935974121
  },
  "lateral_probs": {
    "Airspace Disease": 0.24307185411453247,
    "Bronchiectasis": 0.051896169781684875,
    "Bronchiolitis": 0.007872645743191242,
    "Bullous Disease": 0.04566836729645729,
    "Calcified Granuloma": 0.34882211685180664,
    "Calcinosis": 0.40091320872306824,
    "Cardiac Shadow (abnormal)": 0.11931833624839783,
    "Cardiomegaly": 0.1820911467075348,
    "Consolidation": 0.1533495932817459,
    "Degenerative Change": 0.48266756534576416,
    "Edema": 0.13245002925395966,
    "Effusion": 0.050487764179706573,
    "Emphysema": 0.4459805190563202,
    "Fibrosis": 0.3152109682559967,
    "Fractures": 0.34775686264038086,
    "Hernia": 0.2110370695590973,
    "Hyperinflation": 0.43425360321998596,
    "Increased Lung Markings": 0.2187119871377945,
    "Interstitial Lung Disease": 0.39127400517463684,
    "Kyphosis": 0.09789615869522095,
    "Lesion": 0.40257561206817627,
    "Mass": 0.12571047246456146,
    "Nodule": 0.23760993778705597,
    "Osteophyte": 0.24493716657161713,
    "Pleural Effusion": 0.14998698234558105,
    "Pleural Thickening": 0.16801373660564423,
    "Pneumothorax": 0.21849006414413452,
    "Pulmonary Artery Enlargement": 0.07578503340482712,
    "Pulmonary Fibrosis": 0.10899544507265091,
    "Rib Fracture": 0.03330310434103012,
    "Scoliosis": 0.2379845827817917,
    "Subcutaneous Emphysema": 0.04252322390675545,
    "Thickening": 0.13944602012634277,
    "Volume Loss": 0.2955783009529114,
    "normal": 0.6657737493515015
  }
}