{
  "uid": "3866",
  "frontal_image": "3866_IM-1959-0001-0001.dcm.png",
  "lateral_image": "3866_IM-1959-0001-0002.dcm.png",
  "fusion_mode": "weighted_avg(f=0.65,l=0.35)",
  "predicted_classes": [
    "Lesion",
    "normal",
    "Airspace Disease"
  ],
  "resolved_classes": [
    "Lesion",
    "Airspace Disease"
  ],
  "kg_classes": [
    "Lesion",
    "Airspace Disease"
  ],
  "num_predicted": 2,
  "conflict_resolution": "disease_dominates",
  "is_uncertain": false,
  "uncertainty_reason": "",
  "inference_time_s": 0.2873,
  "gt_labels": "Airspace Disease;Consolidation;Lesion",
  "probabilities": {
    "Airspace Disease": 0.508337,
    "Bronchiectasis": 0.183387,
    "Bronchiolitis": 0.03583,
    "Bullous Disease": 0.090661,
    "Calcified Granuloma": 0.370024,
    "Calcinosis": 0.287239,
    "Cardiac Shadow (abnormal)": 0.235471,
    "Cardiomegaly": 0.359285,
    "Consolidation": 0.349795,
    "Degenerative Change": 0.39773,
    "Edema": 0.329352,
    "Effusion": 0.138259,
    "Emphysema": 0.306326,
    "Fibrosis": 0.293502,
    "Fractures": 0.197075,
    "Hernia": 0.290409,
    "Hyperinflation": 0.470174,
    "Increased Lung Markings": 0.308313,
    "Interstitial Lung Disease": 0.270513,
    "Kyphosis": 0.123737,
    "Lesion": 0.547766,
    "Mass": 0.189194,
    "Nodule": 0.269683,
    "Osteophyte": 0.201345,
    "Pleural Effusion": 0.42013,
    "Pleural Thickening": 0.292374,
    "Pneumothorax": 0.178261,
    "Pulmonary Artery Enlargement": 0.129555,
    "Pulmonary Fibrosis": 0.218182,
    "Rib Fracture": 0.088322,
    "Scoliosis": 0.229346,
    "Subcutaneous Emphysema": 0.0772,
    "Thickening": 0.213938,
    "Volume Loss": 0.378656,
    "normal": 0.518455
  },
  "frontal_probs": {
    "Airspace Disease": 0.5251212120056152,
    "Bronchiectasis": 0.16137810051441193,
    "Bronchiolitis": 0.018288705497980118,
    "Bullous Disease": 0.06786397099494934,
    "Calcified Granuloma": 0.3609152138233185,
    "Calcinosis": 0.2655937969684601,
    "Cardiac Shadow (abnormal)": 0.1772020012140274,
    "Cardiomegaly": 0.32738247513771057,
    "Consolidation": 0.36608046293258667,
    "Degenerative Change": 0.3618393838405609,
    "Edema": 0.3069799840450287,
    "Effusion": 0.1078595221042633,
    "Emphysema": 0.2878550589084625,
    "Fibrosis": 0.25586870312690735,
    "Fractures": 0.18104316294193268,
    "Hernia": 0.2284473031759262,
    "Hyperinflation": 0.4527778923511505,
    "Increased Lung Markings": 0.2787192165851593,
    "Interstitial Lung Disease": 0.2452402412891388,
    "Kyphosis": 0.05828842520713806,
    "Lesion": 0.567848801612854,
    "Mass": 0.15835294127464294,
    "Nodule": 0.25277620553970337,
    "Osteophyte": 0.1296679675579071,
    "Pleural Effusion": 0.42789003252983093,
    "Pleural Thickening": 0.2716735005378723,
    "Pneumothorax": 0.10245027393102646,
    "Pulmonary Artery Enlargement": 0.09755002707242966,
    "Pulmonary Fibrosis": 0.19064559042453766,
    "Rib Fracture": 0.07079430669546127,
    "Scoliosis": 0.20228807628154755,
    "Subcutaneous Emphysema": 0.06309071183204651,
    "Thickening": 0.190123051404953,
    "Volume Loss": 0.37218138575553894,
    "normal": 0.49773749709129333
  },
  "lateral_probs": {
    "Airspace Disease": 0.4771653115749359,
    "Bronchiectasis": 0.22425943613052368,
    "Bronchiolitis": 0.06840606033802032,
    "Bullous Disease": 0.13299766182899475,
    "Calcified Granuloma": 0.3869396150112152,
    "Calcinosis": 0.3274368643760681,
    "Cardiac Shadow (abnormal)": 0.34368571639060974,
    "Cardiomegaly": 0.4185337424278259,
    "Consolidation": 0.31955069303512573,
    "Degenerative Change": 0.464383065700531,
    "Edema": 0.37090083956718445,
    "Effusion": 0.19471566379070282,
    "Emphysema": 0.3406290113925934,
    "Fibrosis": 0.36339277029037476,
    "Fractures": 0.22684861719608307,
    "Hernia": 0.40548017621040344,
    "Hyperinflation": 0.5024806261062622,
    "Increased Lung Markings": 0.36327168345451355,
    "Interstitial Lung Disease": 0.31744706630706787,
    "Kyphosis": 0.24528487026691437,
    "Lesion": 0.5104689002037048,
    "Mass": 0.24647004902362823,
    "Nodule": 0.30108213424682617,
    "Osteophyte": 0.33446046710014343,
    "Pleural Effusion": 0.40571799874305725,
    "Pleural Thickening": 0.330817312002182,
    "Pneumothorax": 0.31905362010002136,
    "Pulmonary Artery Enlargement": 0.18899227678775787,
    "Pulmonary Fibrosis": 0.26932069659233093,
    "Rib Fracture": 0.120872363448143,
    "Scoliosis": 0.27959543466567993,
    "Subcutaneous Emphysema": 0.1034039780497551,
    "Thickening": 0.2581671476364136,
    "Volume Loss": 0.39067918062210083,
    "normal": 0.5569294095039368
  }
}