{
  "uid": "3394",
  "frontal_image": "3394_IM-1638-1001.dcm.png",
  "lateral_image": "3394_IM-1638-3001.dcm.png",
  "fusion_mode": "weighted_avg(f=0.65,l=0.35)",
  "predicted_classes": [
    "Degenerative Change",
    "normal"
  ],
  "resolved_classes": [
    "Degenerative Change"
  ],
  "kg_classes": [
    "Degenerative Change"
  ],
  "num_predicted": 1,
  "conflict_resolution": "disease_dominates",
  "is_uncertain": false,
  "uncertainty_reason": "",
  "inference_time_s": 0.2486,
  "gt_labels": "Degenerative Change;Fibrosis;Lesion",
  "probabilities": {
    "Airspace Disease": 0.229118,
    "Bronchiectasis": 0.055511,
    "Bronchiolitis": 0.057905,
    "Bullous Disease": 0.06948,
    "Calcified Granuloma": 0.384649,
    "Calcinosis": 0.387477,
    "Cardiac Shadow (abnormal)": 0.196557,
    "Cardiomegaly": 0.383574,
    "Consolidation": 0.20813,
    "Degenerative Change": 0.592684,
    "Edema": 0.167576,
    "Effusion": 0.053132,
    "Emphysema": 0.268615,
    "Fibrosis": 0.367691,
    "Fractures": 0.305179,
    "Hernia": 0.392965,
    "Hyperinflation": 0.414165,
    "Increased Lung Markings": 0.297331,
    "Interstitial Lung Disease": 0.195795,
    "Kyphosis": 0.244114,
    "Lesion": 0.469443,
    "Mass": 0.147569,
    "Nodule": 0.208757,
    "Osteophyte": 0.434389,
    "Pleural Effusion": 0.260743,
    "Pleural Thickening": 0.186128,
    "Pneumothorax": 0.088471,
    "Pulmonary Artery Enlargement": 0.178635,
    "Pulmonary Fibrosis": 0.141371,
    "Rib Fracture": 0.063268,
    "Scoliosis": 0.249969,
    "Subcutaneous Emphysema": 0.051475,
    "Thickening": 0.179716,
    "Volume Loss": 0.381539,
    "normal": 0.531166
  },
  "frontal_probs": {
    "Airspace Disease": 0.18658511340618134,
    "Bronchiectasis": 0.04757491499185562,
    "Bronchiolitis": 0.08198237419128418,
    "Bullous Disease": 0.07583098858594894,
    "Calcified Granuloma": 0.39596128463745117,
    "Calcinosis": 0.4175584316253662,
    "Cardiac Shadow (abnormal)": 0.1992788165807724,
    "Cardiomegaly": 0.3729402720928192,
    "Consolidation": 0.19571632146835327,
    "Degenerative Change": 0.6529983878135681,
    "Edema": 0.11986342072486877,
    "Effusion": 0.026851538568735123,
    "Emphysema": 0.26547971367836,
    "Fibrosis": 0.35934171080589294,
    "Fractures": 0.33282628655433655,
    "Hernia": 0.4452071785926819,
    "Hyperinflation": 0.3941366672515869,
    "Increased Lung Markings": 0.2985343635082245,
    "Interstitial Lung Disease": 0.17597225308418274,
    "Kyphosis": 0.26027846336364746,
    "Lesion": 0.47826191782951355,
    "Mass": 0.1463237702846527,
    "Nodule": 0.20030254125595093,
    "Osteophyte": 0.4974183440208435,
    "Pleural Effusion": 0.2370768040418625,
    "Pleural Thickening": 0.15078262984752655,
    "Pneumothorax": 0.06944680213928223,
    "Pulmonary Artery Enlargement": 0.18552693724632263,
    "Pulmonary Fibrosis": 0.14676928520202637,
    "Rib Fracture": 0.07154928147792816,
    "Scoliosis": 0.26394104957580566,
    "Subcutaneous Emphysema": 0.04235723987221718,
    "Thickening": 0.16322946548461914,
    "Volume Loss": 0.39307740330696106,
    "normal": 0.49118146300315857
  },
  "lateral_probs": {
    "Airspace Disease": 0.30810678005218506,
    "Bronchiectasis": 0.07024998217821121,
    "Bronchiolitis": 0.013188807293772697,
    "Bullous Disease": 0.05768454819917679,
    "Calcified Granuloma": 0.3636404871940613,
    "Calcinosis": 0.33161044120788574,
    "Cardiac Shadow (abnormal)": 0.19150249660015106,
    "Cardiomegaly": 0.40332290530204773,
    "Consolidation": 0.23118357360363007,
    "Degenerative Change": 0.4806714951992035,
    "Edema": 0.2561855614185333,
    "Effusion": 0.1019376590847969,
    "Emphysema": 0.2744373083114624,
    "Fibrosis": 0.38319656252861023,
    "Fractures": 0.2538335919380188,
    "Hernia": 0.2959443926811218,
    "Hyperinflation": 0.45136016607284546,
    "Increased Lung Markings": 0.29509592056274414,
    "Interstitial Lung Disease": 0.23260881006717682,
    "Kyphosis": 0.21409566700458527,
    "Lesion": 0.45306503772735596,
    "Mass": 0.14988264441490173,
    "Nodule": 0.22445808351039886,
    "Osteophyte": 0.31733325123786926,
    "Pleural Effusion": 0.3046953082084656,
    "Pleural Thickening": 0.2517705261707306,
    "Pneumothorax": 0.12380165606737137,
    "Pulmonary Artery Enlargement": 0.16583462059497833,
    "Pulmonary Fibrosis": 0.13134542107582092,
    "Rib Fracture": 0.04788813367486,
    "Scoliosis": 0.22402143478393555,
    "Subcutaneous Emphysema": 0.0684090331196785,
    "Thickening": 0.21033307909965515,
    "Volume Loss": 0.36011016368865967,
    "normal": 0.6054222583770752
  }
}