{
  "uid": "3705",
  "frontal_image": "3705_IM-1851-1001-0001.dcm.png",
  "lateral_image": "3705_IM-1851-1001-0002.dcm.png",
  "fusion_mode": "weighted_avg(f=0.65,l=0.35)",
  "predicted_classes": [
    "normal"
  ],
  "resolved_classes": [
    "normal"
  ],
  "kg_classes": [
    "Normal"
  ],
  "num_predicted": 1,
  "conflict_resolution": "no_conflict",
  "is_uncertain": true,
  "uncertainty_reason": "normal_prob=0.624 (<0.73) with elevated disease scores: Lesion=0.408, Degenerative Change=0.384, Hyperinflation=0.383",
  "inference_time_s": 0.2569,
  "gt_labels": "Degenerative Change",
  "probabilities": {
    "Airspace Disease": 0.295854,
    "Bronchiectasis": 0.034317,
    "Bronchiolitis": 0.009347,
    "Bullous Disease": 0.039314,
    "Calcified Granuloma": 0.320447,
    "Calcinosis": 0.261026,
    "Cardiac Shadow (abnormal)": 0.202879,
    "Cardiomegaly": 0.34671,
    "Consolidation": 0.180005,
    "Degenerative Change": 0.384497,
    "Edema": 0.245464,
    "Effusion": 0.062031,
    "Emphysema": 0.157829,
    "Fibrosis": 0.268368,
    "Fractures": 0.211504,
    "Hernia": 0.233141,
    "Hyperinflation": 0.383389,
    "Increased Lung Markings": 0.307266,
    "Interstitial Lung Disease": 0.136427,
    "Kyphosis": 0.130695,
    "Lesion": 0.407696,
    "Mass": 0.09431,
    "Nodule": 0.238147,
    "Osteophyte": 0.18678,
    "Pleural Effusion": 0.17014,
    "Pleural Thickening": 0.16205,
    "Pneumothorax": 0.104448,
    "Pulmonary Artery Enlargement": 0.102611,
    "Pulmonary Fibrosis": 0.07125,
    "Rib Fracture": 0.033493,
    "Scoliosis": 0.204095,
    "Subcutaneous Emphysema": 0.033625,
    "Thickening": 0.198296,
    "Volume Loss": 0.296425,
    "normal": 0.624217
  },
  "frontal_probs": {
    "Airspace Disease": 0.2762162387371063,
    "Bronchiectasis": 0.014009606093168259,
    "Bronchiolitis": 0.007909514009952545,
    "Bullous Disease": 0.03116043284535408,
    "Calcified Granuloma": 0.2929552495479584,
    "Calcinosis": 0.2318941354751587,
    "Cardiac Shadow (abnormal)": 0.1942886859178543,
    "Cardiomegaly": 0.31482306122779846,
    "Consolidation": 0.15537597239017487,
    "Degenerative Change": 0.33882513642311096,
    "Edema": 0.23644940555095673,
    "Effusion": 0.052050501108169556,
    "Emphysema": 0.10208892822265625,
    "Fibrosis": 0.21698376536369324,
    "Fractures": 0.2092466950416565,
    "Hernia": 0.2375994771718979,
    "Hyperinflation": 0.355252206325531,
    "Increased Lung Markings": 0.2973683774471283,
    "Interstitial Lung Disease": 0.08616375178098679,
    "Kyphosis": 0.1226079985499382,
    "Lesion": 0.39358389377593994,
    "Mass": 0.06360526382923126,
    "Nodule": 0.22694885730743408,
    "Osteophyte": 0.16442574560642242,
    "Pleural Effusion": 0.12458308786153793,
    "Pleural Thickening": 0.12435496598482132,
    "Pneumothorax": 0.09587007015943527,
    "Pulmonary Artery Enlargement": 0.08647332340478897,
    "Pulmonary Fibrosis": 0.050965018570423126,
    "Rib Fracture": 0.025364691391587257,
    "Scoliosis": 0.20503225922584534,
    "Subcutaneous Emphysema": 0.03002038784325123,
    "Thickening": 0.17589178681373596,
    "Volume Loss": 0.2784867286682129,
    "normal": 0.6686477065086365
  },
  "lateral_probs": {
    "Airspace Disease": 0.33232325315475464,
    "Bronchiectasis": 0.07203018665313721,
    "Bronchiolitis": 0.012015912681818008,
    "Bullous Disease": 0.05445541813969612,
    "Calcified Granuloma": 0.3715042471885681,
    "Calcinosis": 0.3151286542415619,
    "Cardiac Shadow (abnormal)": 0.21883323788642883,
    "Cardiomegaly": 0.40592730045318604,
    "Consolidation": 0.22574587166309357,
    "Degenerative Change": 0.4693159759044647,
    "Edema": 0.26220428943634033,
    "Effusion": 0.080565445125103,
    "Emphysema": 0.2613467276096344,
    "Fibrosis": 0.3637970983982086,
    "Fractures": 0.21569664776325226,
    "Hernia": 0.22486184537410736,
    "Hyperinflation": 0.4356440305709839,
    "Increased Lung Markings": 0.3256486654281616,
    "Interstitial Lung Disease": 0.22977371513843536,
    "Kyphosis": 0.14571474492549896,
    "Lesion": 0.4339054822921753,
    "Mass": 0.15133336186408997,
    "Nodule": 0.25894367694854736,
    "Osteophyte": 0.2282937914133072,
    "Pleural Effusion": 0.2547443211078644,
    "Pleural Thickening": 0.23205389082431793,
    "Pneumothorax": 0.12037867307662964,
    "Pulmonary Artery Enlargement": 0.13258105516433716,
    "Pulmonary Fibrosis": 0.10892204940319061,
    "Rib Fracture": 0.048589810729026794,
    "Scoliosis": 0.20235323905944824,
    "Subcutaneous Emphysema": 0.04031893610954285,
    "Thickening": 0.2399037778377533,
    "Volume Loss": 0.32973966002464294,
    "normal": 0.5417032837867737
  }
}