{
  "uid": "3967",
  "frontal_image": "3967_IM-2028-1001.dcm.png",
  "lateral_image": "3967_IM-2028-2001.dcm.png",
  "fusion_mode": "weighted_avg(f=0.65,l=0.35)",
  "predicted_classes": [
    "normal"
  ],
  "resolved_classes": [
    "normal"
  ],
  "kg_classes": [
    "Normal"
  ],
  "num_predicted": 1,
  "conflict_resolution": "no_conflict",
  "is_uncertain": false,
  "uncertainty_reason": "",
  "inference_time_s": 0.2677,
  "gt_labels": "Degenerative Change",
  "probabilities": {
    "Airspace Disease": 0.063126,
    "Bronchiectasis": 0.008041,
    "Bronchiolitis": 0.000163,
    "Bullous Disease": 0.00154,
    "Calcified Granuloma": 0.121772,
    "Calcinosis": 0.077333,
    "Cardiac Shadow (abnormal)": 0.02354,
    "Cardiomegaly": 0.076056,
    "Consolidation": 0.057463,
    "Degenerative Change": 0.13272,
    "Edema": 0.039494,
    "Effusion": 0.01092,
    "Emphysema": 0.041917,
    "Fibrosis": 0.060144,
    "Fractures": 0.033717,
    "Hernia": 0.038463,
    "Hyperinflation": 0.108763,
    "Increased Lung Markings": 0.051756,
    "Interstitial Lung Disease": 0.021889,
    "Kyphosis": 0.004862,
    "Lesion": 0.11622,
    "Mass": 0.023875,
    "Nodule": 0.05426,
    "Osteophyte": 0.062101,
    "Pleural Effusion": 0.036098,
    "Pleural Thickening": 0.048319,
    "Pneumothorax": 0.010776,
    "Pulmonary Artery Enlargement": 0.019691,
    "Pulmonary Fibrosis": 0.01235,
    "Rib Fracture": 0.005858,
    "Scoliosis": 0.049946,
    "Subcutaneous Emphysema": 0.001235,
    "Thickening": 0.031247,
    "Volume Loss": 0.075263,
    "normal": 0.934471
  },
  "frontal_probs": {
    "Airspace Disease": 0.009157798252999783,
    "Bronchiectasis": 1.2778672498825472e-05,
    "Bronchiolitis": 2.605795543786371e-06,
    "Bullous Disease": 0.0001123696711147204,
    "Calcified Granuloma": 0.06486821174621582,
    "Calcinosis": 0.030260350555181503,
    "Cardiac Shadow (abnormal)": 0.0007309082429856062,
    "Cardiomegaly": 0.00889888871461153,
    "Consolidation": 0.004794168286025524,
    "Degenerative Change": 0.04888676851987839,
    "Edema": 0.0014266824582591653,
    "Effusion": 9.228304406860843e-05,
    "Emphysema": 0.008651102893054485,
    "Fibrosis": 0.016486188396811485,
    "Fractures": 0.009093983098864555,
    "Hernia": 0.0066895997151732445,
    "Hyperinflation": 0.0187709741294384,
    "Increased Lung Markings": 0.004987236112356186,
    "Interstitial Lung Disease": 0.0029789626132696867,
    "Kyphosis": 0.002555103972554207,
    "Lesion": 0.01355329155921936,
    "Mass": 0.00016646203584969044,
    "Nodule": 0.018347926437854767,
    "Osteophyte": 0.023828361183404922,
    "Pleural Effusion": 0.0016466028755530715,
    "Pleural Thickening": 0.00612746924161911,
    "Pneumothorax": 0.002294342964887619,
    "Pulmonary Artery Enlargement": 0.0026071451138705015,
    "Pulmonary Fibrosis": 6.455673428718e-05,
    "Rib Fracture": 5.0659738917602226e-05,
    "Scoliosis": 0.021346712484955788,
    "Subcutaneous Emphysema": 2.62103076238418e-05,
    "Thickening": 0.0047596837393939495,
    "Volume Loss": 0.01324783731251955,
    "normal": 0.985599160194397
  },
  "lateral_probs": {
    "Airspace Disease": 0.16335193812847137,
    "Bronchiectasis": 0.02295001968741417,
    "Bronchiolitis": 0.0004615614307112992,
    "Bullous Disease": 0.004191576037555933,
    "Calcified Granuloma": 0.22745126485824585,
    "Calcinosis": 0.16475293040275574,
    "Cardiac Shadow (abnormal)": 0.06589989364147186,
    "Cardiomegaly": 0.20077762007713318,
    "Consolidation": 0.15527713298797607,
    "Degenerative Change": 0.2884106934070587,
    "Edema": 0.11019027978181839,
    "Effusion": 0.0310294758528471,
    "Emphysema": 0.10369518399238586,
    "Fibrosis": 0.1412225067615509,
    "Fractures": 0.0794442817568779,
    "Hernia": 0.09746943414211273,
    "Hyperinflation": 0.27588969469070435,
    "Increased Lung Markings": 0.13861237466335297,
    "Interstitial Lung Disease": 0.05700794607400894,
    "Kyphosis": 0.009145933203399181,
    "Lesion": 0.3068867027759552,
    "Mass": 0.06790544837713242,
    "Nodule": 0.12095316499471664,
    "Osteophyte": 0.13317996263504028,
    "Pleural Effusion": 0.10007849335670471,
    "Pleural Thickening": 0.12667500972747803,
    "Pneumothorax": 0.0265278872102499,
    "Pulmonary Artery Enlargement": 0.05141712725162506,
    "Pulmonary Fibrosis": 0.03516685962677002,
    "Rib Fracture": 0.016644002869725227,
    "Scoliosis": 0.10305902361869812,
    "Subcutaneous Emphysema": 0.0034799997229129076,
    "Thickening": 0.08043745905160904,
    "Volume Loss": 0.19043512642383575,
    "normal": 0.8395189642906189
  }
}