{
  "uid": "3387",
  "frontal_image": "3387_IM-1633-1001.dcm.png",
  "lateral_image": "3387_IM-1633-2001.dcm.png",
  "fusion_mode": "weighted_avg(f=0.65,l=0.35)",
  "predicted_classes": [
    "normal"
  ],
  "resolved_classes": [
    "normal"
  ],
  "kg_classes": [
    "Normal"
  ],
  "num_predicted": 1,
  "conflict_resolution": "no_conflict",
  "is_uncertain": false,
  "uncertainty_reason": "",
  "inference_time_s": 0.2673,
  "gt_labels": "Airspace Disease;Lesion",
  "probabilities": {
    "Airspace Disease": 0.20481,
    "Bronchiectasis": 0.019006,
    "Bronchiolitis": 0.00465,
    "Bullous Disease": 0.027925,
    "Calcified Granuloma": 0.238758,
    "Calcinosis": 0.286193,
    "Cardiac Shadow (abnormal)": 0.12674,
    "Cardiomegaly": 0.322624,
    "Consolidation": 0.149747,
    "Degenerative Change": 0.31222,
    "Edema": 0.199849,
    "Effusion": 0.122208,
    "Emphysema": 0.192796,
    "Fibrosis": 0.21882,
    "Fractures": 0.202875,
    "Hernia": 0.11533,
    "Hyperinflation": 0.300784,
    "Increased Lung Markings": 0.141562,
    "Interstitial Lung Disease": 0.146185,
    "Kyphosis": 0.067116,
    "Lesion": 0.32172,
    "Mass": 0.054489,
    "Nodule": 0.202858,
    "Osteophyte": 0.133883,
    "Pleural Effusion": 0.166509,
    "Pleural Thickening": 0.156002,
    "Pneumothorax": 0.188776,
    "Pulmonary Artery Enlargement": 0.068626,
    "Pulmonary Fibrosis": 0.073624,
    "Rib Fracture": 0.019201,
    "Scoliosis": 0.26922,
    "Subcutaneous Emphysema": 0.035176,
    "Thickening": 0.199448,
    "Volume Loss": 0.264186,
    "normal": 0.746438
  },
  "frontal_probs": {
    "Airspace Disease": 0.19498398900032043,
    "Bronchiectasis": 0.018486596643924713,
    "Bronchiolitis": 0.00532849645242095,
    "Bullous Disease": 0.027801796793937683,
    "Calcified Granuloma": 0.1873411387205124,
    "Calcinosis": 0.28676095604896545,
    "Cardiac Shadow (abnormal)": 0.14179237186908722,
    "Cardiomegaly": 0.3835788071155548,
    "Consolidation": 0.14360424876213074,
    "Degenerative Change": 0.2464531809091568,
    "Edema": 0.21663635969161987,
    "Effusion": 0.15173882246017456,
    "Emphysema": 0.16543422639369965,
    "Fibrosis": 0.22240398824214935,
    "Fractures": 0.20457717776298523,
    "Hernia": 0.10068152844905853,
    "Hyperinflation": 0.2879575788974762,
    "Increased Lung Markings": 0.11987850815057755,
    "Interstitial Lung Disease": 0.0943189486861229,
    "Kyphosis": 0.07107684761285782,
    "Lesion": 0.31941723823547363,
    "Mass": 0.04890165105462074,
    "Nodule": 0.21762485802173615,
    "Osteophyte": 0.08977644145488739,
    "Pleural Effusion": 0.17109142243862152,
    "Pleural Thickening": 0.15940554440021515,
    "Pneumothorax": 0.23742365837097168,
    "Pulmonary Artery Enlargement": 0.0504198893904686,
    "Pulmonary Fibrosis": 0.075098417699337,
    "Rib Fracture": 0.019890086725354195,
    "Scoliosis": 0.3257730305194855,
    "Subcutaneous Emphysema": 0.04388917610049248,
    "Thickening": 0.237246572971344,
    "Volume Loss": 0.26349112391471863,
    "normal": 0.7601858377456665
  },
  "lateral_probs": {
    "Airspace Disease": 0.22305752336978912,
    "Bronchiectasis": 0.019969327375292778,
    "Bronchiolitis": 0.0033910961356014013,
    "Bullous Disease": 0.02815512754023075,
    "Calcified Granuloma": 0.3342456817626953,
    "Calcinosis": 0.285137414932251,
    "Cardiac Shadow (abnormal)": 0.0987865999341011,
    "Cardiomegaly": 0.20942360162734985,
    "Consolidation": 0.16115564107894897,
    "Degenerative Change": 0.4343584179878235,
    "Edema": 0.1686718910932541,
    "Effusion": 0.06736578792333603,
    "Emphysema": 0.24360980093479156,
    "Fibrosis": 0.21216341853141785,
    "Fractures": 0.19971278309822083,
    "Hernia": 0.14253294467926025,
    "Hyperinflation": 0.3246055245399475,
    "Increased Lung Markings": 0.18183214962482452,
    "Interstitial Lung Disease": 0.242507666349411,
    "Kyphosis": 0.059759471565485,
    "Lesion": 0.32599523663520813,
    "Mass": 0.06486470252275467,
    "Nodule": 0.17543381452560425,
    "Osteophyte": 0.21579572558403015,
    "Pleural Effusion": 0.15799887478351593,
    "Pleural Thickening": 0.14967994391918182,
    "Pneumothorax": 0.0984315425157547,
    "Pulmonary Artery Enlargement": 0.1024371013045311,
    "Pulmonary Fibrosis": 0.07088597863912582,
    "Rib Fracture": 0.01792098581790924,
    "Scoliosis": 0.1641925573348999,
    "Subcutaneous Emphysema": 0.018993498757481575,
    "Thickening": 0.1292506456375122,
    "Volume Loss": 0.26547592878341675,
    "normal": 0.7209066152572632
  }
}