{
  "uid": "3726",
  "frontal_image": "3726_IM-1862-1001.dcm.png",
  "lateral_image": "3726_IM-1862-1002.dcm.png",
  "fusion_mode": "weighted_avg(f=0.65,l=0.35)",
  "predicted_classes": [
    "normal"
  ],
  "resolved_classes": [
    "normal"
  ],
  "kg_classes": [
    "Normal"
  ],
  "num_predicted": 1,
  "conflict_resolution": "no_conflict",
  "is_uncertain": true,
  "uncertainty_reason": "normal_prob=0.656 (<0.73) with elevated disease scores: Degenerative Change=0.443, Lesion=0.408, Hyperinflation=0.394",
  "inference_time_s": 0.2605,
  "gt_labels": "normal",
  "probabilities": {
    "Airspace Disease": 0.221596,
    "Bronchiectasis": 0.021271,
    "Bronchiolitis": 0.005438,
    "Bullous Disease": 0.020489,
    "Calcified Granuloma": 0.322771,
    "Calcinosis": 0.226011,
    "Cardiac Shadow (abnormal)": 0.17664,
    "Cardiomegaly": 0.356581,
    "Consolidation": 0.144144,
    "Degenerative Change": 0.44338,
    "Edema": 0.154804,
    "Effusion": 0.032509,
    "Emphysema": 0.133827,
    "Fibrosis": 0.216792,
    "Fractures": 0.208393,
    "Hernia": 0.294304,
    "Hyperinflation": 0.393742,
    "Increased Lung Markings": 0.246371,
    "Interstitial Lung Disease": 0.156163,
    "Kyphosis": 0.160558,
    "Lesion": 0.408462,
    "Mass": 0.069009,
    "Nodule": 0.171445,
    "Osteophyte": 0.257517,
    "Pleural Effusion": 0.187966,
    "Pleural Thickening": 0.130533,
    "Pneumothorax": 0.05693,
    "Pulmonary Artery Enlargement": 0.124848,
    "Pulmonary Fibrosis": 0.065118,
    "Rib Fracture": 0.026541,
    "Scoliosis": 0.217107,
    "Subcutaneous Emphysema": 0.014581,
    "Thickening": 0.165597,
    "Volume Loss": 0.253514,
    "normal": 0.656236
  },
  "frontal_probs": {
    "Airspace Disease": 0.1913014054298401,
    "Bronchiectasis": 0.010388633236289024,
    "Bronchiolitis": 0.006003453861922026,
    "Bullous Disease": 0.016712866723537445,
    "Calcified Granuloma": 0.34333017468452454,
    "Calcinosis": 0.23142951726913452,
    "Cardiac Shadow (abnormal)": 0.14875850081443787,
    "Cardiomegaly": 0.32217851281166077,
    "Consolidation": 0.12722162902355194,
    "Degenerative Change": 0.43927693367004395,
    "Edema": 0.10965745896100998,
    "Effusion": 0.021944554522633553,
    "Emphysema": 0.1190432608127594,
    "Fibrosis": 0.2207517772912979,
    "Fractures": 0.23557695746421814,
    "Hernia": 0.2845011353492737,
    "Hyperinflation": 0.3821326196193695,
    "Increased Lung Markings": 0.24287983775138855,
    "Interstitial Lung Disease": 0.13111038506031036,
    "Kyphosis": 0.1820864975452423,
    "Lesion": 0.3797712028026581,
    "Mass": 0.057857416570186615,
    "Nodule": 0.16447991132736206,
    "Osteophyte": 0.2471332550048828,
    "Pleural Effusion": 0.14594677090644836,
    "Pleural Thickening": 0.10562906414270401,
    "Pneumothorax": 0.04159095138311386,
    "Pulmonary Artery Enlargement": 0.12949316203594208,
    "Pulmonary Fibrosis": 0.03080732561647892,
    "Rib Fracture": 0.02180229313671589,
    "Scoliosis": 0.22924870252609253,
    "Subcutaneous Emphysema": 0.011769087985157967,
    "Thickening": 0.1454433798789978,
    "Volume Loss": 0.24052979052066803,
    "normal": 0.6299111247062683
  },
  "lateral_probs": {
    "Airspace Disease": 0.2778562605381012,
    "Bronchiectasis": 0.04148022457957268,
    "Bronchiolitis": 0.004387549590319395,
    "Bullous Disease": 0.027502378448843956,
    "Calcified Granuloma": 0.284590482711792,
    "Calcinosis": 0.21594831347465515,
    "Cardiac Shadow (abnormal)": 0.2284204661846161,
    "Cardiomegaly": 0.4204726815223694,
    "Consolidation": 0.1755703091621399,
    "Degenerative Change": 0.45099955797195435,
    "Edema": 0.23864707350730896,
    "Effusion": 0.052128247916698456,
    "Emphysema": 0.16128361225128174,
    "Fibrosis": 0.209437757730484,
    "Fractures": 0.15790708363056183,
    "Hernia": 0.31250879168510437,
    "Hyperinflation": 0.41530296206474304,
    "Increased Lung Markings": 0.2528533637523651,
    "Interstitial Lung Disease": 0.20268988609313965,
    "Kyphosis": 0.12057670205831528,
    "Lesion": 0.46174609661102295,
    "Mass": 0.08971851319074631,
    "Nodule": 0.18438024818897247,
    "Osteophyte": 0.2768024504184723,
    "Pleural Effusion": 0.26600131392478943,
    "Pleural Thickening": 0.17678342759609222,
    "Pneumothorax": 0.08541659265756607,
    "Pulmonary Artery Enlargement": 0.11622107028961182,
    "Pulmonary Fibrosis": 0.12883660197257996,
    "Rib Fracture": 0.03534158319234848,
    "Scoliosis": 0.19455771148204803,
    "Subcutaneous Emphysema": 0.019804181531071663,
    "Thickening": 0.20302526652812958,
    "Volume Loss": 0.2776269018650055,
    "normal": 0.7051239013671875
  }
}