{
  "uid": "3914",
  "frontal_image": "",
  "lateral_image": "3914_IM-1990-3001.dcm.png",
  "fusion_mode": "lateral_only",
  "predicted_classes": [
    "normal"
  ],
  "resolved_classes": [
    "normal"
  ],
  "kg_classes": [
    "Normal"
  ],
  "num_predicted": 1,
  "conflict_resolution": "no_conflict",
  "is_uncertain": false,
  "uncertainty_reason": "",
  "inference_time_s": 0.1226,
  "gt_labels": "normal",
  "probabilities": {
    "Airspace Disease": 0.15224796533584595,
    "Bronchiectasis": 0.009940237738192081,
    "Bronchiolitis": 0.001350466045551002,
    "Bullous Disease": 0.008527962490916252,
    "Calcified Granuloma": 0.3383370339870453,
    "Calcinosis": 0.31453824043273926,
    "Cardiac Shadow (abnormal)": 0.07817906886339188,
    "Cardiomegaly": 0.17182058095932007,
    "Consolidation": 0.07126959413290024,
    "Degenerative Change": 0.4207610487937927,
    "Edema": 0.06673168390989304,
    "Effusion": 0.021052999421954155,
    "Emphysema": 0.15714946389198303,
    "Fibrosis": 0.280938982963562,
    "Fractures": 0.2127021700143814,
    "Hernia": 0.10044044256210327,
    "Hyperinflation": 0.32458820939064026,
    "Increased Lung Markings": 0.18746210634708405,
    "Interstitial Lung Disease": 0.1386100947856903,
    "Kyphosis": 0.07201565057039261,
    "Lesion": 0.3531389534473419,
    "Mass": 0.03689075633883476,
    "Nodule": 0.177326962351799,
    "Osteophyte": 0.17944185435771942,
    "Pleural Effusion": 0.08191679418087006,
    "Pleural Thickening": 0.06835874915122986,
    "Pneumothorax": 0.06471207737922668,
    "Pulmonary Artery Enlargement": 0.03889399394392967,
    "Pulmonary Fibrosis": 0.04205261915922165,
    "Rib Fracture": 0.009591307491064072,
    "Scoliosis": 0.13039061427116394,
    "Subcutaneous Emphysema": 0.018612828105688095,
    "Thickening": 0.08937544375658035,
    "Volume Loss": 0.2101306915283203,
    "normal": 0.776436448097229
  },
  "frontal_probs": {
    "Airspace Disease": 0.0,
    "Bronchiectasis": 0.0,
    "Bronchiolitis": 0.0,
    "Bullous Disease": 0.0,
    "Calcified Granuloma": 0.0,
    "Calcinosis": 0.0,
    "Cardiac Shadow (abnormal)": 0.0,
    "Cardiomegaly": 0.0,
    "Consolidation": 0.0,
    "Degenerative Change": 0.0,
    "Edema": 0.0,
    "Effusion": 0.0,
    "Emphysema": 0.0,
    "Fibrosis": 0.0,
    "Fractures": 0.0,
    "Hernia": 0.0,
    "Hyperinflation": 0.0,
    "Increased Lung Markings": 0.0,
    "Interstitial Lung Disease": 0.0,
    "Kyphosis": 0.0,
    "Lesion": 0.0,
    "Mass": 0.0,
    "Nodule": 0.0,
    "Osteophyte": 0.0,
    "Pleural Effusion": 0.0,
    "Pleural Thickening": 0.0,
    "Pneumothorax": 0.0,
    "Pulmonary Artery Enlargement": 0.0,
    "Pulmonary Fibrosis": 0.0,
    "Rib Fracture": 0.0,
    "Scoliosis": 0.0,
    "Subcutaneous Emphysema": 0.0,
    "Thickening": 0.0,
    "Volume Loss": 0.0,
    "normal": 0.0
  },
  "lateral_probs": {
    "Airspace Disease": 0.15224796533584595,
    "Bronchiectasis": 0.009940237738192081,
    "Bronchiolitis": 0.001350466045551002,
    "Bullous Disease": 0.008527962490916252,
    "Calcified Granuloma": 0.3383370339870453,
    "Calcinosis": 0.31453824043273926,
    "Cardiac Shadow (abnormal)": 0.07817906886339188,
    "Cardiomegaly": 0.17182058095932007,
    "Consolidation": 0.07126959413290024,
    "Degenerative Change": 0.4207610487937927,
    "Edema": 0.06673168390989304,
    "Effusion": 0.021052999421954155,
    "Emphysema": 0.15714946389198303,
    "Fibrosis": 0.280938982963562,
    "Fractures": 0.2127021700143814,
    "Hernia": 0.10044044256210327,
    "Hyperinflation": 0.32458820939064026,
    "Increased Lung Markings": 0.18746210634708405,
    "Interstitial Lung Disease": 0.1386100947856903,
    "Kyphosis": 0.07201565057039261,
    "Lesion": 0.3531389534473419,
    "Mass": 0.03689075633883476,
    "Nodule": 0.177326962351799,
    "Osteophyte": 0.17944185435771942,
    "Pleural Effusion": 0.08191679418087006,
    "Pleural Thickening": 0.06835874915122986,
    "Pneumothorax": 0.06471207737922668,
    "Pulmonary Artery Enlargement": 0.03889399394392967,
    "Pulmonary Fibrosis": 0.04205261915922165,
    "Rib Fracture": 0.009591307491064072,
    "Scoliosis": 0.13039061427116394,
    "Subcutaneous Emphysema": 0.018612828105688095,
    "Thickening": 0.08937544375658035,
    "Volume Loss": 0.2101306915283203,
    "normal": 0.776436448097229
  }
}