{
  "uid": "3987",
  "frontal_image": "3987_IM-2041-1001.dcm.png",
  "lateral_image": "3987_IM-2041-2001.dcm.png",
  "fusion_mode": "weighted_avg(f=0.65,l=0.35)",
  "predicted_classes": [
    "normal"
  ],
  "resolved_classes": [
    "normal"
  ],
  "kg_classes": [
    "Normal"
  ],
  "num_predicted": 1,
  "conflict_resolution": "no_conflict",
  "is_uncertain": true,
  "uncertainty_reason": "normal_prob=0.694 (<0.73) with elevated disease scores: Degenerative Change=0.452, Hyperinflation=0.403, Lesion=0.399",
  "inference_time_s": 0.2587,
  "gt_labels": "Degenerative Change;Osteophyte",
  "probabilities": {
    "Airspace Disease": 0.204776,
    "Bronchiectasis": 0.046416,
    "Bronchiolitis": 0.020993,
    "Bullous Disease": 0.054266,
    "Calcified Granuloma": 0.378903,
    "Calcinosis": 0.357724,
    "Cardiac Shadow (abnormal)": 0.13534,
    "Cardiomegaly": 0.20058,
    "Consolidation": 0.079747,
    "Degenerative Change": 0.451948,
    "Edema": 0.181581,
    "Effusion": 0.04418,
    "Emphysema": 0.279054,
    "Fibrosis": 0.324052,
    "Fractures": 0.203216,
    "Hernia": 0.132829,
    "Hyperinflation": 0.402561,
    "Increased Lung Markings": 0.188716,
    "Interstitial Lung Disease": 0.184637,
    "Kyphosis": 0.128247,
    "Lesion": 0.399055,
    "Mass": 0.053287,
    "Nodule": 0.299365,
    "Osteophyte": 0.224977,
    "Pleural Effusion": 0.133365,
    "Pleural Thickening": 0.20342,
    "Pneumothorax": 0.068959,
    "Pulmonary Artery Enlargement": 0.078511,
    "Pulmonary Fibrosis": 0.067427,
    "Rib Fracture": 0.061936,
    "Scoliosis": 0.178338,
    "Subcutaneous Emphysema": 0.025678,
    "Thickening": 0.158259,
    "Volume Loss": 0.294113,
    "normal": 0.694251
  },
  "frontal_probs": {
    "Airspace Disease": 0.22826561331748962,
    "Bronchiectasis": 0.0661502555012703,
    "Bronchiolitis": 0.03149633854627609,
    "Bullous Disease": 0.07906816154718399,
    "Calcified Granuloma": 0.37793734669685364,
    "Calcinosis": 0.3695020377635956,
    "Cardiac Shadow (abnormal)": 0.1447426676750183,
    "Cardiomegaly": 0.20139051973819733,
    "Consolidation": 0.09437686949968338,
    "Degenerative Change": 0.45156338810920715,
    "Edema": 0.21823537349700928,
    "Effusion": 0.054022300988435745,
    "Emphysema": 0.3309861123561859,
    "Fibrosis": 0.38999712467193604,
    "Fractures": 0.211139976978302,
    "Hernia": 0.1419811248779297,
    "Hyperinflation": 0.4175587296485901,
    "Increased Lung Markings": 0.1979118436574936,
    "Interstitial Lung Disease": 0.20857350528240204,
    "Kyphosis": 0.1678164154291153,
    "Lesion": 0.4209592342376709,
    "Mass": 0.06396161019802094,
    "Nodule": 0.34174299240112305,
    "Osteophyte": 0.2577608525753021,
    "Pleural Effusion": 0.15928992629051208,
    "Pleural Thickening": 0.2592094838619232,
    "Pneumothorax": 0.08062469959259033,
    "Pulmonary Artery Enlargement": 0.0937318354845047,
    "Pulmonary Fibrosis": 0.07736381143331528,
    "Rib Fracture": 0.08651798218488693,
    "Scoliosis": 0.21130147576332092,
    "Subcutaneous Emphysema": 0.032806411385536194,
    "Thickening": 0.19536827504634857,
    "Volume Loss": 0.32856544852256775,
    "normal": 0.6601873636245728
  },
  "lateral_probs": {
    "Airspace Disease": 0.16115102171897888,
    "Bronchiectasis": 0.00976576004177332,
    "Bronchiolitis": 0.0014856543857604265,
    "Bullous Disease": 0.008205915801227093,
    "Calcified Granuloma": 0.3806973993778229,
    "Calcinosis": 0.3358495831489563,
    "Cardiac Shadow (abnormal)": 0.11787915974855423,
    "Cardiomegaly": 0.1990743726491928,
    "Consolidation": 0.05257672816514969,
    "Degenerative Change": 0.4526631236076355,
    "Edema": 0.11350975930690765,
    "Effusion": 0.02590142749249935,
    "Emphysema": 0.18260923027992249,
    "Fibrosis": 0.20158164203166962,
    "Fractures": 0.1885005384683609,
    "Hernia": 0.11583264917135239,
    "Hyperinflation": 0.3747078776359558,
    "Increased Lung Markings": 0.1716388463973999,
    "Interstitial Lung Disease": 0.14018358290195465,
    "Kyphosis": 0.054762102663517,
    "Lesion": 0.3583747148513794,
    "Mass": 0.033463649451732635,
    "Nodule": 0.22066348791122437,
    "Osteophyte": 0.1640918105840683,
    "Pleural Effusion": 0.08521890640258789,
    "Pleural Thickening": 0.09981124103069305,
    "Pneumothorax": 0.047293201088905334,
    "Pulmonary Artery Enlargement": 0.05024448037147522,
    "Pulmonary Fibrosis": 0.048973001539707184,
    "Rib Fracture": 0.016282401978969574,
    "Scoliosis": 0.11712143570184708,
    "Subcutaneous Emphysema": 0.012438924051821232,
    "Thickening": 0.08934058248996735,
    "Volume Loss": 0.23012885451316833,
    "normal": 0.7575131058692932
  }
}