{
  "uid": "3695",
  "frontal_image": "3695_IM-1845-1001.dcm.png",
  "lateral_image": "3695_IM-1845-2001.dcm.png",
  "fusion_mode": "weighted_avg(f=0.65,l=0.35)",
  "predicted_classes": [
    "Lesion"
  ],
  "resolved_classes": [
    "Lesion"
  ],
  "kg_classes": [
    "Lesion"
  ],
  "num_predicted": 1,
  "conflict_resolution": "no_conflict",
  "is_uncertain": false,
  "uncertainty_reason": "",
  "inference_time_s": 0.2604,
  "gt_labels": "Edema",
  "probabilities": {
    "Airspace Disease": 0.440713,
    "Bronchiectasis": 0.06869,
    "Bronchiolitis": 0.020071,
    "Bullous Disease": 0.051682,
    "Calcified Granuloma": 0.314222,
    "Calcinosis": 0.331001,
    "Cardiac Shadow (abnormal)": 0.303019,
    "Cardiomegaly": 0.495882,
    "Consolidation": 0.243771,
    "Degenerative Change": 0.388282,
    "Edema": 0.448882,
    "Effusion": 0.145594,
    "Emphysema": 0.202198,
    "Fibrosis": 0.326949,
    "Fractures": 0.306807,
    "Hernia": 0.272548,
    "Hyperinflation": 0.448107,
    "Increased Lung Markings": 0.40066,
    "Interstitial Lung Disease": 0.185786,
    "Kyphosis": 0.190093,
    "Lesion": 0.53288,
    "Mass": 0.135225,
    "Nodule": 0.203731,
    "Osteophyte": 0.208465,
    "Pleural Effusion": 0.343593,
    "Pleural Thickening": 0.292954,
    "Pneumothorax": 0.154927,
    "Pulmonary Artery Enlargement": 0.133204,
    "Pulmonary Fibrosis": 0.122122,
    "Rib Fracture": 0.068403,
    "Scoliosis": 0.192808,
    "Subcutaneous Emphysema": 0.059156,
    "Thickening": 0.210231,
    "Volume Loss": 0.472731,
    "normal": 0.492299
  },
  "frontal_probs": {
    "Airspace Disease": 0.4351840615272522,
    "Bronchiectasis": 0.06640809774398804,
    "Bronchiolitis": 0.02150089293718338,
    "Bullous Disease": 0.054199546575546265,
    "Calcified Granuloma": 0.3259422779083252,
    "Calcinosis": 0.33530643582344055,
    "Cardiac Shadow (abnormal)": 0.301962286233902,
    "Cardiomegaly": 0.4894672930240631,
    "Consolidation": 0.22139963507652283,
    "Degenerative Change": 0.3751041889190674,
    "Edema": 0.4577057659626007,
    "Effusion": 0.14073973894119263,
    "Emphysema": 0.20033511519432068,
    "Fibrosis": 0.3442607820034027,
    "Fractures": 0.2995578646659851,
    "Hernia": 0.26050668954849243,
    "Hyperinflation": 0.4318650960922241,
    "Increased Lung Markings": 0.4088344871997833,
    "Interstitial Lung Disease": 0.18490369617938995,
    "Kyphosis": 0.17766939103603363,
    "Lesion": 0.5613130331039429,
    "Mass": 0.12716197967529297,
    "Nodule": 0.19816598296165466,
    "Osteophyte": 0.21395252645015717,
    "Pleural Effusion": 0.3075903058052063,
    "Pleural Thickening": 0.260814905166626,
    "Pneumothorax": 0.12481823563575745,
    "Pulmonary Artery Enlargement": 0.12320905923843384,
    "Pulmonary Fibrosis": 0.1154489815235138,
    "Rib Fracture": 0.06930877268314362,
    "Scoliosis": 0.18487456440925598,
    "Subcutaneous Emphysema": 0.04426204413175583,
    "Thickening": 0.22715117037296295,
    "Volume Loss": 0.4271830916404724,
    "normal": 0.500206708908081
  },
  "lateral_probs": {
    "Airspace Disease": 0.45098167657852173,
    "Bronchiectasis": 0.0729273185133934,
    "Bronchiolitis": 0.017416207119822502,
    "Bullous Disease": 0.04700618237257004,
    "Calcified Granuloma": 0.2924545109272003,
    "Calcinosis": 0.3230045735836029,
    "Cardiac Shadow (abnormal)": 0.304982453584671,
    "Cardiomegaly": 0.5077936053276062,
    "Consolidation": 0.28531673550605774,
    "Degenerative Change": 0.4127558171749115,
    "Edema": 0.4324951767921448,
    "Effusion": 0.15460863709449768,
    "Emphysema": 0.20565779507160187,
    "Fibrosis": 0.2947984039783478,
    "Fractures": 0.320268452167511,
    "Hernia": 0.2949095666408539,
    "Hyperinflation": 0.4782719016075134,
    "Increased Lung Markings": 0.3854798972606659,
    "Interstitial Lung Disease": 0.187423437833786,
    "Kyphosis": 0.213166281580925,
    "Lesion": 0.4800753891468048,
    "Mass": 0.15020053088665009,
    "Nodule": 0.21406513452529907,
    "Osteophyte": 0.19827404618263245,
    "Pleural Effusion": 0.41045480966567993,
    "Pleural Thickening": 0.3526421785354614,
    "Pneumothorax": 0.21084372699260712,
    "Pulmonary Artery Enlargement": 0.15176722407341003,
    "Pulmonary Fibrosis": 0.13451531529426575,
    "Rib Fracture": 0.06672093272209167,
    "Scoliosis": 0.20754186809062958,
    "Subcutaneous Emphysema": 0.08681618422269821,
    "Thickening": 0.17880892753601074,
    "Volume Loss": 0.5573195219039917,
    "normal": 0.4776122570037842
  }
}