{
  "uid": "3395",
  "frontal_image": "3395_IM-1639-0001-0001.dcm.png",
  "lateral_image": "3395_IM-1639-0001-0002.dcm.png",
  "fusion_mode": "weighted_avg(f=0.65,l=0.35)",
  "predicted_classes": [
    "normal"
  ],
  "resolved_classes": [
    "normal"
  ],
  "kg_classes": [
    "Normal"
  ],
  "num_predicted": 1,
  "conflict_resolution": "no_conflict",
  "is_uncertain": false,
  "uncertainty_reason": "",
  "inference_time_s": 0.2686,
  "gt_labels": "normal",
  "probabilities": {
    "Airspace Disease": 0.107276,
    "Bronchiectasis": 0.056772,
    "Bronchiolitis": 0.013328,
    "Bullous Disease": 0.023232,
    "Calcified Granuloma": 0.232216,
    "Calcinosis": 0.150939,
    "Cardiac Shadow (abnormal)": 0.089363,
    "Cardiomegaly": 0.167155,
    "Consolidation": 0.076585,
    "Degenerative Change": 0.221593,
    "Edema": 0.101869,
    "Effusion": 0.042966,
    "Emphysema": 0.125325,
    "Fibrosis": 0.146685,
    "Fractures": 0.084467,
    "Hernia": 0.138151,
    "Hyperinflation": 0.166626,
    "Increased Lung Markings": 0.100069,
    "Interstitial Lung Disease": 0.100639,
    "Kyphosis": 0.067075,
    "Lesion": 0.197216,
    "Mass": 0.075436,
    "Nodule": 0.134912,
    "Osteophyte": 0.190641,
    "Pleural Effusion": 0.090952,
    "Pleural Thickening": 0.112274,
    "Pneumothorax": 0.058696,
    "Pulmonary Artery Enlargement": 0.06511,
    "Pulmonary Fibrosis": 0.066135,
    "Rib Fracture": 0.024143,
    "Scoliosis": 0.100932,
    "Subcutaneous Emphysema": 0.020955,
    "Thickening": 0.089532,
    "Volume Loss": 0.142302,
    "normal": 0.831154
  },
  "frontal_probs": {
    "Airspace Disease": 0.012959164567291737,
    "Bronchiectasis": 0.00011776592145906761,
    "Bronchiolitis": 5.1751801947830245e-05,
    "Bullous Disease": 0.0003555809671524912,
    "Calcified Granuloma": 0.16329090297222137,
    "Calcinosis": 0.06202004477381706,
    "Cardiac Shadow (abnormal)": 0.00478413887321949,
    "Cardiomegaly": 0.03415806591510773,
    "Consolidation": 0.007465015631169081,
    "Degenerative Change": 0.08328384160995483,
    "Edema": 0.0031656539067626,
    "Effusion": 0.0005232125986367464,
    "Emphysema": 0.01693803444504738,
    "Fibrosis": 0.05452198162674904,
    "Fractures": 0.03154220059514046,
    "Hernia": 0.043567363172769547,
    "Hyperinflation": 0.03622401878237724,
    "Increased Lung Markings": 0.02356121316552162,
    "Interstitial Lung Disease": 0.0093081658706069,
    "Kyphosis": 0.0058161369524896145,
    "Lesion": 0.042423080652952194,
    "Mass": 0.003267202526330948,
    "Nodule": 0.057434044778347015,
    "Osteophyte": 0.07224421948194504,
    "Pleural Effusion": 0.0033899296540766954,
    "Pleural Thickening": 0.020036684349179268,
    "Pneumothorax": 0.0034682240802794695,
    "Pulmonary Artery Enlargement": 0.009617511183023453,
    "Pulmonary Fibrosis": 0.0004865781229455024,
    "Rib Fracture": 0.0006398014957085252,
    "Scoliosis": 0.029366441071033478,
    "Subcutaneous Emphysema": 0.00023151285131461918,
    "Thickening": 0.009271770715713501,
    "Volume Loss": 0.0266343355178833,
    "normal": 0.9796451330184937
  },
  "lateral_probs": {
    "Airspace Disease": 0.282437264919281,
    "Bronchiectasis": 0.1619861125946045,
    "Bronchiolitis": 0.037984877824783325,
    "Bullous Disease": 0.06571643799543381,
    "Calcified Granuloma": 0.3602208197116852,
    "Calcinosis": 0.3160755932331085,
    "Cardiac Shadow (abnormal)": 0.24643893539905548,
    "Cardiomegaly": 0.41414937376976013,
    "Consolidation": 0.20495076477527618,
    "Degenerative Change": 0.4784538149833679,
    "Edema": 0.2851754426956177,
    "Effusion": 0.12178829312324524,
    "Emphysema": 0.326614648103714,
    "Fibrosis": 0.3178451359272003,
    "Fractures": 0.18275581300258636,
    "Hernia": 0.31380510330200195,
    "Hyperinflation": 0.4088008403778076,
    "Increased Lung Markings": 0.24215556681156158,
    "Interstitial Lung Disease": 0.2702537477016449,
    "Kyphosis": 0.18084029853343964,
    "Lesion": 0.4846899211406708,
    "Mass": 0.20946364104747772,
    "Nodule": 0.27879905700683594,
    "Osteophyte": 0.4105203151702881,
    "Pleural Effusion": 0.25356629490852356,
    "Pleural Thickening": 0.28357070684432983,
    "Pneumothorax": 0.16126246750354767,
    "Pulmonary Artery Enlargement": 0.1681664139032364,
    "Pulmonary Fibrosis": 0.18805213272571564,
    "Rib Fracture": 0.06779178231954575,
    "Scoliosis": 0.23383833467960358,
    "Subcutaneous Emphysema": 0.059441257268190384,
    "Thickening": 0.2385854423046112,
    "Volume Loss": 0.3571135699748993,
    "normal": 0.5553852915763855
  }
}