{
  "uid": "3626",
  "frontal_image": "3626_IM-1794-1001.dcm.png",
  "lateral_image": "3626_IM-1794-2001.dcm.png",
  "fusion_mode": "weighted_avg(f=0.65,l=0.35)",
  "predicted_classes": [
    "normal"
  ],
  "resolved_classes": [
    "normal"
  ],
  "kg_classes": [
    "Normal"
  ],
  "num_predicted": 1,
  "conflict_resolution": "no_conflict",
  "is_uncertain": true,
  "uncertainty_reason": "normal_prob=0.680 (<0.73) with elevated disease scores: Cardiomegaly=0.428, Degenerative Change=0.355, Lesion=0.345",
  "inference_time_s": 0.2557,
  "gt_labels": "Pleural Effusion;Thickening",
  "probabilities": {
    "Airspace Disease": 0.194471,
    "Bronchiectasis": 0.050827,
    "Bronchiolitis": 0.008066,
    "Bullous Disease": 0.03573,
    "Calcified Granuloma": 0.253984,
    "Calcinosis": 0.322075,
    "Cardiac Shadow (abnormal)": 0.159906,
    "Cardiomegaly": 0.427689,
    "Consolidation": 0.122134,
    "Degenerative Change": 0.355358,
    "Edema": 0.263495,
    "Effusion": 0.102506,
    "Emphysema": 0.194045,
    "Fibrosis": 0.263762,
    "Fractures": 0.128074,
    "Hernia": 0.182693,
    "Hyperinflation": 0.300962,
    "Increased Lung Markings": 0.20251,
    "Interstitial Lung Disease": 0.179755,
    "Kyphosis": 0.126597,
    "Lesion": 0.345438,
    "Mass": 0.076479,
    "Nodule": 0.286749,
    "Osteophyte": 0.143891,
    "Pleural Effusion": 0.181022,
    "Pleural Thickening": 0.168229,
    "Pneumothorax": 0.102648,
    "Pulmonary Artery Enlargement": 0.100577,
    "Pulmonary Fibrosis": 0.080877,
    "Rib Fracture": 0.044398,
    "Scoliosis": 0.225779,
    "Subcutaneous Emphysema": 0.035115,
    "Thickening": 0.229921,
    "Volume Loss": 0.257408,
    "normal": 0.680483
  },
  "frontal_probs": {
    "Airspace Disease": 0.15036343038082123,
    "Bronchiectasis": 0.02528291754424572,
    "Bronchiolitis": 0.006912742741405964,
    "Bullous Disease": 0.02573596127331257,
    "Calcified Granuloma": 0.20793424546718597,
    "Calcinosis": 0.28854626417160034,
    "Cardiac Shadow (abnormal)": 0.18661664426326752,
    "Cardiomegaly": 0.48093318939208984,
    "Consolidation": 0.07022874802350998,
    "Degenerative Change": 0.2779179513454437,
    "Edema": 0.291422963142395,
    "Effusion": 0.1215897649526596,
    "Emphysema": 0.11260370165109634,
    "Fibrosis": 0.19496536254882812,
    "Fractures": 0.08453866839408875,
    "Hernia": 0.1393912136554718,
    "Hyperinflation": 0.21233561635017395,
    "Increased Lung Markings": 0.17435939610004425,
    "Interstitial Lung Disease": 0.12319600582122803,
    "Kyphosis": 0.11438079923391342,
    "Lesion": 0.3045344352722168,
    "Mass": 0.034916605800390244,
    "Nodule": 0.3071623146533966,
    "Osteophyte": 0.11381421983242035,
    "Pleural Effusion": 0.14074572920799255,
    "Pleural Thickening": 0.15498964488506317,
    "Pneumothorax": 0.05618094652891159,
    "Pulmonary Artery Enlargement": 0.10673161596059799,
    "Pulmonary Fibrosis": 0.05678500980138779,
    "Rib Fracture": 0.04533487185835838,
    "Scoliosis": 0.190768301486969,
    "Subcutaneous Emphysema": 0.013116530142724514,
    "Thickening": 0.24610057473182678,
    "Volume Loss": 0.23082782328128815,
    "normal": 0.6999936699867249
  },
  "lateral_probs": {
    "Airspace Disease": 0.27638527750968933,
    "Bronchiectasis": 0.09826722741127014,
    "Bronchiolitis": 0.010208881460130215,
    "Bullous Disease": 0.0542895570397377,
    "Calcified Granuloma": 0.3395046889781952,
    "Calcinosis": 0.3843429684638977,
    "Cardiac Shadow (abnormal)": 0.11029909551143646,
    "Cardiomegaly": 0.32880693674087524,
    "Consolidation": 0.21852806210517883,
    "Degenerative Change": 0.49917536973953247,
    "Edema": 0.21163009107112885,
    "Effusion": 0.06706604361534119,
    "Emphysema": 0.3452935218811035,
    "Fibrosis": 0.3915283679962158,
    "Fractures": 0.20892645418643951,
    "Hernia": 0.26311102509498596,
    "Hyperinflation": 0.4655526578426361,
    "Increased Lung Markings": 0.25479063391685486,
    "Interstitial Lung Disease": 0.2847917377948761,
    "Kyphosis": 0.1492839753627777,
    "Lesion": 0.42140108346939087,
    "Mass": 0.1536649763584137,
    "Nodule": 0.24883918464183807,
    "Osteophyte": 0.1997477114200592,
    "Pleural Effusion": 0.25582024455070496,
    "Pleural Thickening": 0.19281679391860962,
    "Pneumothorax": 0.18894517421722412,
    "Pulmonary Artery Enlargement": 0.08914744853973389,
    "Pulmonary Fibrosis": 0.1256190836429596,
    "Rib Fracture": 0.042659055441617966,
    "Scoliosis": 0.2907993197441101,
    "Subcutaneous Emphysema": 0.07597030699253082,
    "Thickening": 0.19987405836582184,
    "Volume Loss": 0.3067712187767029,
    "normal": 0.6442499160766602
  }
}