{
  "uid": "3454",
  "frontal_image": "3454_IM-1677-3001.dcm.png",
  "lateral_image": "3454_IM-1677-2001.dcm.png",
  "fusion_mode": "weighted_avg(f=0.65,l=0.35)",
  "predicted_classes": [
    "normal"
  ],
  "resolved_classes": [
    "normal"
  ],
  "kg_classes": [
    "Normal"
  ],
  "num_predicted": 1,
  "conflict_resolution": "no_conflict",
  "is_uncertain": false,
  "uncertainty_reason": "",
  "inference_time_s": 0.2723,
  "gt_labels": "normal",
  "probabilities": {
    "Airspace Disease": 0.053897,
    "Bronchiectasis": 0.006377,
    "Bronchiolitis": 0.000181,
    "Bullous Disease": 0.001747,
    "Calcified Granuloma": 0.130258,
    "Calcinosis": 0.068995,
    "Cardiac Shadow (abnormal)": 0.020967,
    "Cardiomegaly": 0.085162,
    "Consolidation": 0.045494,
    "Degenerative Change": 0.11893,
    "Edema": 0.042289,
    "Effusion": 0.018013,
    "Emphysema": 0.034365,
    "Fibrosis": 0.064168,
    "Fractures": 0.047558,
    "Hernia": 0.036146,
    "Hyperinflation": 0.108088,
    "Increased Lung Markings": 0.063955,
    "Interstitial Lung Disease": 0.016938,
    "Kyphosis": 0.005171,
    "Lesion": 0.111229,
    "Mass": 0.021911,
    "Nodule": 0.070429,
    "Osteophyte": 0.066681,
    "Pleural Effusion": 0.031066,
    "Pleural Thickening": 0.045344,
    "Pneumothorax": 0.011555,
    "Pulmonary Artery Enlargement": 0.020816,
    "Pulmonary Fibrosis": 0.013177,
    "Rib Fracture": 0.005229,
    "Scoliosis": 0.043943,
    "Subcutaneous Emphysema": 0.00167,
    "Thickening": 0.031466,
    "Volume Loss": 0.081012,
    "normal": 0.935355
  },
  "frontal_probs": {
    "Airspace Disease": 0.01598305068910122,
    "Bronchiectasis": 6.588744872715324e-05,
    "Bronchiolitis": 9.327512998424936e-06,
    "Bullous Disease": 0.00025443837512284517,
    "Calcified Granuloma": 0.06602919101715088,
    "Calcinosis": 0.018186001107096672,
    "Cardiac Shadow (abnormal)": 0.0017576119862496853,
    "Cardiomegaly": 0.014896871522068977,
    "Consolidation": 0.017668936401605606,
    "Degenerative Change": 0.034159231930971146,
    "Edema": 0.004556418862193823,
    "Effusion": 0.0002493637439329177,
    "Emphysema": 0.007235602475702763,
    "Fibrosis": 0.013154884800314903,
    "Fractures": 0.012165063992142677,
    "Hernia": 0.007767625618726015,
    "Hyperinflation": 0.016532052308321,
    "Increased Lung Markings": 0.01648235321044922,
    "Interstitial Lung Disease": 0.0020196924451738596,
    "Kyphosis": 0.000929469068069011,
    "Lesion": 0.0192773025482893,
    "Mass": 0.0012178377946838737,
    "Nodule": 0.025339270010590553,
    "Osteophyte": 0.036927901208400726,
    "Pleural Effusion": 0.002498975722119212,
    "Pleural Thickening": 0.004622358363121748,
    "Pneumothorax": 0.002267494797706604,
    "Pulmonary Artery Enlargement": 0.005392206367105246,
    "Pulmonary Fibrosis": 0.00018633782747201622,
    "Rib Fracture": 0.0001431367127224803,
    "Scoliosis": 0.019356396049261093,
    "Subcutaneous Emphysema": 5.441474786493927e-05,
    "Thickening": 0.0028826019261032343,
    "Volume Loss": 0.011486261151731014,
    "normal": 0.9902393817901611
  },
  "lateral_probs": {
    "Airspace Disease": 0.12430991232395172,
    "Bronchiectasis": 0.018096374347805977,
    "Bronchiolitis": 0.0005003613769076765,
    "Bullous Disease": 0.0045184665359556675,
    "Calcified Granuloma": 0.24953927099704742,
    "Calcinosis": 0.16335587203502655,
    "Cardiac Shadow (abnormal)": 0.05664145573973656,
    "Cardiomegaly": 0.21565347909927368,
    "Consolidation": 0.0971689224243164,
    "Degenerative Change": 0.27636271715164185,
    "Edema": 0.11236363649368286,
    "Effusion": 0.05100196972489357,
    "Emphysema": 0.08474893867969513,
    "Fibrosis": 0.15890713036060333,
    "Fractures": 0.11328709870576859,
    "Hernia": 0.08884993195533752,
    "Hyperinflation": 0.27811965346336365,
    "Increased Lung Markings": 0.15211713314056396,
    "Interstitial Lung Disease": 0.04464324191212654,
    "Kyphosis": 0.013047541491687298,
    "Lesion": 0.2819961905479431,
    "Mass": 0.060339752584695816,
    "Nodule": 0.1541663557291031,
    "Osteophyte": 0.1219371110200882,
    "Pleural Effusion": 0.0841197818517685,
    "Pleural Thickening": 0.12096911668777466,
    "Pneumothorax": 0.028803575783967972,
    "Pulmonary Artery Enlargement": 0.0494593121111393,
    "Pulmonary Fibrosis": 0.037303436547517776,
    "Rib Fracture": 0.014675048179924488,
    "Scoliosis": 0.08960399031639099,
    "Subcutaneous Emphysema": 0.004670461639761925,
    "Thickening": 0.08455079048871994,
    "Volume Loss": 0.21012991666793823,
    "normal": 0.8334271907806396
  }
}