{
  "uid": "3577",
  "frontal_image": "3577_IM-1758-1001.dcm.png",
  "lateral_image": "3577_IM-1758-2001.dcm.png",
  "fusion_mode": "weighted_avg(f=0.65,l=0.35)",
  "predicted_classes": [
    "normal"
  ],
  "resolved_classes": [
    "normal"
  ],
  "kg_classes": [
    "Normal"
  ],
  "num_predicted": 1,
  "conflict_resolution": "no_conflict",
  "is_uncertain": false,
  "uncertainty_reason": "",
  "inference_time_s": 0.261,
  "gt_labels": "normal",
  "probabilities": {
    "Airspace Disease": 0.039484,
    "Bronchiectasis": 0.00118,
    "Bronchiolitis": 7.8e-05,
    "Bullous Disease": 0.001409,
    "Calcified Granuloma": 0.166537,
    "Calcinosis": 0.092676,
    "Cardiac Shadow (abnormal)": 0.011707,
    "Cardiomegaly": 0.042691,
    "Consolidation": 0.01726,
    "Degenerative Change": 0.162947,
    "Edema": 0.020299,
    "Effusion": 0.003778,
    "Emphysema": 0.033651,
    "Fibrosis": 0.066464,
    "Fractures": 0.049746,
    "Hernia": 0.028212,
    "Hyperinflation": 0.095668,
    "Increased Lung Markings": 0.049099,
    "Interstitial Lung Disease": 0.021138,
    "Kyphosis": 0.007085,
    "Lesion": 0.093932,
    "Mass": 0.013251,
    "Nodule": 0.106506,
    "Osteophyte": 0.087939,
    "Pleural Effusion": 0.012534,
    "Pleural Thickening": 0.025518,
    "Pneumothorax": 0.014026,
    "Pulmonary Artery Enlargement": 0.013647,
    "Pulmonary Fibrosis": 0.005195,
    "Rib Fracture": 0.00196,
    "Scoliosis": 0.048993,
    "Subcutaneous Emphysema": 0.00091,
    "Thickening": 0.022188,
    "Volume Loss": 0.066163,
    "normal": 0.957185
  },
  "frontal_probs": {
    "Airspace Disease": 0.020178373903036118,
    "Bronchiectasis": 0.0001957271306309849,
    "Bronchiolitis": 4.223528958391398e-05,
    "Bullous Disease": 0.0014896130887791514,
    "Calcified Granuloma": 0.1144978404045105,
    "Calcinosis": 0.05742555111646652,
    "Cardiac Shadow (abnormal)": 0.0040884558111429214,
    "Cardiomegaly": 0.028461622074246407,
    "Consolidation": 0.005338594783097506,
    "Degenerative Change": 0.0807986781001091,
    "Edema": 0.010646005161106586,
    "Effusion": 0.001210755668580532,
    "Emphysema": 0.018370214849710464,
    "Fibrosis": 0.04927000030875206,
    "Fractures": 0.02649444155395031,
    "Hernia": 0.011040751822292805,
    "Hyperinflation": 0.053259871900081635,
    "Increased Lung Markings": 0.03510699048638344,
    "Interstitial Lung Disease": 0.005695301573723555,
    "Kyphosis": 0.005531819071620703,
    "Lesion": 0.04106612503528595,
    "Mass": 0.0015382979763671756,
    "Nodule": 0.09039890766143799,
    "Osteophyte": 0.06085936725139618,
    "Pleural Effusion": 0.006707512773573399,
    "Pleural Thickening": 0.019316809251904488,
    "Pneumothorax": 0.015102515928447247,
    "Pulmonary Artery Enlargement": 0.0036868404131382704,
    "Pulmonary Fibrosis": 0.0008419669466093183,
    "Rib Fracture": 0.0006144710932858288,
    "Scoliosis": 0.031234487891197205,
    "Subcutaneous Emphysema": 0.00017319335893262178,
    "Thickening": 0.008015644736588001,
    "Volume Loss": 0.0435321107506752,
    "normal": 0.9742214679718018
  },
  "lateral_probs": {
    "Airspace Disease": 0.07533671706914902,
    "Bronchiectasis": 0.0030071779619902372,
    "Bronchiolitis": 0.00014362958609126508,
    "Bullous Disease": 0.001258258824236691,
    "Calcified Granuloma": 0.263180136680603,
    "Calcinosis": 0.15814009308815002,
    "Cardiac Shadow (abnormal)": 0.02585594169795513,
    "Cardiomegaly": 0.06911596655845642,
    "Consolidation": 0.03940111771225929,
    "Degenerative Change": 0.3155069947242737,
    "Edema": 0.038224879652261734,
    "Effusion": 0.008545567281544209,
    "Emphysema": 0.06203073635697365,
    "Fibrosis": 0.09839499741792679,
    "Fractures": 0.09292661398649216,
    "Hernia": 0.0601026751101017,
    "Hyperinflation": 0.17442463338375092,
    "Increased Lung Markings": 0.0750843957066536,
    "Interstitial Lung Disease": 0.04981689900159836,
    "Kyphosis": 0.00996908824890852,
    "Lesion": 0.19211119413375854,
    "Mass": 0.035003066062927246,
    "Nodule": 0.13642039895057678,
    "Osteophyte": 0.13823024928569794,
    "Pleural Effusion": 0.023354163393378258,
    "Pleural Thickening": 0.037035755813121796,
    "Pneumothorax": 0.012026225216686726,
    "Pulmonary Artery Enlargement": 0.0321434922516346,
    "Pulmonary Fibrosis": 0.01327820960432291,
    "Rib Fracture": 0.0044585950672626495,
    "Scoliosis": 0.08197318762540817,
    "Subcutaneous Emphysema": 0.0022772278171032667,
    "Thickening": 0.04850735887885094,
    "Volume Loss": 0.10819268226623535,
    "normal": 0.9255447387695312
  }
}