{
  "uid": "3432",
  "frontal_image": "3432_IM-1661-1001.dcm.png",
  "lateral_image": "3432_IM-1661-2001.dcm.png",
  "fusion_mode": "weighted_avg(f=0.65,l=0.35)",
  "predicted_classes": [
    "normal"
  ],
  "resolved_classes": [
    "normal"
  ],
  "kg_classes": [
    "Normal"
  ],
  "num_predicted": 1,
  "conflict_resolution": "no_conflict",
  "is_uncertain": true,
  "uncertainty_reason": "normal_prob=0.646 (<0.73) with elevated disease scores: Lesion=0.427, Cardiomegaly=0.425, Hyperinflation=0.358",
  "inference_time_s": 0.2601,
  "gt_labels": "Cardiomegaly;Hyperinflation;Lesion",
  "probabilities": {
    "Airspace Disease": 0.287155,
    "Bronchiectasis": 0.042397,
    "Bronchiolitis": 0.008772,
    "Bullous Disease": 0.038874,
    "Calcified Granuloma": 0.286206,
    "Calcinosis": 0.296509,
    "Cardiac Shadow (abnormal)": 0.210814,
    "Cardiomegaly": 0.424811,
    "Consolidation": 0.160488,
    "Degenerative Change": 0.347329,
    "Edema": 0.231601,
    "Effusion": 0.061744,
    "Emphysema": 0.220853,
    "Fibrosis": 0.245242,
    "Fractures": 0.170315,
    "Hernia": 0.195654,
    "Hyperinflation": 0.357931,
    "Increased Lung Markings": 0.267647,
    "Interstitial Lung Disease": 0.176287,
    "Kyphosis": 0.14936,
    "Lesion": 0.426771,
    "Mass": 0.087402,
    "Nodule": 0.224372,
    "Osteophyte": 0.190796,
    "Pleural Effusion": 0.134296,
    "Pleural Thickening": 0.166855,
    "Pneumothorax": 0.062375,
    "Pulmonary Artery Enlargement": 0.182989,
    "Pulmonary Fibrosis": 0.073233,
    "Rib Fracture": 0.039828,
    "Scoliosis": 0.160172,
    "Subcutaneous Emphysema": 0.026341,
    "Thickening": 0.184014,
    "Volume Loss": 0.299826,
    "normal": 0.645966
  },
  "frontal_probs": {
    "Airspace Disease": 0.3108225464820862,
    "Bronchiectasis": 0.04859562963247299,
    "Bronchiolitis": 0.011701256968080997,
    "Bullous Disease": 0.051560547202825546,
    "Calcified Granuloma": 0.2670912444591522,
    "Calcinosis": 0.32317131757736206,
    "Cardiac Shadow (abnormal)": 0.22126725316047668,
    "Cardiomegaly": 0.4395864009857178,
    "Consolidation": 0.16309967637062073,
    "Degenerative Change": 0.32458531856536865,
    "Edema": 0.22964787483215332,
    "Effusion": 0.04870588332414627,
    "Emphysema": 0.2426382452249527,
    "Fibrosis": 0.24449457228183746,
    "Fractures": 0.1820194572210312,
    "Hernia": 0.20458287000656128,
    "Hyperinflation": 0.3548983037471771,
    "Increased Lung Markings": 0.2774806022644043,
    "Interstitial Lung Disease": 0.20667654275894165,
    "Kyphosis": 0.18741737306118011,
    "Lesion": 0.4346471428871155,
    "Mass": 0.08944442868232727,
    "Nodule": 0.23289695382118225,
    "Osteophyte": 0.18462742865085602,
    "Pleural Effusion": 0.11417092382907867,
    "Pleural Thickening": 0.16928477585315704,
    "Pneumothorax": 0.05716795474290848,
    "Pulmonary Artery Enlargement": 0.23462849855422974,
    "Pulmonary Fibrosis": 0.0710955485701561,
    "Rib Fracture": 0.043271638453006744,
    "Scoliosis": 0.15725590288639069,
    "Subcutaneous Emphysema": 0.03178378567099571,
    "Thickening": 0.20010103285312653,
    "Volume Loss": 0.28407415747642517,
    "normal": 0.6166083812713623
  },
  "lateral_probs": {
    "Airspace Disease": 0.24320140480995178,
    "Bronchiectasis": 0.030884359031915665,
    "Bronchiolitis": 0.003332535969093442,
    "Bullous Disease": 0.01531398855149746,
    "Calcified Granuloma": 0.3217046856880188,
    "Calcinosis": 0.2469930797815323,
    "Cardiac Shadow (abnormal)": 0.19140085577964783,
    "Cardiomegaly": 0.3973708748817444,
    "Consolidation": 0.15563714504241943,
    "Degenerative Change": 0.38956740498542786,
    "Edema": 0.23522718250751495,
    "Effusion": 0.08595725148916245,
    "Emphysema": 0.1803932934999466,
    "Fibrosis": 0.2466295212507248,
    "Fractures": 0.14857828617095947,
    "Hernia": 0.17907211184501648,
    "Hyperinflation": 0.3635638654232025,
    "Increased Lung Markings": 0.24938541650772095,
    "Interstitial Lung Disease": 0.11985046416521072,
    "Kyphosis": 0.07868288457393646,
    "Lesion": 0.41214463114738464,
    "Mass": 0.08360905945301056,
    "Nodule": 0.2085413634777069,
    "Osteophyte": 0.20225302875041962,
    "Pleural Effusion": 0.17167048156261444,
    "Pleural Thickening": 0.1623426079750061,
    "Pneumothorax": 0.07204518467187881,
    "Pulmonary Artery Enlargement": 0.087086021900177,
    "Pulmonary Fibrosis": 0.07720203697681427,
    "Rib Fracture": 0.03343222662806511,
    "Scoliosis": 0.16558824479579926,
    "Subcutaneous Emphysema": 0.016233326867222786,
    "Thickening": 0.1541389375925064,
    "Volume Loss": 0.32907819747924805,
    "normal": 0.7004863619804382
  }
}