{
  "uid": "3598",
  "frontal_image": "3598_IM-1775-1001.dcm.png",
  "lateral_image": "3598_IM-1775-2001.dcm.png",
  "fusion_mode": "weighted_avg(f=0.65,l=0.35)",
  "predicted_classes": [
    "normal"
  ],
  "resolved_classes": [
    "normal"
  ],
  "kg_classes": [
    "Normal"
  ],
  "num_predicted": 1,
  "conflict_resolution": "no_conflict",
  "is_uncertain": true,
  "uncertainty_reason": "normal_prob=0.700 (<0.73) with elevated disease scores: Lesion=0.362, Calcinosis=0.353, Degenerative Change=0.352",
  "inference_time_s": 0.2339,
  "gt_labels": "normal",
  "probabilities": {
    "Airspace Disease": 0.142891,
    "Bronchiectasis": 0.034375,
    "Bronchiolitis": 0.005405,
    "Bullous Disease": 0.020929,
    "Calcified Granuloma": 0.322519,
    "Calcinosis": 0.353416,
    "Cardiac Shadow (abnormal)": 0.093782,
    "Cardiomegaly": 0.189246,
    "Consolidation": 0.091105,
    "Degenerative Change": 0.352297,
    "Edema": 0.103425,
    "Effusion": 0.032239,
    "Emphysema": 0.193798,
    "Fibrosis": 0.243273,
    "Fractures": 0.194886,
    "Hernia": 0.140589,
    "Hyperinflation": 0.338749,
    "Increased Lung Markings": 0.268442,
    "Interstitial Lung Disease": 0.131488,
    "Kyphosis": 0.089008,
    "Lesion": 0.361996,
    "Mass": 0.040368,
    "Nodule": 0.229103,
    "Osteophyte": 0.17057,
    "Pleural Effusion": 0.100121,
    "Pleural Thickening": 0.122765,
    "Pneumothorax": 0.054816,
    "Pulmonary Artery Enlargement": 0.038116,
    "Pulmonary Fibrosis": 0.060544,
    "Rib Fracture": 0.018564,
    "Scoliosis": 0.201165,
    "Subcutaneous Emphysema": 0.017224,
    "Thickening": 0.142252,
    "Volume Loss": 0.256175,
    "normal": 0.700351
  },
  "frontal_probs": {
    "Airspace Disease": 0.11741738766431808,
    "Bronchiectasis": 0.019241249188780785,
    "Bronchiolitis": 0.00601666234433651,
    "Bullous Disease": 0.02498716115951538,
    "Calcified Granuloma": 0.31834763288497925,
    "Calcinosis": 0.3566448986530304,
    "Cardiac Shadow (abnormal)": 0.07107734680175781,
    "Cardiomegaly": 0.15139423310756683,
    "Consolidation": 0.08142618834972382,
    "Degenerative Change": 0.3258049786090851,
    "Edema": 0.0722791850566864,
    "Effusion": 0.018853146582841873,
    "Emphysema": 0.19768323004245758,
    "Fibrosis": 0.25963836908340454,
    "Fractures": 0.18090316653251648,
    "Hernia": 0.13480117917060852,
    "Hyperinflation": 0.30829477310180664,
    "Increased Lung Markings": 0.26273319125175476,
    "Interstitial Lung Disease": 0.09885511547327042,
    "Kyphosis": 0.10620420426130295,
    "Lesion": 0.3613167405128479,
    "Mass": 0.027367597445845604,
    "Nodule": 0.1977931708097458,
    "Osteophyte": 0.16257387399673462,
    "Pleural Effusion": 0.08255212008953094,
    "Pleural Thickening": 0.1186298206448555,
    "Pneumothorax": 0.06013103201985359,
    "Pulmonary Artery Enlargement": 0.03405599668622017,
    "Pulmonary Fibrosis": 0.04785440117120743,
    "Rib Fracture": 0.017209777608513832,
    "Scoliosis": 0.1984035074710846,
    "Subcutaneous Emphysema": 0.011208049952983856,
    "Thickening": 0.10406874865293503,
    "Volume Loss": 0.26189124584198,
    "normal": 0.6944026947021484
  },
  "lateral_probs": {
    "Airspace Disease": 0.19019903242588043,
    "Bronchiectasis": 0.062480777502059937,
    "Bronchiolitis": 0.004267956595867872,
    "Bullous Disease": 0.013391349464654922,
    "Calcified Granuloma": 0.33026522397994995,
    "Calcinosis": 0.3474191725254059,
    "Cardiac Shadow (abnormal)": 0.1359480619430542,
    "Cardiomegaly": 0.25954192876815796,
    "Consolidation": 0.1090811938047409,
    "Degenerative Change": 0.401497483253479,
    "Edema": 0.16126824915409088,
    "Effusion": 0.05709878355264664,
    "Emphysema": 0.1865832805633545,
    "Fibrosis": 0.21288014948368073,
    "Fractures": 0.22085458040237427,
    "Hernia": 0.15133754909038544,
    "Hyperinflation": 0.39530763030052185,
    "Increased Lung Markings": 0.2790435254573822,
    "Interstitial Lung Disease": 0.19209304451942444,
    "Kyphosis": 0.05707337334752083,
    "Lesion": 0.3632583022117615,
    "Mass": 0.06451153010129929,
    "Nodule": 0.28724855184555054,
    "Osteophyte": 0.18541887402534485,
    "Pleural Effusion": 0.13274766504764557,
    "Pleural Thickening": 0.1304437518119812,
    "Pneumothorax": 0.044944413006305695,
    "Pulmonary Artery Enlargement": 0.045655060559511185,
    "Pulmonary Fibrosis": 0.08411144465208054,
    "Rib Fracture": 0.021078351885080338,
    "Scoliosis": 0.20629297196865082,
    "Subcutaneous Emphysema": 0.02839701808989048,
    "Thickening": 0.2131645381450653,
    "Volume Loss": 0.24555832147598267,
    "normal": 0.7113974094390869
  }
}