{
  "uid": "3677",
  "frontal_image": "3677_IM-1830-2001.dcm.png",
  "lateral_image": "3677_IM-1830-1001.dcm.png",
  "fusion_mode": "weighted_avg(f=0.65,l=0.35)",
  "predicted_classes": [
    "normal"
  ],
  "resolved_classes": [
    "normal"
  ],
  "kg_classes": [
    "Normal"
  ],
  "num_predicted": 1,
  "conflict_resolution": "no_conflict",
  "is_uncertain": true,
  "uncertainty_reason": "normal_prob=0.549 (<0.73) with elevated disease scores: Hyperinflation=0.454, Degenerative Change=0.450, Lesion=0.420",
  "inference_time_s": 0.2732,
  "gt_labels": "normal",
  "probabilities": {
    "Airspace Disease": 0.254406,
    "Bronchiectasis": 0.068144,
    "Bronchiolitis": 0.064838,
    "Bullous Disease": 0.085099,
    "Calcified Granuloma": 0.35724,
    "Calcinosis": 0.380844,
    "Cardiac Shadow (abnormal)": 0.174349,
    "Cardiomegaly": 0.348186,
    "Consolidation": 0.201799,
    "Degenerative Change": 0.449657,
    "Edema": 0.244566,
    "Effusion": 0.057682,
    "Emphysema": 0.244871,
    "Fibrosis": 0.293428,
    "Fractures": 0.2843,
    "Hernia": 0.232882,
    "Hyperinflation": 0.45413,
    "Increased Lung Markings": 0.388403,
    "Interstitial Lung Disease": 0.160788,
    "Kyphosis": 0.132747,
    "Lesion": 0.419787,
    "Mass": 0.184822,
    "Nodule": 0.257716,
    "Osteophyte": 0.274365,
    "Pleural Effusion": 0.236384,
    "Pleural Thickening": 0.181364,
    "Pneumothorax": 0.092096,
    "Pulmonary Artery Enlargement": 0.090228,
    "Pulmonary Fibrosis": 0.108776,
    "Rib Fracture": 0.071686,
    "Scoliosis": 0.227974,
    "Subcutaneous Emphysema": 0.050857,
    "Thickening": 0.212482,
    "Volume Loss": 0.40507,
    "normal": 0.549496
  },
  "frontal_probs": {
    "Airspace Disease": 0.30852553248405457,
    "Bronchiectasis": 0.09106557816267014,
    "Bronchiolitis": 0.09919607639312744,
    "Bullous Disease": 0.12696939706802368,
    "Calcified Granuloma": 0.4016573429107666,
    "Calcinosis": 0.4672616422176361,
    "Cardiac Shadow (abnormal)": 0.2242857962846756,
    "Cardiomegaly": 0.439007967710495,
    "Consolidation": 0.24737544357776642,
    "Degenerative Change": 0.5320209264755249,
    "Edema": 0.3087066113948822,
    "Effusion": 0.051898419857025146,
    "Emphysema": 0.30189254879951477,
    "Fibrosis": 0.34473729133605957,
    "Fractures": 0.3640422821044922,
    "Hernia": 0.28083011507987976,
    "Hyperinflation": 0.5355393290519714,
    "Increased Lung Markings": 0.49950510263442993,
    "Interstitial Lung Disease": 0.2076449990272522,
    "Kyphosis": 0.19421346485614777,
    "Lesion": 0.500045657157898,
    "Mass": 0.23546282947063446,
    "Nodule": 0.29319944977760315,
    "Osteophyte": 0.34099289774894714,
    "Pleural Effusion": 0.31779980659484863,
    "Pleural Thickening": 0.2022833377122879,
    "Pneumothorax": 0.11206395924091339,
    "Pulmonary Artery Enlargement": 0.1122976541519165,
    "Pulmonary Fibrosis": 0.13494530320167542,
    "Rib Fracture": 0.09500663727521896,
    "Scoliosis": 0.2858777642250061,
    "Subcutaneous Emphysema": 0.07260695844888687,
    "Thickening": 0.2669404447078705,
    "Volume Loss": 0.5096424221992493,
    "normal": 0.40318194031715393
  },
  "lateral_probs": {
    "Airspace Disease": 0.1538984775543213,
    "Bronchiectasis": 0.02557402476668358,
    "Bronchiolitis": 0.0010292144725099206,
    "Bullous Disease": 0.0073400987312197685,
    "Calcified Granuloma": 0.27474936842918396,
    "Calcinosis": 0.22035546600818634,
    "Cardiac Shadow (abnormal)": 0.0816088393330574,
    "Cardiomegaly": 0.17951728403568268,
    "Consolidation": 0.11715696007013321,
    "Degenerative Change": 0.2966960668563843,
    "Edema": 0.12544871866703033,
    "Effusion": 0.0684238076210022,
    "Emphysema": 0.13897354900836945,
    "Fibrosis": 0.19813939929008484,
    "Fractures": 0.13620753586292267,
    "Hernia": 0.14383533596992493,
    "Hyperinflation": 0.3029422163963318,
    "Increased Lung Markings": 0.18207034468650818,
    "Interstitial Lung Disease": 0.07376864552497864,
    "Kyphosis": 0.018595850095152855,
    "Lesion": 0.2707357704639435,
    "Mass": 0.09077436476945877,
    "Nodule": 0.19181892275810242,
    "Osteophyte": 0.1506274789571762,
    "Pleural Effusion": 0.08518239110708237,
    "Pleural Thickening": 0.14251382648944855,
    "Pneumothorax": 0.05501263961195946,
    "Pulmonary Artery Enlargement": 0.049241967499256134,
    "Pulmonary Fibrosis": 0.06017490476369858,
    "Rib Fracture": 0.028375396504998207,
    "Scoliosis": 0.12043861299753189,
    "Subcutaneous Emphysema": 0.010463056154549122,
    "Thickening": 0.11134370416402817,
    "Volume Loss": 0.2108650952577591,
    "normal": 0.8212212920188904
  }
}