{
  "uid": "3744",
  "frontal_image": "3744_IM-1871-0001-0001.dcm.png",
  "lateral_image": "3744_IM-1871-0001-0002.dcm.png",
  "fusion_mode": "weighted_avg(f=0.65,l=0.35)",
  "predicted_classes": [
    "normal"
  ],
  "resolved_classes": [
    "normal"
  ],
  "kg_classes": [
    "Normal"
  ],
  "num_predicted": 1,
  "conflict_resolution": "no_conflict",
  "is_uncertain": false,
  "uncertainty_reason": "",
  "inference_time_s": 0.2539,
  "gt_labels": "normal",
  "probabilities": {
    "Airspace Disease": 0.197864,
    "Bronchiectasis": 0.027272,
    "Bronchiolitis": 0.001758,
    "Bullous Disease": 0.013894,
    "Calcified Granuloma": 0.208568,
    "Calcinosis": 0.193888,
    "Cardiac Shadow (abnormal)": 0.039184,
    "Cardiomegaly": 0.128327,
    "Consolidation": 0.10208,
    "Degenerative Change": 0.27354,
    "Edema": 0.083082,
    "Effusion": 0.086256,
    "Emphysema": 0.13357,
    "Fibrosis": 0.237404,
    "Fractures": 0.201015,
    "Hernia": 0.101845,
    "Hyperinflation": 0.324296,
    "Increased Lung Markings": 0.192547,
    "Interstitial Lung Disease": 0.070857,
    "Kyphosis": 0.033136,
    "Lesion": 0.396081,
    "Mass": 0.055771,
    "Nodule": 0.159333,
    "Osteophyte": 0.113386,
    "Pleural Effusion": 0.161138,
    "Pleural Thickening": 0.151201,
    "Pneumothorax": 0.330689,
    "Pulmonary Artery Enlargement": 0.027719,
    "Pulmonary Fibrosis": 0.032626,
    "Rib Fracture": 0.011767,
    "Scoliosis": 0.233394,
    "Subcutaneous Emphysema": 0.02081,
    "Thickening": 0.084607,
    "Volume Loss": 0.267353,
    "normal": 0.783252
  },
  "frontal_probs": {
    "Airspace Disease": 0.21372632682323456,
    "Bronchiectasis": 0.011966362595558167,
    "Bronchiolitis": 0.0018002043943852186,
    "Bullous Disease": 0.013626782223582268,
    "Calcified Granuloma": 0.1730601042509079,
    "Calcinosis": 0.16979794204235077,
    "Cardiac Shadow (abnormal)": 0.04135611653327942,
    "Cardiomegaly": 0.1454559713602066,
    "Consolidation": 0.06919535994529724,
    "Degenerative Change": 0.23491919040679932,
    "Edema": 0.08984874933958054,
    "Effusion": 0.11825782060623169,
    "Emphysema": 0.09609409421682358,
    "Fibrosis": 0.22554032504558563,
    "Fractures": 0.22781996428966522,
    "Hernia": 0.06654395163059235,
    "Hyperinflation": 0.32058626413345337,
    "Increased Lung Markings": 0.21620048582553864,
    "Interstitial Lung Disease": 0.05906980484724045,
    "Kyphosis": 0.03733932971954346,
    "Lesion": 0.43740394711494446,
    "Mass": 0.01624036394059658,
    "Nodule": 0.13141930103302002,
    "Osteophyte": 0.09423749893903732,
    "Pleural Effusion": 0.20989924669265747,
    "Pleural Thickening": 0.18814387917518616,
    "Pneumothorax": 0.454928457736969,
    "Pulmonary Artery Enlargement": 0.012934084050357342,
    "Pulmonary Fibrosis": 0.022490480914711952,
    "Rib Fracture": 0.008419273421168327,
    "Scoliosis": 0.264583021402359,
    "Subcutaneous Emphysema": 0.024436086416244507,
    "Thickening": 0.08104845881462097,
    "Volume Loss": 0.3175463080406189,
    "normal": 0.7487870454788208
  },
  "lateral_probs": {
    "Airspace Disease": 0.16840673983097076,
    "Bronchiectasis": 0.05569738522171974,
    "Bronchiolitis": 0.0016787409549579024,
    "Bullous Disease": 0.014390820637345314,
    "Calcified Granuloma": 0.2745108902454376,
    "Calcinosis": 0.23862668871879578,
    "Cardiac Shadow (abnormal)": 0.03514988347887993,
    "Cardiomegaly": 0.0965149775147438,
    "Consolidation": 0.1631522923707962,
    "Degenerative Change": 0.34526556730270386,
    "Edema": 0.07051561027765274,
    "Effusion": 0.026823878288269043,
    "Emphysema": 0.20316775143146515,
    "Fibrosis": 0.2594362199306488,
    "Fractures": 0.15123416483402252,
    "Hernia": 0.1674032211303711,
    "Hyperinflation": 0.33118680119514465,
    "Increased Lung Markings": 0.14861944317817688,
    "Interstitial Lung Disease": 0.09274766594171524,
    "Kyphosis": 0.02533009834587574,
    "Lesion": 0.3193386495113373,
    "Mass": 0.12918506562709808,
    "Nodule": 0.21117211878299713,
    "Osteophyte": 0.1489473134279251,
    "Pleural Effusion": 0.07058083266019821,
    "Pleural Thickening": 0.08259300887584686,
    "Pneumothorax": 0.09995876252651215,
    "Pulmonary Artery Enlargement": 0.05517585203051567,
    "Pulmonary Fibrosis": 0.05145014077425003,
    "Rib Fracture": 0.017985519021749496,
    "Scoliosis": 0.17547084391117096,
    "Subcutaneous Emphysema": 0.014075354672968388,
    "Thickening": 0.09121440351009369,
    "Volume Loss": 0.17413614690303802,
    "normal": 0.8472579121589661
  }
}