{
  "uid": "3757",
  "frontal_image": "3757_IM-1881-12012.dcm.png",
  "lateral_image": "3757_IM-1881-2001.dcm.png",
  "fusion_mode": "weighted_avg(f=0.65,l=0.35)",
  "predicted_classes": [
    "normal"
  ],
  "resolved_classes": [
    "normal"
  ],
  "kg_classes": [
    "Normal"
  ],
  "num_predicted": 1,
  "conflict_resolution": "no_conflict",
  "is_uncertain": false,
  "uncertainty_reason": "",
  "inference_time_s": 0.2899,
  "gt_labels": "normal",
  "probabilities": {
    "Airspace Disease": 0.120356,
    "Bronchiectasis": 0.02228,
    "Bronchiolitis": 0.003784,
    "Bullous Disease": 0.012585,
    "Calcified Granuloma": 0.259167,
    "Calcinosis": 0.215208,
    "Cardiac Shadow (abnormal)": 0.108093,
    "Cardiomegaly": 0.172979,
    "Consolidation": 0.048365,
    "Degenerative Change": 0.286688,
    "Edema": 0.121086,
    "Effusion": 0.042169,
    "Emphysema": 0.137506,
    "Fibrosis": 0.174576,
    "Fractures": 0.101516,
    "Hernia": 0.116097,
    "Hyperinflation": 0.268276,
    "Increased Lung Markings": 0.201689,
    "Interstitial Lung Disease": 0.077142,
    "Kyphosis": 0.042268,
    "Lesion": 0.219326,
    "Mass": 0.045041,
    "Nodule": 0.187161,
    "Osteophyte": 0.166296,
    "Pleural Effusion": 0.091406,
    "Pleural Thickening": 0.130707,
    "Pneumothorax": 0.073085,
    "Pulmonary Artery Enlargement": 0.047204,
    "Pulmonary Fibrosis": 0.042373,
    "Rib Fracture": 0.020827,
    "Scoliosis": 0.121868,
    "Subcutaneous Emphysema": 0.016652,
    "Thickening": 0.120351,
    "Volume Loss": 0.200889,
    "normal": 0.77528
  },
  "frontal_probs": {
    "Airspace Disease": 0.06976338475942612,
    "Bronchiectasis": 0.003818491706624627,
    "Bronchiolitis": 0.0015083078760653734,
    "Bullous Disease": 0.004658836871385574,
    "Calcified Granuloma": 0.20579823851585388,
    "Calcinosis": 0.16058145463466644,
    "Cardiac Shadow (abnormal)": 0.040764063596725464,
    "Cardiomegaly": 0.14518548548221588,
    "Consolidation": 0.018745025619864464,
    "Degenerative Change": 0.2433631718158722,
    "Edema": 0.07001203298568726,
    "Effusion": 0.012513593770563602,
    "Emphysema": 0.07779154926538467,
    "Fibrosis": 0.143159881234169,
    "Fractures": 0.06393612176179886,
    "Hernia": 0.07376659661531448,
    "Hyperinflation": 0.23070953786373138,
    "Increased Lung Markings": 0.15588560700416565,
    "Interstitial Lung Disease": 0.0345660075545311,
    "Kyphosis": 0.03435169532895088,
    "Lesion": 0.16459454596042633,
    "Mass": 0.006017075851559639,
    "Nodule": 0.12926340103149414,
    "Osteophyte": 0.11553879082202911,
    "Pleural Effusion": 0.08071154356002808,
    "Pleural Thickening": 0.10788125544786453,
    "Pneumothorax": 0.07124894112348557,
    "Pulmonary Artery Enlargement": 0.015451950021088123,
    "Pulmonary Fibrosis": 0.009884138591587543,
    "Rib Fracture": 0.010243423283100128,
    "Scoliosis": 0.11743921786546707,
    "Subcutaneous Emphysema": 0.004259259905666113,
    "Thickening": 0.08288119733333588,
    "Volume Loss": 0.18033693730831146,
    "normal": 0.7945668697357178
  },
  "lateral_probs": {
    "Airspace Disease": 0.21431241929531097,
    "Bronchiectasis": 0.0565650500357151,
    "Bronchiolitis": 0.008009371347725391,
    "Bullous Disease": 0.02730589546263218,
    "Calcified Granuloma": 0.3582797050476074,
    "Calcinosis": 0.3166561722755432,
    "Cardiac Shadow (abnormal)": 0.23313313722610474,
    "Cardiomegaly": 0.2245967537164688,
    "Consolidation": 0.10337480157613754,
    "Degenerative Change": 0.3671480119228363,
    "Edema": 0.21593676507472992,
    "Effusion": 0.09724248945713043,
    "Emphysema": 0.24840356409549713,
    "Fibrosis": 0.23292118310928345,
    "Fractures": 0.17130745947360992,
    "Hernia": 0.19471117854118347,
    "Hyperinflation": 0.33804258704185486,
    "Increased Lung Markings": 0.2867529094219208,
    "Interstitial Lung Disease": 0.1562105268239975,
    "Kyphosis": 0.05696863681077957,
    "Lesion": 0.3209696412086487,
    "Mass": 0.11751436442136765,
    "Nodule": 0.2946854829788208,
    "Osteophyte": 0.26055970788002014,
    "Pleural Effusion": 0.11126747727394104,
    "Pleural Thickening": 0.17309705913066864,
    "Pneumothorax": 0.07649467885494232,
    "Pulmonary Artery Enlargement": 0.10617322474718094,
    "Pulmonary Fibrosis": 0.10271058231592178,
    "Rib Fracture": 0.040481384843587875,
    "Scoliosis": 0.13009262084960938,
    "Subcutaneous Emphysema": 0.03966744989156723,
    "Thickening": 0.18993781507015228,
    "Volume Loss": 0.23905575275421143,
    "normal": 0.7394622564315796
  }
}