{
  "uid": "3458",
  "frontal_image": "3458_IM-1678-1001.dcm.png",
  "lateral_image": "3458_IM-1678-2001.dcm.png",
  "fusion_mode": "weighted_avg(f=0.65,l=0.35)",
  "predicted_classes": [
    "normal"
  ],
  "resolved_classes": [
    "normal"
  ],
  "kg_classes": [
    "Normal"
  ],
  "num_predicted": 1,
  "conflict_resolution": "no_conflict",
  "is_uncertain": false,
  "uncertainty_reason": "",
  "inference_time_s": 0.2469,
  "gt_labels": "normal",
  "probabilities": {
    "Airspace Disease": 0.078726,
    "Bronchiectasis": 0.002313,
    "Bronchiolitis": 0.001513,
    "Bullous Disease": 0.002928,
    "Calcified Granuloma": 0.287818,
    "Calcinosis": 0.15049,
    "Cardiac Shadow (abnormal)": 0.047738,
    "Cardiomegaly": 0.160735,
    "Consolidation": 0.03304,
    "Degenerative Change": 0.361794,
    "Edema": 0.039574,
    "Effusion": 0.006698,
    "Emphysema": 0.024197,
    "Fibrosis": 0.146072,
    "Fractures": 0.120936,
    "Hernia": 0.155044,
    "Hyperinflation": 0.217338,
    "Increased Lung Markings": 0.204678,
    "Interstitial Lung Disease": 0.019676,
    "Kyphosis": 0.052724,
    "Lesion": 0.225356,
    "Mass": 0.023551,
    "Nodule": 0.122586,
    "Osteophyte": 0.224204,
    "Pleural Effusion": 0.100373,
    "Pleural Thickening": 0.057737,
    "Pneumothorax": 0.027076,
    "Pulmonary Artery Enlargement": 0.039382,
    "Pulmonary Fibrosis": 0.0087,
    "Rib Fracture": 0.006144,
    "Scoliosis": 0.162156,
    "Subcutaneous Emphysema": 0.003246,
    "Thickening": 0.049409,
    "Volume Loss": 0.201686,
    "normal": 0.842297
  },
  "frontal_probs": {
    "Airspace Disease": 0.07523506879806519,
    "Bronchiectasis": 0.0019457928137853742,
    "Bronchiolitis": 0.002185260411351919,
    "Bullous Disease": 0.003473568009212613,
    "Calcified Granuloma": 0.3243730366230011,
    "Calcinosis": 0.15868087112903595,
    "Cardiac Shadow (abnormal)": 0.04840005934238434,
    "Cardiomegaly": 0.1862337440252304,
    "Consolidation": 0.02328154444694519,
    "Degenerative Change": 0.3953070640563965,
    "Edema": 0.03922082111239433,
    "Effusion": 0.008283055387437344,
    "Emphysema": 0.021590610966086388,
    "Fibrosis": 0.1672358512878418,
    "Fractures": 0.14873814582824707,
    "Hernia": 0.2052575647830963,
    "Hyperinflation": 0.2555229663848877,
    "Increased Lung Markings": 0.2529184818267822,
    "Interstitial Lung Disease": 0.01469143945723772,
    "Kyphosis": 0.07008512318134308,
    "Lesion": 0.2545834481716156,
    "Mass": 0.026846198365092278,
    "Nodule": 0.14413906633853912,
    "Osteophyte": 0.27181315422058105,
    "Pleural Effusion": 0.13294148445129395,
    "Pleural Thickening": 0.06442446261644363,
    "Pneumothorax": 0.035945527255535126,
    "Pulmonary Artery Enlargement": 0.037904247641563416,
    "Pulmonary Fibrosis": 0.006887027993798256,
    "Rib Fracture": 0.008432332426309586,
    "Scoliosis": 0.19432371854782104,
    "Subcutaneous Emphysema": 0.0035894238390028477,
    "Thickening": 0.050911758095026016,
    "Volume Loss": 0.24033881723880768,
    "normal": 0.8055523633956909
  },
  "lateral_probs": {
    "Airspace Disease": 0.08520940691232681,
    "Bronchiectasis": 0.002993873320519924,
    "Bronchiolitis": 0.0002658411976881325,
    "Bullous Disease": 0.0019146803533658385,
    "Calcified Granuloma": 0.21993127465248108,
    "Calcinosis": 0.13527829945087433,
    "Cardiac Shadow (abnormal)": 0.0465090274810791,
    "Cardiomegaly": 0.11338099092245102,
    "Consolidation": 0.0511627234518528,
    "Degenerative Change": 0.2995550036430359,
    "Edema": 0.040228959172964096,
    "Effusion": 0.0037537801545113325,
    "Emphysema": 0.02903806045651436,
    "Fibrosis": 0.1067681536078453,
    "Fractures": 0.06930243223905563,
    "Hernia": 0.06178995966911316,
    "Hyperinflation": 0.1464240849018097,
    "Increased Lung Markings": 0.11508792638778687,
    "Interstitial Lung Disease": 0.02893395721912384,
    "Kyphosis": 0.020482899621129036,
    "Lesion": 0.17107544839382172,
    "Mass": 0.0174326803535223,
    "Nodule": 0.08255966752767563,
    "Osteophyte": 0.1357867270708084,
    "Pleural Effusion": 0.039887476712465286,
    "Pleural Thickening": 0.04531635344028473,
    "Pneumothorax": 0.010602639056742191,
    "Pulmonary Artery Enlargement": 0.04212775081396103,
    "Pulmonary Fibrosis": 0.012066823430359364,
    "Rib Fracture": 0.0018943992909044027,
    "Scoliosis": 0.10241634398698807,
    "Subcutaneous Emphysema": 0.0026085961144417524,
    "Thickening": 0.04661751911044121,
    "Volume Loss": 0.12990252673625946,
    "normal": 0.9105382561683655
  }
}