{
  "uid": "3888",
  "frontal_image": "3888_IM-1972-2001.dcm.png",
  "lateral_image": "",
  "fusion_mode": "frontal_only",
  "predicted_classes": [
    "normal"
  ],
  "resolved_classes": [
    "normal"
  ],
  "kg_classes": [
    "Normal"
  ],
  "num_predicted": 1,
  "conflict_resolution": "no_conflict",
  "is_uncertain": false,
  "uncertainty_reason": "",
  "inference_time_s": 0.1289,
  "gt_labels": "normal",
  "probabilities": {
    "Airspace Disease": 0.0046742451377213,
    "Bronchiectasis": 2.7432266506366432e-05,
    "Bronchiolitis": 8.753972906561103e-06,
    "Bullous Disease": 9.110656537814066e-05,
    "Calcified Granuloma": 0.04302539303898811,
    "Calcinosis": 0.048630133271217346,
    "Cardiac Shadow (abnormal)": 0.0015753201441839337,
    "Cardiomegaly": 0.029427610337734222,
    "Consolidation": 0.003126087598502636,
    "Degenerative Change": 0.028800880536437035,
    "Edema": 0.004631836898624897,
    "Effusion": 0.0004685064486693591,
    "Emphysema": 0.009020671248435974,
    "Fibrosis": 0.018108196556568146,
    "Fractures": 0.014820282347500324,
    "Hernia": 0.005945492070168257,
    "Hyperinflation": 0.015258735045790672,
    "Increased Lung Markings": 0.004800037015229464,
    "Interstitial Lung Disease": 0.006140189711004496,
    "Kyphosis": 0.00365101033821702,
    "Lesion": 0.01691274158656597,
    "Mass": 0.0006335467332974076,
    "Nodule": 0.02506711333990097,
    "Osteophyte": 0.012144476175308228,
    "Pleural Effusion": 0.0031753110233694315,
    "Pleural Thickening": 0.011246729642152786,
    "Pneumothorax": 0.0024814526550471783,
    "Pulmonary Artery Enlargement": 0.0029587862081825733,
    "Pulmonary Fibrosis": 0.00014251458924263716,
    "Rib Fracture": 0.00012698030332103372,
    "Scoliosis": 0.06219624727964401,
    "Subcutaneous Emphysema": 0.00010324083268642426,
    "Thickening": 0.007744949776679277,
    "Volume Loss": 0.01307243388146162,
    "normal": 0.9921155571937561
  },
  "frontal_probs": {
    "Airspace Disease": 0.0046742451377213,
    "Bronchiectasis": 2.7432266506366432e-05,
    "Bronchiolitis": 8.753972906561103e-06,
    "Bullous Disease": 9.110656537814066e-05,
    "Calcified Granuloma": 0.04302539303898811,
    "Calcinosis": 0.048630133271217346,
    "Cardiac Shadow (abnormal)": 0.0015753201441839337,
    "Cardiomegaly": 0.029427610337734222,
    "Consolidation": 0.003126087598502636,
    "Degenerative Change": 0.028800880536437035,
    "Edema": 0.004631836898624897,
    "Effusion": 0.0004685064486693591,
    "Emphysema": 0.009020671248435974,
    "Fibrosis": 0.018108196556568146,
    "Fractures": 0.014820282347500324,
    "Hernia": 0.005945492070168257,
    "Hyperinflation": 0.015258735045790672,
    "Increased Lung Markings": 0.004800037015229464,
    "Interstitial Lung Disease": 0.006140189711004496,
    "Kyphosis": 0.00365101033821702,
    "Lesion": 0.01691274158656597,
    "Mass": 0.0006335467332974076,
    "Nodule": 0.02506711333990097,
    "Osteophyte": 0.012144476175308228,
    "Pleural Effusion": 0.0031753110233694315,
    "Pleural Thickening": 0.011246729642152786,
    "Pneumothorax": 0.0024814526550471783,
    "Pulmonary Artery Enlargement": 0.0029587862081825733,
    "Pulmonary Fibrosis": 0.00014251458924263716,
    "Rib Fracture": 0.00012698030332103372,
    "Scoliosis": 0.06219624727964401,
    "Subcutaneous Emphysema": 0.00010324083268642426,
    "Thickening": 0.007744949776679277,
    "Volume Loss": 0.01307243388146162,
    "normal": 0.9921155571937561
  },
  "lateral_probs": {
    "Airspace Disease": 0.0,
    "Bronchiectasis": 0.0,
    "Bronchiolitis": 0.0,
    "Bullous Disease": 0.0,
    "Calcified Granuloma": 0.0,
    "Calcinosis": 0.0,
    "Cardiac Shadow (abnormal)": 0.0,
    "Cardiomegaly": 0.0,
    "Consolidation": 0.0,
    "Degenerative Change": 0.0,
    "Edema": 0.0,
    "Effusion": 0.0,
    "Emphysema": 0.0,
    "Fibrosis": 0.0,
    "Fractures": 0.0,
    "Hernia": 0.0,
    "Hyperinflation": 0.0,
    "Increased Lung Markings": 0.0,
    "Interstitial Lung Disease": 0.0,
    "Kyphosis": 0.0,
    "Lesion": 0.0,
    "Mass": 0.0,
    "Nodule": 0.0,
    "Osteophyte": 0.0,
    "Pleural Effusion": 0.0,
    "Pleural Thickening": 0.0,
    "Pneumothorax": 0.0,
    "Pulmonary Artery Enlargement": 0.0,
    "Pulmonary Fibrosis": 0.0,
    "Rib Fracture": 0.0,
    "Scoliosis": 0.0,
    "Subcutaneous Emphysema": 0.0,
    "Thickening": 0.0,
    "Volume Loss": 0.0,
    "normal": 0.0
  }
}