{
  "uid": "3679",
  "frontal_image": "3679_IM-1831-1001.dcm.png",
  "lateral_image": "3679_IM-1831-2001.dcm.png",
  "fusion_mode": "weighted_avg(f=0.65,l=0.35)",
  "predicted_classes": [
    "normal"
  ],
  "resolved_classes": [
    "normal"
  ],
  "kg_classes": [
    "Normal"
  ],
  "num_predicted": 1,
  "conflict_resolution": "no_conflict",
  "is_uncertain": true,
  "uncertainty_reason": "normal_prob=0.686 (<0.73) with elevated disease scores: Degenerative Change=0.415, Lesion=0.402, Hyperinflation=0.350",
  "inference_time_s": 0.2921,
  "gt_labels": "normal",
  "probabilities": {
    "Airspace Disease": 0.252543,
    "Bronchiectasis": 0.021981,
    "Bronchiolitis": 0.00802,
    "Bullous Disease": 0.022817,
    "Calcified Granuloma": 0.292484,
    "Calcinosis": 0.220687,
    "Cardiac Shadow (abnormal)": 0.175728,
    "Cardiomegaly": 0.334478,
    "Consolidation": 0.125877,
    "Degenerative Change": 0.415133,
    "Edema": 0.214192,
    "Effusion": 0.04687,
    "Emphysema": 0.143418,
    "Fibrosis": 0.221136,
    "Fractures": 0.214293,
    "Hernia": 0.184373,
    "Hyperinflation": 0.350008,
    "Increased Lung Markings": 0.209605,
    "Interstitial Lung Disease": 0.121913,
    "Kyphosis": 0.060229,
    "Lesion": 0.402066,
    "Mass": 0.095775,
    "Nodule": 0.250325,
    "Osteophyte": 0.20812,
    "Pleural Effusion": 0.182502,
    "Pleural Thickening": 0.144506,
    "Pneumothorax": 0.078245,
    "Pulmonary Artery Enlargement": 0.088055,
    "Pulmonary Fibrosis": 0.058244,
    "Rib Fracture": 0.039671,
    "Scoliosis": 0.12387,
    "Subcutaneous Emphysema": 0.01789,
    "Thickening": 0.129216,
    "Volume Loss": 0.326781,
    "normal": 0.685786
  },
  "frontal_probs": {
    "Airspace Disease": 0.33202117681503296,
    "Bronchiectasis": 0.026800373569130898,
    "Bronchiolitis": 0.011870631948113441,
    "Bullous Disease": 0.03168824315071106,
    "Calcified Granuloma": 0.28235378861427307,
    "Calcinosis": 0.2463553547859192,
    "Cardiac Shadow (abnormal)": 0.24072794616222382,
    "Cardiomegaly": 0.449736624956131,
    "Consolidation": 0.16519466042518616,
    "Degenerative Change": 0.4295206069946289,
    "Edema": 0.28595170378685,
    "Effusion": 0.0623888336122036,
    "Emphysema": 0.14186738431453705,
    "Fibrosis": 0.25535160303115845,
    "Fractures": 0.25443196296691895,
    "Hernia": 0.23073118925094604,
    "Hyperinflation": 0.4085896909236908,
    "Increased Lung Markings": 0.2567479908466339,
    "Interstitial Lung Disease": 0.13859198987483978,
    "Kyphosis": 0.07962070405483246,
    "Lesion": 0.47450190782546997,
    "Mass": 0.126149982213974,
    "Nodule": 0.2812857925891876,
    "Osteophyte": 0.2074139416217804,
    "Pleural Effusion": 0.2513735890388489,
    "Pleural Thickening": 0.17587514221668243,
    "Pneumothorax": 0.10444913059473038,
    "Pulmonary Artery Enlargement": 0.11116871237754822,
    "Pulmonary Fibrosis": 0.07201772928237915,
    "Rib Fracture": 0.051497749984264374,
    "Scoliosis": 0.13765473663806915,
    "Subcutaneous Emphysema": 0.02448377013206482,
    "Thickening": 0.1417502462863922,
    "Volume Loss": 0.3917124271392822,
    "normal": 0.5834037661552429
  },
  "lateral_probs": {
    "Airspace Disease": 0.10494140535593033,
    "Bronchiectasis": 0.013029875233769417,
    "Bronchiolitis": 0.000868963252287358,
    "Bullous Disease": 0.00634042639285326,
    "Calcified Granuloma": 0.3112962245941162,
    "Calcinosis": 0.17301684617996216,
    "Cardiac Shadow (abnormal)": 0.05501515418291092,
    "Cardiomegaly": 0.12042661756277084,
    "Consolidation": 0.052858252078294754,
    "Degenerative Change": 0.38841232657432556,
    "Edema": 0.08092271536588669,
    "Effusion": 0.018050001934170723,
    "Emphysema": 0.14629815518856049,
    "Fibrosis": 0.1575920581817627,
    "Fractures": 0.1397496610879898,
    "Hernia": 0.09827855974435806,
    "Hyperinflation": 0.24121248722076416,
    "Increased Lung Markings": 0.12205266207456589,
    "Interstitial Lung Disease": 0.09093691408634186,
    "Kyphosis": 0.024217000231146812,
    "Lesion": 0.2675427198410034,
    "Mass": 0.03936482220888138,
    "Nodule": 0.19282545149326324,
    "Osteophyte": 0.2094300389289856,
    "Pleural Effusion": 0.054597675800323486,
    "Pleural Thickening": 0.08624843508005142,
    "Pneumothorax": 0.029578976333141327,
    "Pulmonary Artery Enlargement": 0.04512850195169449,
    "Pulmonary Fibrosis": 0.032664742320775986,
    "Rib Fracture": 0.017708001658320427,
    "Scoliosis": 0.09827052801847458,
    "Subcutaneous Emphysema": 0.005643283482640982,
    "Thickening": 0.10593835264444351,
    "Volume Loss": 0.20619289577007294,
    "normal": 0.8759257793426514
  }
}