{
  "uid": "3552",
  "frontal_image": "3552_IM-1741-1001.dcm.png",
  "lateral_image": "3552_IM-1741-3001.dcm.png",
  "fusion_mode": "weighted_avg(f=0.65,l=0.35)",
  "predicted_classes": [
    "normal"
  ],
  "resolved_classes": [
    "normal"
  ],
  "kg_classes": [
    "Normal"
  ],
  "num_predicted": 1,
  "conflict_resolution": "no_conflict",
  "is_uncertain": false,
  "uncertainty_reason": "",
  "inference_time_s": 0.244,
  "gt_labels": "normal",
  "probabilities": {
    "Airspace Disease": 0.151885,
    "Bronchiectasis": 0.068278,
    "Bronchiolitis": 0.010566,
    "Bullous Disease": 0.026229,
    "Calcified Granuloma": 0.204973,
    "Calcinosis": 0.200335,
    "Cardiac Shadow (abnormal)": 0.082101,
    "Cardiomegaly": 0.150464,
    "Consolidation": 0.07717,
    "Degenerative Change": 0.208032,
    "Edema": 0.101904,
    "Effusion": 0.064825,
    "Emphysema": 0.147142,
    "Fibrosis": 0.186406,
    "Fractures": 0.152737,
    "Hernia": 0.112861,
    "Hyperinflation": 0.236883,
    "Increased Lung Markings": 0.169917,
    "Interstitial Lung Disease": 0.102762,
    "Kyphosis": 0.069265,
    "Lesion": 0.217388,
    "Mass": 0.063759,
    "Nodule": 0.174899,
    "Osteophyte": 0.102638,
    "Pleural Effusion": 0.130041,
    "Pleural Thickening": 0.120575,
    "Pneumothorax": 0.077536,
    "Pulmonary Artery Enlargement": 0.044287,
    "Pulmonary Fibrosis": 0.059571,
    "Rib Fracture": 0.023893,
    "Scoliosis": 0.172501,
    "Subcutaneous Emphysema": 0.043325,
    "Thickening": 0.123952,
    "Volume Loss": 0.169524,
    "normal": 0.828411
  },
  "frontal_probs": {
    "Airspace Disease": 0.04815182462334633,
    "Bronchiectasis": 0.0006008295458741486,
    "Bronchiolitis": 0.00016680969565641135,
    "Bullous Disease": 0.0021331242751330137,
    "Calcified Granuloma": 0.11607401818037033,
    "Calcinosis": 0.09177188575267792,
    "Cardiac Shadow (abnormal)": 0.002941841958090663,
    "Cardiomegaly": 0.017827752977609634,
    "Consolidation": 0.015727268531918526,
    "Degenerative Change": 0.07276834547519684,
    "Edema": 0.007991067133843899,
    "Effusion": 0.0019518083427101374,
    "Emphysema": 0.06011917069554329,
    "Fibrosis": 0.09662393480539322,
    "Fractures": 0.06680884957313538,
    "Hernia": 0.021307608112692833,
    "Hyperinflation": 0.10510574281215668,
    "Increased Lung Markings": 0.05766305327415466,
    "Interstitial Lung Disease": 0.020022327080368996,
    "Kyphosis": 0.00923294760286808,
    "Lesion": 0.08566012233495712,
    "Mass": 0.0036879931576550007,
    "Nodule": 0.06646951287984848,
    "Osteophyte": 0.02824087254703045,
    "Pleural Effusion": 0.016577420756220818,
    "Pleural Thickening": 0.051093846559524536,
    "Pneumothorax": 0.02447815053164959,
    "Pulmonary Artery Enlargement": 0.003151867538690567,
    "Pulmonary Fibrosis": 0.001999601488932967,
    "Rib Fracture": 0.0008415951742790639,
    "Scoliosis": 0.10807226598262787,
    "Subcutaneous Emphysema": 0.001157586695626378,
    "Thickening": 0.03340906649827957,
    "Volume Loss": 0.06394418329000473,
    "normal": 0.9544919729232788
  },
  "lateral_probs": {
    "Airspace Disease": 0.344532310962677,
    "Bronchiectasis": 0.19396428763866425,
    "Bronchiolitis": 0.029877521097660065,
    "Bullous Disease": 0.07097745686769485,
    "Calcified Granuloma": 0.3700711727142334,
    "Calcinosis": 0.40195176005363464,
    "Cardiac Shadow (abnormal)": 0.22911030054092407,
    "Cardiomegaly": 0.3967880606651306,
    "Consolidation": 0.1912773996591568,
    "Degenerative Change": 0.45923537015914917,
    "Edema": 0.2763141691684723,
    "Effusion": 0.18158993124961853,
    "Emphysema": 0.30875539779663086,
    "Fibrosis": 0.35314425826072693,
    "Fractures": 0.31231924891471863,
    "Hernia": 0.28288745880126953,
    "Hyperinflation": 0.4816114604473114,
    "Increased Lung Markings": 0.37838801741600037,
    "Interstitial Lung Disease": 0.25642260909080505,
    "Kyphosis": 0.18075183033943176,
    "Lesion": 0.4620264768600464,
    "Mass": 0.17531953752040863,
    "Nodule": 0.3762689232826233,
    "Osteophyte": 0.24080489575862885,
    "Pleural Effusion": 0.34075772762298584,
    "Pleural Thickening": 0.24961046874523163,
    "Pneumothorax": 0.17607170343399048,
    "Pulmonary Artery Enlargement": 0.1206808090209961,
    "Pulmonary Fibrosis": 0.16648799180984497,
    "Rib Fracture": 0.0667015016078949,
    "Scoliosis": 0.29215458035469055,
    "Subcutaneous Emphysema": 0.12163698673248291,
    "Thickening": 0.29210254549980164,
    "Volume Loss": 0.36559996008872986,
    "normal": 0.5942614674568176
  }
}