{
  "uid": "3340",
  "frontal_image": "3340_IM-1601-1001.dcm.png",
  "lateral_image": "3340_IM-1601-2001.dcm.png",
  "fusion_mode": "weighted_avg(f=0.65,l=0.35)",
  "predicted_classes": [
    "normal"
  ],
  "resolved_classes": [
    "normal"
  ],
  "kg_classes": [
    "Normal"
  ],
  "num_predicted": 1,
  "conflict_resolution": "no_conflict",
  "is_uncertain": true,
  "uncertainty_reason": "normal_prob=0.677 (<0.73) with elevated disease scores: Degenerative Change=0.473, Lesion=0.356, Calcified Granuloma=0.351",
  "inference_time_s": 0.2714,
  "gt_labels": "Degenerative Change;Hyperinflation;Lesion",
  "probabilities": {
    "Airspace Disease": 0.164756,
    "Bronchiectasis": 0.021281,
    "Bronchiolitis": 0.010268,
    "Bullous Disease": 0.016655,
    "Calcified Granuloma": 0.350674,
    "Calcinosis": 0.271725,
    "Cardiac Shadow (abnormal)": 0.121578,
    "Cardiomegaly": 0.276488,
    "Consolidation": 0.102162,
    "Degenerative Change": 0.472887,
    "Edema": 0.133573,
    "Effusion": 0.021088,
    "Emphysema": 0.169309,
    "Fibrosis": 0.267572,
    "Fractures": 0.187773,
    "Hernia": 0.277286,
    "Hyperinflation": 0.337105,
    "Increased Lung Markings": 0.214864,
    "Interstitial Lung Disease": 0.163965,
    "Kyphosis": 0.107581,
    "Lesion": 0.356131,
    "Mass": 0.080698,
    "Nodule": 0.203759,
    "Osteophyte": 0.214689,
    "Pleural Effusion": 0.113765,
    "Pleural Thickening": 0.095205,
    "Pneumothorax": 0.053164,
    "Pulmonary Artery Enlargement": 0.089774,
    "Pulmonary Fibrosis": 0.040776,
    "Rib Fracture": 0.037723,
    "Scoliosis": 0.134605,
    "Subcutaneous Emphysema": 0.011599,
    "Thickening": 0.113101,
    "Volume Loss": 0.277492,
    "normal": 0.677351
  },
  "frontal_probs": {
    "Airspace Disease": 0.15871697664260864,
    "Bronchiectasis": 0.015557459555566311,
    "Bronchiolitis": 0.014421878382563591,
    "Bullous Disease": 0.017641736194491386,
    "Calcified Granuloma": 0.3614562153816223,
    "Calcinosis": 0.2452429234981537,
    "Cardiac Shadow (abnormal)": 0.13064491748809814,
    "Cardiomegaly": 0.31917235255241394,
    "Consolidation": 0.11806908249855042,
    "Degenerative Change": 0.4779709279537201,
    "Edema": 0.1288965940475464,
    "Effusion": 0.01609591767191887,
    "Emphysema": 0.1383068561553955,
    "Fibrosis": 0.28844505548477173,
    "Fractures": 0.1805143654346466,
    "Hernia": 0.3412177264690399,
    "Hyperinflation": 0.31837624311447144,
    "Increased Lung Markings": 0.2328946441411972,
    "Interstitial Lung Disease": 0.10905906558036804,
    "Kyphosis": 0.11729229241609573,
    "Lesion": 0.36315417289733887,
    "Mass": 0.07697270810604095,
    "Nodule": 0.21390199661254883,
    "Osteophyte": 0.22460849583148956,
    "Pleural Effusion": 0.11498252302408218,
    "Pleural Thickening": 0.0921616405248642,
    "Pneumothorax": 0.027169320732355118,
    "Pulmonary Artery Enlargement": 0.10292734950780869,
    "Pulmonary Fibrosis": 0.026734694838523865,
    "Rib Fracture": 0.044812873005867004,
    "Scoliosis": 0.12335065007209778,
    "Subcutaneous Emphysema": 0.009703874588012695,
    "Thickening": 0.1095532476902008,
    "Volume Loss": 0.2878393232822418,
    "normal": 0.6431178450584412
  },
  "lateral_probs": {
    "Airspace Disease": 0.17597132921218872,
    "Bronchiectasis": 0.03190959244966507,
    "Bronchiolitis": 0.002552566584199667,
    "Bullous Disease": 0.014821598306298256,
    "Calcified Granuloma": 0.3306497633457184,
    "Calcinosis": 0.32090499997138977,
    "Cardiac Shadow (abnormal)": 0.1047394722700119,
    "Cardiomegaly": 0.19721759855747223,
    "Consolidation": 0.07261981070041656,
    "Degenerative Change": 0.4634454846382141,
    "Edema": 0.14225853979587555,
    "Effusion": 0.03035946935415268,
    "Emphysema": 0.22688403725624084,
    "Fibrosis": 0.22880789637565613,
    "Fractures": 0.20125435292720795,
    "Hernia": 0.15855447947978973,
    "Hyperinflation": 0.37188810110092163,
    "Increased Lung Markings": 0.18137884140014648,
    "Interstitial Lung Disease": 0.2659326493740082,
    "Kyphosis": 0.08954478800296783,
    "Lesion": 0.34308716654777527,
    "Mass": 0.08761753886938095,
    "Nodule": 0.1849212795495987,
    "Osteophyte": 0.19626781344413757,
    "Pleural Effusion": 0.11150437593460083,
    "Pleural Thickening": 0.10085596144199371,
    "Pneumothorax": 0.10143917798995972,
    "Pulmonary Artery Enlargement": 0.06534771621227264,
    "Pulmonary Fibrosis": 0.06685251742601395,
    "Rib Fracture": 0.024557318538427353,
    "Scoliosis": 0.15550638735294342,
    "Subcutaneous Emphysema": 0.015117546543478966,
    "Thickening": 0.11968999356031418,
    "Volume Loss": 0.2582767903804779,
    "normal": 0.7409260869026184
  }
}