{
  "uid": "3346",
  "frontal_image": "3346_IM-1604-1001.dcm.png",
  "lateral_image": "3346_IM-1604-1002.dcm.png",
  "fusion_mode": "weighted_avg(f=0.65,l=0.35)",
  "predicted_classes": [
    "normal"
  ],
  "resolved_classes": [
    "normal"
  ],
  "kg_classes": [
    "Normal"
  ],
  "num_predicted": 1,
  "conflict_resolution": "no_conflict",
  "is_uncertain": false,
  "uncertainty_reason": "",
  "inference_time_s": 0.2619,
  "gt_labels": "normal",
  "probabilities": {
    "Airspace Disease": 0.106533,
    "Bronchiectasis": 0.018414,
    "Bronchiolitis": 0.002603,
    "Bullous Disease": 0.012053,
    "Calcified Granuloma": 0.19435,
    "Calcinosis": 0.137095,
    "Cardiac Shadow (abnormal)": 0.101723,
    "Cardiomegaly": 0.202416,
    "Consolidation": 0.05677,
    "Degenerative Change": 0.262193,
    "Edema": 0.10277,
    "Effusion": 0.019139,
    "Emphysema": 0.097286,
    "Fibrosis": 0.100806,
    "Fractures": 0.104627,
    "Hernia": 0.132653,
    "Hyperinflation": 0.221561,
    "Increased Lung Markings": 0.152015,
    "Interstitial Lung Disease": 0.079986,
    "Kyphosis": 0.032102,
    "Lesion": 0.243223,
    "Mass": 0.066033,
    "Nodule": 0.14279,
    "Osteophyte": 0.166201,
    "Pleural Effusion": 0.065781,
    "Pleural Thickening": 0.078643,
    "Pneumothorax": 0.044327,
    "Pulmonary Artery Enlargement": 0.066821,
    "Pulmonary Fibrosis": 0.04312,
    "Rib Fracture": 0.016732,
    "Scoliosis": 0.091778,
    "Subcutaneous Emphysema": 0.005812,
    "Thickening": 0.096399,
    "Volume Loss": 0.15287,
    "normal": 0.817796
  },
  "frontal_probs": {
    "Airspace Disease": 0.05855260044336319,
    "Bronchiectasis": 0.002042609266936779,
    "Bronchiolitis": 0.0004866905801463872,
    "Bullous Disease": 0.0024494007229804993,
    "Calcified Granuloma": 0.1045040488243103,
    "Calcinosis": 0.0694546028971672,
    "Cardiac Shadow (abnormal)": 0.05203843489289284,
    "Cardiomegaly": 0.1631315052509308,
    "Consolidation": 0.037796828895807266,
    "Degenerative Change": 0.1640690118074417,
    "Edema": 0.07409009337425232,
    "Effusion": 0.007811889052391052,
    "Emphysema": 0.025921465829014778,
    "Fibrosis": 0.03467445820569992,
    "Fractures": 0.05326300114393234,
    "Hernia": 0.0836968794465065,
    "Hyperinflation": 0.12744994461536407,
    "Increased Lung Markings": 0.10350311547517776,
    "Interstitial Lung Disease": 0.02021820656955242,
    "Kyphosis": 0.010997590608894825,
    "Lesion": 0.12691780924797058,
    "Mass": 0.02217230014503002,
    "Nodule": 0.09126745164394379,
    "Osteophyte": 0.10257846862077713,
    "Pleural Effusion": 0.01707172580063343,
    "Pleural Thickening": 0.03368983045220375,
    "Pneumothorax": 0.01804114505648613,
    "Pulmonary Artery Enlargement": 0.06469631940126419,
    "Pulmonary Fibrosis": 0.0031465147621929646,
    "Rib Fracture": 0.0035170186311006546,
    "Scoliosis": 0.057899460196495056,
    "Subcutaneous Emphysema": 0.0013064213562756777,
    "Thickening": 0.02848985604941845,
    "Volume Loss": 0.06955152750015259,
    "normal": 0.8885846734046936
  },
  "lateral_probs": {
    "Airspace Disease": 0.1956389993429184,
    "Bronchiectasis": 0.04881749674677849,
    "Bronchiolitis": 0.006534607149660587,
    "Bullous Disease": 0.029889142140746117,
    "Calcified Granuloma": 0.3612074553966522,
    "Calcinosis": 0.26271358132362366,
    "Cardiac Shadow (abnormal)": 0.19399335980415344,
    "Cardiomegaly": 0.27537208795547485,
    "Consolidation": 0.092005655169487,
    "Degenerative Change": 0.44442465901374817,
    "Edema": 0.15603387355804443,
    "Effusion": 0.04017387330532074,
    "Emphysema": 0.22982099652290344,
    "Fibrosis": 0.2236214578151703,
    "Fractures": 0.20001772046089172,
    "Hernia": 0.22357109189033508,
    "Hyperinflation": 0.3963373899459839,
    "Increased Lung Markings": 0.24210983514785767,
    "Interstitial Lung Disease": 0.19098307192325592,
    "Kyphosis": 0.07129603624343872,
    "Lesion": 0.45921745896339417,
    "Mass": 0.14748944342136383,
    "Nodule": 0.238474503159523,
    "Osteophyte": 0.2843567132949829,
    "Pleural Effusion": 0.15624143183231354,
    "Pleural Thickening": 0.16212844848632812,
    "Pneumothorax": 0.09314299374818802,
    "Pulmonary Artery Enlargement": 0.07076562196016312,
    "Pulmonary Fibrosis": 0.11735735833644867,
    "Rib Fracture": 0.041274141520261765,
    "Scoliosis": 0.15469618141651154,
    "Subcutaneous Emphysema": 0.014180416241288185,
    "Thickening": 0.2225164771080017,
    "Volume Loss": 0.30760347843170166,
    "normal": 0.6863320469856262
  }
}