{
  "uid": "3520",
  "frontal_image": "3520_IM-1718-1001.dcm.png",
  "lateral_image": "3520_IM-1718-2001.dcm.png",
  "fusion_mode": "weighted_avg(f=0.65,l=0.35)",
  "predicted_classes": [
    "normal"
  ],
  "resolved_classes": [
    "normal"
  ],
  "kg_classes": [
    "Normal"
  ],
  "num_predicted": 1,
  "conflict_resolution": "no_conflict",
  "is_uncertain": false,
  "uncertainty_reason": "",
  "inference_time_s": 0.4361,
  "gt_labels": "Degenerative Change;Volume Loss",
  "probabilities": {
    "Airspace Disease": 0.081519,
    "Bronchiectasis": 0.013596,
    "Bronchiolitis": 0.003338,
    "Bullous Disease": 0.009582,
    "Calcified Granuloma": 0.31705,
    "Calcinosis": 0.265282,
    "Cardiac Shadow (abnormal)": 0.037347,
    "Cardiomegaly": 0.112542,
    "Consolidation": 0.064065,
    "Degenerative Change": 0.467274,
    "Edema": 0.06561,
    "Effusion": 0.017331,
    "Emphysema": 0.166127,
    "Fibrosis": 0.206161,
    "Fractures": 0.127757,
    "Hernia": 0.100046,
    "Hyperinflation": 0.240531,
    "Increased Lung Markings": 0.133218,
    "Interstitial Lung Disease": 0.117667,
    "Kyphosis": 0.053539,
    "Lesion": 0.213777,
    "Mass": 0.027577,
    "Nodule": 0.140791,
    "Osteophyte": 0.182751,
    "Pleural Effusion": 0.046676,
    "Pleural Thickening": 0.076639,
    "Pneumothorax": 0.018611,
    "Pulmonary Artery Enlargement": 0.031785,
    "Pulmonary Fibrosis": 0.033242,
    "Rib Fracture": 0.016019,
    "Scoliosis": 0.106188,
    "Subcutaneous Emphysema": 0.005981,
    "Thickening": 0.081819,
    "Volume Loss": 0.163287,
    "normal": 0.776464
  },
  "frontal_probs": {
    "Airspace Disease": 0.04476143792271614,
    "Bronchiectasis": 0.003061710624024272,
    "Bronchiolitis": 0.004259895067662001,
    "Bullous Disease": 0.008638148196041584,
    "Calcified Granuloma": 0.3074520230293274,
    "Calcinosis": 0.24554190039634705,
    "Cardiac Shadow (abnormal)": 0.022363170981407166,
    "Cardiomegaly": 0.0913870558142662,
    "Consolidation": 0.03601040691137314,
    "Degenerative Change": 0.5088436603546143,
    "Edema": 0.03552195802330971,
    "Effusion": 0.0018770984606817365,
    "Emphysema": 0.1136544793844223,
    "Fibrosis": 0.17816515266895294,
    "Fractures": 0.10074566304683685,
    "Hernia": 0.10377652198076248,
    "Hyperinflation": 0.19687287509441376,
    "Increased Lung Markings": 0.11805172264575958,
    "Interstitial Lung Disease": 0.07988165318965912,
    "Kyphosis": 0.06857157498598099,
    "Lesion": 0.16952256858348846,
    "Mass": 0.019967544823884964,
    "Nodule": 0.11707168817520142,
    "Osteophyte": 0.18799293041229248,
    "Pleural Effusion": 0.03276281803846359,
    "Pleural Thickening": 0.037463825196027756,
    "Pneumothorax": 0.0118259247392416,
    "Pulmonary Artery Enlargement": 0.023514438420534134,
    "Pulmonary Fibrosis": 0.014465952292084694,
    "Rib Fracture": 0.012871173210442066,
    "Scoliosis": 0.08402600884437561,
    "Subcutaneous Emphysema": 0.002397549571469426,
    "Thickening": 0.05616690590977669,
    "Volume Loss": 0.15000851452350616,
    "normal": 0.761053740978241
  },
  "lateral_probs": {
    "Airspace Disease": 0.14978361129760742,
    "Bronchiectasis": 0.03316083922982216,
    "Bronchiolitis": 0.001627270132303238,
    "Bullous Disease": 0.011333532631397247,
    "Calcified Granuloma": 0.33487623929977417,
    "Calcinosis": 0.30194252729415894,
    "Cardiac Shadow (abnormal)": 0.06517398357391357,
    "Cardiomegaly": 0.15182849764823914,
    "Consolidation": 0.11616510897874832,
    "Degenerative Change": 0.390072226524353,
    "Edema": 0.12148774415254593,
    "Effusion": 0.046031586825847626,
    "Emphysema": 0.26357603073120117,
    "Fibrosis": 0.25815385580062866,
    "Fractures": 0.1779216080904007,
    "Hernia": 0.09311671555042267,
    "Hyperinflation": 0.321610689163208,
    "Increased Lung Markings": 0.16138522326946259,
    "Interstitial Lung Disease": 0.18784119188785553,
    "Kyphosis": 0.02562163770198822,
    "Lesion": 0.295963853597641,
    "Mass": 0.04170994833111763,
    "Nodule": 0.18484243750572205,
    "Osteophyte": 0.173017218708992,
    "Pleural Effusion": 0.07251448929309845,
    "Pleural Thickening": 0.1493915319442749,
    "Pneumothorax": 0.031211115419864655,
    "Pulmonary Artery Enlargement": 0.04714329168200493,
    "Pulmonary Fibrosis": 0.0681104063987732,
    "Rib Fracture": 0.021863577887415886,
    "Scoliosis": 0.1473464071750641,
    "Subcutaneous Emphysema": 0.012635563500225544,
    "Thickening": 0.12945929169654846,
    "Volume Loss": 0.18794584274291992,
    "normal": 0.805083155632019
  }
}