{
  "uid": "3933",
  "frontal_image": "3933_IM-2004-1001.dcm.png",
  "lateral_image": "3933_IM-2004-2001.dcm.png",
  "fusion_mode": "weighted_avg(f=0.65,l=0.35)",
  "predicted_classes": [
    "normal"
  ],
  "resolved_classes": [
    "normal"
  ],
  "kg_classes": [
    "Normal"
  ],
  "num_predicted": 1,
  "conflict_resolution": "no_conflict",
  "is_uncertain": true,
  "uncertainty_reason": "normal_prob=0.679 (<0.73) with elevated disease scores: Lesion=0.394, Degenerative Change=0.390, Cardiomegaly=0.353",
  "inference_time_s": 0.2545,
  "gt_labels": "normal",
  "probabilities": {
    "Airspace Disease": 0.230814,
    "Bronchiectasis": 0.017837,
    "Bronchiolitis": 0.011481,
    "Bullous Disease": 0.02696,
    "Calcified Granuloma": 0.301822,
    "Calcinosis": 0.231321,
    "Cardiac Shadow (abnormal)": 0.179389,
    "Cardiomegaly": 0.352874,
    "Consolidation": 0.131439,
    "Degenerative Change": 0.39016,
    "Edema": 0.22338,
    "Effusion": 0.057833,
    "Emphysema": 0.12734,
    "Fibrosis": 0.238195,
    "Fractures": 0.198288,
    "Hernia": 0.16951,
    "Hyperinflation": 0.307766,
    "Increased Lung Markings": 0.257155,
    "Interstitial Lung Disease": 0.129099,
    "Kyphosis": 0.186812,
    "Lesion": 0.393716,
    "Mass": 0.10301,
    "Nodule": 0.172301,
    "Osteophyte": 0.135885,
    "Pleural Effusion": 0.201908,
    "Pleural Thickening": 0.171254,
    "Pneumothorax": 0.134064,
    "Pulmonary Artery Enlargement": 0.156751,
    "Pulmonary Fibrosis": 0.044682,
    "Rib Fracture": 0.036877,
    "Scoliosis": 0.187724,
    "Subcutaneous Emphysema": 0.034173,
    "Thickening": 0.145942,
    "Volume Loss": 0.320869,
    "normal": 0.678599
  },
  "frontal_probs": {
    "Airspace Disease": 0.31641343235969543,
    "Bronchiectasis": 0.02414144016802311,
    "Bronchiolitis": 0.017141887918114662,
    "Bullous Disease": 0.038781844079494476,
    "Calcified Granuloma": 0.3356039226055145,
    "Calcinosis": 0.261342853307724,
    "Cardiac Shadow (abnormal)": 0.24036391079425812,
    "Cardiomegaly": 0.44398555159568787,
    "Consolidation": 0.17227014899253845,
    "Degenerative Change": 0.44815540313720703,
    "Edema": 0.30574166774749756,
    "Effusion": 0.08375928550958633,
    "Emphysema": 0.16092395782470703,
    "Fibrosis": 0.29039907455444336,
    "Fractures": 0.23901940882205963,
    "Hernia": 0.21363836526870728,
    "Hyperinflation": 0.3614352345466614,
    "Increased Lung Markings": 0.34806936979293823,
    "Interstitial Lung Disease": 0.14954277873039246,
    "Kyphosis": 0.21874821186065674,
    "Lesion": 0.49795985221862793,
    "Mass": 0.13589072227478027,
    "Nodule": 0.22853466868400574,
    "Osteophyte": 0.13187995553016663,
    "Pleural Effusion": 0.27766022086143494,
    "Pleural Thickening": 0.21182681620121002,
    "Pneumothorax": 0.19139830768108368,
    "Pulmonary Artery Enlargement": 0.2110799103975296,
    "Pulmonary Fibrosis": 0.06369323283433914,
    "Rib Fracture": 0.0532563216984272,
    "Scoliosis": 0.19259989261627197,
    "Subcutaneous Emphysema": 0.048766233026981354,
    "Thickening": 0.19093699753284454,
    "Volume Loss": 0.41312092542648315,
    "normal": 0.5669116973876953
  },
  "lateral_probs": {
    "Airspace Disease": 0.07184463739395142,
    "Bronchiectasis": 0.0061273532919585705,
    "Bronchiolitis": 0.0009686817065812647,
    "Bullous Disease": 0.005006320308893919,
    "Calcified Granuloma": 0.2390836626291275,
    "Calcinosis": 0.17556753754615784,
    "Cardiac Shadow (abnormal)": 0.06615068763494492,
    "Cardiomegaly": 0.18366578221321106,
    "Consolidation": 0.05561099946498871,
    "Degenerative Change": 0.28245556354522705,
    "Edema": 0.07042214274406433,
    "Effusion": 0.009685087017714977,
    "Emphysema": 0.06496948003768921,
    "Fibrosis": 0.14124372601509094,
    "Fractures": 0.1226438358426094,
    "Hernia": 0.0875566378235817,
    "Hyperinflation": 0.20809480547904968,
    "Increased Lung Markings": 0.08831285685300827,
    "Interstitial Lung Disease": 0.09113270789384842,
    "Kyphosis": 0.12750095129013062,
    "Lesion": 0.20011894404888153,
    "Mass": 0.04194522649049759,
    "Nodule": 0.06786730885505676,
    "Osteophyte": 0.14332342147827148,
    "Pleural Effusion": 0.06122426688671112,
    "Pleural Thickening": 0.09590508788824081,
    "Pneumothorax": 0.02758529596030712,
    "Pulmonary Artery Enlargement": 0.055855583399534225,
    "Pulmonary Fibrosis": 0.009375413879752159,
    "Rib Fracture": 0.006459467578679323,
    "Scoliosis": 0.1786687672138214,
    "Subcutaneous Emphysema": 0.007072185166180134,
    "Thickening": 0.06238024681806564,
    "Volume Loss": 0.14954358339309692,
    "normal": 0.886017382144928
  }
}