{
  "uid": "3642",
  "frontal_image": "3642_IM-1806-1001.dcm.png",
  "lateral_image": "3642_IM-1806-2001.dcm.png",
  "fusion_mode": "weighted_avg(f=0.65,l=0.35)",
  "predicted_classes": [
    "normal"
  ],
  "resolved_classes": [
    "normal"
  ],
  "kg_classes": [
    "Normal"
  ],
  "num_predicted": 1,
  "conflict_resolution": "no_conflict",
  "is_uncertain": true,
  "uncertainty_reason": "normal_prob=0.666 (<0.73) with elevated disease scores: Degenerative Change=0.383, Hyperinflation=0.357, Lesion=0.355",
  "inference_time_s": 0.2727,
  "gt_labels": "Degenerative Change",
  "probabilities": {
    "Airspace Disease": 0.220023,
    "Bronchiectasis": 0.023454,
    "Bronchiolitis": 0.007292,
    "Bullous Disease": 0.029165,
    "Calcified Granuloma": 0.241014,
    "Calcinosis": 0.190684,
    "Cardiac Shadow (abnormal)": 0.164948,
    "Cardiomegaly": 0.334867,
    "Consolidation": 0.11627,
    "Degenerative Change": 0.383181,
    "Edema": 0.201932,
    "Effusion": 0.039753,
    "Emphysema": 0.104506,
    "Fibrosis": 0.168743,
    "Fractures": 0.16871,
    "Hernia": 0.179558,
    "Hyperinflation": 0.356751,
    "Increased Lung Markings": 0.256208,
    "Interstitial Lung Disease": 0.08935,
    "Kyphosis": 0.10898,
    "Lesion": 0.355399,
    "Mass": 0.057005,
    "Nodule": 0.162096,
    "Osteophyte": 0.185554,
    "Pleural Effusion": 0.179775,
    "Pleural Thickening": 0.145828,
    "Pneumothorax": 0.095026,
    "Pulmonary Artery Enlargement": 0.069664,
    "Pulmonary Fibrosis": 0.044005,
    "Rib Fracture": 0.023712,
    "Scoliosis": 0.146189,
    "Subcutaneous Emphysema": 0.030955,
    "Thickening": 0.101561,
    "Volume Loss": 0.272591,
    "normal": 0.666069
  },
  "frontal_probs": {
    "Airspace Disease": 0.12542517483234406,
    "Bronchiectasis": 0.0008461987599730492,
    "Bronchiolitis": 0.001608471036888659,
    "Bullous Disease": 0.0049349358305335045,
    "Calcified Granuloma": 0.20281584560871124,
    "Calcinosis": 0.12645399570465088,
    "Cardiac Shadow (abnormal)": 0.08350119739770889,
    "Cardiomegaly": 0.25450554490089417,
    "Consolidation": 0.05773564800620079,
    "Degenerative Change": 0.33484259247779846,
    "Edema": 0.11213192343711853,
    "Effusion": 0.00778313260525465,
    "Emphysema": 0.020625164732336998,
    "Fibrosis": 0.08856723457574844,
    "Fractures": 0.1140708401799202,
    "Hernia": 0.09058570861816406,
    "Hyperinflation": 0.29979202151298523,
    "Increased Lung Markings": 0.19385464489459991,
    "Interstitial Lung Disease": 0.01562579534947872,
    "Kyphosis": 0.037603285163640976,
    "Lesion": 0.28274378180503845,
    "Mass": 0.01047896035015583,
    "Nodule": 0.13657262921333313,
    "Osteophyte": 0.15175266563892365,
    "Pleural Effusion": 0.09080329537391663,
    "Pleural Thickening": 0.04313637688755989,
    "Pneumothorax": 0.03569650277495384,
    "Pulmonary Artery Enlargement": 0.025099799036979675,
    "Pulmonary Fibrosis": 0.005084632430225611,
    "Rib Fracture": 0.005669598933309317,
    "Scoliosis": 0.09403938800096512,
    "Subcutaneous Emphysema": 0.0019549820572137833,
    "Thickening": 0.056356031447649,
    "Volume Loss": 0.18708114326000214,
    "normal": 0.7370349168777466
  },
  "lateral_probs": {
    "Airspace Disease": 0.3957034945487976,
    "Bronchiectasis": 0.06543920934200287,
    "Bronchiolitis": 0.01784600503742695,
    "Bullous Disease": 0.07416390627622604,
    "Calcified Granuloma": 0.3119523525238037,
    "Calcinosis": 0.30996817350387573,
    "Cardiac Shadow (abnormal)": 0.3162074685096741,
    "Cardiomegaly": 0.48410844802856445,
    "Consolidation": 0.22497710585594177,
    "Degenerative Change": 0.4729520082473755,
    "Edema": 0.36870285868644714,
    "Effusion": 0.09912655502557755,
    "Emphysema": 0.2602844536304474,
    "Fibrosis": 0.3176419138908386,
    "Fractures": 0.27018246054649353,
    "Hernia": 0.34479185938835144,
    "Hyperinflation": 0.4625329077243805,
    "Increased Lung Markings": 0.3720068335533142,
    "Interstitial Lung Disease": 0.22626584768295288,
    "Kyphosis": 0.2415376901626587,
    "Lesion": 0.4903308153152466,
    "Mass": 0.14340944588184357,
    "Nodule": 0.20949581265449524,
    "Osteophyte": 0.2483290582895279,
    "Pleural Effusion": 0.34500813484191895,
    "Pleural Thickening": 0.33654242753982544,
    "Pneumothorax": 0.2052096128463745,
    "Pulmonary Artery Enlargement": 0.15242499113082886,
    "Pulmonary Fibrosis": 0.11628520488739014,
    "Rib Fracture": 0.05721983313560486,
    "Scoliosis": 0.2430393397808075,
    "Subcutaneous Emphysema": 0.08481154590845108,
    "Thickening": 0.1855136752128601,
    "Volume Loss": 0.4313962161540985,
    "normal": 0.53427654504776
  }
}