{
  "uid": "3748",
  "frontal_image": "3748_IM-1874-1001.dcm.png",
  "lateral_image": "3748_IM-1874-2001.dcm.png",
  "fusion_mode": "weighted_avg(f=0.65,l=0.35)",
  "predicted_classes": [
    "normal"
  ],
  "resolved_classes": [
    "normal"
  ],
  "kg_classes": [
    "Normal"
  ],
  "num_predicted": 1,
  "conflict_resolution": "no_conflict",
  "is_uncertain": true,
  "uncertainty_reason": "normal_prob=0.676 (<0.73) with elevated disease scores: Degenerative Change=0.463, Calcified Granuloma=0.373",
  "inference_time_s": 0.2564,
  "gt_labels": "Fibrosis;Lesion;Volume Loss",
  "probabilities": {
    "Airspace Disease": 0.201723,
    "Bronchiectasis": 0.06334,
    "Bronchiolitis": 0.018453,
    "Bullous Disease": 0.048803,
    "Calcified Granuloma": 0.372724,
    "Calcinosis": 0.231547,
    "Cardiac Shadow (abnormal)": 0.118473,
    "Cardiomegaly": 0.236994,
    "Consolidation": 0.13353,
    "Degenerative Change": 0.462911,
    "Edema": 0.132808,
    "Effusion": 0.067371,
    "Emphysema": 0.132876,
    "Fibrosis": 0.268979,
    "Fractures": 0.186232,
    "Hernia": 0.234294,
    "Hyperinflation": 0.264644,
    "Increased Lung Markings": 0.203816,
    "Interstitial Lung Disease": 0.13179,
    "Kyphosis": 0.135444,
    "Lesion": 0.29518,
    "Mass": 0.110321,
    "Nodule": 0.246406,
    "Osteophyte": 0.306894,
    "Pleural Effusion": 0.144188,
    "Pleural Thickening": 0.135102,
    "Pneumothorax": 0.076064,
    "Pulmonary Artery Enlargement": 0.099506,
    "Pulmonary Fibrosis": 0.077428,
    "Rib Fracture": 0.045911,
    "Scoliosis": 0.160386,
    "Subcutaneous Emphysema": 0.052243,
    "Thickening": 0.126316,
    "Volume Loss": 0.247084,
    "normal": 0.676023
  },
  "frontal_probs": {
    "Airspace Disease": 0.1672813445329666,
    "Bronchiectasis": 0.004894390236586332,
    "Bronchiolitis": 0.002734784735366702,
    "Bullous Disease": 0.010145029984414577,
    "Calcified Granuloma": 0.3834720849990845,
    "Calcinosis": 0.18852724134922028,
    "Cardiac Shadow (abnormal)": 0.054313357919454575,
    "Cardiomegaly": 0.15816907584667206,
    "Consolidation": 0.06913106143474579,
    "Degenerative Change": 0.427988201379776,
    "Edema": 0.040236230939626694,
    "Effusion": 0.007481164764612913,
    "Emphysema": 0.06250402331352234,
    "Fibrosis": 0.17909443378448486,
    "Fractures": 0.16214291751384735,
    "Hernia": 0.20859386026859283,
    "Hyperinflation": 0.23353543877601624,
    "Increased Lung Markings": 0.17032867670059204,
    "Interstitial Lung Disease": 0.05765368789434433,
    "Kyphosis": 0.08814096450805664,
    "Lesion": 0.22997495532035828,
    "Mass": 0.03563796728849411,
    "Nodule": 0.23319214582443237,
    "Osteophyte": 0.2760588824748993,
    "Pleural Effusion": 0.07096956670284271,
    "Pleural Thickening": 0.06028487905859947,
    "Pneumothorax": 0.042518194764852524,
    "Pulmonary Artery Enlargement": 0.03669681400060654,
    "Pulmonary Fibrosis": 0.016871420666575432,
    "Rib Fracture": 0.01220853440463543,
    "Scoliosis": 0.09844699501991272,
    "Subcutaneous Emphysema": 0.006413944531232119,
    "Thickening": 0.06287535279989243,
    "Volume Loss": 0.19705860316753387,
    "normal": 0.7483892440795898
  },
  "lateral_probs": {
    "Airspace Disease": 0.2656867206096649,
    "Bronchiectasis": 0.17188231647014618,
    "Bronchiolitis": 0.04764387756586075,
    "Bullous Disease": 0.12059642374515533,
    "Calcified Granuloma": 0.35276398062705994,
    "Calcinosis": 0.31144005060195923,
    "Cardiac Shadow (abnormal)": 0.23762652277946472,
    "Cardiomegaly": 0.38338422775268555,
    "Consolidation": 0.2531270682811737,
    "Degenerative Change": 0.527766764163971,
    "Edema": 0.30472731590270996,
    "Effusion": 0.17859530448913574,
    "Emphysema": 0.26356664299964905,
    "Fibrosis": 0.43590670824050903,
    "Fractures": 0.23096878826618195,
    "Hernia": 0.28202328085899353,
    "Hyperinflation": 0.32241639494895935,
    "Increased Lung Markings": 0.2660072445869446,
    "Interstitial Lung Disease": 0.2694714069366455,
    "Kyphosis": 0.22329221665859222,
    "Lesion": 0.4162740409374237,
    "Mass": 0.24901816248893738,
    "Nodule": 0.27094703912734985,
    "Osteophyte": 0.36415958404541016,
    "Pleural Effusion": 0.2801647186279297,
    "Pleural Thickening": 0.27404868602752686,
    "Pneumothorax": 0.13836416602134705,
    "Pulmonary Artery Enlargement": 0.2161513864994049,
    "Pulmonary Fibrosis": 0.18989060819149017,
    "Rib Fracture": 0.10850086063146591,
    "Scoliosis": 0.27541664242744446,
    "Subcutaneous Emphysema": 0.13735319674015045,
    "Thickening": 0.24413321912288666,
    "Volume Loss": 0.33998778462409973,
    "normal": 0.5416289567947388
  }
}