{
  "uid": "3750",
  "frontal_image": "3750_IM-1874-1001.dcm.png",
  "lateral_image": "",
  "fusion_mode": "frontal_only",
  "predicted_classes": [
    "Cardiomegaly",
    "Lesion",
    "Edema",
    "normal"
  ],
  "resolved_classes": [
    "Cardiomegaly",
    "Lesion",
    "Edema"
  ],
  "kg_classes": [
    "Cardiomegaly",
    "Lesion",
    "Edema"
  ],
  "num_predicted": 3,
  "conflict_resolution": "disease_dominates",
  "is_uncertain": false,
  "uncertainty_reason": "",
  "inference_time_s": 0.1363,
  "gt_labels": "Cardiomegaly;Edema;Hyperinflation;Pleural Effusion",
  "probabilities": {
    "Airspace Disease": 0.44173455238342285,
    "Bronchiectasis": 0.10787732154130936,
    "Bronchiolitis": 0.04812265932559967,
    "Bullous Disease": 0.06494887173175812,
    "Calcified Granuloma": 0.3086159825325012,
    "Calcinosis": 0.33823874592781067,
    "Cardiac Shadow (abnormal)": 0.35149383544921875,
    "Cardiomegaly": 0.5962651968002319,
    "Consolidation": 0.32900869846343994,
    "Degenerative Change": 0.42322060465812683,
    "Edema": 0.5130508542060852,
    "Effusion": 0.1440310925245285,
    "Emphysema": 0.2472810447216034,
    "Fibrosis": 0.34475162625312805,
    "Fractures": 0.2662838101387024,
    "Hernia": 0.25312340259552,
    "Hyperinflation": 0.49708160758018494,
    "Increased Lung Markings": 0.3463752269744873,
    "Interstitial Lung Disease": 0.2557643949985504,
    "Kyphosis": 0.1933169662952423,
    "Lesion": 0.5724545121192932,
    "Mass": 0.11221113055944443,
    "Nodule": 0.2617166042327881,
    "Osteophyte": 0.19453437626361847,
    "Pleural Effusion": 0.4115736186504364,
    "Pleural Thickening": 0.37305036187171936,
    "Pneumothorax": 0.09501990675926208,
    "Pulmonary Artery Enlargement": 0.18542446196079254,
    "Pulmonary Fibrosis": 0.20430563390254974,
    "Rib Fracture": 0.07382335513830185,
    "Scoliosis": 0.2510044574737549,
    "Subcutaneous Emphysema": 0.06433652341365814,
    "Thickening": 0.2821226119995117,
    "Volume Loss": 0.45039013028144836,
    "normal": 0.5061689019203186
  },
  "frontal_probs": {
    "Airspace Disease": 0.44173455238342285,
    "Bronchiectasis": 0.10787732154130936,
    "Bronchiolitis": 0.04812265932559967,
    "Bullous Disease": 0.06494887173175812,
    "Calcified Granuloma": 0.3086159825325012,
    "Calcinosis": 0.33823874592781067,
    "Cardiac Shadow (abnormal)": 0.35149383544921875,
    "Cardiomegaly": 0.5962651968002319,
    "Consolidation": 0.32900869846343994,
    "Degenerative Change": 0.42322060465812683,
    "Edema": 0.5130508542060852,
    "Effusion": 0.1440310925245285,
    "Emphysema": 0.2472810447216034,
    "Fibrosis": 0.34475162625312805,
    "Fractures": 0.2662838101387024,
    "Hernia": 0.25312340259552,
    "Hyperinflation": 0.49708160758018494,
    "Increased Lung Markings": 0.3463752269744873,
    "Interstitial Lung Disease": 0.2557643949985504,
    "Kyphosis": 0.1933169662952423,
    "Lesion": 0.5724545121192932,
    "Mass": 0.11221113055944443,
    "Nodule": 0.2617166042327881,
    "Osteophyte": 0.19453437626361847,
    "Pleural Effusion": 0.4115736186504364,
    "Pleural Thickening": 0.37305036187171936,
    "Pneumothorax": 0.09501990675926208,
    "Pulmonary Artery Enlargement": 0.18542446196079254,
    "Pulmonary Fibrosis": 0.20430563390254974,
    "Rib Fracture": 0.07382335513830185,
    "Scoliosis": 0.2510044574737549,
    "Subcutaneous Emphysema": 0.06433652341365814,
    "Thickening": 0.2821226119995117,
    "Volume Loss": 0.45039013028144836,
    "normal": 0.5061689019203186
  },
  "lateral_probs": {
    "Airspace Disease": 0.0,
    "Bronchiectasis": 0.0,
    "Bronchiolitis": 0.0,
    "Bullous Disease": 0.0,
    "Calcified Granuloma": 0.0,
    "Calcinosis": 0.0,
    "Cardiac Shadow (abnormal)": 0.0,
    "Cardiomegaly": 0.0,
    "Consolidation": 0.0,
    "Degenerative Change": 0.0,
    "Edema": 0.0,
    "Effusion": 0.0,
    "Emphysema": 0.0,
    "Fibrosis": 0.0,
    "Fractures": 0.0,
    "Hernia": 0.0,
    "Hyperinflation": 0.0,
    "Increased Lung Markings": 0.0,
    "Interstitial Lung Disease": 0.0,
    "Kyphosis": 0.0,
    "Lesion": 0.0,
    "Mass": 0.0,
    "Nodule": 0.0,
    "Osteophyte": 0.0,
    "Pleural Effusion": 0.0,
    "Pleural Thickening": 0.0,
    "Pneumothorax": 0.0,
    "Pulmonary Artery Enlargement": 0.0,
    "Pulmonary Fibrosis": 0.0,
    "Rib Fracture": 0.0,
    "Scoliosis": 0.0,
    "Subcutaneous Emphysema": 0.0,
    "Thickening": 0.0,
    "Volume Loss": 0.0,
    "normal": 0.0
  }
}