{
  "uid": "3455",
  "frontal_image": "3455_IM-1677-1001.dcm.png",
  "lateral_image": "3455_IM-1677-2001.dcm.png",
  "fusion_mode": "weighted_avg(f=0.65,l=0.35)",
  "predicted_classes": [
    "Cardiomegaly",
    "Lesion"
  ],
  "resolved_classes": [
    "Cardiomegaly",
    "Lesion"
  ],
  "kg_classes": [
    "Cardiomegaly",
    "Lesion"
  ],
  "num_predicted": 2,
  "conflict_resolution": "no_conflict",
  "is_uncertain": false,
  "uncertainty_reason": "",
  "inference_time_s": 0.2599,
  "gt_labels": "Airspace Disease;Cardiomegaly;Edema;Lesion;Volume Loss",
  "probabilities": {
    "Airspace Disease": 0.420779,
    "Bronchiectasis": 0.060224,
    "Bronchiolitis": 0.025657,
    "Bullous Disease": 0.052821,
    "Calcified Granuloma": 0.282917,
    "Calcinosis": 0.315448,
    "Cardiac Shadow (abnormal)": 0.336688,
    "Cardiomegaly": 0.617472,
    "Consolidation": 0.266216,
    "Degenerative Change": 0.438896,
    "Edema": 0.46096,
    "Effusion": 0.171428,
    "Emphysema": 0.226736,
    "Fibrosis": 0.298358,
    "Fractures": 0.284763,
    "Hernia": 0.262765,
    "Hyperinflation": 0.498465,
    "Increased Lung Markings": 0.37294,
    "Interstitial Lung Disease": 0.204401,
    "Kyphosis": 0.236814,
    "Lesion": 0.552451,
    "Mass": 0.112674,
    "Nodule": 0.21938,
    "Osteophyte": 0.220459,
    "Pleural Effusion": 0.391821,
    "Pleural Thickening": 0.282703,
    "Pneumothorax": 0.209186,
    "Pulmonary Artery Enlargement": 0.148221,
    "Pulmonary Fibrosis": 0.16797,
    "Rib Fracture": 0.059482,
    "Scoliosis": 0.22843,
    "Subcutaneous Emphysema": 0.094197,
    "Thickening": 0.216592,
    "Volume Loss": 0.452982,
    "normal": 0.466908
  },
  "frontal_probs": {
    "Airspace Disease": 0.4366697669029236,
    "Bronchiectasis": 0.05404084920883179,
    "Bronchiolitis": 0.024312883615493774,
    "Bullous Disease": 0.04449344426393509,
    "Calcified Granuloma": 0.2870141863822937,
    "Calcinosis": 0.3103272318840027,
    "Cardiac Shadow (abnormal)": 0.30279287695884705,
    "Cardiomegaly": 0.5998374223709106,
    "Consolidation": 0.30883920192718506,
    "Degenerative Change": 0.4023120105266571,
    "Edema": 0.504765510559082,
    "Effusion": 0.14644674956798553,
    "Emphysema": 0.1953878253698349,
    "Fibrosis": 0.3241797983646393,
    "Fractures": 0.2752648890018463,
    "Hernia": 0.25174400210380554,
    "Hyperinflation": 0.4833616018295288,
    "Increased Lung Markings": 0.357095867395401,
    "Interstitial Lung Disease": 0.1870981901884079,
    "Kyphosis": 0.1792786866426468,
    "Lesion": 0.6011406183242798,
    "Mass": 0.09938614070415497,
    "Nodule": 0.2054930180311203,
    "Osteophyte": 0.20680780708789825,
    "Pleural Effusion": 0.38025397062301636,
    "Pleural Thickening": 0.24589873850345612,
    "Pneumothorax": 0.15892839431762695,
    "Pulmonary Artery Enlargement": 0.14495940506458282,
    "Pulmonary Fibrosis": 0.17096975445747375,
    "Rib Fracture": 0.054997075349092484,
    "Scoliosis": 0.194355770945549,
    "Subcutaneous Emphysema": 0.05500682815909386,
    "Thickening": 0.24672077596187592,
    "Volume Loss": 0.44542428851127625,
    "normal": 0.4785509705543518
  },
  "lateral_probs": {
    "Airspace Disease": 0.3912687301635742,
    "Bronchiectasis": 0.0717070922255516,
    "Bronchiolitis": 0.028152871876955032,
    "Bullous Disease": 0.0682867020368576,
    "Calcified Granuloma": 0.27530765533447266,
    "Calcinosis": 0.32495784759521484,
    "Cardiac Shadow (abnormal)": 0.39963677525520325,
    "Cardiomegaly": 0.6502224206924438,
    "Consolidation": 0.18705740571022034,
    "Degenerative Change": 0.5068362951278687,
    "Edema": 0.3796062469482422,
    "Effusion": 0.21782071888446808,
    "Emphysema": 0.284954309463501,
    "Fibrosis": 0.2504020631313324,
    "Fractures": 0.30240315198898315,
    "Hernia": 0.28323283791542053,
    "Hyperinflation": 0.5265149474143982,
    "Increased Lung Markings": 0.40236520767211914,
    "Interstitial Lung Disease": 0.23653452098369598,
    "Kyphosis": 0.3436654508113861,
    "Lesion": 0.46202778816223145,
    "Mass": 0.13735179603099823,
    "Nodule": 0.2451709359884262,
    "Osteophyte": 0.24581067264080048,
    "Pleural Effusion": 0.413303017616272,
    "Pleural Thickening": 0.3510536551475525,
    "Pneumothorax": 0.302520215511322,
    "Pulmonary Artery Enlargement": 0.15427935123443604,
    "Pulmonary Fibrosis": 0.16239865124225616,
    "Rib Fracture": 0.06781143695116043,
    "Scoliosis": 0.29171133041381836,
    "Subcutaneous Emphysema": 0.16697992384433746,
    "Thickening": 0.16063837707042694,
    "Volume Loss": 0.4670174717903137,
    "normal": 0.44528430700302124
  }
}