{
  "uid": "3778",
  "frontal_image": "3778_IM-1894-1001.dcm.png",
  "lateral_image": "3778_IM-1894-2001.dcm.png",
  "fusion_mode": "weighted_avg(f=0.65,l=0.35)",
  "predicted_classes": [
    "normal"
  ],
  "resolved_classes": [
    "normal"
  ],
  "kg_classes": [
    "Normal"
  ],
  "num_predicted": 1,
  "conflict_resolution": "no_conflict",
  "is_uncertain": false,
  "uncertainty_reason": "",
  "inference_time_s": 0.2543,
  "gt_labels": "normal",
  "probabilities": {
    "Airspace Disease": 0.080909,
    "Bronchiectasis": 0.008579,
    "Bronchiolitis": 0.000754,
    "Bullous Disease": 0.003628,
    "Calcified Granuloma": 0.175847,
    "Calcinosis": 0.11259,
    "Cardiac Shadow (abnormal)": 0.039997,
    "Cardiomegaly": 0.103517,
    "Consolidation": 0.046392,
    "Degenerative Change": 0.150068,
    "Edema": 0.041637,
    "Effusion": 0.010151,
    "Emphysema": 0.036705,
    "Fibrosis": 0.123057,
    "Fractures": 0.074673,
    "Hernia": 0.053209,
    "Hyperinflation": 0.148125,
    "Increased Lung Markings": 0.099605,
    "Interstitial Lung Disease": 0.030136,
    "Kyphosis": 0.028845,
    "Lesion": 0.138387,
    "Mass": 0.042566,
    "Nodule": 0.079611,
    "Osteophyte": 0.082308,
    "Pleural Effusion": 0.041121,
    "Pleural Thickening": 0.044636,
    "Pneumothorax": 0.033423,
    "Pulmonary Artery Enlargement": 0.025352,
    "Pulmonary Fibrosis": 0.015065,
    "Rib Fracture": 0.007,
    "Scoliosis": 0.06001,
    "Subcutaneous Emphysema": 0.006317,
    "Thickening": 0.044825,
    "Volume Loss": 0.103472,
    "normal": 0.908364
  },
  "frontal_probs": {
    "Airspace Disease": 0.011380577459931374,
    "Bronchiectasis": 6.919345469214022e-05,
    "Bronchiolitis": 1.1911269211850595e-05,
    "Bullous Disease": 0.00042446458246558905,
    "Calcified Granuloma": 0.11033283174037933,
    "Calcinosis": 0.02410152554512024,
    "Cardiac Shadow (abnormal)": 0.00215841899625957,
    "Cardiomegaly": 0.018596699461340904,
    "Consolidation": 0.0044621569104492664,
    "Degenerative Change": 0.042435575276613235,
    "Edema": 0.0026654910761862993,
    "Effusion": 0.0007160324021242559,
    "Emphysema": 0.005933872889727354,
    "Fibrosis": 0.04886890575289726,
    "Fractures": 0.023077011108398438,
    "Hernia": 0.011593280360102654,
    "Hyperinflation": 0.03260333836078644,
    "Increased Lung Markings": 0.024479325860738754,
    "Interstitial Lung Disease": 0.0030728564597666264,
    "Kyphosis": 0.006049411371350288,
    "Lesion": 0.02697772905230522,
    "Mass": 0.0004732983943540603,
    "Nodule": 0.03197865933179855,
    "Osteophyte": 0.048382021486759186,
    "Pleural Effusion": 0.003627023659646511,
    "Pleural Thickening": 0.011615818366408348,
    "Pneumothorax": 0.01628894917666912,
    "Pulmonary Artery Enlargement": 0.007248613052070141,
    "Pulmonary Fibrosis": 0.0003464350593276322,
    "Rib Fracture": 6.628820119658485e-05,
    "Scoliosis": 0.014348692260682583,
    "Subcutaneous Emphysema": 0.00010637224477250129,
    "Thickening": 0.0024527411442250013,
    "Volume Loss": 0.023992298170924187,
    "normal": 0.9872373342514038
  },
  "lateral_probs": {
    "Airspace Disease": 0.2100328505039215,
    "Bronchiectasis": 0.024382006376981735,
    "Bronchiolitis": 0.002133394358679652,
    "Bullous Disease": 0.009576036594808102,
    "Calcified Granuloma": 0.29751724004745483,
    "Calcinosis": 0.2769259512424469,
    "Cardiac Shadow (abnormal)": 0.1102679967880249,
    "Cardiomegaly": 0.2612248957157135,
    "Consolidation": 0.12426135689020157,
    "Degenerative Change": 0.3499579429626465,
    "Edema": 0.1140112429857254,
    "Effusion": 0.02767256088554859,
    "Emphysema": 0.09385008364915848,
    "Fibrosis": 0.26083365082740784,
    "Fractures": 0.1704948991537094,
    "Hernia": 0.13049447536468506,
    "Hyperinflation": 0.36266636848449707,
    "Increased Lung Markings": 0.23912474513053894,
    "Interstitial Lung Disease": 0.08039634674787521,
    "Kyphosis": 0.07118084281682968,
    "Lesion": 0.34529051184654236,
    "Mass": 0.12073928117752075,
    "Nodule": 0.16807162761688232,
    "Osteophyte": 0.14531314373016357,
    "Pleural Effusion": 0.11075134575366974,
    "Pleural Thickening": 0.10595916956663132,
    "Pneumothorax": 0.0652424767613411,
    "Pulmonary Artery Enlargement": 0.05897386744618416,
    "Pulmonary Fibrosis": 0.04239966720342636,
    "Rib Fracture": 0.019876927137374878,
    "Scoliosis": 0.14480993151664734,
    "Subcutaneous Emphysema": 0.017852382734417915,
    "Thickening": 0.12351584434509277,
    "Volume Loss": 0.25107625126838684,
    "normal": 0.7618858218193054
  }
}