{
  "uid": "3219",
  "frontal_image": "3219_IM-1520-1001.dcm.png",
  "lateral_image": "3219_IM-1520-2001.dcm.png",
  "fusion_mode": "weighted_avg(f=0.65,l=0.35)",
  "predicted_classes": [
    "normal",
    "Lesion"
  ],
  "resolved_classes": [
    "Lesion"
  ],
  "kg_classes": [
    "Lesion"
  ],
  "num_predicted": 1,
  "conflict_resolution": "disease_dominates",
  "is_uncertain": false,
  "uncertainty_reason": "",
  "inference_time_s": 0.2868,
  "gt_labels": "Hyperinflation;Lesion;Nodule",
  "probabilities": {
    "Airspace Disease": 0.334107,
    "Bronchiectasis": 0.10982,
    "Bronchiolitis": 0.081363,
    "Bullous Disease": 0.112748,
    "Calcified Granuloma": 0.387585,
    "Calcinosis": 0.449254,
    "Cardiac Shadow (abnormal)": 0.228188,
    "Cardiomegaly": 0.369947,
    "Consolidation": 0.241536,
    "Degenerative Change": 0.494963,
    "Edema": 0.284959,
    "Effusion": 0.100224,
    "Emphysema": 0.333526,
    "Fibrosis": 0.338146,
    "Fractures": 0.311992,
    "Hernia": 0.312517,
    "Hyperinflation": 0.483065,
    "Increased Lung Markings": 0.3362,
    "Interstitial Lung Disease": 0.257646,
    "Kyphosis": 0.208881,
    "Lesion": 0.50544,
    "Mass": 0.15657,
    "Nodule": 0.378263,
    "Osteophyte": 0.27818,
    "Pleural Effusion": 0.297389,
    "Pleural Thickening": 0.223114,
    "Pneumothorax": 0.144361,
    "Pulmonary Artery Enlargement": 0.121368,
    "Pulmonary Fibrosis": 0.184766,
    "Rib Fracture": 0.067872,
    "Scoliosis": 0.306156,
    "Subcutaneous Emphysema": 0.092759,
    "Thickening": 0.277262,
    "Volume Loss": 0.393018,
    "normal": 0.532046
  },
  "frontal_probs": {
    "Airspace Disease": 0.3174988627433777,
    "Bronchiectasis": 0.11048268526792526,
    "Bronchiolitis": 0.11837738752365112,
    "Bullous Disease": 0.14903944730758667,
    "Calcified Granuloma": 0.3915533721446991,
    "Calcinosis": 0.49644365906715393,
    "Cardiac Shadow (abnormal)": 0.25623828172683716,
    "Cardiomegaly": 0.40565475821495056,
    "Consolidation": 0.25621297955513,
    "Degenerative Change": 0.532372236251831,
    "Edema": 0.32643771171569824,
    "Effusion": 0.0883471891283989,
    "Emphysema": 0.35245081782341003,
    "Fibrosis": 0.3408503532409668,
    "Fractures": 0.33943676948547363,
    "Hernia": 0.3593294620513916,
    "Hyperinflation": 0.5056647062301636,
    "Increased Lung Markings": 0.34398871660232544,
    "Interstitial Lung Disease": 0.28056174516677856,
    "Kyphosis": 0.2569482922554016,
    "Lesion": 0.5267463326454163,
    "Mass": 0.17301909625530243,
    "Nodule": 0.3982895612716675,
    "Osteophyte": 0.3056352138519287,
    "Pleural Effusion": 0.290510892868042,
    "Pleural Thickening": 0.2179815173149109,
    "Pneumothorax": 0.1351892501115799,
    "Pulmonary Artery Enlargement": 0.1420675814151764,
    "Pulmonary Fibrosis": 0.2235405147075653,
    "Rib Fracture": 0.07586095482110977,
    "Scoliosis": 0.33635076880455017,
    "Subcutaneous Emphysema": 0.10941863059997559,
    "Thickening": 0.29488566517829895,
    "Volume Loss": 0.4298103153705597,
    "normal": 0.4674884080886841
  },
  "lateral_probs": {
    "Airspace Disease": 0.36495038866996765,
    "Bronchiectasis": 0.10859054327011108,
    "Bronchiolitis": 0.012620847672224045,
    "Bullous Disease": 0.045348431915044785,
    "Calcified Granuloma": 0.38021430373191833,
    "Calcinosis": 0.36161521077156067,
    "Cardiac Shadow (abnormal)": 0.17609475553035736,
    "Cardiomegaly": 0.3036324977874756,
    "Consolidation": 0.21427996456623077,
    "Degenerative Change": 0.4254883825778961,
    "Edema": 0.20792695879936218,
    "Effusion": 0.12228185683488846,
    "Emphysema": 0.2983803451061249,
    "Fibrosis": 0.3331230878829956,
    "Fractures": 0.26102203130722046,
    "Hernia": 0.22557957470417023,
    "Hyperinflation": 0.44109347462654114,
    "Increased Lung Markings": 0.32173413038253784,
    "Interstitial Lung Disease": 0.2150881290435791,
    "Kyphosis": 0.11961283534765244,
    "Lesion": 0.4658719599246979,
    "Mass": 0.12602214515209198,
    "Nodule": 0.3410711884498596,
    "Osteophyte": 0.22719193994998932,
    "Pleural Effusion": 0.3101634383201599,
    "Pleural Thickening": 0.23264698684215546,
    "Pneumothorax": 0.1613951176404953,
    "Pulmonary Artery Enlargement": 0.08292683213949203,
    "Pulmonary Fibrosis": 0.11275624483823776,
    "Rib Fracture": 0.05303425341844559,
    "Scoliosis": 0.2500806450843811,
    "Subcutaneous Emphysema": 0.06181870400905609,
    "Thickening": 0.24453172087669373,
    "Volume Loss": 0.3246896266937256,
    "normal": 0.6519389748573303
  }
}