{
  "uid": "3320",
  "frontal_image": "3320_IM-1588-1001.dcm.png",
  "lateral_image": "3320_IM-1588-1002.dcm.png",
  "fusion_mode": "weighted_avg(f=0.65,l=0.35)",
  "predicted_classes": [
    "normal"
  ],
  "resolved_classes": [
    "normal"
  ],
  "kg_classes": [
    "Normal"
  ],
  "num_predicted": 1,
  "conflict_resolution": "no_conflict",
  "is_uncertain": true,
  "uncertainty_reason": "normal_prob=0.608 (<0.73) with elevated disease scores: Degenerative Change=0.425, Lesion=0.424, Hyperinflation=0.372",
  "inference_time_s": 0.2364,
  "gt_labels": "normal",
  "probabilities": {
    "Airspace Disease": 0.284329,
    "Bronchiectasis": 0.044065,
    "Bronchiolitis": 0.017787,
    "Bullous Disease": 0.02617,
    "Calcified Granuloma": 0.367928,
    "Calcinosis": 0.28936,
    "Cardiac Shadow (abnormal)": 0.14326,
    "Cardiomegaly": 0.233324,
    "Consolidation": 0.2262,
    "Degenerative Change": 0.425075,
    "Edema": 0.142334,
    "Effusion": 0.038354,
    "Emphysema": 0.237287,
    "Fibrosis": 0.285301,
    "Fractures": 0.207203,
    "Hernia": 0.246298,
    "Hyperinflation": 0.37163,
    "Increased Lung Markings": 0.242412,
    "Interstitial Lung Disease": 0.178936,
    "Kyphosis": 0.119042,
    "Lesion": 0.424358,
    "Mass": 0.100385,
    "Nodule": 0.200655,
    "Osteophyte": 0.234707,
    "Pleural Effusion": 0.193719,
    "Pleural Thickening": 0.162428,
    "Pneumothorax": 0.052565,
    "Pulmonary Artery Enlargement": 0.106218,
    "Pulmonary Fibrosis": 0.098284,
    "Rib Fracture": 0.03986,
    "Scoliosis": 0.197821,
    "Subcutaneous Emphysema": 0.035015,
    "Thickening": 0.165534,
    "Volume Loss": 0.303426,
    "normal": 0.607821
  },
  "frontal_probs": {
    "Airspace Disease": 0.3245025873184204,
    "Bronchiectasis": 0.046426139771938324,
    "Bronchiolitis": 0.02509836107492447,
    "Bullous Disease": 0.027156418189406395,
    "Calcified Granuloma": 0.3844412565231323,
    "Calcinosis": 0.2982673943042755,
    "Cardiac Shadow (abnormal)": 0.15616832673549652,
    "Cardiomegaly": 0.23775699734687805,
    "Consolidation": 0.24870692193508148,
    "Degenerative Change": 0.41875210404396057,
    "Edema": 0.13933424651622772,
    "Effusion": 0.038486547768116,
    "Emphysema": 0.2529858946800232,
    "Fibrosis": 0.2596573531627655,
    "Fractures": 0.22114615142345428,
    "Hernia": 0.28593045473098755,
    "Hyperinflation": 0.3698498010635376,
    "Increased Lung Markings": 0.22811207175254822,
    "Interstitial Lung Disease": 0.1654510796070099,
    "Kyphosis": 0.14121279120445251,
    "Lesion": 0.45824918150901794,
    "Mass": 0.09412511438131332,
    "Nodule": 0.21548481285572052,
    "Osteophyte": 0.261839896440506,
    "Pleural Effusion": 0.2127501219511032,
    "Pleural Thickening": 0.17951083183288574,
    "Pneumothorax": 0.04390843212604523,
    "Pulmonary Artery Enlargement": 0.1311146765947342,
    "Pulmonary Fibrosis": 0.11372698843479156,
    "Rib Fracture": 0.04047451168298721,
    "Scoliosis": 0.19441787898540497,
    "Subcutaneous Emphysema": 0.04374678060412407,
    "Thickening": 0.16486480832099915,
    "Volume Loss": 0.31148606538772583,
    "normal": 0.569232165813446
  },
  "lateral_probs": {
    "Airspace Disease": 0.20972232520580292,
    "Bronchiectasis": 0.039679501205682755,
    "Bronchiolitis": 0.004207646939903498,
    "Bullous Disease": 0.024337204173207283,
    "Calcified Granuloma": 0.3372616767883301,
    "Calcinosis": 0.2728170156478882,
    "Cardiac Shadow (abnormal)": 0.11928606033325195,
    "Cardiomegaly": 0.225091353058815,
    "Consolidation": 0.18440133333206177,
    "Degenerative Change": 0.4368172883987427,
    "Edema": 0.1479046791791916,
    "Effusion": 0.03810710832476616,
    "Emphysema": 0.20813202857971191,
    "Fibrosis": 0.33292555809020996,
    "Fractures": 0.18130892515182495,
    "Hernia": 0.1726936548948288,
    "Hyperinflation": 0.37493640184402466,
    "Increased Lung Markings": 0.26896804571151733,
    "Interstitial Lung Disease": 0.20398001372814178,
    "Kyphosis": 0.07786836475133896,
    "Lesion": 0.361418217420578,
    "Mass": 0.11200987547636032,
    "Nodule": 0.1731148660182953,
    "Osteophyte": 0.18431612849235535,
    "Pleural Effusion": 0.15837480127811432,
    "Pleural Thickening": 0.1307026445865631,
    "Pneumothorax": 0.06864102184772491,
    "Pulmonary Artery Enlargement": 0.059981007128953934,
    "Pulmonary Fibrosis": 0.0696035698056221,
    "Rib Fracture": 0.038718853145837784,
    "Scoliosis": 0.20414036512374878,
    "Subcutaneous Emphysema": 0.018799539655447006,
    "Thickening": 0.16677792370319366,
    "Volume Loss": 0.28845617175102234,
    "normal": 0.6794866323471069
  }
}