{
  "uid": "3774",
  "frontal_image": "3774_IM-1892-1001.dcm.png",
  "lateral_image": "3774_IM-1892-2001.dcm.png",
  "fusion_mode": "weighted_avg(f=0.65,l=0.35)",
  "predicted_classes": [
    "normal"
  ],
  "resolved_classes": [
    "normal"
  ],
  "kg_classes": [
    "Normal"
  ],
  "num_predicted": 1,
  "conflict_resolution": "no_conflict",
  "is_uncertain": false,
  "uncertainty_reason": "",
  "inference_time_s": 0.2688,
  "gt_labels": "Calcified Granuloma;Degenerative Change",
  "probabilities": {
    "Airspace Disease": 0.140718,
    "Bronchiectasis": 0.009498,
    "Bronchiolitis": 0.003199,
    "Bullous Disease": 0.008684,
    "Calcified Granuloma": 0.337783,
    "Calcinosis": 0.252851,
    "Cardiac Shadow (abnormal)": 0.066677,
    "Cardiomegaly": 0.194767,
    "Consolidation": 0.069994,
    "Degenerative Change": 0.47489,
    "Edema": 0.062236,
    "Effusion": 0.020361,
    "Emphysema": 0.119336,
    "Fibrosis": 0.199209,
    "Fractures": 0.164046,
    "Hernia": 0.241598,
    "Hyperinflation": 0.284576,
    "Increased Lung Markings": 0.17011,
    "Interstitial Lung Disease": 0.072056,
    "Kyphosis": 0.087127,
    "Lesion": 0.280992,
    "Mass": 0.061748,
    "Nodule": 0.115044,
    "Osteophyte": 0.252349,
    "Pleural Effusion": 0.104416,
    "Pleural Thickening": 0.12486,
    "Pneumothorax": 0.073825,
    "Pulmonary Artery Enlargement": 0.064892,
    "Pulmonary Fibrosis": 0.024399,
    "Rib Fracture": 0.013805,
    "Scoliosis": 0.145386,
    "Subcutaneous Emphysema": 0.013726,
    "Thickening": 0.07369,
    "Volume Loss": 0.235363,
    "normal": 0.737245
  },
  "frontal_probs": {
    "Airspace Disease": 0.09023929387331009,
    "Bronchiectasis": 0.004875887185335159,
    "Bronchiolitis": 0.004031658172607422,
    "Bullous Disease": 0.006913747638463974,
    "Calcified Granuloma": 0.34638792276382446,
    "Calcinosis": 0.2657986581325531,
    "Cardiac Shadow (abnormal)": 0.04109984263777733,
    "Cardiomegaly": 0.19201086461544037,
    "Consolidation": 0.051830559968948364,
    "Degenerative Change": 0.5081079006195068,
    "Edema": 0.023999011144042015,
    "Effusion": 0.011040803976356983,
    "Emphysema": 0.07413922995328903,
    "Fibrosis": 0.1767660528421402,
    "Fractures": 0.16716286540031433,
    "Hernia": 0.30756276845932007,
    "Hyperinflation": 0.239990696310997,
    "Increased Lung Markings": 0.15879163146018982,
    "Interstitial Lung Disease": 0.04477515071630478,
    "Kyphosis": 0.11411146819591522,
    "Lesion": 0.25005295872688293,
    "Mass": 0.060536712408065796,
    "Nodule": 0.08132670819759369,
    "Osteophyte": 0.28725332021713257,
    "Pleural Effusion": 0.09959705919027328,
    "Pleural Thickening": 0.08950318396091461,
    "Pneumothorax": 0.07544800639152527,
    "Pulmonary Artery Enlargement": 0.06302959471940994,
    "Pulmonary Fibrosis": 0.015881167724728584,
    "Rib Fracture": 0.013550454750657082,
    "Scoliosis": 0.15690337121486664,
    "Subcutaneous Emphysema": 0.011479365639388561,
    "Thickening": 0.055299852043390274,
    "Volume Loss": 0.2425299882888794,
    "normal": 0.7312717437744141
  },
  "lateral_probs": {
    "Airspace Disease": 0.23446360230445862,
    "Bronchiectasis": 0.018081892281770706,
    "Bronchiolitis": 0.001651343540288508,
    "Bullous Disease": 0.011971578001976013,
    "Calcified Granuloma": 0.32180315256118774,
    "Calcinosis": 0.2288065403699875,
    "Cardiac Shadow (abnormal)": 0.11417634040117264,
    "Cardiomegaly": 0.19988417625427246,
    "Consolidation": 0.10372588783502579,
    "Degenerative Change": 0.413198858499527,
    "Edema": 0.13324755430221558,
    "Effusion": 0.03767086938023567,
    "Emphysema": 0.20327425003051758,
    "Fibrosis": 0.24088814854621887,
    "Fractures": 0.15825611352920532,
    "Hernia": 0.11909102648496628,
    "Hyperinflation": 0.3673759996891022,
    "Increased Lung Markings": 0.19112874567508698,
    "Interstitial Lung Disease": 0.12272067368030548,
    "Kyphosis": 0.03701391816139221,
    "Lesion": 0.33844903111457825,
    "Mass": 0.06399787217378616,
    "Nodule": 0.1776624321937561,
    "Osteophyte": 0.18752780556678772,
    "Pleural Effusion": 0.11336451768875122,
    "Pleural Thickening": 0.19052129983901978,
    "Pneumothorax": 0.07081212103366852,
    "Pulmonary Artery Enlargement": 0.06834990531206131,
    "Pulmonary Fibrosis": 0.040218427777290344,
    "Rib Fracture": 0.014278390444815159,
    "Scoliosis": 0.12399782985448837,
    "Subcutaneous Emphysema": 0.017898432910442352,
    "Thickening": 0.10784408450126648,
    "Volume Loss": 0.22205165028572083,
    "normal": 0.7483370304107666
  }
}