{
  "uid": "3568",
  "frontal_image": "3568_IM-1753-1001.dcm.png",
  "lateral_image": "3568_IM-1753-2001.dcm.png",
  "fusion_mode": "weighted_avg(f=0.65,l=0.35)",
  "predicted_classes": [
    "normal",
    "Degenerative Change"
  ],
  "resolved_classes": [
    "Degenerative Change"
  ],
  "kg_classes": [
    "Degenerative Change"
  ],
  "num_predicted": 1,
  "conflict_resolution": "disease_dominates",
  "is_uncertain": false,
  "uncertainty_reason": "",
  "inference_time_s": 0.2891,
  "gt_labels": "Calcinosis",
  "probabilities": {
    "Airspace Disease": 0.205239,
    "Bronchiectasis": 0.076199,
    "Bronchiolitis": 0.0597,
    "Bullous Disease": 0.090154,
    "Calcified Granuloma": 0.365809,
    "Calcinosis": 0.373375,
    "Cardiac Shadow (abnormal)": 0.142488,
    "Cardiomegaly": 0.209537,
    "Consolidation": 0.179272,
    "Degenerative Change": 0.505568,
    "Edema": 0.087921,
    "Effusion": 0.040808,
    "Emphysema": 0.29905,
    "Fibrosis": 0.343719,
    "Fractures": 0.24285,
    "Hernia": 0.282454,
    "Hyperinflation": 0.358304,
    "Increased Lung Markings": 0.223897,
    "Interstitial Lung Disease": 0.175326,
    "Kyphosis": 0.157532,
    "Lesion": 0.420838,
    "Mass": 0.155896,
    "Nodule": 0.259669,
    "Osteophyte": 0.234748,
    "Pleural Effusion": 0.169077,
    "Pleural Thickening": 0.116656,
    "Pneumothorax": 0.059268,
    "Pulmonary Artery Enlargement": 0.109675,
    "Pulmonary Fibrosis": 0.213466,
    "Rib Fracture": 0.063257,
    "Scoliosis": 0.221485,
    "Subcutaneous Emphysema": 0.05414,
    "Thickening": 0.186955,
    "Volume Loss": 0.245746,
    "normal": 0.656651
  },
  "frontal_probs": {
    "Airspace Disease": 0.2631951570510864,
    "Bronchiectasis": 0.11281056702136993,
    "Bronchiolitis": 0.09173227101564407,
    "Bullous Disease": 0.1376095712184906,
    "Calcified Granuloma": 0.395962655544281,
    "Calcinosis": 0.4724247455596924,
    "Cardiac Shadow (abnormal)": 0.20300063490867615,
    "Cardiomegaly": 0.2706904113292694,
    "Consolidation": 0.25150707364082336,
    "Degenerative Change": 0.6057563424110413,
    "Edema": 0.10683592408895493,
    "Effusion": 0.058977656066417694,
    "Emphysema": 0.4241497814655304,
    "Fibrosis": 0.4511166512966156,
    "Fractures": 0.328685998916626,
    "Hernia": 0.41269445419311523,
    "Hyperinflation": 0.4321848154067993,
    "Increased Lung Markings": 0.2953763008117676,
    "Interstitial Lung Disease": 0.24266637861728668,
    "Kyphosis": 0.23698315024375916,
    "Lesion": 0.5379396080970764,
    "Mass": 0.23008820414543152,
    "Nodule": 0.3007822632789612,
    "Osteophyte": 0.3008840084075928,
    "Pleural Effusion": 0.2425113171339035,
    "Pleural Thickening": 0.1496371477842331,
    "Pneumothorax": 0.08766015619039536,
    "Pulmonary Artery Enlargement": 0.16000604629516602,
    "Pulmonary Fibrosis": 0.3191191256046295,
    "Rib Fracture": 0.09526742249727249,
    "Scoliosis": 0.285835862159729,
    "Subcutaneous Emphysema": 0.08207522332668304,
    "Thickening": 0.24103929102420807,
    "Volume Loss": 0.31728237867355347,
    "normal": 0.5204802751541138
  },
  "lateral_probs": {
    "Airspace Disease": 0.09760472178459167,
    "Bronchiectasis": 0.00820578821003437,
    "Bronchiolitis": 0.000212087674299255,
    "Bullous Disease": 0.002022971399128437,
    "Calcified Granuloma": 0.30980849266052246,
    "Calcinosis": 0.18942418694496155,
    "Cardiac Shadow (abnormal)": 0.030106080695986748,
    "Cardiomegaly": 0.09596772491931915,
    "Consolidation": 0.04512156918644905,
    "Degenerative Change": 0.3195043206214905,
    "Edema": 0.05279258266091347,
    "Effusion": 0.007064571138471365,
    "Emphysema": 0.06672286987304688,
    "Fibrosis": 0.14426684379577637,
    "Fractures": 0.08344031870365143,
    "Hernia": 0.040579233318567276,
    "Hyperinflation": 0.22109729051589966,
    "Increased Lung Markings": 0.09115111082792282,
    "Interstitial Lung Disease": 0.050265297293663025,
    "Kyphosis": 0.009980163536965847,
    "Lesion": 0.20336425304412842,
    "Mass": 0.018110625445842743,
    "Nodule": 0.18331670761108398,
    "Osteophyte": 0.11192479729652405,
    "Pleural Effusion": 0.03269853815436363,
    "Pleural Thickening": 0.055405061691999435,
    "Pneumothorax": 0.006538638845086098,
    "Pulmonary Artery Enlargement": 0.01620437577366829,
    "Pulmonary Fibrosis": 0.017251862213015556,
    "Rib Fracture": 0.00380883039906621,
    "Scoliosis": 0.1019764319062233,
    "Subcutaneous Emphysema": 0.0022604858968406916,
    "Thickening": 0.08651386946439743,
    "Volume Loss": 0.11289345473051071,
    "normal": 0.9095391631126404
  }
}