{
  "uid": "3396",
  "frontal_image": "3396_IM-1640-1001.dcm.png",
  "lateral_image": "3396_IM-1640-3001.dcm.png",
  "fusion_mode": "weighted_avg(f=0.65,l=0.35)",
  "predicted_classes": [
    "Lesion"
  ],
  "resolved_classes": [
    "Lesion"
  ],
  "kg_classes": [
    "Lesion"
  ],
  "num_predicted": 1,
  "conflict_resolution": "no_conflict",
  "is_uncertain": false,
  "uncertainty_reason": "",
  "inference_time_s": 0.2504,
  "gt_labels": "Fibrosis;Lesion;Pleural Effusion",
  "probabilities": {
    "Airspace Disease": 0.40331,
    "Bronchiectasis": 0.089138,
    "Bronchiolitis": 0.023556,
    "Bullous Disease": 0.06789,
    "Calcified Granuloma": 0.415899,
    "Calcinosis": 0.363439,
    "Cardiac Shadow (abnormal)": 0.174249,
    "Cardiomegaly": 0.339997,
    "Consolidation": 0.261729,
    "Degenerative Change": 0.477568,
    "Edema": 0.21126,
    "Effusion": 0.091615,
    "Emphysema": 0.3441,
    "Fibrosis": 0.387216,
    "Fractures": 0.269723,
    "Hernia": 0.268796,
    "Hyperinflation": 0.461527,
    "Increased Lung Markings": 0.309704,
    "Interstitial Lung Disease": 0.267029,
    "Kyphosis": 0.176203,
    "Lesion": 0.556952,
    "Mass": 0.127561,
    "Nodule": 0.237436,
    "Osteophyte": 0.235621,
    "Pleural Effusion": 0.460111,
    "Pleural Thickening": 0.378075,
    "Pneumothorax": 0.16585,
    "Pulmonary Artery Enlargement": 0.102293,
    "Pulmonary Fibrosis": 0.107851,
    "Rib Fracture": 0.068618,
    "Scoliosis": 0.286893,
    "Subcutaneous Emphysema": 0.062558,
    "Thickening": 0.291217,
    "Volume Loss": 0.453696,
    "normal": 0.492551
  },
  "frontal_probs": {
    "Airspace Disease": 0.4461158812046051,
    "Bronchiectasis": 0.07794126868247986,
    "Bronchiolitis": 0.03053404949605465,
    "Bullous Disease": 0.08351092785596848,
    "Calcified Granuloma": 0.4325346350669861,
    "Calcinosis": 0.37784749269485474,
    "Cardiac Shadow (abnormal)": 0.1974649727344513,
    "Cardiomegaly": 0.3644465506076813,
    "Consolidation": 0.2697797417640686,
    "Degenerative Change": 0.4847765266895294,
    "Edema": 0.21770845353603363,
    "Effusion": 0.1023930013179779,
    "Emphysema": 0.36004650592803955,
    "Fibrosis": 0.41386985778808594,
    "Fractures": 0.2890385091304779,
    "Hernia": 0.3003513514995575,
    "Hyperinflation": 0.47718679904937744,
    "Increased Lung Markings": 0.3220767080783844,
    "Interstitial Lung Disease": 0.2596825063228607,
    "Kyphosis": 0.22494910657405853,
    "Lesion": 0.59632408618927,
    "Mass": 0.13595837354660034,
    "Nodule": 0.25072166323661804,
    "Osteophyte": 0.25816434621810913,
    "Pleural Effusion": 0.5470811128616333,
    "Pleural Thickening": 0.43493807315826416,
    "Pneumothorax": 0.1872333437204361,
    "Pulmonary Artery Enlargement": 0.11515671014785767,
    "Pulmonary Fibrosis": 0.0973891019821167,
    "Rib Fracture": 0.0744192898273468,
    "Scoliosis": 0.30582207441329956,
    "Subcutaneous Emphysema": 0.07713735103607178,
    "Thickening": 0.3323948383331299,
    "Volume Loss": 0.5143145322799683,
    "normal": 0.44198814034461975
  },
  "lateral_probs": {
    "Airspace Disease": 0.3238120377063751,
    "Bronchiectasis": 0.10993099212646484,
    "Bronchiolitis": 0.010598053224384785,
    "Bullous Disease": 0.03887833654880524,
    "Calcified Granuloma": 0.3850032687187195,
    "Calcinosis": 0.3366799056529999,
    "Cardiac Shadow (abnormal)": 0.13113220036029816,
    "Cardiomegaly": 0.2945896089076996,
    "Consolidation": 0.24677787721157074,
    "Degenerative Change": 0.4641798436641693,
    "Edema": 0.19928400218486786,
    "Effusion": 0.07159839570522308,
    "Emphysema": 0.3144858181476593,
    "Fibrosis": 0.337716668844223,
    "Fractures": 0.23385179042816162,
    "Hernia": 0.21019425988197327,
    "Hyperinflation": 0.43244585394859314,
    "Increased Lung Markings": 0.2867273688316345,
    "Interstitial Lung Disease": 0.28067317605018616,
    "Kyphosis": 0.08567412942647934,
    "Lesion": 0.48383352160453796,
    "Mass": 0.11196636408567429,
    "Nodule": 0.21276354789733887,
    "Osteophyte": 0.1937558948993683,
    "Pleural Effusion": 0.29859405755996704,
    "Pleural Thickening": 0.2724715769290924,
    "Pneumothorax": 0.126136913895607,
    "Pulmonary Artery Enlargement": 0.07840460538864136,
    "Pulmonary Fibrosis": 0.12728017568588257,
    "Rib Fracture": 0.05784327909350395,
    "Scoliosis": 0.2517395615577698,
    "Subcutaneous Emphysema": 0.03548133745789528,
    "Thickening": 0.21474245190620422,
    "Volume Loss": 0.3411174714565277,
    "normal": 0.5864531397819519
  }
}