{
  "uid": "3450",
  "frontal_image": "3450_IM-1673-1001.dcm.png",
  "lateral_image": "3450_IM-1673-2001.dcm.png",
  "fusion_mode": "weighted_avg(f=0.65,l=0.35)",
  "predicted_classes": [
    "normal"
  ],
  "resolved_classes": [
    "normal"
  ],
  "kg_classes": [
    "Normal"
  ],
  "num_predicted": 1,
  "conflict_resolution": "no_conflict",
  "is_uncertain": false,
  "uncertainty_reason": "",
  "inference_time_s": 0.2565,
  "gt_labels": "normal",
  "probabilities": {
    "Airspace Disease": 0.053585,
    "Bronchiectasis": 0.004432,
    "Bronchiolitis": 0.000196,
    "Bullous Disease": 0.001897,
    "Calcified Granuloma": 0.160216,
    "Calcinosis": 0.119534,
    "Cardiac Shadow (abnormal)": 0.011308,
    "Cardiomegaly": 0.033461,
    "Consolidation": 0.035906,
    "Degenerative Change": 0.155162,
    "Edema": 0.01822,
    "Effusion": 0.005913,
    "Emphysema": 0.056159,
    "Fibrosis": 0.091518,
    "Fractures": 0.060936,
    "Hernia": 0.031839,
    "Hyperinflation": 0.107163,
    "Increased Lung Markings": 0.048944,
    "Interstitial Lung Disease": 0.039403,
    "Kyphosis": 0.009736,
    "Lesion": 0.102981,
    "Mass": 0.013966,
    "Nodule": 0.06991,
    "Osteophyte": 0.071728,
    "Pleural Effusion": 0.017347,
    "Pleural Thickening": 0.029478,
    "Pneumothorax": 0.012334,
    "Pulmonary Artery Enlargement": 0.016341,
    "Pulmonary Fibrosis": 0.012512,
    "Rib Fracture": 0.001866,
    "Scoliosis": 0.087677,
    "Subcutaneous Emphysema": 0.002912,
    "Thickening": 0.032384,
    "Volume Loss": 0.060398,
    "normal": 0.946894
  },
  "frontal_probs": {
    "Airspace Disease": 0.007094983477145433,
    "Bronchiectasis": 5.678930028807372e-05,
    "Bronchiolitis": 6.998176104389131e-06,
    "Bullous Disease": 8.876514039002359e-05,
    "Calcified Granuloma": 0.07835709303617477,
    "Calcinosis": 0.04566887393593788,
    "Cardiac Shadow (abnormal)": 0.00029793317662552,
    "Cardiomegaly": 0.005256976000964642,
    "Consolidation": 0.004146273247897625,
    "Degenerative Change": 0.04098514840006828,
    "Edema": 0.0010595753556117415,
    "Effusion": 7.01021563145332e-05,
    "Emphysema": 0.010289864614605904,
    "Fibrosis": 0.029525814577937126,
    "Fractures": 0.012758353725075722,
    "Hernia": 0.008656256832182407,
    "Hyperinflation": 0.023207034915685654,
    "Increased Lung Markings": 0.01471650879830122,
    "Interstitial Lung Disease": 0.002850134391337633,
    "Kyphosis": 0.0019904058426618576,
    "Lesion": 0.014577707275748253,
    "Mass": 0.0010268110781908035,
    "Nodule": 0.021378731355071068,
    "Osteophyte": 0.01725943014025688,
    "Pleural Effusion": 0.0007886569947004318,
    "Pleural Thickening": 0.004534323234111071,
    "Pneumothorax": 0.0022194392513483763,
    "Pulmonary Artery Enlargement": 0.0037040365859866142,
    "Pulmonary Fibrosis": 0.00014367670519277453,
    "Rib Fracture": 4.797853762283921e-05,
    "Scoliosis": 0.04251972958445549,
    "Subcutaneous Emphysema": 5.869102824362926e-05,
    "Thickening": 0.0026936386711895466,
    "Volume Loss": 0.013531767763197422,
    "normal": 0.9924609065055847
  },
  "lateral_probs": {
    "Airspace Disease": 0.13992245495319366,
    "Bronchiectasis": 0.012557609006762505,
    "Bronchiolitis": 0.00054678984452039,
    "Bullous Disease": 0.005254415329545736,
    "Calcified Granuloma": 0.3122384250164032,
    "Calcinosis": 0.2567134201526642,
    "Cardiac Shadow (abnormal)": 0.03175518289208412,
    "Cardiomegaly": 0.08584116399288177,
    "Consolidation": 0.09488790482282639,
    "Degenerative Change": 0.3672053813934326,
    "Edema": 0.05008988454937935,
    "Effusion": 0.016763554885983467,
    "Emphysema": 0.1413457840681076,
    "Fibrosis": 0.20664572715759277,
    "Fractures": 0.15040899813175201,
    "Hernia": 0.07489370554685593,
    "Hyperinflation": 0.26308175921440125,
    "Increased Lung Markings": 0.11250856518745422,
    "Interstitial Lung Disease": 0.10728570818901062,
    "Kyphosis": 0.024119744077324867,
    "Lesion": 0.26715928316116333,
    "Mass": 0.03799569234251976,
    "Nodule": 0.16004034876823425,
    "Osteophyte": 0.17288324236869812,
    "Pleural Effusion": 0.04809914156794548,
    "Pleural Thickening": 0.07580113410949707,
    "Pneumothorax": 0.031118841841816902,
    "Pulmonary Artery Enlargement": 0.03981098160147667,
    "Pulmonary Fibrosis": 0.035482365638017654,
    "Rib Fracture": 0.005243030376732349,
    "Scoliosis": 0.17154116928577423,
    "Subcutaneous Emphysema": 0.008211871609091759,
    "Thickening": 0.0875219777226448,
    "Volume Loss": 0.14743457734584808,
    "normal": 0.8622709512710571
  }
}