{
  "uid": "3373",
  "frontal_image": "3373_IM-1623-1001.dcm.png",
  "lateral_image": "3373_IM-1623-2001.dcm.png",
  "fusion_mode": "weighted_avg(f=0.65,l=0.35)",
  "predicted_classes": [
    "normal"
  ],
  "resolved_classes": [
    "normal"
  ],
  "kg_classes": [
    "Normal"
  ],
  "num_predicted": 1,
  "conflict_resolution": "no_conflict",
  "is_uncertain": false,
  "uncertainty_reason": "",
  "inference_time_s": 0.268,
  "gt_labels": "normal",
  "probabilities": {
    "Airspace Disease": 0.101818,
    "Bronchiectasis": 0.011955,
    "Bronchiolitis": 0.001141,
    "Bullous Disease": 0.011383,
    "Calcified Granuloma": 0.1848,
    "Calcinosis": 0.161813,
    "Cardiac Shadow (abnormal)": 0.036617,
    "Cardiomegaly": 0.080202,
    "Consolidation": 0.075315,
    "Degenerative Change": 0.175565,
    "Edema": 0.059183,
    "Effusion": 0.031586,
    "Emphysema": 0.135044,
    "Fibrosis": 0.163212,
    "Fractures": 0.148566,
    "Hernia": 0.058098,
    "Hyperinflation": 0.153095,
    "Increased Lung Markings": 0.084973,
    "Interstitial Lung Disease": 0.099081,
    "Kyphosis": 0.029421,
    "Lesion": 0.142482,
    "Mass": 0.023104,
    "Nodule": 0.09483,
    "Osteophyte": 0.101323,
    "Pleural Effusion": 0.061867,
    "Pleural Thickening": 0.092107,
    "Pneumothorax": 0.078869,
    "Pulmonary Artery Enlargement": 0.039477,
    "Pulmonary Fibrosis": 0.022795,
    "Rib Fracture": 0.007496,
    "Scoliosis": 0.098592,
    "Subcutaneous Emphysema": 0.023696,
    "Thickening": 0.047534,
    "Volume Loss": 0.106187,
    "normal": 0.900668
  },
  "frontal_probs": {
    "Airspace Disease": 0.028200019150972366,
    "Bronchiectasis": 0.00022478234313894063,
    "Bronchiolitis": 4.546974741970189e-05,
    "Bullous Disease": 0.0012063489994034171,
    "Calcified Granuloma": 0.10543929040431976,
    "Calcinosis": 0.06722766160964966,
    "Cardiac Shadow (abnormal)": 0.0029187973123043776,
    "Cardiomegaly": 0.016393480822443962,
    "Consolidation": 0.015477454289793968,
    "Degenerative Change": 0.06148068234324455,
    "Edema": 0.00702384440228343,
    "Effusion": 0.0015611612470820546,
    "Emphysema": 0.07695628702640533,
    "Fibrosis": 0.0979364886879921,
    "Fractures": 0.1039385199546814,
    "Hernia": 0.013931852765381336,
    "Hyperinflation": 0.05903253331780434,
    "Increased Lung Markings": 0.00987712200731039,
    "Interstitial Lung Disease": 0.04005854204297066,
    "Kyphosis": 0.005370550323277712,
    "Lesion": 0.0398540273308754,
    "Mass": 0.0023117077071219683,
    "Nodule": 0.04406805709004402,
    "Osteophyte": 0.028850071132183075,
    "Pleural Effusion": 0.007640582975000143,
    "Pleural Thickening": 0.031905174255371094,
    "Pneumothorax": 0.05001694709062576,
    "Pulmonary Artery Enlargement": 0.004096233285963535,
    "Pulmonary Fibrosis": 0.0012786539737135172,
    "Rib Fracture": 0.0009040676523000002,
    "Scoliosis": 0.04437176510691643,
    "Subcutaneous Emphysema": 0.0006528831436298788,
    "Thickening": 0.011075309477746487,
    "Volume Loss": 0.039615485817193985,
    "normal": 0.9791622161865234
  },
  "lateral_probs": {
    "Airspace Disease": 0.2385372817516327,
    "Bronchiectasis": 0.03373865410685539,
    "Bronchiolitis": 0.003174718003720045,
    "Bullous Disease": 0.030282992869615555,
    "Calcified Granuloma": 0.33218345046043396,
    "Calcinosis": 0.33747199177742004,
    "Cardiac Shadow (abnormal)": 0.09919913858175278,
    "Cardiomegaly": 0.19870364665985107,
    "Consolidation": 0.18644322454929352,
    "Degenerative Change": 0.3874360918998718,
    "Edema": 0.15605047345161438,
    "Effusion": 0.08734523504972458,
    "Emphysema": 0.24292229115962982,
    "Fibrosis": 0.2844376266002655,
    "Fractures": 0.23144516348838806,
    "Hernia": 0.14012126624584198,
    "Hyperinflation": 0.3277812898159027,
    "Increased Lung Markings": 0.22443602979183197,
    "Interstitial Lung Disease": 0.20869426429271698,
    "Kyphosis": 0.07408658415079117,
    "Lesion": 0.33307740092277527,
    "Mass": 0.06171891465783119,
    "Nodule": 0.18910107016563416,
    "Osteophyte": 0.23591600358486176,
    "Pleural Effusion": 0.1625729650259018,
    "Pleural Thickening": 0.20391127467155457,
    "Pneumothorax": 0.13245156407356262,
    "Pulmonary Artery Enlargement": 0.10518324375152588,
    "Pulmonary Fibrosis": 0.06275265663862228,
    "Rib Fracture": 0.019739093258976936,
    "Scoliosis": 0.19928599894046783,
    "Subcutaneous Emphysema": 0.06649139523506165,
    "Thickening": 0.11524201184511185,
    "Volume Loss": 0.2298201471567154,
    "normal": 0.7548938989639282
  }
}