{
  "uid": "3834",
  "frontal_image": "3834_IM-1937-1001.dcm.png",
  "lateral_image": "",
  "fusion_mode": "frontal_only",
  "predicted_classes": [
    "normal"
  ],
  "resolved_classes": [
    "normal"
  ],
  "kg_classes": [
    "Normal"
  ],
  "num_predicted": 1,
  "conflict_resolution": "no_conflict",
  "is_uncertain": false,
  "uncertainty_reason": "",
  "inference_time_s": 0.1413,
  "gt_labels": "Scoliosis",
  "probabilities": {
    "Airspace Disease": 0.08119655400514603,
    "Bronchiectasis": 0.000541770423296839,
    "Bronchiolitis": 0.000513589708134532,
    "Bullous Disease": 0.0031024639029055834,
    "Calcified Granuloma": 0.1640840321779251,
    "Calcinosis": 0.09450960904359818,
    "Cardiac Shadow (abnormal)": 0.020477917045354843,
    "Cardiomegaly": 0.0891370177268982,
    "Consolidation": 0.020074035972356796,
    "Degenerative Change": 0.13788843154907227,
    "Edema": 0.03722767531871796,
    "Effusion": 0.007835214957594872,
    "Emphysema": 0.03847191482782364,
    "Fibrosis": 0.10052202641963959,
    "Fractures": 0.12457163631916046,
    "Hernia": 0.06126048415899277,
    "Hyperinflation": 0.11384019255638123,
    "Increased Lung Markings": 0.05999905988574028,
    "Interstitial Lung Disease": 0.013459458015859127,
    "Kyphosis": 0.02777586132287979,
    "Lesion": 0.1258479505777359,
    "Mass": 0.006293104030191898,
    "Nodule": 0.1260465681552887,
    "Osteophyte": 0.08554577827453613,
    "Pleural Effusion": 0.03338027000427246,
    "Pleural Thickening": 0.061490364372730255,
    "Pneumothorax": 0.07005487382411957,
    "Pulmonary Artery Enlargement": 0.019867872819304466,
    "Pulmonary Fibrosis": 0.002804423915222287,
    "Rib Fracture": 0.003342570038512349,
    "Scoliosis": 0.08256887644529343,
    "Subcutaneous Emphysema": 0.0020818135235458612,
    "Thickening": 0.03115161322057247,
    "Volume Loss": 0.12421935796737671,
    "normal": 0.9160498976707458
  },
  "frontal_probs": {
    "Airspace Disease": 0.08119655400514603,
    "Bronchiectasis": 0.000541770423296839,
    "Bronchiolitis": 0.000513589708134532,
    "Bullous Disease": 0.0031024639029055834,
    "Calcified Granuloma": 0.1640840321779251,
    "Calcinosis": 0.09450960904359818,
    "Cardiac Shadow (abnormal)": 0.020477917045354843,
    "Cardiomegaly": 0.0891370177268982,
    "Consolidation": 0.020074035972356796,
    "Degenerative Change": 0.13788843154907227,
    "Edema": 0.03722767531871796,
    "Effusion": 0.007835214957594872,
    "Emphysema": 0.03847191482782364,
    "Fibrosis": 0.10052202641963959,
    "Fractures": 0.12457163631916046,
    "Hernia": 0.06126048415899277,
    "Hyperinflation": 0.11384019255638123,
    "Increased Lung Markings": 0.05999905988574028,
    "Interstitial Lung Disease": 0.013459458015859127,
    "Kyphosis": 0.02777586132287979,
    "Lesion": 0.1258479505777359,
    "Mass": 0.006293104030191898,
    "Nodule": 0.1260465681552887,
    "Osteophyte": 0.08554577827453613,
    "Pleural Effusion": 0.03338027000427246,
    "Pleural Thickening": 0.061490364372730255,
    "Pneumothorax": 0.07005487382411957,
    "Pulmonary Artery Enlargement": 0.019867872819304466,
    "Pulmonary Fibrosis": 0.002804423915222287,
    "Rib Fracture": 0.003342570038512349,
    "Scoliosis": 0.08256887644529343,
    "Subcutaneous Emphysema": 0.0020818135235458612,
    "Thickening": 0.03115161322057247,
    "Volume Loss": 0.12421935796737671,
    "normal": 0.9160498976707458
  },
  "lateral_probs": {
    "Airspace Disease": 0.0,
    "Bronchiectasis": 0.0,
    "Bronchiolitis": 0.0,
    "Bullous Disease": 0.0,
    "Calcified Granuloma": 0.0,
    "Calcinosis": 0.0,
    "Cardiac Shadow (abnormal)": 0.0,
    "Cardiomegaly": 0.0,
    "Consolidation": 0.0,
    "Degenerative Change": 0.0,
    "Edema": 0.0,
    "Effusion": 0.0,
    "Emphysema": 0.0,
    "Fibrosis": 0.0,
    "Fractures": 0.0,
    "Hernia": 0.0,
    "Hyperinflation": 0.0,
    "Increased Lung Markings": 0.0,
    "Interstitial Lung Disease": 0.0,
    "Kyphosis": 0.0,
    "Lesion": 0.0,
    "Mass": 0.0,
    "Nodule": 0.0,
    "Osteophyte": 0.0,
    "Pleural Effusion": 0.0,
    "Pleural Thickening": 0.0,
    "Pneumothorax": 0.0,
    "Pulmonary Artery Enlargement": 0.0,
    "Pulmonary Fibrosis": 0.0,
    "Rib Fracture": 0.0,
    "Scoliosis": 0.0,
    "Subcutaneous Emphysema": 0.0,
    "Thickening": 0.0,
    "Volume Loss": 0.0,
    "normal": 0.0
  }
}