{
  "uid": "3442",
  "frontal_image": "3442_IM-1667-1001.dcm.png",
  "lateral_image": "3442_IM-1667-2001.dcm.png",
  "fusion_mode": "weighted_avg(f=0.65,l=0.35)",
  "predicted_classes": [
    "normal"
  ],
  "resolved_classes": [
    "normal"
  ],
  "kg_classes": [
    "Normal"
  ],
  "num_predicted": 1,
  "conflict_resolution": "no_conflict",
  "is_uncertain": true,
  "uncertainty_reason": "normal_prob=0.563 (<0.73) with elevated disease scores: Hyperinflation=0.489, Degenerative Change=0.472, Volume Loss=0.460",
  "inference_time_s": 0.2411,
  "gt_labels": "Airspace Disease;Hyperinflation;Lesion;Volume Loss",
  "probabilities": {
    "Airspace Disease": 0.345338,
    "Bronchiectasis": 0.041403,
    "Bronchiolitis": 0.024475,
    "Bullous Disease": 0.035941,
    "Calcified Granuloma": 0.356157,
    "Calcinosis": 0.34543,
    "Cardiac Shadow (abnormal)": 0.170241,
    "Cardiomegaly": 0.346654,
    "Consolidation": 0.186688,
    "Degenerative Change": 0.472495,
    "Edema": 0.148746,
    "Effusion": 0.049473,
    "Emphysema": 0.159222,
    "Fibrosis": 0.308018,
    "Fractures": 0.292483,
    "Hernia": 0.303605,
    "Hyperinflation": 0.488976,
    "Increased Lung Markings": 0.403429,
    "Interstitial Lung Disease": 0.138913,
    "Kyphosis": 0.186886,
    "Lesion": 0.455863,
    "Mass": 0.126278,
    "Nodule": 0.208627,
    "Osteophyte": 0.199954,
    "Pleural Effusion": 0.337919,
    "Pleural Thickening": 0.205683,
    "Pneumothorax": 0.087189,
    "Pulmonary Artery Enlargement": 0.097799,
    "Pulmonary Fibrosis": 0.094632,
    "Rib Fracture": 0.046478,
    "Scoliosis": 0.250234,
    "Subcutaneous Emphysema": 0.036072,
    "Thickening": 0.184316,
    "Volume Loss": 0.460325,
    "normal": 0.563279
  },
  "frontal_probs": {
    "Airspace Disease": 0.36387479305267334,
    "Bronchiectasis": 0.03580820932984352,
    "Bronchiolitis": 0.03463227301836014,
    "Bullous Disease": 0.03545290604233742,
    "Calcified Granuloma": 0.38410577178001404,
    "Calcinosis": 0.3679845929145813,
    "Cardiac Shadow (abnormal)": 0.18708191812038422,
    "Cardiomegaly": 0.36535710096359253,
    "Consolidation": 0.20638200640678406,
    "Degenerative Change": 0.5314603447914124,
    "Edema": 0.1113927960395813,
    "Effusion": 0.04544398933649063,
    "Emphysema": 0.1454520970582962,
    "Fibrosis": 0.36368659138679504,
    "Fractures": 0.3230269253253937,
    "Hernia": 0.38530564308166504,
    "Hyperinflation": 0.4983074963092804,
    "Increased Lung Markings": 0.4163497984409332,
    "Interstitial Lung Disease": 0.12696324288845062,
    "Kyphosis": 0.24876941740512848,
    "Lesion": 0.4737878441810608,
    "Mass": 0.13323792815208435,
    "Nodule": 0.17629355192184448,
    "Osteophyte": 0.24391214549541473,
    "Pleural Effusion": 0.4105815589427948,
    "Pleural Thickening": 0.23973608016967773,
    "Pneumothorax": 0.07508586347103119,
    "Pulmonary Artery Enlargement": 0.10288453847169876,
    "Pulmonary Fibrosis": 0.09556611627340317,
    "Rib Fracture": 0.05853133648633957,
    "Scoliosis": 0.26058340072631836,
    "Subcutaneous Emphysema": 0.03986187279224396,
    "Thickening": 0.19175255298614502,
    "Volume Loss": 0.5368338823318481,
    "normal": 0.5121811032295227
  },
  "lateral_probs": {
    "Airspace Disease": 0.31091123819351196,
    "Bronchiectasis": 0.05179334804415703,
    "Bronchiolitis": 0.005610390100628138,
    "Bullous Disease": 0.03684879094362259,
    "Calcified Granuloma": 0.3042517900466919,
    "Calcinosis": 0.3035421371459961,
    "Cardiac Shadow (abnormal)": 0.13896560668945312,
    "Cardiomegaly": 0.3119187355041504,
    "Consolidation": 0.1501123011112213,
    "Degenerative Change": 0.3629865050315857,
    "Edema": 0.2181152105331421,
    "Effusion": 0.05695461109280586,
    "Emphysema": 0.18479478359222412,
    "Fibrosis": 0.2046336531639099,
    "Fractures": 0.23575778305530548,
    "Hernia": 0.15187577903270721,
    "Hyperinflation": 0.47164732217788696,
    "Increased Lung Markings": 0.37943390011787415,
    "Interstitial Lung Disease": 0.161105677485466,
    "Kyphosis": 0.07196077704429626,
    "Lesion": 0.4225738048553467,
    "Mass": 0.11335249990224838,
    "Nodule": 0.2686758041381836,
    "Osteophyte": 0.11831624060869217,
    "Pleural Effusion": 0.2029736489057541,
    "Pleural Thickening": 0.14244294166564941,
    "Pneumothorax": 0.10966751724481583,
    "Pulmonary Artery Enlargement": 0.08835375308990479,
    "Pulmonary Fibrosis": 0.09289820492267609,
    "Rib Fracture": 0.024094443768262863,
    "Scoliosis": 0.23101460933685303,
    "Subcutaneous Emphysema": 0.029034661129117012,
    "Thickening": 0.1705041378736496,
    "Volume Loss": 0.3182380199432373,
    "normal": 0.6581750512123108
  }
}