{
  "uid": "3742",
  "frontal_image": "3742_IM-1869-1002001.dcm.png",
  "lateral_image": "3742_IM-1869-1003002.dcm.png",
  "fusion_mode": "weighted_avg(f=0.65,l=0.35)",
  "predicted_classes": [
    "normal"
  ],
  "resolved_classes": [
    "normal"
  ],
  "kg_classes": [
    "Normal"
  ],
  "num_predicted": 1,
  "conflict_resolution": "no_conflict",
  "is_uncertain": true,
  "uncertainty_reason": "normal_prob=0.558 (<0.73) with elevated disease scores: Degenerative Change=0.475, Lesion=0.467, Hyperinflation=0.393",
  "inference_time_s": 0.2821,
  "gt_labels": "Calcified Granuloma",
  "probabilities": {
    "Airspace Disease": 0.294647,
    "Bronchiectasis": 0.02312,
    "Bronchiolitis": 0.018793,
    "Bullous Disease": 0.030626,
    "Calcified Granuloma": 0.326031,
    "Calcinosis": 0.312274,
    "Cardiac Shadow (abnormal)": 0.220242,
    "Cardiomegaly": 0.382766,
    "Consolidation": 0.196172,
    "Degenerative Change": 0.474538,
    "Edema": 0.216409,
    "Effusion": 0.052988,
    "Emphysema": 0.17569,
    "Fibrosis": 0.245227,
    "Fractures": 0.259603,
    "Hernia": 0.285604,
    "Hyperinflation": 0.392952,
    "Increased Lung Markings": 0.278202,
    "Interstitial Lung Disease": 0.189729,
    "Kyphosis": 0.202182,
    "Lesion": 0.467281,
    "Mass": 0.091682,
    "Nodule": 0.160672,
    "Osteophyte": 0.210018,
    "Pleural Effusion": 0.245081,
    "Pleural Thickening": 0.199753,
    "Pneumothorax": 0.129406,
    "Pulmonary Artery Enlargement": 0.158928,
    "Pulmonary Fibrosis": 0.095976,
    "Rib Fracture": 0.030844,
    "Scoliosis": 0.191232,
    "Subcutaneous Emphysema": 0.044988,
    "Thickening": 0.147745,
    "Volume Loss": 0.384755,
    "normal": 0.558307
  },
  "frontal_probs": {
    "Airspace Disease": 0.4037386178970337,
    "Bronchiectasis": 0.029362443834543228,
    "Bronchiolitis": 0.027856234461069107,
    "Bullous Disease": 0.04130188375711441,
    "Calcified Granuloma": 0.33915063738822937,
    "Calcinosis": 0.33943796157836914,
    "Cardiac Shadow (abnormal)": 0.29911577701568604,
    "Cardiomegaly": 0.4902733862400055,
    "Consolidation": 0.286008358001709,
    "Degenerative Change": 0.5246005058288574,
    "Edema": 0.27320459485054016,
    "Effusion": 0.06528094410896301,
    "Emphysema": 0.20835579931735992,
    "Fibrosis": 0.2939803898334503,
    "Fractures": 0.2717069685459137,
    "Hernia": 0.37203189730644226,
    "Hyperinflation": 0.47434869408607483,
    "Increased Lung Markings": 0.3266163468360901,
    "Interstitial Lung Disease": 0.15050747990608215,
    "Kyphosis": 0.27831852436065674,
    "Lesion": 0.5684381127357483,
    "Mass": 0.10334889590740204,
    "Nodule": 0.17593076825141907,
    "Osteophyte": 0.22416019439697266,
    "Pleural Effusion": 0.3373953402042389,
    "Pleural Thickening": 0.28055712580680847,
    "Pneumothorax": 0.17635369300842285,
    "Pulmonary Artery Enlargement": 0.20132748782634735,
    "Pulmonary Fibrosis": 0.11963555961847305,
    "Rib Fracture": 0.03716311231255531,
    "Scoliosis": 0.24786892533302307,
    "Subcutaneous Emphysema": 0.060591310262680054,
    "Thickening": 0.18732832372188568,
    "Volume Loss": 0.46722412109375,
    "normal": 0.41112619638442993
  },
  "lateral_probs": {
    "Airspace Disease": 0.09204931557178497,
    "Bronchiectasis": 0.011527139693498611,
    "Bronchiolitis": 0.0019606908317655325,
    "Bullous Disease": 0.010798713192343712,
    "Calcified Granuloma": 0.3016650080680847,
    "Calcinosis": 0.26182693243026733,
    "Cardiac Shadow (abnormal)": 0.07376348227262497,
    "Cardiomegaly": 0.18310944736003876,
    "Consolidation": 0.029333187267184258,
    "Degenerative Change": 0.3815651834011078,
    "Edema": 0.11093185096979141,
    "Effusion": 0.030158134177327156,
    "Emphysema": 0.11502460390329361,
    "Fibrosis": 0.154684916138649,
    "Fractures": 0.237123042345047,
    "Hernia": 0.12509463727474213,
    "Hyperinflation": 0.24178621172904968,
    "Increased Lung Markings": 0.18829070031642914,
    "Interstitial Lung Disease": 0.2625679075717926,
    "Kyphosis": 0.06078504025936127,
    "Lesion": 0.27941828966140747,
    "Mass": 0.07001377642154694,
    "Nodule": 0.1323333978652954,
    "Osteophyte": 0.18375514447689056,
    "Pleural Effusion": 0.07364059239625931,
    "Pleural Thickening": 0.04968871921300888,
    "Pneumothorax": 0.042217276990413666,
    "Pulmonary Artery Enlargement": 0.08018533885478973,
    "Pulmonary Fibrosis": 0.052036646753549576,
    "Rib Fracture": 0.01910756714642048,
    "Scoliosis": 0.08604996651411057,
    "Subcutaneous Emphysema": 0.01601003296673298,
    "Thickening": 0.07423369586467743,
    "Volume Loss": 0.2315993756055832,
    "normal": 0.8316423892974854
  }
}