{
  "uid": "3357",
  "frontal_image": "3357_IM-1610-1001.dcm.png",
  "lateral_image": "3357_IM-1610-2001.dcm.png",
  "fusion_mode": "weighted_avg(f=0.65,l=0.35)",
  "predicted_classes": [
    "normal"
  ],
  "resolved_classes": [
    "normal"
  ],
  "kg_classes": [
    "Normal"
  ],
  "num_predicted": 1,
  "conflict_resolution": "no_conflict",
  "is_uncertain": false,
  "uncertainty_reason": "",
  "inference_time_s": 0.2752,
  "gt_labels": "normal",
  "probabilities": {
    "Airspace Disease": 0.103316,
    "Bronchiectasis": 0.013491,
    "Bronchiolitis": 0.007382,
    "Bullous Disease": 0.014399,
    "Calcified Granuloma": 0.341119,
    "Calcinosis": 0.301389,
    "Cardiac Shadow (abnormal)": 0.04791,
    "Cardiomegaly": 0.120332,
    "Consolidation": 0.0872,
    "Degenerative Change": 0.422518,
    "Edema": 0.048788,
    "Effusion": 0.011833,
    "Emphysema": 0.153446,
    "Fibrosis": 0.193056,
    "Fractures": 0.19154,
    "Hernia": 0.113665,
    "Hyperinflation": 0.306839,
    "Increased Lung Markings": 0.146189,
    "Interstitial Lung Disease": 0.109301,
    "Kyphosis": 0.077261,
    "Lesion": 0.2663,
    "Mass": 0.054829,
    "Nodule": 0.216123,
    "Osteophyte": 0.158318,
    "Pleural Effusion": 0.089442,
    "Pleural Thickening": 0.076317,
    "Pneumothorax": 0.034846,
    "Pulmonary Artery Enlargement": 0.031732,
    "Pulmonary Fibrosis": 0.032433,
    "Rib Fracture": 0.015575,
    "Scoliosis": 0.248427,
    "Subcutaneous Emphysema": 0.010874,
    "Thickening": 0.135435,
    "Volume Loss": 0.205791,
    "normal": 0.814887
  },
  "frontal_probs": {
    "Airspace Disease": 0.06530553847551346,
    "Bronchiectasis": 0.00406944565474987,
    "Bronchiolitis": 0.009668960236012936,
    "Bullous Disease": 0.010068429633975029,
    "Calcified Granuloma": 0.35641059279441833,
    "Calcinosis": 0.3058089017868042,
    "Cardiac Shadow (abnormal)": 0.03969156742095947,
    "Cardiomegaly": 0.1004151925444603,
    "Consolidation": 0.04628630355000496,
    "Degenerative Change": 0.40171486139297485,
    "Edema": 0.02072487398982048,
    "Effusion": 0.0036436300724744797,
    "Emphysema": 0.13470757007598877,
    "Fibrosis": 0.13241663575172424,
    "Fractures": 0.2159702628850937,
    "Hernia": 0.11936889588832855,
    "Hyperinflation": 0.2872897982597351,
    "Increased Lung Markings": 0.12668944895267487,
    "Interstitial Lung Disease": 0.08024509996175766,
    "Kyphosis": 0.08242743462324142,
    "Lesion": 0.2183372974395752,
    "Mass": 0.02898418717086315,
    "Nodule": 0.2007826417684555,
    "Osteophyte": 0.15462373197078705,
    "Pleural Effusion": 0.06480178982019424,
    "Pleural Thickening": 0.05061855912208557,
    "Pneumothorax": 0.015625325962901115,
    "Pulmonary Artery Enlargement": 0.025518696755170822,
    "Pulmonary Fibrosis": 0.020084405317902565,
    "Rib Fracture": 0.014751293696463108,
    "Scoliosis": 0.2676498591899872,
    "Subcutaneous Emphysema": 0.006051085889339447,
    "Thickening": 0.10090717673301697,
    "Volume Loss": 0.18753674626350403,
    "normal": 0.8503387570381165
  },
  "lateral_probs": {
    "Airspace Disease": 0.17390823364257812,
    "Bronchiectasis": 0.03098934330046177,
    "Bronchiolitis": 0.0031345065217465162,
    "Bullous Disease": 0.022440431639552116,
    "Calcified Granuloma": 0.3127190172672272,
    "Calcinosis": 0.29318109154701233,
    "Cardiac Shadow (abnormal)": 0.06317390501499176,
    "Cardiomegaly": 0.15731987357139587,
    "Consolidation": 0.1631830632686615,
    "Degenerative Change": 0.4611510634422302,
    "Edema": 0.10090567916631699,
    "Effusion": 0.027041519060730934,
    "Emphysema": 0.18824458122253418,
    "Fibrosis": 0.30567145347595215,
    "Fractures": 0.14617009460926056,
    "Hernia": 0.1030731052160263,
    "Hyperinflation": 0.34314489364624023,
    "Increased Lung Markings": 0.18240141868591309,
    "Interstitial Lung Disease": 0.16326306760311127,
    "Kyphosis": 0.06766755133867264,
    "Lesion": 0.3553735613822937,
    "Mass": 0.10282578319311142,
    "Nodule": 0.24461352825164795,
    "Osteophyte": 0.16517825424671173,
    "Pleural Effusion": 0.13520283997058868,
    "Pleural Thickening": 0.12404327094554901,
    "Pneumothorax": 0.0705421194434166,
    "Pulmonary Artery Enlargement": 0.043270476162433624,
    "Pulmonary Fibrosis": 0.05536499246954918,
    "Rib Fracture": 0.01710481196641922,
    "Scoliosis": 0.21272820234298706,
    "Subcutaneous Emphysema": 0.019830958917737007,
    "Thickening": 0.1995580941438675,
    "Volume Loss": 0.2396913319826126,
    "normal": 0.7490466833114624
  }
}