{
  "uid": "3655",
  "frontal_image": "3655_IM-1817-1001.dcm.png",
  "lateral_image": "3655_IM-1817-2001.dcm.png",
  "fusion_mode": "weighted_avg(f=0.65,l=0.35)",
  "predicted_classes": [
    "normal"
  ],
  "resolved_classes": [
    "normal"
  ],
  "kg_classes": [
    "Normal"
  ],
  "num_predicted": 1,
  "conflict_resolution": "no_conflict",
  "is_uncertain": false,
  "uncertainty_reason": "",
  "inference_time_s": 0.2833,
  "gt_labels": "Nodule;Osteophyte",
  "probabilities": {
    "Airspace Disease": 0.038252,
    "Bronchiectasis": 0.002207,
    "Bronchiolitis": 0.000143,
    "Bullous Disease": 0.00229,
    "Calcified Granuloma": 0.193414,
    "Calcinosis": 0.121326,
    "Cardiac Shadow (abnormal)": 0.012058,
    "Cardiomegaly": 0.034524,
    "Consolidation": 0.018262,
    "Degenerative Change": 0.199154,
    "Edema": 0.015426,
    "Effusion": 0.002895,
    "Emphysema": 0.088471,
    "Fibrosis": 0.102972,
    "Fractures": 0.041901,
    "Hernia": 0.035735,
    "Hyperinflation": 0.103895,
    "Increased Lung Markings": 0.033814,
    "Interstitial Lung Disease": 0.033468,
    "Kyphosis": 0.008109,
    "Lesion": 0.110744,
    "Mass": 0.014944,
    "Nodule": 0.102004,
    "Osteophyte": 0.105675,
    "Pleural Effusion": 0.017151,
    "Pleural Thickening": 0.066823,
    "Pneumothorax": 0.012866,
    "Pulmonary Artery Enlargement": 0.010913,
    "Pulmonary Fibrosis": 0.007499,
    "Rib Fracture": 0.00385,
    "Scoliosis": 0.044056,
    "Subcutaneous Emphysema": 0.00065,
    "Thickening": 0.028836,
    "Volume Loss": 0.076292,
    "normal": 0.94392
  },
  "frontal_probs": {
    "Airspace Disease": 0.02754545398056507,
    "Bronchiectasis": 0.0009039212018251419,
    "Bronchiolitis": 0.00015932641690596938,
    "Bullous Disease": 0.002999685937538743,
    "Calcified Granuloma": 0.16572685539722443,
    "Calcinosis": 0.11519600450992584,
    "Cardiac Shadow (abnormal)": 0.005017625633627176,
    "Cardiomegaly": 0.022914590314030647,
    "Consolidation": 0.008069053292274475,
    "Degenerative Change": 0.14178447425365448,
    "Edema": 0.009370534680783749,
    "Effusion": 0.0012042381567880511,
    "Emphysema": 0.10532032698392868,
    "Fibrosis": 0.10127279907464981,
    "Fractures": 0.031724702566862106,
    "Hernia": 0.028293466195464134,
    "Hyperinflation": 0.08321691304445267,
    "Increased Lung Markings": 0.0262763574719429,
    "Interstitial Lung Disease": 0.02935483679175377,
    "Kyphosis": 0.010139280930161476,
    "Lesion": 0.07551945000886917,
    "Mass": 0.0017488743178546429,
    "Nodule": 0.08834321796894073,
    "Osteophyte": 0.08613751828670502,
    "Pleural Effusion": 0.01720019057393074,
    "Pleural Thickening": 0.08147744089365005,
    "Pneumothorax": 0.016484053805470467,
    "Pulmonary Artery Enlargement": 0.00408489303663373,
    "Pulmonary Fibrosis": 0.0017646437045186758,
    "Rib Fracture": 0.0022647876758128405,
    "Scoliosis": 0.03443968668580055,
    "Subcutaneous Emphysema": 0.0003848704509437084,
    "Thickening": 0.015701593831181526,
    "Volume Loss": 0.07453539222478867,
    "normal": 0.9456394910812378
  },
  "lateral_probs": {
    "Airspace Disease": 0.0581352636218071,
    "Bronchiectasis": 0.004628399852663279,
    "Bronchiolitis": 0.00011316108430037275,
    "Bullous Disease": 0.0009709945297800004,
    "Calcified Granuloma": 0.24483396112918854,
    "Calcinosis": 0.13271167874336243,
    "Cardiac Shadow (abnormal)": 0.025134043768048286,
    "Cardiomegaly": 0.056083228439092636,
    "Consolidation": 0.03719131648540497,
    "Degenerative Change": 0.30569812655448914,
    "Edema": 0.026670776307582855,
    "Effusion": 0.006035507190972567,
    "Emphysema": 0.05717989429831505,
    "Fibrosis": 0.10612764954566956,
    "Fractures": 0.06079868599772453,
    "Hernia": 0.049555663019418716,
    "Hyperinflation": 0.14229732751846313,
    "Increased Lung Markings": 0.04781109094619751,
    "Interstitial Lung Disease": 0.04110709950327873,
    "Kyphosis": 0.004338886588811874,
    "Lesion": 0.17616158723831177,
    "Mass": 0.03944811224937439,
    "Nodule": 0.12737445533275604,
    "Osteophyte": 0.14196009933948517,
    "Pleural Effusion": 0.017059415578842163,
    "Pleural Thickening": 0.03960729390382767,
    "Pneumothorax": 0.006146615371108055,
    "Pulmonary Artery Enlargement": 0.02359248884022236,
    "Pulmonary Fibrosis": 0.018148981034755707,
    "Rib Fracture": 0.006792711094021797,
    "Scoliosis": 0.06191462278366089,
    "Subcutaneous Emphysema": 0.001142985071055591,
    "Thickening": 0.05322934314608574,
    "Volume Loss": 0.07955563068389893,
    "normal": 0.940726101398468
  }
}