{
  "uid": "3930",
  "frontal_image": "3930_IM-2003-1001.dcm.png",
  "lateral_image": "3930_IM-2003-2001.dcm.png|3930_IM-2003-3001.dcm.png",
  "fusion_mode": "weighted_avg(f=0.65,l=0.35)",
  "predicted_classes": [
    "normal"
  ],
  "resolved_classes": [
    "normal"
  ],
  "kg_classes": [
    "Normal"
  ],
  "num_predicted": 1,
  "conflict_resolution": "no_conflict",
  "is_uncertain": true,
  "uncertainty_reason": "normal_prob=0.708 (<0.73) with elevated disease scores: Degenerative Change=0.456, Calcified Granuloma=0.371, Lesion=0.327",
  "inference_time_s": 0.3705,
  "gt_labels": "Emphysema;Hyperinflation;Interstitial Lung Disease",
  "probabilities": {
    "Airspace Disease": 0.15909,
    "Bronchiectasis": 0.025667,
    "Bronchiolitis": 0.009633,
    "Bullous Disease": 0.020617,
    "Calcified Granuloma": 0.370836,
    "Calcinosis": 0.277734,
    "Cardiac Shadow (abnormal)": 0.12299,
    "Cardiomegaly": 0.266855,
    "Consolidation": 0.108806,
    "Degenerative Change": 0.456263,
    "Edema": 0.122908,
    "Effusion": 0.022084,
    "Emphysema": 0.16975,
    "Fibrosis": 0.224904,
    "Fractures": 0.158494,
    "Hernia": 0.192436,
    "Hyperinflation": 0.313843,
    "Increased Lung Markings": 0.230848,
    "Interstitial Lung Disease": 0.146955,
    "Kyphosis": 0.103867,
    "Lesion": 0.326621,
    "Mass": 0.056726,
    "Nodule": 0.187108,
    "Osteophyte": 0.216318,
    "Pleural Effusion": 0.092079,
    "Pleural Thickening": 0.104756,
    "Pneumothorax": 0.03154,
    "Pulmonary Artery Enlargement": 0.086308,
    "Pulmonary Fibrosis": 0.056617,
    "Rib Fracture": 0.0335,
    "Scoliosis": 0.139163,
    "Subcutaneous Emphysema": 0.011618,
    "Thickening": 0.132159,
    "Volume Loss": 0.275969,
    "normal": 0.707889
  },
  "frontal_probs": {
    "Airspace Disease": 0.1663695126771927,
    "Bronchiectasis": 0.03364228084683418,
    "Bronchiolitis": 0.014223340898752213,
    "Bullous Disease": 0.027722295373678207,
    "Calcified Granuloma": 0.3946332335472107,
    "Calcinosis": 0.2791057825088501,
    "Cardiac Shadow (abnormal)": 0.14645245671272278,
    "Cardiomegaly": 0.30656418204307556,
    "Consolidation": 0.11961148679256439,
    "Degenerative Change": 0.48216575384140015,
    "Edema": 0.1340945065021515,
    "Effusion": 0.021450821310281754,
    "Emphysema": 0.156109020113945,
    "Fibrosis": 0.22661767899990082,
    "Fractures": 0.15911059081554413,
    "Hernia": 0.2364351600408554,
    "Hyperinflation": 0.29981231689453125,
    "Increased Lung Markings": 0.25696179270744324,
    "Interstitial Lung Disease": 0.12584319710731506,
    "Kyphosis": 0.12722043693065643,
    "Lesion": 0.351379930973053,
    "Mass": 0.06054544448852539,
    "Nodule": 0.2166842818260193,
    "Osteophyte": 0.2473401427268982,
    "Pleural Effusion": 0.09347285330295563,
    "Pleural Thickening": 0.11596561968326569,
    "Pneumothorax": 0.020456410944461823,
    "Pulmonary Artery Enlargement": 0.11238472163677216,
    "Pulmonary Fibrosis": 0.0620248056948185,
    "Rib Fracture": 0.046253424137830734,
    "Scoliosis": 0.1468643844127655,
    "Subcutaneous Emphysema": 0.011369092389941216,
    "Thickening": 0.1550784409046173,
    "Volume Loss": 0.3060843050479889,
    "normal": 0.6771087050437927
  },
  "lateral_probs": {
    "Airspace Disease": 0.145571768283844,
    "Bronchiectasis": 0.01085696928203106,
    "Bronchiolitis": 0.0011067090090364218,
    "Bullous Disease": 0.0074209601152688265,
    "Calcified Granuloma": 0.32664215564727783,
    "Calcinosis": 0.27518507838249207,
    "Cardiac Shadow (abnormal)": 0.07941745221614838,
    "Cardiomegaly": 0.19311042875051498,
    "Consolidation": 0.08873876184225082,
    "Degenerative Change": 0.4081577807664871,
    "Edema": 0.10213315859436989,
    "Effusion": 0.02325916662812233,
    "Emphysema": 0.1950821876525879,
    "Fibrosis": 0.22172124683856964,
    "Fractures": 0.15734849870204926,
    "Hernia": 0.11072244122624397,
    "Hyperinflation": 0.3399003893136978,
    "Increased Lung Markings": 0.18235120922327042,
    "Interstitial Lung Disease": 0.18616369366645813,
    "Kyphosis": 0.060497332364320755,
    "Lesion": 0.2806401401758194,
    "Mass": 0.04963324964046478,
    "Nodule": 0.13217919319868088,
    "Osteophyte": 0.15870551019906998,
    "Pleural Effusion": 0.08949089050292969,
    "Pleural Thickening": 0.08393863961100578,
    "Pneumothorax": 0.05212391912937164,
    "Pulmonary Artery Enlargement": 0.03788052126765251,
    "Pulmonary Fibrosis": 0.046574803069233894,
    "Rib Fracture": 0.009814005345106125,
    "Scoliosis": 0.12486006692051888,
    "Subcutaneous Emphysema": 0.01207943819463253,
    "Thickening": 0.08959317952394485,
    "Volume Loss": 0.22004149109125137,
    "normal": 0.7650512754917145
  }
}