{
  "uid": "3931",
  "frontal_image": "3931_IM-2003-3001.dcm.png",
  "lateral_image": "3931_IM-2003-1001.dcm.png",
  "fusion_mode": "weighted_avg(f=0.65,l=0.35)",
  "predicted_classes": [
    "normal"
  ],
  "resolved_classes": [
    "normal"
  ],
  "kg_classes": [
    "Normal"
  ],
  "num_predicted": 1,
  "conflict_resolution": "no_conflict",
  "is_uncertain": false,
  "uncertainty_reason": "",
  "inference_time_s": 0.2705,
  "gt_labels": "normal",
  "probabilities": {
    "Airspace Disease": 0.05724,
    "Bronchiectasis": 0.001621,
    "Bronchiolitis": 0.000406,
    "Bullous Disease": 0.00491,
    "Calcified Granuloma": 0.222231,
    "Calcinosis": 0.129488,
    "Cardiac Shadow (abnormal)": 0.049178,
    "Cardiomegaly": 0.106047,
    "Consolidation": 0.020715,
    "Degenerative Change": 0.249751,
    "Edema": 0.043954,
    "Effusion": 0.004679,
    "Emphysema": 0.093995,
    "Fibrosis": 0.10102,
    "Fractures": 0.077061,
    "Hernia": 0.047538,
    "Hyperinflation": 0.17752,
    "Increased Lung Markings": 0.081789,
    "Interstitial Lung Disease": 0.0856,
    "Kyphosis": 0.031276,
    "Lesion": 0.133819,
    "Mass": 0.00961,
    "Nodule": 0.111771,
    "Osteophyte": 0.117144,
    "Pleural Effusion": 0.025229,
    "Pleural Thickening": 0.036226,
    "Pneumothorax": 0.013713,
    "Pulmonary Artery Enlargement": 0.023878,
    "Pulmonary Fibrosis": 0.013352,
    "Rib Fracture": 0.003649,
    "Scoliosis": 0.030271,
    "Subcutaneous Emphysema": 0.004279,
    "Thickening": 0.032805,
    "Volume Loss": 0.104965,
    "normal": 0.882123
  },
  "frontal_probs": {
    "Airspace Disease": 0.02915959805250168,
    "Bronchiectasis": 0.0002916635712608695,
    "Bronchiolitis": 8.667213114676997e-05,
    "Bullous Disease": 0.0017759882612153888,
    "Calcified Granuloma": 0.15675601363182068,
    "Calcinosis": 0.06589370220899582,
    "Cardiac Shadow (abnormal)": 0.011721445247530937,
    "Cardiomegaly": 0.044399142265319824,
    "Consolidation": 0.015694541856646538,
    "Degenerative Change": 0.1293589174747467,
    "Edema": 0.01184173859655857,
    "Effusion": 0.00050922273658216,
    "Emphysema": 0.06928498297929764,
    "Fibrosis": 0.04701755940914154,
    "Fractures": 0.02417268417775631,
    "Hernia": 0.040116433054208755,
    "Hyperinflation": 0.07114945352077484,
    "Increased Lung Markings": 0.023186950013041496,
    "Interstitial Lung Disease": 0.03243967518210411,
    "Kyphosis": 0.00989383552223444,
    "Lesion": 0.05348636955022812,
    "Mass": 0.0027124921325594187,
    "Nodule": 0.09837625920772552,
    "Osteophyte": 0.09157680720090866,
    "Pleural Effusion": 0.006797666661441326,
    "Pleural Thickening": 0.01491698157042265,
    "Pneumothorax": 0.002163219265639782,
    "Pulmonary Artery Enlargement": 0.015067447908222675,
    "Pulmonary Fibrosis": 0.001221610582433641,
    "Rib Fracture": 0.0014232451794669032,
    "Scoliosis": 0.01624157652258873,
    "Subcutaneous Emphysema": 0.00024577241856604815,
    "Thickening": 0.012959860265254974,
    "Volume Loss": 0.04084111005067825,
    "normal": 0.9442608952522278
  },
  "lateral_probs": {
    "Airspace Disease": 0.1093883216381073,
    "Bronchiectasis": 0.004088700748980045,
    "Bronchiolitis": 0.0009988556848838925,
    "Bullous Disease": 0.010729133151471615,
    "Calcified Granuloma": 0.3438279330730438,
    "Calcinosis": 0.24759289622306824,
    "Cardiac Shadow (abnormal)": 0.11874059587717056,
    "Cardiomegaly": 0.22053486108779907,
    "Consolidation": 0.030038226395845413,
    "Degenerative Change": 0.4733350872993469,
    "Edema": 0.10359222441911697,
    "Effusion": 0.012422445230185986,
    "Emphysema": 0.13988494873046875,
    "Fibrosis": 0.20131072402000427,
    "Fractures": 0.175282284617424,
    "Hernia": 0.06131970137357712,
    "Hyperinflation": 0.3750658929347992,
    "Increased Lung Markings": 0.19062188267707825,
    "Interstitial Lung Disease": 0.1843276470899582,
    "Kyphosis": 0.07098644971847534,
    "Lesion": 0.2830082178115845,
    "Mass": 0.022418668493628502,
    "Nodule": 0.1366472840309143,
    "Osteophyte": 0.16462700068950653,
    "Pleural Effusion": 0.05945906788110733,
    "Pleural Thickening": 0.07580048590898514,
    "Pneumothorax": 0.03516219183802605,
    "Pulmonary Artery Enlargement": 0.04024114832282066,
    "Pulmonary Fibrosis": 0.03588016703724861,
    "Rib Fracture": 0.007782795932143927,
    "Scoliosis": 0.05632655695080757,
    "Subcutaneous Emphysema": 0.011769115924835205,
    "Thickening": 0.06966016441583633,
    "Volume Loss": 0.22405263781547546,
    "normal": 0.7667236328125
  }
}