{
  "uid": "3915",
  "frontal_image": "3915_IM-1990-1001.dcm.png",
  "lateral_image": "3915_IM-1990-2001.dcm.png",
  "fusion_mode": "weighted_avg(f=0.65,l=0.35)",
  "predicted_classes": [
    "normal"
  ],
  "resolved_classes": [
    "normal"
  ],
  "kg_classes": [
    "Normal"
  ],
  "num_predicted": 1,
  "conflict_resolution": "no_conflict",
  "is_uncertain": true,
  "uncertainty_reason": "normal_prob=0.539 (<0.73) with elevated disease scores: Degenerative Change=0.485, Calcified Granuloma=0.416, Lesion=0.397",
  "inference_time_s": 0.2644,
  "gt_labels": "Cardiac Shadow (abnormal);Cardiomegaly;Edema;Interstitial Lung Disease",
  "probabilities": {
    "Airspace Disease": 0.260533,
    "Bronchiectasis": 0.017359,
    "Bronchiolitis": 0.019523,
    "Bullous Disease": 0.038388,
    "Calcified Granuloma": 0.416499,
    "Calcinosis": 0.336719,
    "Cardiac Shadow (abnormal)": 0.237765,
    "Cardiomegaly": 0.309386,
    "Consolidation": 0.154919,
    "Degenerative Change": 0.485472,
    "Edema": 0.183478,
    "Effusion": 0.041602,
    "Emphysema": 0.220072,
    "Fibrosis": 0.292902,
    "Fractures": 0.267022,
    "Hernia": 0.260082,
    "Hyperinflation": 0.389682,
    "Increased Lung Markings": 0.275812,
    "Interstitial Lung Disease": 0.170888,
    "Kyphosis": 0.24639,
    "Lesion": 0.397493,
    "Mass": 0.060242,
    "Nodule": 0.273535,
    "Osteophyte": 0.293263,
    "Pleural Effusion": 0.167058,
    "Pleural Thickening": 0.148386,
    "Pneumothorax": 0.13874,
    "Pulmonary Artery Enlargement": 0.128198,
    "Pulmonary Fibrosis": 0.076816,
    "Rib Fracture": 0.03301,
    "Scoliosis": 0.201452,
    "Subcutaneous Emphysema": 0.030275,
    "Thickening": 0.153723,
    "Volume Loss": 0.325699,
    "normal": 0.538749
  },
  "frontal_probs": {
    "Airspace Disease": 0.27727898955345154,
    "Bronchiectasis": 0.014050779864192009,
    "Bronchiolitis": 0.024694163352251053,
    "Bullous Disease": 0.04184276610612869,
    "Calcified Granuloma": 0.4059563875198364,
    "Calcinosis": 0.2985210418701172,
    "Cardiac Shadow (abnormal)": 0.2258126139640808,
    "Cardiomegaly": 0.34370243549346924,
    "Consolidation": 0.15526896715164185,
    "Degenerative Change": 0.46532607078552246,
    "Edema": 0.1737067550420761,
    "Effusion": 0.03992384299635887,
    "Emphysema": 0.16743889451026917,
    "Fibrosis": 0.2617652118206024,
    "Fractures": 0.29029738903045654,
    "Hernia": 0.2950502634048462,
    "Hyperinflation": 0.3706791400909424,
    "Increased Lung Markings": 0.2851630747318268,
    "Interstitial Lung Disease": 0.1153169795870781,
    "Kyphosis": 0.25113314390182495,
    "Lesion": 0.4077680706977844,
    "Mass": 0.03980938345193863,
    "Nodule": 0.30295485258102417,
    "Osteophyte": 0.31695815920829773,
    "Pleural Effusion": 0.1650993525981903,
    "Pleural Thickening": 0.14669480919837952,
    "Pneumothorax": 0.14388203620910645,
    "Pulmonary Artery Enlargement": 0.14731962978839874,
    "Pulmonary Fibrosis": 0.05877233296632767,
    "Rib Fracture": 0.0352955162525177,
    "Scoliosis": 0.2143942266702652,
    "Subcutaneous Emphysema": 0.026202360168099403,
    "Thickening": 0.15276619791984558,
    "Volume Loss": 0.3431616425514221,
    "normal": 0.5036454200744629
  },
  "lateral_probs": {
    "Airspace Disease": 0.22943304479122162,
    "Bronchiectasis": 0.02350199967622757,
    "Bronchiolitis": 0.009918833151459694,
    "Bullous Disease": 0.031973302364349365,
    "Calcified Granuloma": 0.43607738614082336,
    "Calcinosis": 0.4076571762561798,
    "Cardiac Shadow (abnormal)": 0.2599633038043976,
    "Cardiomegaly": 0.2456553429365158,
    "Consolidation": 0.1542690098285675,
    "Degenerative Change": 0.5228872895240784,
    "Edema": 0.20162340998649597,
    "Effusion": 0.044718652963638306,
    "Emphysema": 0.31781941652297974,
    "Fibrosis": 0.35072651505470276,
    "Fractures": 0.22379519045352936,
    "Hernia": 0.19514229893684387,
    "Hyperinflation": 0.4249737858772278,
    "Increased Lung Markings": 0.2584463655948639,
    "Interstitial Lung Disease": 0.2740912139415741,
    "Kyphosis": 0.23758259415626526,
    "Lesion": 0.3784111738204956,
    "Mass": 0.0981883555650711,
    "Nodule": 0.2188970148563385,
    "Osteophyte": 0.2492583990097046,
    "Pleural Effusion": 0.17069590091705322,
    "Pleural Thickening": 0.15152814984321594,
    "Pneumothorax": 0.12919048964977264,
    "Pulmonary Artery Enlargement": 0.09268742054700851,
    "Pulmonary Fibrosis": 0.11032536625862122,
    "Rib Fracture": 0.028764771297574043,
    "Scoliosis": 0.17741727828979492,
    "Subcutaneous Emphysema": 0.03783867508172989,
    "Thickening": 0.15549981594085693,
    "Volume Loss": 0.29326966404914856,
    "normal": 0.6039409637451172
  }
}