{
  "uid": "3246",
  "frontal_image": "3246_IM-1538-1001.dcm.png",
  "lateral_image": "3246_IM-1538-2001.dcm.png",
  "fusion_mode": "weighted_avg(f=0.65,l=0.35)",
  "predicted_classes": [
    "normal"
  ],
  "resolved_classes": [
    "normal"
  ],
  "kg_classes": [
    "Normal"
  ],
  "num_predicted": 1,
  "conflict_resolution": "no_conflict",
  "is_uncertain": true,
  "uncertainty_reason": "normal_prob=0.691 (<0.73) with elevated disease scores: Degenerative Change=0.418, Lesion=0.342, Cardiomegaly=0.330",
  "inference_time_s": 0.2536,
  "gt_labels": "Degenerative Change;Pulmonary Artery Enlargement",
  "probabilities": {
    "Airspace Disease": 0.167967,
    "Bronchiectasis": 0.046782,
    "Bronchiolitis": 0.007673,
    "Bullous Disease": 0.025496,
    "Calcified Granuloma": 0.320487,
    "Calcinosis": 0.318744,
    "Cardiac Shadow (abnormal)": 0.100443,
    "Cardiomegaly": 0.330271,
    "Consolidation": 0.094507,
    "Degenerative Change": 0.417514,
    "Edema": 0.130697,
    "Effusion": 0.05371,
    "Emphysema": 0.215969,
    "Fibrosis": 0.291442,
    "Fractures": 0.225279,
    "Hernia": 0.201958,
    "Hyperinflation": 0.309256,
    "Increased Lung Markings": 0.180196,
    "Interstitial Lung Disease": 0.141996,
    "Kyphosis": 0.147528,
    "Lesion": 0.342074,
    "Mass": 0.083571,
    "Nodule": 0.202618,
    "Osteophyte": 0.19053,
    "Pleural Effusion": 0.125554,
    "Pleural Thickening": 0.149898,
    "Pneumothorax": 0.092018,
    "Pulmonary Artery Enlargement": 0.225648,
    "Pulmonary Fibrosis": 0.073602,
    "Rib Fracture": 0.029305,
    "Scoliosis": 0.245483,
    "Subcutaneous Emphysema": 0.040548,
    "Thickening": 0.144257,
    "Volume Loss": 0.238425,
    "normal": 0.691497
  },
  "frontal_probs": {
    "Airspace Disease": 0.12202557176351547,
    "Bronchiectasis": 0.015681825578212738,
    "Bronchiolitis": 0.005439223255962133,
    "Bullous Disease": 0.014693931676447392,
    "Calcified Granuloma": 0.27568134665489197,
    "Calcinosis": 0.3124658763408661,
    "Cardiac Shadow (abnormal)": 0.06747663021087646,
    "Cardiomegaly": 0.3529321849346161,
    "Consolidation": 0.06455977261066437,
    "Degenerative Change": 0.3345658481121063,
    "Edema": 0.0943608507514,
    "Effusion": 0.03974957764148712,
    "Emphysema": 0.11821529269218445,
    "Fibrosis": 0.23997414112091064,
    "Fractures": 0.21993187069892883,
    "Hernia": 0.1664048731327057,
    "Hyperinflation": 0.22852714359760284,
    "Increased Lung Markings": 0.15576250851154327,
    "Interstitial Lung Disease": 0.06112171337008476,
    "Kyphosis": 0.1210692971944809,
    "Lesion": 0.2946781516075134,
    "Mass": 0.05868919566273689,
    "Nodule": 0.18142195045948029,
    "Osteophyte": 0.13133373856544495,
    "Pleural Effusion": 0.0615026131272316,
    "Pleural Thickening": 0.10774450749158859,
    "Pneumothorax": 0.06868671625852585,
    "Pulmonary Artery Enlargement": 0.2647177577018738,
    "Pulmonary Fibrosis": 0.039085689932107925,
    "Rib Fracture": 0.013217061758041382,
    "Scoliosis": 0.257060170173645,
    "Subcutaneous Emphysema": 0.026679690927267075,
    "Thickening": 0.10757647454738617,
    "Volume Loss": 0.15800437331199646,
    "normal": 0.7594356536865234
  },
  "lateral_probs": {
    "Airspace Disease": 0.2532881200313568,
    "Bronchiectasis": 0.10453975945711136,
    "Bronchiolitis": 0.011821089312434196,
    "Bullous Disease": 0.045557133853435516,
    "Calcified Granuloma": 0.4036988615989685,
    "Calcinosis": 0.3304022550582886,
    "Cardiac Shadow (abnormal)": 0.1616658717393875,
    "Cardiomegaly": 0.28818511962890625,
    "Consolidation": 0.15012376010417938,
    "Degenerative Change": 0.5715593695640564,
    "Edema": 0.19817842543125153,
    "Effusion": 0.0796370804309845,
    "Emphysema": 0.39751288294792175,
    "Fibrosis": 0.3870247006416321,
    "Fractures": 0.23521040380001068,
    "Hernia": 0.2679850459098816,
    "Hyperinflation": 0.4591820538043976,
    "Increased Lung Markings": 0.22557245194911957,
    "Interstitial Lung Disease": 0.2921925187110901,
    "Kyphosis": 0.19666677713394165,
    "Lesion": 0.430095374584198,
    "Mass": 0.12978018820285797,
    "Nodule": 0.24198104441165924,
    "Osteophyte": 0.3004659414291382,
    "Pleural Effusion": 0.24450668692588806,
    "Pleural Thickening": 0.2281828671693802,
    "Pneumothorax": 0.1353474259376526,
    "Pulmonary Artery Enlargement": 0.1530890166759491,
    "Pulmonary Fibrosis": 0.1377042680978775,
    "Rib Fracture": 0.05918288230895996,
    "Scoliosis": 0.2239818572998047,
    "Subcutaneous Emphysema": 0.06630373001098633,
    "Thickening": 0.21237878501415253,
    "Volume Loss": 0.38777658343315125,
    "normal": 0.5653257966041565
  }
}