{
  "uid": "3621",
  "frontal_image": "3621_IM-1792-3001.dcm.png",
  "lateral_image": "3621_IM-1792-5001.dcm.png",
  "fusion_mode": "weighted_avg(f=0.65,l=0.35)",
  "predicted_classes": [
    "Lesion"
  ],
  "resolved_classes": [
    "Lesion"
  ],
  "kg_classes": [
    "Lesion"
  ],
  "num_predicted": 1,
  "conflict_resolution": "no_conflict",
  "is_uncertain": false,
  "uncertainty_reason": "",
  "inference_time_s": 0.2587,
  "gt_labels": "Hyperinflation",
  "probabilities": {
    "Airspace Disease": 0.407689,
    "Bronchiectasis": 0.040987,
    "Bronchiolitis": 0.015147,
    "Bullous Disease": 0.049301,
    "Calcified Granuloma": 0.331078,
    "Calcinosis": 0.316274,
    "Cardiac Shadow (abnormal)": 0.263369,
    "Cardiomegaly": 0.452021,
    "Consolidation": 0.233685,
    "Degenerative Change": 0.443195,
    "Edema": 0.293201,
    "Effusion": 0.057063,
    "Emphysema": 0.2423,
    "Fibrosis": 0.32205,
    "Fractures": 0.267648,
    "Hernia": 0.281856,
    "Hyperinflation": 0.467888,
    "Increased Lung Markings": 0.324978,
    "Interstitial Lung Disease": 0.234978,
    "Kyphosis": 0.189839,
    "Lesion": 0.579099,
    "Mass": 0.122021,
    "Nodule": 0.209266,
    "Osteophyte": 0.217541,
    "Pleural Effusion": 0.339666,
    "Pleural Thickening": 0.224614,
    "Pneumothorax": 0.199991,
    "Pulmonary Artery Enlargement": 0.091321,
    "Pulmonary Fibrosis": 0.115866,
    "Rib Fracture": 0.045364,
    "Scoliosis": 0.220616,
    "Subcutaneous Emphysema": 0.048971,
    "Thickening": 0.228356,
    "Volume Loss": 0.428334,
    "normal": 0.479244
  },
  "frontal_probs": {
    "Airspace Disease": 0.4689989387989044,
    "Bronchiectasis": 0.04744938015937805,
    "Bronchiolitis": 0.018680831417441368,
    "Bullous Disease": 0.04437781125307083,
    "Calcified Granuloma": 0.3207179605960846,
    "Calcinosis": 0.3001885712146759,
    "Cardiac Shadow (abnormal)": 0.3114575743675232,
    "Cardiomegaly": 0.510378360748291,
    "Consolidation": 0.29484328627586365,
    "Degenerative Change": 0.4309379458427429,
    "Edema": 0.3585182726383209,
    "Effusion": 0.06313472986221313,
    "Emphysema": 0.1877484768629074,
    "Fibrosis": 0.3289932310581207,
    "Fractures": 0.2847955524921417,
    "Hernia": 0.3015882670879364,
    "Hyperinflation": 0.45023760199546814,
    "Increased Lung Markings": 0.3421858549118042,
    "Interstitial Lung Disease": 0.20095142722129822,
    "Kyphosis": 0.21646186709403992,
    "Lesion": 0.6209393739700317,
    "Mass": 0.12089884281158447,
    "Nodule": 0.19335530698299408,
    "Osteophyte": 0.22091343998908997,
    "Pleural Effusion": 0.39054638147354126,
    "Pleural Thickening": 0.2552247643470764,
    "Pneumothorax": 0.15916012227535248,
    "Pulmonary Artery Enlargement": 0.11081396043300629,
    "Pulmonary Fibrosis": 0.11047106236219406,
    "Rib Fracture": 0.05402185022830963,
    "Scoliosis": 0.20407086610794067,
    "Subcutaneous Emphysema": 0.05302237346768379,
    "Thickening": 0.24956433475017548,
    "Volume Loss": 0.46935126185417175,
    "normal": 0.44213035702705383
  },
  "lateral_probs": {
    "Airspace Disease": 0.2938263714313507,
    "Bronchiectasis": 0.028986118733882904,
    "Bronchiolitis": 0.008584831841289997,
    "Bullous Disease": 0.05844343081116676,
    "Calcified Granuloma": 0.35031941533088684,
    "Calcinosis": 0.3461476266384125,
    "Cardiac Shadow (abnormal)": 0.1740613877773285,
    "Cardiomegaly": 0.3436442017555237,
    "Consolidation": 0.1201060339808464,
    "Degenerative Change": 0.4659585952758789,
    "Edema": 0.1718963235616684,
    "Effusion": 0.0457858145236969,
    "Emphysema": 0.34360969066619873,
    "Fibrosis": 0.30915403366088867,
    "Fractures": 0.23580223321914673,
    "Hernia": 0.2452106475830078,
    "Hyperinflation": 0.5006676912307739,
    "Increased Lung Markings": 0.29302066564559937,
    "Interstitial Lung Disease": 0.298170268535614,
    "Kyphosis": 0.1403963714838028,
    "Lesion": 0.5013952255249023,
    "Mass": 0.12410446256399155,
    "Nodule": 0.238813579082489,
    "Osteophyte": 0.211277574300766,
    "Pleural Effusion": 0.24517329037189484,
    "Pleural Thickening": 0.16776643693447113,
    "Pneumothorax": 0.2758200466632843,
    "Pulmonary Artery Enlargement": 0.05512085184454918,
    "Pulmonary Fibrosis": 0.12588565051555634,
    "Rib Fracture": 0.029286112636327744,
    "Scoliosis": 0.2513428032398224,
    "Subcutaneous Emphysema": 0.04144813492894173,
    "Thickening": 0.1889682561159134,
    "Volume Loss": 0.3521603047847748,
    "normal": 0.5481691360473633
  }
}