{
  "uid": "3635",
  "frontal_image": "3635_IM-1802-1001.dcm.png",
  "lateral_image": "3635_IM-1802-2001.dcm.png",
  "fusion_mode": "weighted_avg(f=0.65,l=0.35)",
  "predicted_classes": [
    "normal"
  ],
  "resolved_classes": [
    "normal"
  ],
  "kg_classes": [
    "Normal"
  ],
  "num_predicted": 1,
  "conflict_resolution": "no_conflict",
  "is_uncertain": true,
  "uncertainty_reason": "normal_prob=0.558 (<0.73) with elevated disease scores: Lesion=0.498, Volume Loss=0.412, Hyperinflation=0.409",
  "inference_time_s": 0.3086,
  "gt_labels": "Degenerative Change",
  "probabilities": {
    "Airspace Disease": 0.358524,
    "Bronchiectasis": 0.049245,
    "Bronchiolitis": 0.012563,
    "Bullous Disease": 0.032947,
    "Calcified Granuloma": 0.294551,
    "Calcinosis": 0.279405,
    "Cardiac Shadow (abnormal)": 0.233907,
    "Cardiomegaly": 0.406396,
    "Consolidation": 0.227134,
    "Degenerative Change": 0.371965,
    "Edema": 0.323281,
    "Effusion": 0.075921,
    "Emphysema": 0.182692,
    "Fibrosis": 0.312576,
    "Fractures": 0.188664,
    "Hernia": 0.185189,
    "Hyperinflation": 0.40892,
    "Increased Lung Markings": 0.296282,
    "Interstitial Lung Disease": 0.115675,
    "Kyphosis": 0.119649,
    "Lesion": 0.49765,
    "Mass": 0.084208,
    "Nodule": 0.226231,
    "Osteophyte": 0.172987,
    "Pleural Effusion": 0.322199,
    "Pleural Thickening": 0.28981,
    "Pneumothorax": 0.071911,
    "Pulmonary Artery Enlargement": 0.082324,
    "Pulmonary Fibrosis": 0.072546,
    "Rib Fracture": 0.039579,
    "Scoliosis": 0.16095,
    "Subcutaneous Emphysema": 0.021086,
    "Thickening": 0.230726,
    "Volume Loss": 0.412261,
    "normal": 0.558065
  },
  "frontal_probs": {
    "Airspace Disease": 0.4328865110874176,
    "Bronchiectasis": 0.04995020478963852,
    "Bronchiolitis": 0.018407681956887245,
    "Bullous Disease": 0.04732909053564072,
    "Calcified Granuloma": 0.3133847415447235,
    "Calcinosis": 0.2971935570240021,
    "Cardiac Shadow (abnormal)": 0.3043419122695923,
    "Cardiomegaly": 0.4333544373512268,
    "Consolidation": 0.24343614280223846,
    "Degenerative Change": 0.3987206220626831,
    "Edema": 0.3657649755477905,
    "Effusion": 0.05840820074081421,
    "Emphysema": 0.2106323391199112,
    "Fibrosis": 0.363315612077713,
    "Fractures": 0.21434853971004486,
    "Hernia": 0.23131461441516876,
    "Hyperinflation": 0.4571939706802368,
    "Increased Lung Markings": 0.3457167446613312,
    "Interstitial Lung Disease": 0.1295703947544098,
    "Kyphosis": 0.17162983119487762,
    "Lesion": 0.5705350637435913,
    "Mass": 0.09092556685209274,
    "Nodule": 0.25500187277793884,
    "Osteophyte": 0.19455930590629578,
    "Pleural Effusion": 0.4159431457519531,
    "Pleural Thickening": 0.34789764881134033,
    "Pneumothorax": 0.09483253210783005,
    "Pulmonary Artery Enlargement": 0.08406537771224976,
    "Pulmonary Fibrosis": 0.07122190296649933,
    "Rib Fracture": 0.0431162565946579,
    "Scoliosis": 0.18161939084529877,
    "Subcutaneous Emphysema": 0.027678566053509712,
    "Thickening": 0.2410554438829422,
    "Volume Loss": 0.48121294379234314,
    "normal": 0.4633961319923401
  },
  "lateral_probs": {
    "Airspace Disease": 0.22042229771614075,
    "Bronchiectasis": 0.04793659970164299,
    "Bronchiolitis": 0.0017076259246096015,
    "Bullous Disease": 0.0062371850945055485,
    "Calcified Granuloma": 0.259575217962265,
    "Calcinosis": 0.246368870139122,
    "Cardiac Shadow (abnormal)": 0.10309996455907822,
    "Cardiomegaly": 0.3563304841518402,
    "Consolidation": 0.1968584954738617,
    "Degenerative Change": 0.3222759962081909,
    "Edema": 0.24438351392745972,
    "Effusion": 0.10844599455595016,
    "Emphysema": 0.1308029741048813,
    "Fibrosis": 0.21834611892700195,
    "Fractures": 0.14096301794052124,
    "Hernia": 0.09952601045370102,
    "Hyperinflation": 0.3192681670188904,
    "Increased Lung Markings": 0.20447389781475067,
    "Interstitial Lung Disease": 0.08986852318048477,
    "Kyphosis": 0.023113714531064034,
    "Lesion": 0.362292617559433,
    "Mass": 0.07173223793506622,
    "Nodule": 0.1727992445230484,
    "Osteophyte": 0.13292384147644043,
    "Pleural Effusion": 0.14810146391391754,
    "Pleural Thickening": 0.18193194270133972,
    "Pneumothorax": 0.02934340387582779,
    "Pulmonary Artery Enlargement": 0.07909051328897476,
    "Pulmonary Fibrosis": 0.07500492036342621,
    "Rib Fracture": 0.03301006555557251,
    "Scoliosis": 0.12256381660699844,
    "Subcutaneous Emphysema": 0.00884182471781969,
    "Thickening": 0.21154305338859558,
    "Volume Loss": 0.28420859575271606,
    "normal": 0.733879804611206
  }
}