{
  "uid": "3610",
  "frontal_image": "3610_IM-1783-1001.dcm.png",
  "lateral_image": "3610_IM-1783-1002.dcm.png",
  "fusion_mode": "weighted_avg(f=0.65,l=0.35)",
  "predicted_classes": [
    "normal"
  ],
  "resolved_classes": [
    "normal"
  ],
  "kg_classes": [
    "Normal"
  ],
  "num_predicted": 1,
  "conflict_resolution": "no_conflict",
  "is_uncertain": false,
  "uncertainty_reason": "",
  "inference_time_s": 0.25,
  "gt_labels": "normal",
  "probabilities": {
    "Airspace Disease": 0.043011,
    "Bronchiectasis": 0.003458,
    "Bronchiolitis": 0.000234,
    "Bullous Disease": 0.001825,
    "Calcified Granuloma": 0.190995,
    "Calcinosis": 0.158373,
    "Cardiac Shadow (abnormal)": 0.015907,
    "Cardiomegaly": 0.077593,
    "Consolidation": 0.036217,
    "Degenerative Change": 0.186589,
    "Edema": 0.021066,
    "Effusion": 0.006651,
    "Emphysema": 0.074646,
    "Fibrosis": 0.102465,
    "Fractures": 0.081708,
    "Hernia": 0.060035,
    "Hyperinflation": 0.132659,
    "Increased Lung Markings": 0.054679,
    "Interstitial Lung Disease": 0.041129,
    "Kyphosis": 0.016562,
    "Lesion": 0.126403,
    "Mass": 0.051615,
    "Nodule": 0.101212,
    "Osteophyte": 0.091918,
    "Pleural Effusion": 0.015938,
    "Pleural Thickening": 0.037925,
    "Pneumothorax": 0.013804,
    "Pulmonary Artery Enlargement": 0.037189,
    "Pulmonary Fibrosis": 0.010842,
    "Rib Fracture": 0.003651,
    "Scoliosis": 0.07918,
    "Subcutaneous Emphysema": 0.003012,
    "Thickening": 0.043796,
    "Volume Loss": 0.083269,
    "normal": 0.941613
  },
  "frontal_probs": {
    "Airspace Disease": 0.02713531255722046,
    "Bronchiectasis": 0.0011169385397806764,
    "Bronchiolitis": 0.00018010199710261077,
    "Bullous Disease": 0.001418648287653923,
    "Calcified Granuloma": 0.11531306058168411,
    "Calcinosis": 0.12447509914636612,
    "Cardiac Shadow (abnormal)": 0.009196778759360313,
    "Cardiomegaly": 0.06560147553682327,
    "Consolidation": 0.030406706035137177,
    "Degenerative Change": 0.08971388638019562,
    "Edema": 0.007220270577818155,
    "Effusion": 0.004297412466257811,
    "Emphysema": 0.0483529195189476,
    "Fibrosis": 0.07102509588003159,
    "Fractures": 0.07373247295618057,
    "Hernia": 0.05214438959956169,
    "Hyperinflation": 0.06818881630897522,
    "Increased Lung Markings": 0.031940169632434845,
    "Interstitial Lung Disease": 0.019972292706370354,
    "Kyphosis": 0.015006435103714466,
    "Lesion": 0.06998967379331589,
    "Mass": 0.045812591910362244,
    "Nodule": 0.05950600281357765,
    "Osteophyte": 0.045441705733537674,
    "Pleural Effusion": 0.006797525100409985,
    "Pleural Thickening": 0.031108081340789795,
    "Pneumothorax": 0.010943416506052017,
    "Pulmonary Artery Enlargement": 0.04106584191322327,
    "Pulmonary Fibrosis": 0.0037415209226310253,
    "Rib Fracture": 0.0018638701876625419,
    "Scoliosis": 0.060686320066452026,
    "Subcutaneous Emphysema": 0.0028812987729907036,
    "Thickening": 0.017607590183615685,
    "Volume Loss": 0.05458155646920204,
    "normal": 0.9690181612968445
  },
  "lateral_probs": {
    "Airspace Disease": 0.07249540835618973,
    "Bronchiectasis": 0.007805128116160631,
    "Bronchiolitis": 0.0003343503049109131,
    "Bullous Disease": 0.0025808745995163918,
    "Calcified Granuloma": 0.3315483033657074,
    "Calcinosis": 0.2213262915611267,
    "Cardiac Shadow (abnormal)": 0.02836967259645462,
    "Cardiomegaly": 0.09986154735088348,
    "Consolidation": 0.04700861871242523,
    "Degenerative Change": 0.36649924516677856,
    "Edema": 0.04678086191415787,
    "Effusion": 0.011020994745194912,
    "Emphysema": 0.12347733974456787,
    "Fibrosis": 0.16085238754749298,
    "Fractures": 0.09651973843574524,
    "Hernia": 0.07468970865011215,
    "Hyperinflation": 0.2523898780345917,
    "Increased Lung Markings": 0.09690913558006287,
    "Interstitial Lung Disease": 0.0804208517074585,
    "Kyphosis": 0.019451972097158432,
    "Lesion": 0.2311718612909317,
    "Mass": 0.06239219754934311,
    "Nodule": 0.17866496741771698,
    "Osteophyte": 0.17823249101638794,
    "Pleural Effusion": 0.032913364470005035,
    "Pleural Thickening": 0.05058448389172554,
    "Pneumothorax": 0.019117847084999084,
    "Pulmonary Artery Enlargement": 0.02998950332403183,
    "Pulmonary Fibrosis": 0.024029353633522987,
    "Rib Fracture": 0.00697028124704957,
    "Scoliosis": 0.11352427303791046,
    "Subcutaneous Emphysema": 0.003255327930673957,
    "Thickening": 0.09243176132440567,
    "Volume Loss": 0.1365448385477066,
    "normal": 0.8907173871994019
  }
}