{
  "uid": "3862",
  "frontal_image": "3862_IM-1956-2001.dcm.png",
  "lateral_image": "3862_IM-1956-1001.dcm.png",
  "fusion_mode": "weighted_avg(f=0.65,l=0.35)",
  "predicted_classes": [
    "Degenerative Change"
  ],
  "resolved_classes": [
    "Degenerative Change"
  ],
  "kg_classes": [
    "Degenerative Change"
  ],
  "num_predicted": 1,
  "conflict_resolution": "no_conflict",
  "is_uncertain": false,
  "uncertainty_reason": "",
  "inference_time_s": 0.276,
  "gt_labels": "normal",
  "probabilities": {
    "Airspace Disease": 0.29483,
    "Bronchiectasis": 0.052806,
    "Bronchiolitis": 0.035949,
    "Bullous Disease": 0.071807,
    "Calcified Granuloma": 0.383009,
    "Calcinosis": 0.40452,
    "Cardiac Shadow (abnormal)": 0.310106,
    "Cardiomegaly": 0.492616,
    "Consolidation": 0.182238,
    "Degenerative Change": 0.528762,
    "Edema": 0.280625,
    "Effusion": 0.110106,
    "Emphysema": 0.247666,
    "Fibrosis": 0.305957,
    "Fractures": 0.31854,
    "Hernia": 0.349609,
    "Hyperinflation": 0.462823,
    "Increased Lung Markings": 0.38875,
    "Interstitial Lung Disease": 0.253722,
    "Kyphosis": 0.254688,
    "Lesion": 0.48134,
    "Mass": 0.160995,
    "Nodule": 0.228568,
    "Osteophyte": 0.320924,
    "Pleural Effusion": 0.28692,
    "Pleural Thickening": 0.243838,
    "Pneumothorax": 0.20923,
    "Pulmonary Artery Enlargement": 0.135595,
    "Pulmonary Fibrosis": 0.157015,
    "Rib Fracture": 0.065064,
    "Scoliosis": 0.270103,
    "Subcutaneous Emphysema": 0.084071,
    "Thickening": 0.212695,
    "Volume Loss": 0.422324,
    "normal": 0.465737
  },
  "frontal_probs": {
    "Airspace Disease": 0.2812155783176422,
    "Bronchiectasis": 0.041487302631139755,
    "Bronchiolitis": 0.04183873161673546,
    "Bullous Disease": 0.0652887299656868,
    "Calcified Granuloma": 0.3736772835254669,
    "Calcinosis": 0.41730648279190063,
    "Cardiac Shadow (abnormal)": 0.32467713952064514,
    "Cardiomegaly": 0.5213839411735535,
    "Consolidation": 0.16747862100601196,
    "Degenerative Change": 0.5349668264389038,
    "Edema": 0.2690405249595642,
    "Effusion": 0.09260841459035873,
    "Emphysema": 0.19428762793540955,
    "Fibrosis": 0.2905774414539337,
    "Fractures": 0.3620527684688568,
    "Hernia": 0.3637424409389496,
    "Hyperinflation": 0.460038959980011,
    "Increased Lung Markings": 0.4049157202243805,
    "Interstitial Lung Disease": 0.18263861536979675,
    "Kyphosis": 0.2567238509654999,
    "Lesion": 0.49507907032966614,
    "Mass": 0.16007240116596222,
    "Nodule": 0.22050559520721436,
    "Osteophyte": 0.3448468744754791,
    "Pleural Effusion": 0.2637926936149597,
    "Pleural Thickening": 0.24243968725204468,
    "Pneumothorax": 0.19108359515666962,
    "Pulmonary Artery Enlargement": 0.14260296523571014,
    "Pulmonary Fibrosis": 0.11673600226640701,
    "Rib Fracture": 0.05726897343993187,
    "Scoliosis": 0.2739827632904053,
    "Subcutaneous Emphysema": 0.07755643129348755,
    "Thickening": 0.20273450016975403,
    "Volume Loss": 0.4453370273113251,
    "normal": 0.44413819909095764
  },
  "lateral_probs": {
    "Airspace Disease": 0.32011425495147705,
    "Bronchiectasis": 0.07382751256227493,
    "Bronchiolitis": 0.02501041069626808,
    "Bullous Disease": 0.08391153812408447,
    "Calcified Granuloma": 0.40034064650535583,
    "Calcinosis": 0.3807728886604309,
    "Cardiac Shadow (abnormal)": 0.28304538130760193,
    "Cardiomegaly": 0.4391903579235077,
    "Consolidation": 0.20964781939983368,
    "Degenerative Change": 0.5172392725944519,
    "Edema": 0.30213966965675354,
    "Effusion": 0.14260278642177582,
    "Emphysema": 0.3467966914176941,
    "Fibrosis": 0.3345179259777069,
    "Fractures": 0.2377319633960724,
    "Hernia": 0.32336097955703735,
    "Hyperinflation": 0.46799436211586,
    "Increased Lung Markings": 0.3587283790111542,
    "Interstitial Lung Disease": 0.3857339918613434,
    "Kyphosis": 0.2509075999259949,
    "Lesion": 0.4558238685131073,
    "Mass": 0.16270712018013,
    "Nodule": 0.2435399293899536,
    "Osteophyte": 0.27649492025375366,
    "Pleural Effusion": 0.32987022399902344,
    "Pleural Thickening": 0.24643424153327942,
    "Pneumothorax": 0.24292980134487152,
    "Pulmonary Artery Enlargement": 0.12257956713438034,
    "Pulmonary Fibrosis": 0.23181889951229095,
    "Rib Fracture": 0.07954060286283493,
    "Scoliosis": 0.2628987431526184,
    "Subcutaneous Emphysema": 0.0961691290140152,
    "Thickening": 0.23119372129440308,
    "Volume Loss": 0.3795844316482544,
    "normal": 0.5058491826057434
  }
}