{
  "uid": "3597",
  "frontal_image": "3597_IM-1775-1001.dcm.png",
  "lateral_image": "3597_IM-1775-2001.dcm.png",
  "fusion_mode": "weighted_avg(f=0.65,l=0.35)",
  "predicted_classes": [
    "normal"
  ],
  "resolved_classes": [
    "normal"
  ],
  "kg_classes": [
    "Normal"
  ],
  "num_predicted": 1,
  "conflict_resolution": "no_conflict",
  "is_uncertain": true,
  "uncertainty_reason": "normal_prob=0.621 (<0.73) with elevated disease scores: Degenerative Change=0.431, Lesion=0.370, Hyperinflation=0.365",
  "inference_time_s": 0.2351,
  "gt_labels": "Degenerative Change",
  "probabilities": {
    "Airspace Disease": 0.195819,
    "Bronchiectasis": 0.032792,
    "Bronchiolitis": 0.016721,
    "Bullous Disease": 0.054391,
    "Calcified Granuloma": 0.360935,
    "Calcinosis": 0.362875,
    "Cardiac Shadow (abnormal)": 0.117188,
    "Cardiomegaly": 0.240887,
    "Consolidation": 0.120019,
    "Degenerative Change": 0.430865,
    "Edema": 0.157914,
    "Effusion": 0.035178,
    "Emphysema": 0.195158,
    "Fibrosis": 0.290771,
    "Fractures": 0.18905,
    "Hernia": 0.197445,
    "Hyperinflation": 0.365462,
    "Increased Lung Markings": 0.276447,
    "Interstitial Lung Disease": 0.124124,
    "Kyphosis": 0.170737,
    "Lesion": 0.36971,
    "Mass": 0.087088,
    "Nodule": 0.223628,
    "Osteophyte": 0.254287,
    "Pleural Effusion": 0.147669,
    "Pleural Thickening": 0.138825,
    "Pneumothorax": 0.089603,
    "Pulmonary Artery Enlargement": 0.083218,
    "Pulmonary Fibrosis": 0.10652,
    "Rib Fracture": 0.031273,
    "Scoliosis": 0.235595,
    "Subcutaneous Emphysema": 0.034714,
    "Thickening": 0.159481,
    "Volume Loss": 0.28812,
    "normal": 0.621045
  },
  "frontal_probs": {
    "Airspace Disease": 0.13925397396087646,
    "Bronchiectasis": 0.01682104915380478,
    "Bronchiolitis": 0.01623937487602234,
    "Bullous Disease": 0.040588587522506714,
    "Calcified Granuloma": 0.3414742648601532,
    "Calcinosis": 0.34012576937675476,
    "Cardiac Shadow (abnormal)": 0.06818079203367233,
    "Cardiomegaly": 0.1581798493862152,
    "Consolidation": 0.08750073611736298,
    "Degenerative Change": 0.3833363652229309,
    "Edema": 0.09965796768665314,
    "Effusion": 0.013553246855735779,
    "Emphysema": 0.12616951763629913,
    "Fibrosis": 0.27666643261909485,
    "Fractures": 0.16095149517059326,
    "Hernia": 0.17948311567306519,
    "Hyperinflation": 0.3187369704246521,
    "Increased Lung Markings": 0.24334010481834412,
    "Interstitial Lung Disease": 0.0574069581925869,
    "Kyphosis": 0.15037569403648376,
    "Lesion": 0.3296544849872589,
    "Mass": 0.040136873722076416,
    "Nodule": 0.22498367726802826,
    "Osteophyte": 0.254646897315979,
    "Pleural Effusion": 0.0936189666390419,
    "Pleural Thickening": 0.09809501469135284,
    "Pneumothorax": 0.0364953838288784,
    "Pulmonary Artery Enlargement": 0.060521554201841354,
    "Pulmonary Fibrosis": 0.0875130444765091,
    "Rib Fracture": 0.0230538509786129,
    "Scoliosis": 0.23000775277614594,
    "Subcutaneous Emphysema": 0.012509552761912346,
    "Thickening": 0.11492335796356201,
    "Volume Loss": 0.27201491594314575,
    "normal": 0.6698504090309143
  },
  "lateral_probs": {
    "Airspace Disease": 0.30086782574653625,
    "Bronchiectasis": 0.062452882528305054,
    "Bronchiolitis": 0.0176150631159544,
    "Bullous Disease": 0.08002346009016037,
    "Calcified Granuloma": 0.3970763385295868,
    "Calcinosis": 0.40512415766716003,
    "Cardiac Shadow (abnormal)": 0.20820210874080658,
    "Cardiomegaly": 0.3944857716560364,
    "Consolidation": 0.18041063845157623,
    "Degenerative Change": 0.5191311240196228,
    "Edema": 0.26610279083251953,
    "Effusion": 0.07533927261829376,
    "Emphysema": 0.32328084111213684,
    "Fibrosis": 0.3169644773006439,
    "Fractures": 0.24123412370681763,
    "Hernia": 0.23080159723758698,
    "Hyperinflation": 0.4522380530834198,
    "Increased Lung Markings": 0.3379300832748413,
    "Interstitial Lung Disease": 0.2480260133743286,
    "Kyphosis": 0.20854999125003815,
    "Lesion": 0.4440978169441223,
    "Mass": 0.17428380250930786,
    "Nodule": 0.22111104428768158,
    "Osteophyte": 0.2536180913448334,
    "Pleural Effusion": 0.2480478733778,
    "Pleural Thickening": 0.2144649773836136,
    "Pneumothorax": 0.18823257088661194,
    "Pulmonary Artery Enlargement": 0.12536904215812683,
    "Pulmonary Fibrosis": 0.1418183594942093,
    "Rib Fracture": 0.04653757065534592,
    "Scoliosis": 0.2459704577922821,
    "Subcutaneous Emphysema": 0.07595159858465195,
    "Thickening": 0.24223069846630096,
    "Volume Loss": 0.3180283010005951,
    "normal": 0.5304077863693237
  }
}