{
  "uid": "3995",
  "frontal_image": "3995_IM-2046-1001.dcm.png",
  "lateral_image": "3995_IM-2046-2001.dcm.png",
  "fusion_mode": "weighted_avg(f=0.65,l=0.35)",
  "predicted_classes": [
    "Degenerative Change",
    "Lesion"
  ],
  "resolved_classes": [
    "Degenerative Change",
    "Lesion"
  ],
  "kg_classes": [
    "Degenerative Change",
    "Lesion"
  ],
  "num_predicted": 2,
  "conflict_resolution": "no_conflict",
  "is_uncertain": false,
  "uncertainty_reason": "",
  "inference_time_s": 0.2539,
  "gt_labels": "Emphysema;Fibrosis;Hyperinflation;Lesion;Volume Loss",
  "probabilities": {
    "Airspace Disease": 0.329354,
    "Bronchiectasis": 0.062841,
    "Bronchiolitis": 0.049936,
    "Bullous Disease": 0.072622,
    "Calcified Granuloma": 0.386267,
    "Calcinosis": 0.391305,
    "Cardiac Shadow (abnormal)": 0.243789,
    "Cardiomegaly": 0.384448,
    "Consolidation": 0.279277,
    "Degenerative Change": 0.534342,
    "Edema": 0.298374,
    "Effusion": 0.101406,
    "Emphysema": 0.380136,
    "Fibrosis": 0.372202,
    "Fractures": 0.287377,
    "Hernia": 0.275368,
    "Hyperinflation": 0.466666,
    "Increased Lung Markings": 0.282593,
    "Interstitial Lung Disease": 0.276268,
    "Kyphosis": 0.267181,
    "Lesion": 0.512466,
    "Mass": 0.152779,
    "Nodule": 0.22321,
    "Osteophyte": 0.305357,
    "Pleural Effusion": 0.273175,
    "Pleural Thickening": 0.291305,
    "Pneumothorax": 0.176678,
    "Pulmonary Artery Enlargement": 0.196723,
    "Pulmonary Fibrosis": 0.16969,
    "Rib Fracture": 0.074149,
    "Scoliosis": 0.219876,
    "Subcutaneous Emphysema": 0.098213,
    "Thickening": 0.241222,
    "Volume Loss": 0.426776,
    "normal": 0.497205
  },
  "frontal_probs": {
    "Airspace Disease": 0.406303733587265,
    "Bronchiectasis": 0.06987622380256653,
    "Bronchiolitis": 0.07315893471240997,
    "Bullous Disease": 0.09617891162633896,
    "Calcified Granuloma": 0.3654031455516815,
    "Calcinosis": 0.4280480444431305,
    "Cardiac Shadow (abnormal)": 0.3166392147541046,
    "Cardiomegaly": 0.47692742943763733,
    "Consolidation": 0.33661404252052307,
    "Degenerative Change": 0.5333760380744934,
    "Edema": 0.39211368560791016,
    "Effusion": 0.13031360507011414,
    "Emphysema": 0.3801586925983429,
    "Fibrosis": 0.3707262873649597,
    "Fractures": 0.34269407391548157,
    "Hernia": 0.33547213673591614,
    "Hyperinflation": 0.48012709617614746,
    "Increased Lung Markings": 0.35238024592399597,
    "Interstitial Lung Disease": 0.2789950966835022,
    "Kyphosis": 0.3522804379463196,
    "Lesion": 0.5760598182678223,
    "Mass": 0.1925692856311798,
    "Nodule": 0.22825577855110168,
    "Osteophyte": 0.3118807077407837,
    "Pleural Effusion": 0.35245898365974426,
    "Pleural Thickening": 0.347652792930603,
    "Pneumothorax": 0.21374022960662842,
    "Pulmonary Artery Enlargement": 0.24237212538719177,
    "Pulmonary Fibrosis": 0.21368923783302307,
    "Rib Fracture": 0.1001138836145401,
    "Scoliosis": 0.24917328357696533,
    "Subcutaneous Emphysema": 0.13688722252845764,
    "Thickening": 0.29173704981803894,
    "Volume Loss": 0.4928561747074127,
    "normal": 0.4151236116886139
  },
  "lateral_probs": {
    "Airspace Disease": 0.18644855916500092,
    "Bronchiectasis": 0.04977674037218094,
    "Bronchiolitis": 0.006808299105614424,
    "Bullous Disease": 0.02887473627924919,
    "Calcified Granuloma": 0.42501354217529297,
    "Calcinosis": 0.32306748628616333,
    "Cardiac Shadow (abnormal)": 0.10849463194608688,
    "Cardiomegaly": 0.2126997411251068,
    "Consolidation": 0.17279353737831116,
    "Degenerative Change": 0.5361372828483582,
    "Edema": 0.12428716570138931,
    "Effusion": 0.04772038757801056,
    "Emphysema": 0.380092978477478,
    "Fibrosis": 0.3749426603317261,
    "Fractures": 0.18464630842208862,
    "Hernia": 0.16374613344669342,
    "Hyperinflation": 0.4416676461696625,
    "Increased Lung Markings": 0.15298886597156525,
    "Interstitial Lung Disease": 0.27120381593704224,
    "Kyphosis": 0.10913943499326706,
    "Lesion": 0.39436259865760803,
    "Mass": 0.07888403534889221,
    "Nodule": 0.21383991837501526,
    "Osteophyte": 0.29324111342430115,
    "Pleural Effusion": 0.12593314051628113,
    "Pleural Thickening": 0.18666018545627594,
    "Pneumothorax": 0.10784818977117538,
    "Pulmonary Artery Enlargement": 0.11194473505020142,
    "Pulmonary Fibrosis": 0.08797689527273178,
    "Rib Fracture": 0.025927186012268066,
    "Scoliosis": 0.16546626389026642,
    "Subcutaneous Emphysema": 0.02638874761760235,
    "Thickening": 0.1474074274301529,
    "Volume Loss": 0.30405595898628235,
    "normal": 0.6496414542198181
  }
}