{
  "uid": "3897",
  "frontal_image": "3897_IM-1978-1001.dcm.png",
  "lateral_image": "3897_IM-1978-2001.dcm.png",
  "fusion_mode": "weighted_avg(f=0.65,l=0.35)",
  "predicted_classes": [
    "normal"
  ],
  "resolved_classes": [
    "normal"
  ],
  "kg_classes": [
    "Normal"
  ],
  "num_predicted": 1,
  "conflict_resolution": "no_conflict",
  "is_uncertain": false,
  "uncertainty_reason": "",
  "inference_time_s": 0.2554,
  "gt_labels": "normal",
  "probabilities": {
    "Airspace Disease": 0.13433,
    "Bronchiectasis": 0.01598,
    "Bronchiolitis": 0.002193,
    "Bullous Disease": 0.021177,
    "Calcified Granuloma": 0.276225,
    "Calcinosis": 0.211868,
    "Cardiac Shadow (abnormal)": 0.048873,
    "Cardiomegaly": 0.09592,
    "Consolidation": 0.070888,
    "Degenerative Change": 0.289213,
    "Edema": 0.067292,
    "Effusion": 0.019499,
    "Emphysema": 0.314199,
    "Fibrosis": 0.218119,
    "Fractures": 0.116789,
    "Hernia": 0.09246,
    "Hyperinflation": 0.276382,
    "Increased Lung Markings": 0.124999,
    "Interstitial Lung Disease": 0.132485,
    "Kyphosis": 0.044743,
    "Lesion": 0.249003,
    "Mass": 0.02952,
    "Nodule": 0.14992,
    "Osteophyte": 0.125747,
    "Pleural Effusion": 0.071669,
    "Pleural Thickening": 0.104538,
    "Pneumothorax": 0.047091,
    "Pulmonary Artery Enlargement": 0.035842,
    "Pulmonary Fibrosis": 0.02892,
    "Rib Fracture": 0.012993,
    "Scoliosis": 0.082118,
    "Subcutaneous Emphysema": 0.012463,
    "Thickening": 0.080154,
    "Volume Loss": 0.158135,
    "normal": 0.787355
  },
  "frontal_probs": {
    "Airspace Disease": 0.0868377760052681,
    "Bronchiectasis": 0.003878882387652993,
    "Bronchiolitis": 0.00037938167224638164,
    "Bullous Disease": 0.01702042482793331,
    "Calcified Granuloma": 0.20450250804424286,
    "Calcinosis": 0.14611244201660156,
    "Cardiac Shadow (abnormal)": 0.012831708416342735,
    "Cardiomegaly": 0.026958921924233437,
    "Consolidation": 0.027742454782128334,
    "Degenerative Change": 0.18958017230033875,
    "Edema": 0.020280122756958008,
    "Effusion": 0.0019173321779817343,
    "Emphysema": 0.3004392981529236,
    "Fibrosis": 0.14590033888816833,
    "Fractures": 0.061315786093473434,
    "Hernia": 0.05707193911075592,
    "Hyperinflation": 0.21015173196792603,
    "Increased Lung Markings": 0.072285957634449,
    "Interstitial Lung Disease": 0.09501805156469345,
    "Kyphosis": 0.013837894424796104,
    "Lesion": 0.16390858590602875,
    "Mass": 0.005489172413945198,
    "Nodule": 0.10638610273599625,
    "Osteophyte": 0.06712847948074341,
    "Pleural Effusion": 0.01428725104779005,
    "Pleural Thickening": 0.06049691140651703,
    "Pneumothorax": 0.012915785424411297,
    "Pulmonary Artery Enlargement": 0.008029058575630188,
    "Pulmonary Fibrosis": 0.004762168973684311,
    "Rib Fracture": 0.0033378570806235075,
    "Scoliosis": 0.02206689491868019,
    "Subcutaneous Emphysema": 0.0015013380907475948,
    "Thickening": 0.030803488567471504,
    "Volume Loss": 0.08472350239753723,
    "normal": 0.8644974827766418
  },
  "lateral_probs": {
    "Airspace Disease": 0.22252994775772095,
    "Bronchiectasis": 0.03845210373401642,
    "Bronchiolitis": 0.005560907535254955,
    "Bullous Disease": 0.02889680117368698,
    "Calcified Granuloma": 0.4094243049621582,
    "Calcinosis": 0.33398622274398804,
    "Cardiac Shadow (abnormal)": 0.11580757796764374,
    "Cardiomegaly": 0.22399164736270905,
    "Consolidation": 0.15101608633995056,
    "Degenerative Change": 0.47424474358558655,
    "Edema": 0.1545998454093933,
    "Effusion": 0.05215108394622803,
    "Emphysema": 0.3397524356842041,
    "Fibrosis": 0.3522398769855499,
    "Fractures": 0.21980927884578705,
    "Hernia": 0.15818026661872864,
    "Hyperinflation": 0.3993818461894989,
    "Increased Lung Markings": 0.22289378941059113,
    "Interstitial Lung Disease": 0.20206637680530548,
    "Kyphosis": 0.10213710367679596,
    "Lesion": 0.4070356786251068,
    "Mass": 0.07415001094341278,
    "Nodule": 0.23076942563056946,
    "Osteophyte": 0.23461054265499115,
    "Pleural Effusion": 0.1782342940568924,
    "Pleural Thickening": 0.18632768094539642,
    "Pneumothorax": 0.1105591356754303,
    "Pulmonary Artery Enlargement": 0.08749394118785858,
    "Pulmonary Fibrosis": 0.07378498464822769,
    "Rib Fracture": 0.03092285618185997,
    "Scoliosis": 0.1936410367488861,
    "Subcutaneous Emphysema": 0.03282031789422035,
    "Thickening": 0.1718038022518158,
    "Volume Loss": 0.2944698929786682,
    "normal": 0.6440917253494263
  }
}