{
  "uid": "3727",
  "frontal_image": "3727_IM-1863-1001.dcm.png",
  "lateral_image": "3727_IM-1863-2001.dcm.png",
  "fusion_mode": "weighted_avg(f=0.65,l=0.35)",
  "predicted_classes": [
    "normal"
  ],
  "resolved_classes": [
    "normal"
  ],
  "kg_classes": [
    "Normal"
  ],
  "num_predicted": 1,
  "conflict_resolution": "no_conflict",
  "is_uncertain": true,
  "uncertainty_reason": "normal_prob=0.635 (<0.73) with elevated disease scores: Hyperinflation=0.430, Lesion=0.408, Degenerative Change=0.399",
  "inference_time_s": 0.2775,
  "gt_labels": "Hyperinflation",
  "probabilities": {
    "Airspace Disease": 0.308339,
    "Bronchiectasis": 0.025859,
    "Bronchiolitis": 0.013992,
    "Bullous Disease": 0.03134,
    "Calcified Granuloma": 0.300579,
    "Calcinosis": 0.294447,
    "Cardiac Shadow (abnormal)": 0.095075,
    "Cardiomegaly": 0.23131,
    "Consolidation": 0.156521,
    "Degenerative Change": 0.398697,
    "Edema": 0.152817,
    "Effusion": 0.052588,
    "Emphysema": 0.13477,
    "Fibrosis": 0.280357,
    "Fractures": 0.226847,
    "Hernia": 0.198667,
    "Hyperinflation": 0.430399,
    "Increased Lung Markings": 0.318264,
    "Interstitial Lung Disease": 0.083365,
    "Kyphosis": 0.167554,
    "Lesion": 0.408167,
    "Mass": 0.074885,
    "Nodule": 0.214481,
    "Osteophyte": 0.212142,
    "Pleural Effusion": 0.224982,
    "Pleural Thickening": 0.167216,
    "Pneumothorax": 0.152061,
    "Pulmonary Artery Enlargement": 0.069446,
    "Pulmonary Fibrosis": 0.067752,
    "Rib Fracture": 0.025369,
    "Scoliosis": 0.232229,
    "Subcutaneous Emphysema": 0.031866,
    "Thickening": 0.136807,
    "Volume Loss": 0.351405,
    "normal": 0.634629
  },
  "frontal_probs": {
    "Airspace Disease": 0.3119618594646454,
    "Bronchiectasis": 0.01616206020116806,
    "Bronchiolitis": 0.01988285593688488,
    "Bullous Disease": 0.040754202753305435,
    "Calcified Granuloma": 0.2957322299480438,
    "Calcinosis": 0.30177828669548035,
    "Cardiac Shadow (abnormal)": 0.10447736829519272,
    "Cardiomegaly": 0.25031018257141113,
    "Consolidation": 0.12229010462760925,
    "Degenerative Change": 0.41904589533805847,
    "Edema": 0.1723184436559677,
    "Effusion": 0.06432756036520004,
    "Emphysema": 0.12185043841600418,
    "Fibrosis": 0.2856239378452301,
    "Fractures": 0.2591506242752075,
    "Hernia": 0.21700657904148102,
    "Hyperinflation": 0.44595766067504883,
    "Increased Lung Markings": 0.3774125874042511,
    "Interstitial Lung Disease": 0.0762115940451622,
    "Kyphosis": 0.2218201458454132,
    "Lesion": 0.43488720059394836,
    "Mass": 0.039675623178482056,
    "Nodule": 0.22627988457679749,
    "Osteophyte": 0.2385467141866684,
    "Pleural Effusion": 0.2522156238555908,
    "Pleural Thickening": 0.17131300270557404,
    "Pneumothorax": 0.17924848198890686,
    "Pulmonary Artery Enlargement": 0.06649678200483322,
    "Pulmonary Fibrosis": 0.0701344758272171,
    "Rib Fracture": 0.026676911860704422,
    "Scoliosis": 0.25305816531181335,
    "Subcutaneous Emphysema": 0.03778180480003357,
    "Thickening": 0.14256247878074646,
    "Volume Loss": 0.4053502380847931,
    "normal": 0.5645049810409546
  },
  "lateral_probs": {
    "Airspace Disease": 0.3016108572483063,
    "Bronchiectasis": 0.043869029730558395,
    "Bronchiolitis": 0.003052186220884323,
    "Bullous Disease": 0.01385603565722704,
    "Calcified Granuloma": 0.3095797002315521,
    "Calcinosis": 0.28083229064941406,
    "Cardiac Shadow (abnormal)": 0.0776132196187973,
    "Cardiomegaly": 0.1960240602493286,
    "Consolidation": 0.220091313123703,
    "Degenerative Change": 0.36090603470802307,
    "Edema": 0.11659976840019226,
    "Effusion": 0.030784938484430313,
    "Emphysema": 0.15876267850399017,
    "Fibrosis": 0.2705763876438141,
    "Fractures": 0.16685543954372406,
    "Hernia": 0.16460871696472168,
    "Hyperinflation": 0.4015052914619446,
    "Increased Lung Markings": 0.2084151953458786,
    "Interstitial Lung Disease": 0.09665057808160782,
    "Kyphosis": 0.06677443534135818,
    "Lesion": 0.35854437947273254,
    "Mass": 0.1402733325958252,
    "Nodule": 0.19256822764873505,
    "Osteophyte": 0.1631060540676117,
    "Pleural Effusion": 0.17440426349639893,
    "Pleural Thickening": 0.15960820019245148,
    "Pneumothorax": 0.10156853497028351,
    "Pulmonary Artery Enlargement": 0.07492278516292572,
    "Pulmonary Fibrosis": 0.06332822144031525,
    "Rib Fracture": 0.022938907146453857,
    "Scoliosis": 0.19354534149169922,
    "Subcutaneous Emphysema": 0.020878512412309647,
    "Thickening": 0.12611813843250275,
    "Volume Loss": 0.2512211203575134,
    "normal": 0.7648587226867676
  }
}