{
  "uid": "3443",
  "frontal_image": "3443_IM-1667-1001.dcm.png",
  "lateral_image": "3443_IM-1667-2001.dcm.png",
  "fusion_mode": "weighted_avg(f=0.65,l=0.35)",
  "predicted_classes": [
    "normal"
  ],
  "resolved_classes": [
    "normal"
  ],
  "kg_classes": [
    "Normal"
  ],
  "num_predicted": 1,
  "conflict_resolution": "no_conflict",
  "is_uncertain": false,
  "uncertainty_reason": "",
  "inference_time_s": 0.2592,
  "gt_labels": "normal",
  "probabilities": {
    "Airspace Disease": 0.088036,
    "Bronchiectasis": 0.021976,
    "Bronchiolitis": 0.001506,
    "Bullous Disease": 0.006286,
    "Calcified Granuloma": 0.168154,
    "Calcinosis": 0.104991,
    "Cardiac Shadow (abnormal)": 0.040187,
    "Cardiomegaly": 0.125314,
    "Consolidation": 0.086023,
    "Degenerative Change": 0.166614,
    "Edema": 0.086825,
    "Effusion": 0.032338,
    "Emphysema": 0.077515,
    "Fibrosis": 0.103541,
    "Fractures": 0.06982,
    "Hernia": 0.057717,
    "Hyperinflation": 0.139147,
    "Increased Lung Markings": 0.071502,
    "Interstitial Lung Disease": 0.047919,
    "Kyphosis": 0.025072,
    "Lesion": 0.129926,
    "Mass": 0.034604,
    "Nodule": 0.089823,
    "Osteophyte": 0.074272,
    "Pleural Effusion": 0.060447,
    "Pleural Thickening": 0.082488,
    "Pneumothorax": 0.031227,
    "Pulmonary Artery Enlargement": 0.050342,
    "Pulmonary Fibrosis": 0.024539,
    "Rib Fracture": 0.011164,
    "Scoliosis": 0.092235,
    "Subcutaneous Emphysema": 0.007003,
    "Thickening": 0.070858,
    "Volume Loss": 0.102179,
    "normal": 0.896356
  },
  "frontal_probs": {
    "Airspace Disease": 0.0077408067882061005,
    "Bronchiectasis": 2.189824590459466e-05,
    "Bronchiolitis": 1.2734912161249667e-05,
    "Bullous Disease": 0.00019664560386445373,
    "Calcified Granuloma": 0.08896204084157944,
    "Calcinosis": 0.0415334552526474,
    "Cardiac Shadow (abnormal)": 0.0006589661934413016,
    "Cardiomegaly": 0.010639216750860214,
    "Consolidation": 0.0055825295858085155,
    "Degenerative Change": 0.04879216477274895,
    "Edema": 0.0011806918773800135,
    "Effusion": 0.0003313799970783293,
    "Emphysema": 0.00889764353632927,
    "Fibrosis": 0.01882086880505085,
    "Fractures": 0.020873676985502243,
    "Hernia": 0.0121886832639575,
    "Hyperinflation": 0.02552453801035881,
    "Increased Lung Markings": 0.012753963470458984,
    "Interstitial Lung Disease": 0.00663549080491066,
    "Kyphosis": 0.006859657354652882,
    "Lesion": 0.012731191702187061,
    "Mass": 0.0004988092114217579,
    "Nodule": 0.011944367550313473,
    "Osteophyte": 0.023352758958935738,
    "Pleural Effusion": 0.0031673007179051638,
    "Pleural Thickening": 0.008961779065430164,
    "Pneumothorax": 0.014827768318355083,
    "Pulmonary Artery Enlargement": 0.004075994715094566,
    "Pulmonary Fibrosis": 0.00018234382150694728,
    "Rib Fracture": 7.217349775601178e-05,
    "Scoliosis": 0.03223935887217522,
    "Subcutaneous Emphysema": 0.0001847417588578537,
    "Thickening": 0.005503038410097361,
    "Volume Loss": 0.01947382465004921,
    "normal": 0.9893127083778381
  },
  "lateral_probs": {
    "Airspace Disease": 0.2371564507484436,
    "Bronchiectasis": 0.06274744123220444,
    "Bronchiolitis": 0.004278897307813168,
    "Bullous Disease": 0.017595715820789337,
    "Calcified Granuloma": 0.3152233958244324,
    "Calcinosis": 0.22284093499183655,
    "Cardiac Shadow (abnormal)": 0.1135970875620842,
    "Cardiomegaly": 0.3382827639579773,
    "Consolidation": 0.23541297018527985,
    "Degenerative Change": 0.385424941778183,
    "Edema": 0.24587927758693695,
    "Effusion": 0.09177935123443604,
    "Emphysema": 0.20494723320007324,
    "Fibrosis": 0.2608770728111267,
    "Fractures": 0.16072173416614532,
    "Hernia": 0.14226898550987244,
    "Hyperinflation": 0.3501589298248291,
    "Increased Lung Markings": 0.18060508370399475,
    "Interstitial Lung Disease": 0.12458944320678711,
    "Kyphosis": 0.05889428034424782,
    "Lesion": 0.3475746810436249,
    "Mass": 0.09794124215841293,
    "Nodule": 0.23445582389831543,
    "Osteophyte": 0.16883550584316254,
    "Pleural Effusion": 0.1668235808610916,
    "Pleural Thickening": 0.2190355509519577,
    "Pneumothorax": 0.06168295815587044,
    "Pulmonary Artery Enlargement": 0.1362636834383011,
    "Pulmonary Fibrosis": 0.06977328658103943,
    "Rib Fracture": 0.031764063984155655,
    "Scoliosis": 0.2036551535129547,
    "Subcutaneous Emphysema": 0.019665760919451714,
    "Thickening": 0.19223140180110931,
    "Volume Loss": 0.2557753324508667,
    "normal": 0.7237208485603333
  }
}