{
  "uid": "3746",
  "frontal_image": "3746_IM-1872-1001.dcm.png",
  "lateral_image": "3746_IM-1872-1002.dcm.png",
  "fusion_mode": "weighted_avg(f=0.65,l=0.35)",
  "predicted_classes": [
    "normal"
  ],
  "resolved_classes": [
    "normal"
  ],
  "kg_classes": [
    "Normal"
  ],
  "num_predicted": 1,
  "conflict_resolution": "no_conflict",
  "is_uncertain": false,
  "uncertainty_reason": "",
  "inference_time_s": 0.2513,
  "gt_labels": "Degenerative Change;Hyperinflation",
  "probabilities": {
    "Airspace Disease": 0.11022,
    "Bronchiectasis": 0.025318,
    "Bronchiolitis": 0.002993,
    "Bullous Disease": 0.00911,
    "Calcified Granuloma": 0.23117,
    "Calcinosis": 0.168059,
    "Cardiac Shadow (abnormal)": 0.053686,
    "Cardiomegaly": 0.120965,
    "Consolidation": 0.068798,
    "Degenerative Change": 0.287302,
    "Edema": 0.067497,
    "Effusion": 0.029491,
    "Emphysema": 0.104716,
    "Fibrosis": 0.161495,
    "Fractures": 0.145769,
    "Hernia": 0.126662,
    "Hyperinflation": 0.21376,
    "Increased Lung Markings": 0.133957,
    "Interstitial Lung Disease": 0.082785,
    "Kyphosis": 0.036152,
    "Lesion": 0.200001,
    "Mass": 0.061152,
    "Nodule": 0.145608,
    "Osteophyte": 0.159102,
    "Pleural Effusion": 0.093267,
    "Pleural Thickening": 0.099133,
    "Pneumothorax": 0.047798,
    "Pulmonary Artery Enlargement": 0.036208,
    "Pulmonary Fibrosis": 0.035537,
    "Rib Fracture": 0.021761,
    "Scoliosis": 0.178063,
    "Subcutaneous Emphysema": 0.010006,
    "Thickening": 0.096339,
    "Volume Loss": 0.146078,
    "normal": 0.834872
  },
  "frontal_probs": {
    "Airspace Disease": 0.04071715101599693,
    "Bronchiectasis": 0.0007591249886900187,
    "Bronchiolitis": 0.0005332379951141775,
    "Bullous Disease": 0.0018934906693175435,
    "Calcified Granuloma": 0.16183726489543915,
    "Calcinosis": 0.10219716280698776,
    "Cardiac Shadow (abnormal)": 0.01266363263130188,
    "Cardiomegaly": 0.05252485349774361,
    "Consolidation": 0.01696697622537613,
    "Degenerative Change": 0.1995525062084198,
    "Edema": 0.018710916861891747,
    "Effusion": 0.003625907003879547,
    "Emphysema": 0.05650246515870094,
    "Fibrosis": 0.0913250669836998,
    "Fractures": 0.11480844020843506,
    "Hernia": 0.07228929549455643,
    "Hyperinflation": 0.13506267964839935,
    "Increased Lung Markings": 0.07956154644489288,
    "Interstitial Lung Disease": 0.03793209791183472,
    "Kyphosis": 0.014825539663434029,
    "Lesion": 0.10064049810171127,
    "Mass": 0.021389778703451157,
    "Nodule": 0.09685973078012466,
    "Osteophyte": 0.12693236768245697,
    "Pleural Effusion": 0.03712817654013634,
    "Pleural Thickening": 0.03803953155875206,
    "Pneumothorax": 0.025050081312656403,
    "Pulmonary Artery Enlargement": 0.011979511007666588,
    "Pulmonary Fibrosis": 0.003048710059374571,
    "Rib Fracture": 0.005151357036083937,
    "Scoliosis": 0.16029566526412964,
    "Subcutaneous Emphysema": 0.0018045968608930707,
    "Thickening": 0.04100840166211128,
    "Volume Loss": 0.06256207823753357,
    "normal": 0.9351075887680054
  },
  "lateral_probs": {
    "Airspace Disease": 0.23929639160633087,
    "Bronchiectasis": 0.07092738896608353,
    "Bronchiolitis": 0.007561315316706896,
    "Bullous Disease": 0.022511303424835205,
    "Calcified Granuloma": 0.3599306344985962,
    "Calcinosis": 0.2903750240802765,
    "Cardiac Shadow (abnormal)": 0.12987016141414642,
    "Cardiomegaly": 0.248068705201149,
    "Consolidation": 0.1650564819574356,
    "Degenerative Change": 0.45026394724845886,
    "Edema": 0.15810036659240723,
    "Effusion": 0.07752524316310883,
    "Emphysema": 0.1942550390958786,
    "Fibrosis": 0.29180988669395447,
    "Fractures": 0.20326603949069977,
    "Hernia": 0.2276390939950943,
    "Hyperinflation": 0.3599117696285248,
    "Increased Lung Markings": 0.2349778115749359,
    "Interstitial Lung Disease": 0.16608208417892456,
    "Kyphosis": 0.07575789093971252,
    "Lesion": 0.38452887535095215,
    "Mass": 0.13499732315540314,
    "Nodule": 0.23613949120044708,
    "Osteophyte": 0.21884499490261078,
    "Pleural Effusion": 0.19752353429794312,
    "Pleural Thickening": 0.21259358525276184,
    "Pneumothorax": 0.09004434198141098,
    "Pulmonary Artery Enlargement": 0.08120281249284744,
    "Pulmonary Fibrosis": 0.09587220102548599,
    "Rib Fracture": 0.05260747671127319,
    "Scoliosis": 0.21105998754501343,
    "Subcutaneous Emphysema": 0.025235986337065697,
    "Thickening": 0.19909463822841644,
    "Volume Loss": 0.3011787235736847,
    "normal": 0.6487212777137756
  }
}