{
  "uid": "3633",
  "frontal_image": "3633_IM-1800-1001.dcm.png",
  "lateral_image": "3633_IM-1800-1002.dcm.png",
  "fusion_mode": "weighted_avg(f=0.65,l=0.35)",
  "predicted_classes": [
    "normal"
  ],
  "resolved_classes": [
    "normal"
  ],
  "kg_classes": [
    "Normal"
  ],
  "num_predicted": 1,
  "conflict_resolution": "no_conflict",
  "is_uncertain": false,
  "uncertainty_reason": "",
  "inference_time_s": 0.2467,
  "gt_labels": "Degenerative Change;Hyperinflation",
  "probabilities": {
    "Airspace Disease": 0.071203,
    "Bronchiectasis": 0.013116,
    "Bronchiolitis": 0.001146,
    "Bullous Disease": 0.00572,
    "Calcified Granuloma": 0.186815,
    "Calcinosis": 0.133046,
    "Cardiac Shadow (abnormal)": 0.024937,
    "Cardiomegaly": 0.101986,
    "Consolidation": 0.038713,
    "Degenerative Change": 0.266135,
    "Edema": 0.03652,
    "Effusion": 0.0151,
    "Emphysema": 0.055331,
    "Fibrosis": 0.119943,
    "Fractures": 0.114551,
    "Hernia": 0.132916,
    "Hyperinflation": 0.158133,
    "Increased Lung Markings": 0.113993,
    "Interstitial Lung Disease": 0.05032,
    "Kyphosis": 0.040497,
    "Lesion": 0.125716,
    "Mass": 0.040316,
    "Nodule": 0.097003,
    "Osteophyte": 0.140446,
    "Pleural Effusion": 0.04928,
    "Pleural Thickening": 0.03361,
    "Pneumothorax": 0.042745,
    "Pulmonary Artery Enlargement": 0.034998,
    "Pulmonary Fibrosis": 0.023105,
    "Rib Fracture": 0.009784,
    "Scoliosis": 0.12442,
    "Subcutaneous Emphysema": 0.008683,
    "Thickening": 0.048436,
    "Volume Loss": 0.097728,
    "normal": 0.90857
  },
  "frontal_probs": {
    "Airspace Disease": 0.012947344221174717,
    "Bronchiectasis": 0.00012118209997424856,
    "Bronchiolitis": 0.0001577978691784665,
    "Bullous Disease": 0.00029844234813936055,
    "Calcified Granuloma": 0.11644763499498367,
    "Calcinosis": 0.054142989218235016,
    "Cardiac Shadow (abnormal)": 0.010475678369402885,
    "Cardiomegaly": 0.08942854404449463,
    "Consolidation": 0.005771566182374954,
    "Degenerative Change": 0.18626020848751068,
    "Edema": 0.005446283146739006,
    "Effusion": 0.0014121755957603455,
    "Emphysema": 0.005487626884132624,
    "Fibrosis": 0.04785384610295296,
    "Fractures": 0.05381392687559128,
    "Hernia": 0.1128796860575676,
    "Hyperinflation": 0.06382197886705399,
    "Increased Lung Markings": 0.055565912276506424,
    "Interstitial Lung Disease": 0.00574603583663702,
    "Kyphosis": 0.020683325827121735,
    "Lesion": 0.03256108984351158,
    "Mass": 0.006893763318657875,
    "Nodule": 0.04588000848889351,
    "Osteophyte": 0.1129908412694931,
    "Pleural Effusion": 0.005221091210842133,
    "Pleural Thickening": 0.006959928199648857,
    "Pneumothorax": 0.003520869417116046,
    "Pulmonary Artery Enlargement": 0.030259331688284874,
    "Pulmonary Fibrosis": 0.0008895178907550871,
    "Rib Fracture": 0.0008102027932181954,
    "Scoliosis": 0.06138963624835014,
    "Subcutaneous Emphysema": 0.000662483973428607,
    "Thickening": 0.007463610265403986,
    "Volume Loss": 0.038455892354249954,
    "normal": 0.9707715511322021
  },
  "lateral_probs": {
    "Airspace Disease": 0.17939160764217377,
    "Bronchiectasis": 0.037248361855745316,
    "Bronchiolitis": 0.0029817780014127493,
    "Bullous Disease": 0.01578960008919239,
    "Calcified Granuloma": 0.3174971044063568,
    "Calcinosis": 0.27957895398139954,
    "Cardiac Shadow (abnormal)": 0.051793523132801056,
    "Cardiomegaly": 0.12530800700187683,
    "Consolidation": 0.09989029169082642,
    "Degenerative Change": 0.4144729673862457,
    "Edema": 0.09422776848077774,
    "Effusion": 0.0405210480093956,
    "Emphysema": 0.14789704978466034,
    "Fibrosis": 0.2538228929042816,
    "Fractures": 0.22734779119491577,
    "Hernia": 0.17012637853622437,
    "Hyperinflation": 0.33328133821487427,
    "Increased Lung Markings": 0.22250086069107056,
    "Interstitial Lung Disease": 0.13309988379478455,
    "Kyphosis": 0.0772925540804863,
    "Lesion": 0.2987186908721924,
    "Mass": 0.1023862287402153,
    "Nodule": 0.1919461041688919,
    "Osteophyte": 0.1914355605840683,
    "Pleural Effusion": 0.13110323250293732,
    "Pleural Thickening": 0.08310268074274063,
    "Pneumothorax": 0.11559119075536728,
    "Pulmonary Artery Enlargement": 0.043799612671136856,
    "Pulmonary Fibrosis": 0.06436219811439514,
    "Rib Fracture": 0.026449106633663177,
    "Scoliosis": 0.2414751499891281,
    "Subcutaneous Emphysema": 0.023578030988574028,
    "Thickening": 0.12452725321054459,
    "Volume Loss": 0.2078043520450592,
    "normal": 0.7930516004562378
  }
}