{
  "uid": "3588",
  "frontal_image": "3588_IM-1766-1001.dcm.png",
  "lateral_image": "3588_IM-1766-2001.dcm.png",
  "fusion_mode": "weighted_avg(f=0.65,l=0.35)",
  "predicted_classes": [
    "normal"
  ],
  "resolved_classes": [
    "normal"
  ],
  "kg_classes": [
    "Normal"
  ],
  "num_predicted": 1,
  "conflict_resolution": "no_conflict",
  "is_uncertain": false,
  "uncertainty_reason": "",
  "inference_time_s": 0.2777,
  "gt_labels": "normal",
  "probabilities": {
    "Airspace Disease": 0.195812,
    "Bronchiectasis": 0.012172,
    "Bronchiolitis": 0.002517,
    "Bullous Disease": 0.008132,
    "Calcified Granuloma": 0.289859,
    "Calcinosis": 0.209927,
    "Cardiac Shadow (abnormal)": 0.074518,
    "Cardiomegaly": 0.179737,
    "Consolidation": 0.096537,
    "Degenerative Change": 0.382862,
    "Edema": 0.091738,
    "Effusion": 0.016399,
    "Emphysema": 0.12022,
    "Fibrosis": 0.28535,
    "Fractures": 0.164619,
    "Hernia": 0.152312,
    "Hyperinflation": 0.355395,
    "Increased Lung Markings": 0.179772,
    "Interstitial Lung Disease": 0.077266,
    "Kyphosis": 0.055006,
    "Lesion": 0.406462,
    "Mass": 0.035057,
    "Nodule": 0.220958,
    "Osteophyte": 0.193665,
    "Pleural Effusion": 0.126992,
    "Pleural Thickening": 0.135281,
    "Pneumothorax": 0.056815,
    "Pulmonary Artery Enlargement": 0.041514,
    "Pulmonary Fibrosis": 0.020895,
    "Rib Fracture": 0.014607,
    "Scoliosis": 0.182155,
    "Subcutaneous Emphysema": 0.009098,
    "Thickening": 0.09369,
    "Volume Loss": 0.25549,
    "normal": 0.750047
  },
  "frontal_probs": {
    "Airspace Disease": 0.18675227463245392,
    "Bronchiectasis": 0.00702574010938406,
    "Bronchiolitis": 0.0030852213967591524,
    "Bullous Disease": 0.007099812850356102,
    "Calcified Granuloma": 0.28071197867393494,
    "Calcinosis": 0.20479699969291687,
    "Cardiac Shadow (abnormal)": 0.0625932440161705,
    "Cardiomegaly": 0.15248820185661316,
    "Consolidation": 0.062400128692388535,
    "Degenerative Change": 0.36007362604141235,
    "Edema": 0.06762298196554184,
    "Effusion": 0.011547182686626911,
    "Emphysema": 0.10499026626348495,
    "Fibrosis": 0.30488327145576477,
    "Fractures": 0.1523979902267456,
    "Hernia": 0.166437566280365,
    "Hyperinflation": 0.35738223791122437,
    "Increased Lung Markings": 0.18027035892009735,
    "Interstitial Lung Disease": 0.05928216874599457,
    "Kyphosis": 0.051531169563531876,
    "Lesion": 0.40966856479644775,
    "Mass": 0.029804619029164314,
    "Nodule": 0.24724812805652618,
    "Osteophyte": 0.2266847789287567,
    "Pleural Effusion": 0.11187435686588287,
    "Pleural Thickening": 0.12442415952682495,
    "Pneumothorax": 0.04775196686387062,
    "Pulmonary Artery Enlargement": 0.035642024129629135,
    "Pulmonary Fibrosis": 0.012613321654498577,
    "Rib Fracture": 0.013789670541882515,
    "Scoliosis": 0.18300795555114746,
    "Subcutaneous Emphysema": 0.006611689459532499,
    "Thickening": 0.07102109491825104,
    "Volume Loss": 0.25459808111190796,
    "normal": 0.7439769506454468
  },
  "lateral_probs": {
    "Airspace Disease": 0.21263812482357025,
    "Bronchiectasis": 0.02172919362783432,
    "Bronchiolitis": 0.001461001462303102,
    "Bullous Disease": 0.010049606673419476,
    "Calcified Granuloma": 0.30684658885002136,
    "Calcinosis": 0.21945519745349884,
    "Cardiac Shadow (abnormal)": 0.09666351974010468,
    "Cardiomegaly": 0.23034054040908813,
    "Consolidation": 0.15993374586105347,
    "Degenerative Change": 0.42518433928489685,
    "Edema": 0.13652180135250092,
    "Effusion": 0.02540844865143299,
    "Emphysema": 0.1485041230916977,
    "Fibrosis": 0.24907337129116058,
    "Fractures": 0.18731574714183807,
    "Hernia": 0.1260777711868286,
    "Hyperinflation": 0.35170334577560425,
    "Increased Lung Markings": 0.17884577810764313,
    "Interstitial Lung Disease": 0.11066343635320663,
    "Kyphosis": 0.061459410935640335,
    "Lesion": 0.40050676465034485,
    "Mass": 0.044812243431806564,
    "Nodule": 0.17213290929794312,
    "Osteophyte": 0.1323431432247162,
    "Pleural Effusion": 0.1550663262605667,
    "Pleural Thickening": 0.15544241666793823,
    "Pneumothorax": 0.07364563643932343,
    "Pulmonary Artery Enlargement": 0.05241933465003967,
    "Pulmonary Fibrosis": 0.03627605736255646,
    "Rib Fracture": 0.016126085072755814,
    "Scoliosis": 0.1805715411901474,
    "Subcutaneous Emphysema": 0.013715730980038643,
    "Thickening": 0.13578930497169495,
    "Volume Loss": 0.2571457624435425,
    "normal": 0.7613186836242676
  }
}