{
  "uid": "3900",
  "frontal_image": "3900_IM-1980-1001.dcm.png",
  "lateral_image": "3900_IM-1980-2001.dcm.png",
  "fusion_mode": "weighted_avg(f=0.65,l=0.35)",
  "predicted_classes": [
    "normal"
  ],
  "resolved_classes": [
    "normal"
  ],
  "kg_classes": [
    "Normal"
  ],
  "num_predicted": 1,
  "conflict_resolution": "no_conflict",
  "is_uncertain": true,
  "uncertainty_reason": "normal_prob=0.638 (<0.73) with elevated disease scores: Degenerative Change=0.405, Lesion=0.371, Calcified Granuloma=0.364",
  "inference_time_s": 0.2467,
  "gt_labels": "normal",
  "probabilities": {
    "Airspace Disease": 0.299651,
    "Bronchiectasis": 0.016265,
    "Bronchiolitis": 0.006716,
    "Bullous Disease": 0.021486,
    "Calcified Granuloma": 0.364021,
    "Calcinosis": 0.257582,
    "Cardiac Shadow (abnormal)": 0.125568,
    "Cardiomegaly": 0.198302,
    "Consolidation": 0.176863,
    "Degenerative Change": 0.405457,
    "Edema": 0.132031,
    "Effusion": 0.030954,
    "Emphysema": 0.161051,
    "Fibrosis": 0.275532,
    "Fractures": 0.193686,
    "Hernia": 0.200702,
    "Hyperinflation": 0.361638,
    "Increased Lung Markings": 0.257984,
    "Interstitial Lung Disease": 0.126727,
    "Kyphosis": 0.139425,
    "Lesion": 0.371494,
    "Mass": 0.048902,
    "Nodule": 0.238461,
    "Osteophyte": 0.223317,
    "Pleural Effusion": 0.160749,
    "Pleural Thickening": 0.134188,
    "Pneumothorax": 0.115473,
    "Pulmonary Artery Enlargement": 0.085454,
    "Pulmonary Fibrosis": 0.047833,
    "Rib Fracture": 0.025686,
    "Scoliosis": 0.13865,
    "Subcutaneous Emphysema": 0.022438,
    "Thickening": 0.124793,
    "Volume Loss": 0.299385,
    "normal": 0.638063
  },
  "frontal_probs": {
    "Airspace Disease": 0.3358933925628662,
    "Bronchiectasis": 0.017897747457027435,
    "Bronchiolitis": 0.008057348430156708,
    "Bullous Disease": 0.025298085063695908,
    "Calcified Granuloma": 0.38489097356796265,
    "Calcinosis": 0.22230254113674164,
    "Cardiac Shadow (abnormal)": 0.1338823437690735,
    "Cardiomegaly": 0.1788046807050705,
    "Consolidation": 0.19716066122055054,
    "Degenerative Change": 0.3800354599952698,
    "Edema": 0.13622958958148956,
    "Effusion": 0.02322416380047798,
    "Emphysema": 0.16344889998435974,
    "Fibrosis": 0.26026517152786255,
    "Fractures": 0.1574511080980301,
    "Hernia": 0.22273944318294525,
    "Hyperinflation": 0.35512301325798035,
    "Increased Lung Markings": 0.2502049505710602,
    "Interstitial Lung Disease": 0.10500742495059967,
    "Kyphosis": 0.1052444577217102,
    "Lesion": 0.39469629526138306,
    "Mass": 0.036536697298288345,
    "Nodule": 0.28583818674087524,
    "Osteophyte": 0.2213955670595169,
    "Pleural Effusion": 0.16659606993198395,
    "Pleural Thickening": 0.1504720002412796,
    "Pneumothorax": 0.12409421056509018,
    "Pulmonary Artery Enlargement": 0.09281443804502487,
    "Pulmonary Fibrosis": 0.028602387756109238,
    "Rib Fracture": 0.027341745793819427,
    "Scoliosis": 0.1123892292380333,
    "Subcutaneous Emphysema": 0.01544804684817791,
    "Thickening": 0.14104214310646057,
    "Volume Loss": 0.3196658194065094,
    "normal": 0.5874588489532471
  },
  "lateral_probs": {
    "Airspace Disease": 0.23234258592128754,
    "Bronchiectasis": 0.013233651407063007,
    "Bronchiolitis": 0.004225282929837704,
    "Bullous Disease": 0.014405491761863232,
    "Calcified Granuloma": 0.32526299357414246,
    "Calcinosis": 0.3231014609336853,
    "Cardiac Shadow (abnormal)": 0.11012740433216095,
    "Cardiomegaly": 0.2345108985900879,
    "Consolidation": 0.13916635513305664,
    "Degenerative Change": 0.4526688754558563,
    "Edema": 0.12423435598611832,
    "Effusion": 0.04530807211995125,
    "Emphysema": 0.15659725666046143,
    "Fibrosis": 0.30388343334198,
    "Fractures": 0.26098060607910156,
    "Hernia": 0.15977409482002258,
    "Hyperinflation": 0.3737376928329468,
    "Increased Lung Markings": 0.27242979407310486,
    "Interstitial Lung Disease": 0.16706453263759613,
    "Kyphosis": 0.20290391147136688,
    "Lesion": 0.32840386033058167,
    "Mass": 0.07186555862426758,
    "Nodule": 0.15047575533390045,
    "Osteophyte": 0.22688396275043488,
    "Pleural Effusion": 0.14988893270492554,
    "Pleural Thickening": 0.1039472296833992,
    "Pneumothorax": 0.09946350753307343,
    "Pulmonary Artery Enlargement": 0.07178594172000885,
    "Pulmonary Fibrosis": 0.08354697376489639,
    "Rib Fracture": 0.02261214330792427,
    "Scoliosis": 0.18742038309574127,
    "Subcutaneous Emphysema": 0.03541963919997215,
    "Thickening": 0.09461624920368195,
    "Volume Loss": 0.26172006130218506,
    "normal": 0.7320424318313599
  }
}