{
  "uid": "3311",
  "frontal_image": "3311_IM-1586-1001.dcm.png",
  "lateral_image": "3311_IM-1586-3001.dcm.png",
  "fusion_mode": "weighted_avg(f=0.65,l=0.35)",
  "predicted_classes": [
    "normal"
  ],
  "resolved_classes": [
    "normal"
  ],
  "kg_classes": [
    "Normal"
  ],
  "num_predicted": 1,
  "conflict_resolution": "no_conflict",
  "is_uncertain": true,
  "uncertainty_reason": "normal_prob=0.557 (<0.73) with elevated disease scores: Degenerative Change=0.499, Lesion=0.492, Hyperinflation=0.411",
  "inference_time_s": 0.2797,
  "gt_labels": "normal",
  "probabilities": {
    "Airspace Disease": 0.322786,
    "Bronchiectasis": 0.044658,
    "Bronchiolitis": 0.01454,
    "Bullous Disease": 0.047171,
    "Calcified Granuloma": 0.408438,
    "Calcinosis": 0.329005,
    "Cardiac Shadow (abnormal)": 0.1589,
    "Cardiomegaly": 0.303606,
    "Consolidation": 0.169972,
    "Degenerative Change": 0.499049,
    "Edema": 0.165293,
    "Effusion": 0.041307,
    "Emphysema": 0.314323,
    "Fibrosis": 0.333406,
    "Fractures": 0.235158,
    "Hernia": 0.274169,
    "Hyperinflation": 0.410741,
    "Increased Lung Markings": 0.248091,
    "Interstitial Lung Disease": 0.206244,
    "Kyphosis": 0.208923,
    "Lesion": 0.492266,
    "Mass": 0.091344,
    "Nodule": 0.190054,
    "Osteophyte": 0.239845,
    "Pleural Effusion": 0.332181,
    "Pleural Thickening": 0.317245,
    "Pneumothorax": 0.109418,
    "Pulmonary Artery Enlargement": 0.120953,
    "Pulmonary Fibrosis": 0.075006,
    "Rib Fracture": 0.043055,
    "Scoliosis": 0.260923,
    "Subcutaneous Emphysema": 0.040674,
    "Thickening": 0.208035,
    "Volume Loss": 0.374762,
    "normal": 0.55687
  },
  "frontal_probs": {
    "Airspace Disease": 0.2949841022491455,
    "Bronchiectasis": 0.036615580320358276,
    "Bronchiolitis": 0.0146445631980896,
    "Bullous Disease": 0.051307059824466705,
    "Calcified Granuloma": 0.4022993743419647,
    "Calcinosis": 0.31192007660865784,
    "Cardiac Shadow (abnormal)": 0.15580645203590393,
    "Cardiomegaly": 0.293584942817688,
    "Consolidation": 0.14552448689937592,
    "Degenerative Change": 0.49552130699157715,
    "Edema": 0.14499254524707794,
    "Effusion": 0.034420061856508255,
    "Emphysema": 0.31192347407341003,
    "Fibrosis": 0.33308061957359314,
    "Fractures": 0.22995087504386902,
    "Hernia": 0.2912360727787018,
    "Hyperinflation": 0.3853510320186615,
    "Increased Lung Markings": 0.22978563606739044,
    "Interstitial Lung Disease": 0.20539066195487976,
    "Kyphosis": 0.2378108948469162,
    "Lesion": 0.49086546897888184,
    "Mass": 0.07493076473474503,
    "Nodule": 0.17306356132030487,
    "Osteophyte": 0.24183815717697144,
    "Pleural Effusion": 0.3405464291572571,
    "Pleural Thickening": 0.3316238224506378,
    "Pneumothorax": 0.10050299018621445,
    "Pulmonary Artery Enlargement": 0.14006879925727844,
    "Pulmonary Fibrosis": 0.06214486435055733,
    "Rib Fracture": 0.03861388564109802,
    "Scoliosis": 0.2834679186344147,
    "Subcutaneous Emphysema": 0.0353202186524868,
    "Thickening": 0.22577187418937683,
    "Volume Loss": 0.371526837348938,
    "normal": 0.5563365817070007
  },
  "lateral_probs": {
    "Airspace Disease": 0.37441834807395935,
    "Bronchiectasis": 0.059594009071588516,
    "Bronchiolitis": 0.01434518676251173,
    "Bullous Disease": 0.03949068486690521,
    "Calcified Granuloma": 0.4198370575904846,
    "Calcinosis": 0.3607335388660431,
    "Cardiac Shadow (abnormal)": 0.1646447330713272,
    "Cardiomegaly": 0.3222152590751648,
    "Consolidation": 0.21537309885025024,
    "Degenerative Change": 0.505600094795227,
    "Edema": 0.20299437642097473,
    "Effusion": 0.05409765988588333,
    "Emphysema": 0.31877991557121277,
    "Fibrosis": 0.3340107500553131,
    "Fractures": 0.24482853710651398,
    "Hernia": 0.24247369170188904,
    "Hyperinflation": 0.45789405703544617,
    "Increased Lung Markings": 0.28208598494529724,
    "Interstitial Lung Disease": 0.2078283429145813,
    "Kyphosis": 0.15527409315109253,
    "Lesion": 0.49486663937568665,
    "Mass": 0.12182485312223434,
    "Nodule": 0.22160670161247253,
    "Osteophyte": 0.23614412546157837,
    "Pleural Effusion": 0.31664422154426575,
    "Pleural Thickening": 0.29054129123687744,
    "Pneumothorax": 0.12597398459911346,
    "Pulmonary Artery Enlargement": 0.08545184135437012,
    "Pulmonary Fibrosis": 0.09889120608568192,
    "Rib Fracture": 0.05130251124501228,
    "Scoliosis": 0.21905280649662018,
    "Subcutaneous Emphysema": 0.05061642825603485,
    "Thickening": 0.17509368062019348,
    "Volume Loss": 0.3807709515094757,
    "normal": 0.5578600168228149
  }
}