{
  "uid": "3687",
  "frontal_image": "3687_IM-1838-2001.dcm.png",
  "lateral_image": "3687_IM-1838-1001.dcm.png",
  "fusion_mode": "weighted_avg(f=0.65,l=0.35)",
  "predicted_classes": [
    "Lesion",
    "Hyperinflation"
  ],
  "resolved_classes": [
    "Lesion",
    "Hyperinflation"
  ],
  "kg_classes": [
    "Lesion",
    "Hyperinflation"
  ],
  "num_predicted": 2,
  "conflict_resolution": "no_conflict",
  "is_uncertain": false,
  "uncertainty_reason": "",
  "inference_time_s": 0.257,
  "gt_labels": "Airspace Disease;Lesion;Volume Loss",
  "probabilities": {
    "Airspace Disease": 0.400123,
    "Bronchiectasis": 0.041611,
    "Bronchiolitis": 0.022171,
    "Bullous Disease": 0.06943,
    "Calcified Granuloma": 0.273591,
    "Calcinosis": 0.327168,
    "Cardiac Shadow (abnormal)": 0.289306,
    "Cardiomegaly": 0.497781,
    "Consolidation": 0.201856,
    "Degenerative Change": 0.442827,
    "Edema": 0.356839,
    "Effusion": 0.146676,
    "Emphysema": 0.163284,
    "Fibrosis": 0.281577,
    "Fractures": 0.302946,
    "Hernia": 0.243264,
    "Hyperinflation": 0.518204,
    "Increased Lung Markings": 0.356307,
    "Interstitial Lung Disease": 0.176568,
    "Kyphosis": 0.183128,
    "Lesion": 0.548198,
    "Mass": 0.102022,
    "Nodule": 0.214774,
    "Osteophyte": 0.193373,
    "Pleural Effusion": 0.376846,
    "Pleural Thickening": 0.20147,
    "Pneumothorax": 0.270881,
    "Pulmonary Artery Enlargement": 0.094641,
    "Pulmonary Fibrosis": 0.170177,
    "Rib Fracture": 0.053442,
    "Scoliosis": 0.249961,
    "Subcutaneous Emphysema": 0.089956,
    "Thickening": 0.236873,
    "Volume Loss": 0.432682,
    "normal": 0.484729
  },
  "frontal_probs": {
    "Airspace Disease": 0.40321460366249084,
    "Bronchiectasis": 0.04657432809472084,
    "Bronchiolitis": 0.030768176540732384,
    "Bullous Disease": 0.08561105281114578,
    "Calcified Granuloma": 0.29641446471214294,
    "Calcinosis": 0.3695903718471527,
    "Cardiac Shadow (abnormal)": 0.2740131914615631,
    "Cardiomegaly": 0.4989762306213379,
    "Consolidation": 0.23965616524219513,
    "Degenerative Change": 0.453742116689682,
    "Edema": 0.3661915957927704,
    "Effusion": 0.17712052166461945,
    "Emphysema": 0.16798090934753418,
    "Fibrosis": 0.3157569468021393,
    "Fractures": 0.3773547112941742,
    "Hernia": 0.29080960154533386,
    "Hyperinflation": 0.46164917945861816,
    "Increased Lung Markings": 0.3393809497356415,
    "Interstitial Lung Disease": 0.16522613167762756,
    "Kyphosis": 0.1949649155139923,
    "Lesion": 0.5290311574935913,
    "Mass": 0.1358020007610321,
    "Nodule": 0.2379571497440338,
    "Osteophyte": 0.2287295013666153,
    "Pleural Effusion": 0.3631862699985504,
    "Pleural Thickening": 0.23003000020980835,
    "Pneumothorax": 0.35821008682250977,
    "Pulmonary Artery Enlargement": 0.10971224308013916,
    "Pulmonary Fibrosis": 0.2238253802061081,
    "Rib Fracture": 0.07196930050849915,
    "Scoliosis": 0.29875677824020386,
    "Subcutaneous Emphysema": 0.12446508556604385,
    "Thickening": 0.2891431748867035,
    "Volume Loss": 0.44495469331741333,
    "normal": 0.48518601059913635
  },
  "lateral_probs": {
    "Airspace Disease": 0.3943825662136078,
    "Bronchiectasis": 0.03239303454756737,
    "Bronchiolitis": 0.0062044342048466206,
    "Bullous Disease": 0.03938073664903641,
    "Calcified Granuloma": 0.2312053143978119,
    "Calcinosis": 0.24838431179523468,
    "Cardiac Shadow (abnormal)": 0.3177083134651184,
    "Cardiomegaly": 0.49556270241737366,
    "Consolidation": 0.13165587186813354,
    "Degenerative Change": 0.42255643010139465,
    "Edema": 0.33946916460990906,
    "Effusion": 0.09013645350933075,
    "Emphysema": 0.1545601189136505,
    "Fibrosis": 0.21809928119182587,
    "Fractures": 0.16475854814052582,
    "Hernia": 0.15496371686458588,
    "Hyperinflation": 0.6232345104217529,
    "Increased Lung Markings": 0.38774004578590393,
    "Interstitial Lung Disease": 0.19763250648975372,
    "Kyphosis": 0.16114625334739685,
    "Lesion": 0.5837938189506531,
    "Mass": 0.039287466555833817,
    "Nodule": 0.1717202365398407,
    "Osteophyte": 0.1277121901512146,
    "Pleural Effusion": 0.4022134244441986,
    "Pleural Thickening": 0.14843012392520905,
    "Pneumothorax": 0.10869713872671127,
    "Pulmonary Artery Enlargement": 0.06665069609880447,
    "Pulmonary Fibrosis": 0.07054555416107178,
    "Rib Fracture": 0.019035499542951584,
    "Scoliosis": 0.15934105217456818,
    "Subcutaneous Emphysema": 0.025866802781820297,
    "Thickening": 0.1397986114025116,
    "Volume Loss": 0.4098896086215973,
    "normal": 0.48387956619262695
  }
}