{
  "uid": "3816",
  "frontal_image": "3816_IM-1925-1001.dcm.png",
  "lateral_image": "3816_IM-1925-2001.dcm.png",
  "fusion_mode": "weighted_avg(f=0.65,l=0.35)",
  "predicted_classes": [
    "normal"
  ],
  "resolved_classes": [
    "normal"
  ],
  "kg_classes": [
    "Normal"
  ],
  "num_predicted": 1,
  "conflict_resolution": "no_conflict",
  "is_uncertain": true,
  "uncertainty_reason": "normal_prob=0.599 (<0.73) with elevated disease scores: Degenerative Change=0.471, Cardiomegaly=0.460, Lesion=0.436",
  "inference_time_s": 0.2337,
  "gt_labels": "Degenerative Change",
  "probabilities": {
    "Airspace Disease": 0.263068,
    "Bronchiectasis": 0.045287,
    "Bronchiolitis": 0.022287,
    "Bullous Disease": 0.045818,
    "Calcified Granuloma": 0.345479,
    "Calcinosis": 0.312122,
    "Cardiac Shadow (abnormal)": 0.230682,
    "Cardiomegaly": 0.460035,
    "Consolidation": 0.141453,
    "Degenerative Change": 0.470728,
    "Edema": 0.275605,
    "Effusion": 0.067243,
    "Emphysema": 0.165907,
    "Fibrosis": 0.307574,
    "Fractures": 0.214491,
    "Hernia": 0.281144,
    "Hyperinflation": 0.418156,
    "Increased Lung Markings": 0.330745,
    "Interstitial Lung Disease": 0.160097,
    "Kyphosis": 0.209612,
    "Lesion": 0.436438,
    "Mass": 0.109116,
    "Nodule": 0.211925,
    "Osteophyte": 0.209958,
    "Pleural Effusion": 0.258108,
    "Pleural Thickening": 0.205073,
    "Pneumothorax": 0.085328,
    "Pulmonary Artery Enlargement": 0.180697,
    "Pulmonary Fibrosis": 0.083318,
    "Rib Fracture": 0.041966,
    "Scoliosis": 0.243649,
    "Subcutaneous Emphysema": 0.032377,
    "Thickening": 0.21382,
    "Volume Loss": 0.366841,
    "normal": 0.59902
  },
  "frontal_probs": {
    "Airspace Disease": 0.26608163118362427,
    "Bronchiectasis": 0.04817228764295578,
    "Bronchiolitis": 0.03164399042725563,
    "Bullous Disease": 0.05167997255921364,
    "Calcified Granuloma": 0.3508605360984802,
    "Calcinosis": 0.33339259028434753,
    "Cardiac Shadow (abnormal)": 0.24847684800624847,
    "Cardiomegaly": 0.525531530380249,
    "Consolidation": 0.1540466547012329,
    "Degenerative Change": 0.4951433539390564,
    "Edema": 0.2890837490558624,
    "Effusion": 0.0758327767252922,
    "Emphysema": 0.13982179760932922,
    "Fibrosis": 0.3457593321800232,
    "Fractures": 0.23865634202957153,
    "Hernia": 0.33483126759529114,
    "Hyperinflation": 0.43408018350601196,
    "Increased Lung Markings": 0.34673357009887695,
    "Interstitial Lung Disease": 0.13986992835998535,
    "Kyphosis": 0.2679833173751831,
    "Lesion": 0.4793056547641754,
    "Mass": 0.12325353175401688,
    "Nodule": 0.21485133469104767,
    "Osteophyte": 0.20844011008739471,
    "Pleural Effusion": 0.2874756455421448,
    "Pleural Thickening": 0.22201699018478394,
    "Pneumothorax": 0.08316836506128311,
    "Pulmonary Artery Enlargement": 0.22596552968025208,
    "Pulmonary Fibrosis": 0.09303692728281021,
    "Rib Fracture": 0.04932519793510437,
    "Scoliosis": 0.26661837100982666,
    "Subcutaneous Emphysema": 0.03791642561554909,
    "Thickening": 0.23769418895244598,
    "Volume Loss": 0.4190673232078552,
    "normal": 0.5614579319953918
  },
  "lateral_probs": {
    "Airspace Disease": 0.2574724853038788,
    "Bronchiectasis": 0.03992791846394539,
    "Bronchiolitis": 0.0049109370447695255,
    "Bullous Disease": 0.0349322110414505,
    "Calcified Granuloma": 0.33548402786254883,
    "Calcinosis": 0.2726198136806488,
    "Cardiac Shadow (abnormal)": 0.19763445854187012,
    "Cardiomegaly": 0.3384000062942505,
    "Consolidation": 0.11806594580411911,
    "Degenerative Change": 0.42538610100746155,
    "Edema": 0.2505744397640228,
    "Effusion": 0.05128990858793259,
    "Emphysema": 0.2143513560295105,
    "Fibrosis": 0.23665830492973328,
    "Fractures": 0.16961203515529633,
    "Hernia": 0.1814388483762741,
    "Hyperinflation": 0.38858193159103394,
    "Increased Lung Markings": 0.3010518550872803,
    "Interstitial Lung Disease": 0.19766061007976532,
    "Kyphosis": 0.10120916366577148,
    "Lesion": 0.3568265438079834,
    "Mass": 0.08286019414663315,
    "Nodule": 0.20648983120918274,
    "Osteophyte": 0.2127779722213745,
    "Pleural Effusion": 0.20356793701648712,
    "Pleural Thickening": 0.1736053228378296,
    "Pneumothorax": 0.08933749794960022,
    "Pulmonary Artery Enlargement": 0.09662798792123795,
    "Pulmonary Fibrosis": 0.0652693435549736,
    "Rib Fracture": 0.028298236429691315,
    "Scoliosis": 0.20099298655986786,
    "Subcutaneous Emphysema": 0.022088535130023956,
    "Thickening": 0.16948312520980835,
    "Volume Loss": 0.2698497176170349,
    "normal": 0.6687785387039185
  }
}