{
  "uid": "3307",
  "frontal_image": "3307_IM-1582-1002001.dcm.png|3307_IM-1582-1003002.dcm.png|3307_IM-1582-1004003.dcm.png",
  "lateral_image": "3307_IM-1582-1005004.dcm.png",
  "fusion_mode": "weighted_avg(f=0.65,l=0.35)",
  "predicted_classes": [
    "normal"
  ],
  "resolved_classes": [
    "normal"
  ],
  "kg_classes": [
    "Normal"
  ],
  "num_predicted": 1,
  "conflict_resolution": "no_conflict",
  "is_uncertain": true,
  "uncertainty_reason": "normal_prob=0.714 (<0.73) with elevated disease scores: Degenerative Change=0.337, Lesion=0.335",
  "inference_time_s": 0.5211,
  "gt_labels": "normal",
  "probabilities": {
    "Airspace Disease": 0.208007,
    "Bronchiectasis": 0.051,
    "Bronchiolitis": 0.01594,
    "Bullous Disease": 0.035127,
    "Calcified Granuloma": 0.3014,
    "Calcinosis": 0.294555,
    "Cardiac Shadow (abnormal)": 0.140549,
    "Cardiomegaly": 0.255027,
    "Consolidation": 0.172715,
    "Degenerative Change": 0.336987,
    "Edema": 0.154013,
    "Effusion": 0.040359,
    "Emphysema": 0.200928,
    "Fibrosis": 0.238741,
    "Fractures": 0.160826,
    "Hernia": 0.193341,
    "Hyperinflation": 0.307786,
    "Increased Lung Markings": 0.198166,
    "Interstitial Lung Disease": 0.144959,
    "Kyphosis": 0.099218,
    "Lesion": 0.335307,
    "Mass": 0.053927,
    "Nodule": 0.181847,
    "Osteophyte": 0.196445,
    "Pleural Effusion": 0.156121,
    "Pleural Thickening": 0.151789,
    "Pneumothorax": 0.038814,
    "Pulmonary Artery Enlargement": 0.095527,
    "Pulmonary Fibrosis": 0.073148,
    "Rib Fracture": 0.031999,
    "Scoliosis": 0.145666,
    "Subcutaneous Emphysema": 0.029434,
    "Thickening": 0.152736,
    "Volume Loss": 0.241791,
    "normal": 0.714215
  },
  "frontal_probs": {
    "Airspace Disease": 0.271546537677447,
    "Bronchiectasis": 0.07104513421654701,
    "Bronchiolitis": 0.02441960076491038,
    "Bullous Disease": 0.05231364009281,
    "Calcified Granuloma": 0.32585195700327557,
    "Calcinosis": 0.33842524886131287,
    "Cardiac Shadow (abnormal)": 0.20334591964880624,
    "Cardiomegaly": 0.3433592766523361,
    "Consolidation": 0.23546271522839865,
    "Degenerative Change": 0.35583730538686115,
    "Edema": 0.20715505381425223,
    "Effusion": 0.05737239867448807,
    "Emphysema": 0.2749159236749013,
    "Fibrosis": 0.27254003783067066,
    "Fractures": 0.17735683421293894,
    "Hernia": 0.2660367488861084,
    "Hyperinflation": 0.3471376746892929,
    "Increased Lung Markings": 0.24826793372631073,
    "Interstitial Lung Disease": 0.19607675323883691,
    "Kyphosis": 0.14373248318831125,
    "Lesion": 0.407153844833374,
    "Mass": 0.06721879790226619,
    "Nodule": 0.20517764488855997,
    "Osteophyte": 0.24771098295847574,
    "Pleural Effusion": 0.22059135511517525,
    "Pleural Thickening": 0.200960506995519,
    "Pneumothorax": 0.05474824706713358,
    "Pulmonary Artery Enlargement": 0.12992078562577566,
    "Pulmonary Fibrosis": 0.09978635609149933,
    "Rib Fracture": 0.047253930009901524,
    "Scoliosis": 0.16771540542443594,
    "Subcutaneous Emphysema": 0.042695880557099976,
    "Thickening": 0.19553207606077194,
    "Volume Loss": 0.3134197990099589,
    "normal": 0.617983857790629
  },
  "lateral_probs": {
    "Airspace Disease": 0.09000598639249802,
    "Bronchiectasis": 0.013773596845567226,
    "Bronchiolitis": 0.00019163877004757524,
    "Bullous Disease": 0.003208414651453495,
    "Calcified Granuloma": 0.25598934292793274,
    "Calcinosis": 0.21308119595050812,
    "Cardiac Shadow (abnormal)": 0.02392646297812462,
    "Cardiomegaly": 0.09098107367753983,
    "Consolidation": 0.056183505803346634,
    "Degenerative Change": 0.3019793927669525,
    "Edema": 0.05531994625926018,
    "Effusion": 0.008763284422457218,
    "Emphysema": 0.06352159380912781,
    "Fibrosis": 0.17597132921218872,
    "Fractures": 0.13012529909610748,
    "Hernia": 0.05833479017019272,
    "Hyperinflation": 0.23470304906368256,
    "Increased Lung Markings": 0.10511836409568787,
    "Interstitial Lung Disease": 0.05002705007791519,
    "Kyphosis": 0.016547424718737602,
    "Lesion": 0.20187827944755554,
    "Mass": 0.029243411496281624,
    "Nodule": 0.13851796090602875,
    "Osteophyte": 0.10123714804649353,
    "Pleural Effusion": 0.03638920187950134,
    "Pleural Thickening": 0.060470275580883026,
    "Pneumothorax": 0.009223164059221745,
    "Pulmonary Artery Enlargement": 0.03165355697274208,
    "Pulmonary Fibrosis": 0.023675965145230293,
    "Rib Fracture": 0.0036686586681753397,
    "Scoliosis": 0.10471843928098679,
    "Subcutaneous Emphysema": 0.004803799092769623,
    "Thickening": 0.0732586458325386,
    "Volume Loss": 0.10876605659723282,
    "normal": 0.8929306268692017
  }
}