{
  "uid": "3459",
  "frontal_image": "3459_IM-1679-1001.dcm.png",
  "lateral_image": "3459_IM-1679-2001.dcm.png",
  "fusion_mode": "weighted_avg(f=0.65,l=0.35)",
  "predicted_classes": [
    "normal"
  ],
  "resolved_classes": [
    "normal"
  ],
  "kg_classes": [
    "Normal"
  ],
  "num_predicted": 1,
  "conflict_resolution": "no_conflict",
  "is_uncertain": true,
  "uncertainty_reason": "normal_prob=0.703 (<0.73) with elevated disease scores: Degenerative Change=0.431, Calcified Granuloma=0.428, Emphysema=0.369",
  "inference_time_s": 0.2597,
  "gt_labels": "Calcified Granuloma;Calcinosis;Degenerative Change;Nodule",
  "probabilities": {
    "Airspace Disease": 0.234389,
    "Bronchiectasis": 0.028768,
    "Bronchiolitis": 0.005285,
    "Bullous Disease": 0.033453,
    "Calcified Granuloma": 0.427758,
    "Calcinosis": 0.289338,
    "Cardiac Shadow (abnormal)": 0.062241,
    "Cardiomegaly": 0.135713,
    "Consolidation": 0.153192,
    "Degenerative Change": 0.431142,
    "Edema": 0.100038,
    "Effusion": 0.02418,
    "Emphysema": 0.368639,
    "Fibrosis": 0.260641,
    "Fractures": 0.182944,
    "Hernia": 0.170429,
    "Hyperinflation": 0.361279,
    "Increased Lung Markings": 0.15059,
    "Interstitial Lung Disease": 0.186001,
    "Kyphosis": 0.069705,
    "Lesion": 0.354418,
    "Mass": 0.053699,
    "Nodule": 0.221676,
    "Osteophyte": 0.209097,
    "Pleural Effusion": 0.090127,
    "Pleural Thickening": 0.148596,
    "Pneumothorax": 0.051485,
    "Pulmonary Artery Enlargement": 0.053292,
    "Pulmonary Fibrosis": 0.05133,
    "Rib Fracture": 0.023089,
    "Scoliosis": 0.126535,
    "Subcutaneous Emphysema": 0.014846,
    "Thickening": 0.119072,
    "Volume Loss": 0.201374,
    "normal": 0.70262
  },
  "frontal_probs": {
    "Airspace Disease": 0.24494557082653046,
    "Bronchiectasis": 0.01168549619615078,
    "Bronchiolitis": 0.0072512077167630196,
    "Bullous Disease": 0.044789135456085205,
    "Calcified Granuloma": 0.4712887108325958,
    "Calcinosis": 0.31017908453941345,
    "Cardiac Shadow (abnormal)": 0.05709615349769592,
    "Cardiomegaly": 0.07269148528575897,
    "Consolidation": 0.14317961037158966,
    "Degenerative Change": 0.4533155560493469,
    "Edema": 0.07130184024572372,
    "Effusion": 0.006821573246270418,
    "Emphysema": 0.4608650207519531,
    "Fibrosis": 0.24782797694206238,
    "Fractures": 0.19891716539859772,
    "Hernia": 0.1934507042169571,
    "Hyperinflation": 0.3636693060398102,
    "Increased Lung Markings": 0.14212846755981445,
    "Interstitial Lung Disease": 0.2321341633796692,
    "Kyphosis": 0.09162174165248871,
    "Lesion": 0.35092422366142273,
    "Mass": 0.05203842371702194,
    "Nodule": 0.23853488266468048,
    "Osteophyte": 0.22141648828983307,
    "Pleural Effusion": 0.06147776171565056,
    "Pleural Thickening": 0.12780044972896576,
    "Pneumothorax": 0.04676617681980133,
    "Pulmonary Artery Enlargement": 0.04667407274246216,
    "Pulmonary Fibrosis": 0.043603114783763885,
    "Rib Fracture": 0.02330523356795311,
    "Scoliosis": 0.11100511997938156,
    "Subcutaneous Emphysema": 0.013848615810275078,
    "Thickening": 0.11808857321739197,
    "Volume Loss": 0.17909646034240723,
    "normal": 0.6874328255653381
  },
  "lateral_probs": {
    "Airspace Disease": 0.21478502452373505,
    "Bronchiectasis": 0.060492582619190216,
    "Bronchiolitis": 0.0016324035823345184,
    "Bullous Disease": 0.012399832718074322,
    "Calcified Granuloma": 0.3469158411026001,
    "Calcinosis": 0.2506330609321594,
    "Cardiac Shadow (abnormal)": 0.07179700583219528,
    "Cardiomegaly": 0.2527523636817932,
    "Consolidation": 0.1717863827943802,
    "Degenerative Change": 0.389963299036026,
    "Edema": 0.15340586006641388,
    "Effusion": 0.05641614645719528,
    "Emphysema": 0.1973619908094406,
    "Fibrosis": 0.28443577885627747,
    "Fractures": 0.15327924489974976,
    "Hernia": 0.1276744306087494,
    "Hyperinflation": 0.35683923959732056,
    "Increased Lung Markings": 0.1663055717945099,
    "Interstitial Lung Disease": 0.1003251001238823,
    "Kyphosis": 0.029003899544477463,
    "Lesion": 0.36090534925460815,
    "Mass": 0.056784216314554214,
    "Nodule": 0.19036567211151123,
    "Osteophyte": 0.18621759116649628,
    "Pleural Effusion": 0.14333337545394897,
    "Pleural Thickening": 0.18721626698970795,
    "Pneumothorax": 0.060248274356126785,
    "Pulmonary Artery Enlargement": 0.06558195501565933,
    "Pulmonary Fibrosis": 0.06567979604005814,
    "Rib Fracture": 0.022687293589115143,
    "Scoliosis": 0.15537609159946442,
    "Subcutaneous Emphysema": 0.016697116196155548,
    "Thickening": 0.12089856714010239,
    "Volume Loss": 0.2427479475736618,
    "normal": 0.7308236360549927
  }
}