{
  "uid": "3523",
  "frontal_image": "3523_IM-1721-1001.dcm.png",
  "lateral_image": "3523_IM-1721-1002.dcm.png",
  "fusion_mode": "weighted_avg(f=0.65,l=0.35)",
  "predicted_classes": [
    "normal",
    "Emphysema"
  ],
  "resolved_classes": [
    "Emphysema"
  ],
  "kg_classes": [
    "Emphysema"
  ],
  "num_predicted": 1,
  "conflict_resolution": "disease_dominates",
  "is_uncertain": false,
  "uncertainty_reason": "",
  "inference_time_s": 0.2551,
  "gt_labels": "Degenerative Change",
  "probabilities": {
    "Airspace Disease": 0.273397,
    "Bronchiectasis": 0.196332,
    "Bronchiolitis": 0.045488,
    "Bullous Disease": 0.118119,
    "Calcified Granuloma": 0.433284,
    "Calcinosis": 0.411027,
    "Cardiac Shadow (abnormal)": 0.149948,
    "Cardiomegaly": 0.264293,
    "Consolidation": 0.253826,
    "Degenerative Change": 0.498905,
    "Edema": 0.230154,
    "Effusion": 0.087099,
    "Emphysema": 0.504502,
    "Fibrosis": 0.433227,
    "Fractures": 0.265187,
    "Hernia": 0.225166,
    "Hyperinflation": 0.458757,
    "Increased Lung Markings": 0.286285,
    "Interstitial Lung Disease": 0.357085,
    "Kyphosis": 0.182849,
    "Lesion": 0.48741,
    "Mass": 0.175373,
    "Nodule": 0.260719,
    "Osteophyte": 0.229214,
    "Pleural Effusion": 0.289573,
    "Pleural Thickening": 0.27843,
    "Pneumothorax": 0.098403,
    "Pulmonary Artery Enlargement": 0.085278,
    "Pulmonary Fibrosis": 0.186241,
    "Rib Fracture": 0.078324,
    "Scoliosis": 0.227084,
    "Subcutaneous Emphysema": 0.075998,
    "Thickening": 0.229469,
    "Volume Loss": 0.345205,
    "normal": 0.517909
  },
  "frontal_probs": {
    "Airspace Disease": 0.2644559144973755,
    "Bronchiectasis": 0.23520547151565552,
    "Bronchiolitis": 0.06270693242549896,
    "Bullous Disease": 0.1534332036972046,
    "Calcified Granuloma": 0.46583548188209534,
    "Calcinosis": 0.4570593535900116,
    "Cardiac Shadow (abnormal)": 0.13534049689769745,
    "Cardiomegaly": 0.2010459154844284,
    "Consolidation": 0.23143909871578217,
    "Degenerative Change": 0.5296288728713989,
    "Edema": 0.20897985994815826,
    "Effusion": 0.0868121013045311,
    "Emphysema": 0.5826509594917297,
    "Fibrosis": 0.4777764678001404,
    "Fractures": 0.3093424439430237,
    "Hernia": 0.20169484615325928,
    "Hyperinflation": 0.48789504170417786,
    "Increased Lung Markings": 0.3032781481742859,
    "Interstitial Lung Disease": 0.41017287969589233,
    "Kyphosis": 0.21588873863220215,
    "Lesion": 0.5229926109313965,
    "Mass": 0.17713133990764618,
    "Nodule": 0.29616686701774597,
    "Osteophyte": 0.21290148794651031,
    "Pleural Effusion": 0.2826281785964966,
    "Pleural Thickening": 0.294512003660202,
    "Pneumothorax": 0.09009115397930145,
    "Pulmonary Artery Enlargement": 0.06824318319559097,
    "Pulmonary Fibrosis": 0.20765875279903412,
    "Rib Fracture": 0.0827765241265297,
    "Scoliosis": 0.21614454686641693,
    "Subcutaneous Emphysema": 0.09674689173698425,
    "Thickening": 0.253110408782959,
    "Volume Loss": 0.3562062978744507,
    "normal": 0.4917573928833008
  },
  "lateral_probs": {
    "Airspace Disease": 0.29000160098075867,
    "Bronchiectasis": 0.12413747608661652,
    "Bronchiolitis": 0.013510460034012794,
    "Bullous Disease": 0.05253545194864273,
    "Calcified Granuloma": 0.37283000349998474,
    "Calcinosis": 0.3255375325679779,
    "Cardiac Shadow (abnormal)": 0.17707693576812744,
    "Cardiomegaly": 0.38175326585769653,
    "Consolidation": 0.29540231823921204,
    "Degenerative Change": 0.44184768199920654,
    "Edema": 0.26947668194770813,
    "Effusion": 0.08763162046670914,
    "Emphysema": 0.3593681752681732,
    "Fibrosis": 0.35049086809158325,
    "Fractures": 0.183184415102005,
    "Hernia": 0.26875588297843933,
    "Hyperinflation": 0.40464410185813904,
    "Increased Lung Markings": 0.2547259032726288,
    "Interstitial Lung Disease": 0.25849461555480957,
    "Kyphosis": 0.12149010598659515,
    "Lesion": 0.4213285744190216,
    "Mass": 0.17210809886455536,
    "Nodule": 0.19488584995269775,
    "Osteophyte": 0.25950887799263,
    "Pleural Effusion": 0.302470862865448,
    "Pleural Thickening": 0.24856248497962952,
    "Pneumothorax": 0.11383973807096481,
    "Pulmonary Artery Enlargement": 0.11691391468048096,
    "Pulmonary Fibrosis": 0.1464657336473465,
    "Rib Fracture": 0.07005485892295837,
    "Scoliosis": 0.24740071594715118,
    "Subcutaneous Emphysema": 0.03746437653899193,
    "Thickening": 0.185563862323761,
    "Volume Loss": 0.32477355003356934,
    "normal": 0.5664764046669006
  }
}