{
  "uid": "3256",
  "frontal_image": "3256_IM-1543-1001.dcm.png",
  "lateral_image": "3256_IM-1543-2001.dcm.png",
  "fusion_mode": "weighted_avg(f=0.65,l=0.35)",
  "predicted_classes": [
    "Lesion",
    "Cardiomegaly"
  ],
  "resolved_classes": [
    "Lesion",
    "Cardiomegaly"
  ],
  "kg_classes": [
    "Lesion",
    "Cardiomegaly"
  ],
  "num_predicted": 2,
  "conflict_resolution": "no_conflict",
  "is_uncertain": false,
  "uncertainty_reason": "",
  "inference_time_s": 0.2793,
  "gt_labels": "Cardiomegaly;Degenerative Change;Lesion;Pleural Effusion;Volume Loss",
  "probabilities": {
    "Airspace Disease": 0.404042,
    "Bronchiectasis": 0.088303,
    "Bronchiolitis": 0.026857,
    "Bullous Disease": 0.058828,
    "Calcified Granuloma": 0.356959,
    "Calcinosis": 0.317554,
    "Cardiac Shadow (abnormal)": 0.351718,
    "Cardiomegaly": 0.535816,
    "Consolidation": 0.257566,
    "Degenerative Change": 0.452846,
    "Edema": 0.426944,
    "Effusion": 0.142028,
    "Emphysema": 0.241205,
    "Fibrosis": 0.368454,
    "Fractures": 0.274749,
    "Hernia": 0.296018,
    "Hyperinflation": 0.474553,
    "Increased Lung Markings": 0.387011,
    "Interstitial Lung Disease": 0.244731,
    "Kyphosis": 0.192289,
    "Lesion": 0.543476,
    "Mass": 0.110025,
    "Nodule": 0.23817,
    "Osteophyte": 0.217396,
    "Pleural Effusion": 0.387972,
    "Pleural Thickening": 0.339616,
    "Pneumothorax": 0.114403,
    "Pulmonary Artery Enlargement": 0.192023,
    "Pulmonary Fibrosis": 0.149263,
    "Rib Fracture": 0.064998,
    "Scoliosis": 0.199692,
    "Subcutaneous Emphysema": 0.062672,
    "Thickening": 0.237454,
    "Volume Loss": 0.475587,
    "normal": 0.485206
  },
  "frontal_probs": {
    "Airspace Disease": 0.408845990896225,
    "Bronchiectasis": 0.0814552828669548,
    "Bronchiolitis": 0.03102746792137623,
    "Bullous Disease": 0.051098063588142395,
    "Calcified Granuloma": 0.3434198498725891,
    "Calcinosis": 0.3253532350063324,
    "Cardiac Shadow (abnormal)": 0.3910071551799774,
    "Cardiomegaly": 0.5920588374137878,
    "Consolidation": 0.2344842106103897,
    "Degenerative Change": 0.4539881646633148,
    "Edema": 0.4650798439979553,
    "Effusion": 0.12665404379367828,
    "Emphysema": 0.17883381247520447,
    "Fibrosis": 0.3441671133041382,
    "Fractures": 0.28224414587020874,
    "Hernia": 0.3150443136692047,
    "Hyperinflation": 0.4653474986553192,
    "Increased Lung Markings": 0.402893602848053,
    "Interstitial Lung Disease": 0.23128415644168854,
    "Kyphosis": 0.18288037180900574,
    "Lesion": 0.6017288565635681,
    "Mass": 0.08483652770519257,
    "Nodule": 0.21751117706298828,
    "Osteophyte": 0.1891195923089981,
    "Pleural Effusion": 0.4001889228820801,
    "Pleural Thickening": 0.31626805663108826,
    "Pneumothorax": 0.09462323784828186,
    "Pulmonary Artery Enlargement": 0.19318391382694244,
    "Pulmonary Fibrosis": 0.13714663684368134,
    "Rib Fracture": 0.060283347964286804,
    "Scoliosis": 0.20531077682971954,
    "Subcutaneous Emphysema": 0.052042022347450256,
    "Thickening": 0.24039140343666077,
    "Volume Loss": 0.5035280585289001,
    "normal": 0.45450639724731445
  },
  "lateral_probs": {
    "Airspace Disease": 0.39511922001838684,
    "Bronchiectasis": 0.10102061182260513,
    "Bronchiolitis": 0.019112206995487213,
    "Bullous Disease": 0.07318409532308578,
    "Calcified Granuloma": 0.3821045160293579,
    "Calcinosis": 0.30306971073150635,
    "Cardiac Shadow (abnormal)": 0.2787514328956604,
    "Cardiomegaly": 0.4313648045063019,
    "Consolidation": 0.30043166875839233,
    "Degenerative Change": 0.4507257342338562,
    "Edema": 0.3561214804649353,
    "Effusion": 0.1705808788537979,
    "Emphysema": 0.3570372760295868,
    "Fibrosis": 0.4135580360889435,
    "Fractures": 0.26082804799079895,
    "Hernia": 0.26068416237831116,
    "Hyperinflation": 0.49164751172065735,
    "Increased Lung Markings": 0.35751593112945557,
    "Interstitial Lung Disease": 0.2697049081325531,
    "Kyphosis": 0.20976249873638153,
    "Lesion": 0.43529263138771057,
    "Mass": 0.15680457651615143,
    "Nodule": 0.27653536200523376,
    "Osteophyte": 0.2699102759361267,
    "Pleural Effusion": 0.36528462171554565,
    "Pleural Thickening": 0.3829776644706726,
    "Pneumothorax": 0.15113675594329834,
    "Pulmonary Artery Enlargement": 0.18986776471138,
    "Pulmonary Fibrosis": 0.17176608741283417,
    "Rib Fracture": 0.07375380396842957,
    "Scoliosis": 0.18925608694553375,
    "Subcutaneous Emphysema": 0.08241419494152069,
    "Thickening": 0.23199748992919922,
    "Volume Loss": 0.4236961007118225,
    "normal": 0.5422182679176331
  }
}