{
  "uid": "3221",
  "frontal_image": "3221_IM-1522-1002.dcm.png",
  "lateral_image": "3221_IM-1522-1003.dcm.png",
  "fusion_mode": "weighted_avg(f=0.65,l=0.35)",
  "predicted_classes": [
    "normal"
  ],
  "resolved_classes": [
    "normal"
  ],
  "kg_classes": [
    "Normal"
  ],
  "num_predicted": 1,
  "conflict_resolution": "no_conflict",
  "is_uncertain": false,
  "uncertainty_reason": "",
  "inference_time_s": 0.2889,
  "gt_labels": "normal",
  "probabilities": {
    "Airspace Disease": 0.131227,
    "Bronchiectasis": 0.018646,
    "Bronchiolitis": 0.002126,
    "Bullous Disease": 0.012461,
    "Calcified Granuloma": 0.299908,
    "Calcinosis": 0.207692,
    "Cardiac Shadow (abnormal)": 0.033312,
    "Cardiomegaly": 0.100056,
    "Consolidation": 0.088403,
    "Degenerative Change": 0.24186,
    "Edema": 0.065146,
    "Effusion": 0.022964,
    "Emphysema": 0.12984,
    "Fibrosis": 0.20467,
    "Fractures": 0.12124,
    "Hernia": 0.109241,
    "Hyperinflation": 0.222975,
    "Increased Lung Markings": 0.113724,
    "Interstitial Lung Disease": 0.055771,
    "Kyphosis": 0.034378,
    "Lesion": 0.238746,
    "Mass": 0.050383,
    "Nodule": 0.127097,
    "Osteophyte": 0.163918,
    "Pleural Effusion": 0.1097,
    "Pleural Thickening": 0.194685,
    "Pneumothorax": 0.065807,
    "Pulmonary Artery Enlargement": 0.022478,
    "Pulmonary Fibrosis": 0.028997,
    "Rib Fracture": 0.027408,
    "Scoliosis": 0.109274,
    "Subcutaneous Emphysema": 0.008146,
    "Thickening": 0.070843,
    "Volume Loss": 0.190066,
    "normal": 0.825136
  },
  "frontal_probs": {
    "Airspace Disease": 0.07592546194791794,
    "Bronchiectasis": 0.002878807717934251,
    "Bronchiolitis": 0.0010770459193736315,
    "Bullous Disease": 0.009908564388751984,
    "Calcified Granuloma": 0.28023937344551086,
    "Calcinosis": 0.18061068654060364,
    "Cardiac Shadow (abnormal)": 0.013836606405675411,
    "Cardiomegaly": 0.03170802444219589,
    "Consolidation": 0.03180856257677078,
    "Degenerative Change": 0.15706278383731842,
    "Edema": 0.01651415228843689,
    "Effusion": 0.003954979125410318,
    "Emphysema": 0.09532783180475235,
    "Fibrosis": 0.18003106117248535,
    "Fractures": 0.09878534078598022,
    "Hernia": 0.08037186414003372,
    "Hyperinflation": 0.1468975841999054,
    "Increased Lung Markings": 0.0960615873336792,
    "Interstitial Lung Disease": 0.030980773270130157,
    "Kyphosis": 0.027670133858919144,
    "Lesion": 0.1538308560848236,
    "Mass": 0.008058933541178703,
    "Nodule": 0.10693264752626419,
    "Osteophyte": 0.155303493142128,
    "Pleural Effusion": 0.04241759702563286,
    "Pleural Thickening": 0.16157649457454681,
    "Pneumothorax": 0.05035339295864105,
    "Pulmonary Artery Enlargement": 0.008969922550022602,
    "Pulmonary Fibrosis": 0.00616362364962697,
    "Rib Fracture": 0.0054637109860777855,
    "Scoliosis": 0.07846350967884064,
    "Subcutaneous Emphysema": 0.004036374855786562,
    "Thickening": 0.030665665864944458,
    "Volume Loss": 0.1297627091407776,
    "normal": 0.9100911021232605
  },
  "lateral_probs": {
    "Airspace Disease": 0.23392881453037262,
    "Bronchiectasis": 0.04792806878685951,
    "Bronchiolitis": 0.004074613098055124,
    "Bullous Disease": 0.017200762405991554,
    "Calcified Granuloma": 0.33643677830696106,
    "Calcinosis": 0.2579849660396576,
    "Cardiac Shadow (abnormal)": 0.06948120146989822,
    "Cardiomegaly": 0.22698847949504852,
    "Consolidation": 0.1935081034898758,
    "Degenerative Change": 0.39934128522872925,
    "Edema": 0.1554632931947708,
    "Effusion": 0.058265216648578644,
    "Emphysema": 0.19393503665924072,
    "Fibrosis": 0.2504279613494873,
    "Fractures": 0.1629418283700943,
    "Hernia": 0.1628560572862625,
    "Hyperinflation": 0.3642607629299164,
    "Increased Lung Markings": 0.14652493596076965,
    "Interstitial Lung Disease": 0.10181113332509995,
    "Kyphosis": 0.04683508723974228,
    "Lesion": 0.39644625782966614,
    "Mass": 0.12898418307304382,
    "Nodule": 0.16454572975635529,
    "Osteophyte": 0.1799176037311554,
    "Pleural Effusion": 0.23465383052825928,
    "Pleural Thickening": 0.256172776222229,
    "Pneumothorax": 0.09450793266296387,
    "Pulmonary Artery Enlargement": 0.04756401851773262,
    "Pulmonary Fibrosis": 0.0714007318019867,
    "Rib Fracture": 0.06816142052412033,
    "Scoliosis": 0.16649264097213745,
    "Subcutaneous Emphysema": 0.015778079628944397,
    "Thickening": 0.14545752108097076,
    "Volume Loss": 0.3020566403865814,
    "normal": 0.6673630475997925
  }
}