{
  "uid": "3913",
  "frontal_image": "3913_IM-1989-84584001.dcm.png",
  "lateral_image": "3913_IM-1989-84584002.dcm.png",
  "fusion_mode": "weighted_avg(f=0.65,l=0.35)",
  "predicted_classes": [
    "normal"
  ],
  "resolved_classes": [
    "normal"
  ],
  "kg_classes": [
    "Normal"
  ],
  "num_predicted": 1,
  "conflict_resolution": "no_conflict",
  "is_uncertain": false,
  "uncertainty_reason": "",
  "inference_time_s": 0.2461,
  "gt_labels": "normal",
  "probabilities": {
    "Airspace Disease": 0.132691,
    "Bronchiectasis": 0.009501,
    "Bronchiolitis": 0.002852,
    "Bullous Disease": 0.017334,
    "Calcified Granuloma": 0.267163,
    "Calcinosis": 0.199081,
    "Cardiac Shadow (abnormal)": 0.120619,
    "Cardiomegaly": 0.314841,
    "Consolidation": 0.047588,
    "Degenerative Change": 0.342174,
    "Edema": 0.179029,
    "Effusion": 0.044903,
    "Emphysema": 0.071307,
    "Fibrosis": 0.151377,
    "Fractures": 0.117075,
    "Hernia": 0.127044,
    "Hyperinflation": 0.301241,
    "Increased Lung Markings": 0.239941,
    "Interstitial Lung Disease": 0.063057,
    "Kyphosis": 0.072016,
    "Lesion": 0.313343,
    "Mass": 0.036732,
    "Nodule": 0.177421,
    "Osteophyte": 0.221929,
    "Pleural Effusion": 0.096088,
    "Pleural Thickening": 0.085456,
    "Pneumothorax": 0.068074,
    "Pulmonary Artery Enlargement": 0.063939,
    "Pulmonary Fibrosis": 0.029103,
    "Rib Fracture": 0.027408,
    "Scoliosis": 0.079585,
    "Subcutaneous Emphysema": 0.006373,
    "Thickening": 0.102641,
    "Volume Loss": 0.259194,
    "normal": 0.736847
  },
  "frontal_probs": {
    "Airspace Disease": 0.11795276403427124,
    "Bronchiectasis": 0.006215882487595081,
    "Bronchiolitis": 0.0036067564506083727,
    "Bullous Disease": 0.022851277142763138,
    "Calcified Granuloma": 0.23507826030254364,
    "Calcinosis": 0.16762343049049377,
    "Cardiac Shadow (abnormal)": 0.11904900521039963,
    "Cardiomegaly": 0.358487993478775,
    "Consolidation": 0.031123030930757523,
    "Degenerative Change": 0.30173560976982117,
    "Edema": 0.2016497701406479,
    "Effusion": 0.034526146948337555,
    "Emphysema": 0.03187396377325058,
    "Fibrosis": 0.13225705921649933,
    "Fractures": 0.09002681821584702,
    "Hernia": 0.09664466232061386,
    "Hyperinflation": 0.3181086778640747,
    "Increased Lung Markings": 0.26360106468200684,
    "Interstitial Lung Disease": 0.020634042099118233,
    "Kyphosis": 0.08275052905082703,
    "Lesion": 0.2817944288253784,
    "Mass": 0.016430867835879326,
    "Nodule": 0.16631785035133362,
    "Osteophyte": 0.2505379319190979,
    "Pleural Effusion": 0.09734345972537994,
    "Pleural Thickening": 0.07232244312763214,
    "Pneumothorax": 0.08431953936815262,
    "Pulmonary Artery Enlargement": 0.05092420056462288,
    "Pulmonary Fibrosis": 0.012171460315585136,
    "Rib Fracture": 0.021533209830522537,
    "Scoliosis": 0.06146330386400223,
    "Subcutaneous Emphysema": 0.0036204433999955654,
    "Thickening": 0.09028146415948868,
    "Volume Loss": 0.2573034167289734,
    "normal": 0.7060437798500061
  },
  "lateral_probs": {
    "Airspace Disease": 0.1600615382194519,
    "Bronchiectasis": 0.015600956976413727,
    "Bronchiolitis": 0.0014511633198708296,
    "Bullous Disease": 0.007087221834808588,
    "Calcified Granuloma": 0.3267476558685303,
    "Calcinosis": 0.25750142335891724,
    "Cardiac Shadow (abnormal)": 0.12353488802909851,
    "Cardiomegaly": 0.23378172516822815,
    "Consolidation": 0.07816559821367264,
    "Degenerative Change": 0.41727250814437866,
    "Edema": 0.1370193362236023,
    "Effusion": 0.06417389214038849,
    "Emphysema": 0.14454098045825958,
    "Fibrosis": 0.1868845373392105,
    "Fractures": 0.16730856895446777,
    "Hernia": 0.18350087106227875,
    "Hyperinflation": 0.2699161469936371,
    "Increased Lung Markings": 0.19600220024585724,
    "Interstitial Lung Disease": 0.14184367656707764,
    "Kyphosis": 0.05208141729235649,
    "Lesion": 0.3719339072704315,
    "Mass": 0.0744352862238884,
    "Nodule": 0.19804072380065918,
    "Osteophyte": 0.16879919171333313,
    "Pleural Effusion": 0.0937565341591835,
    "Pleural Thickening": 0.10984831303358078,
    "Pneumothorax": 0.03790472820401192,
    "Pulmonary Artery Enlargement": 0.08810888230800629,
    "Pulmonary Fibrosis": 0.06054662540555,
    "Rib Fracture": 0.03831791505217552,
    "Scoliosis": 0.11323937773704529,
    "Subcutaneous Emphysema": 0.011486060917377472,
    "Thickening": 0.125595360994339,
    "Volume Loss": 0.26270368695259094,
    "normal": 0.7940539121627808
  }
}