{
  "uid": "3794",
  "frontal_image": "3794_IM-1908-1001.dcm.png",
  "lateral_image": "3794_IM-1908-1002.dcm.png",
  "fusion_mode": "weighted_avg(f=0.65,l=0.35)",
  "predicted_classes": [
    "normal"
  ],
  "resolved_classes": [
    "normal"
  ],
  "kg_classes": [
    "Normal"
  ],
  "num_predicted": 1,
  "conflict_resolution": "no_conflict",
  "is_uncertain": false,
  "uncertainty_reason": "",
  "inference_time_s": 0.2491,
  "gt_labels": "Lesion",
  "probabilities": {
    "Airspace Disease": 0.098286,
    "Bronchiectasis": 0.015677,
    "Bronchiolitis": 0.001884,
    "Bullous Disease": 0.008151,
    "Calcified Granuloma": 0.256152,
    "Calcinosis": 0.207331,
    "Cardiac Shadow (abnormal)": 0.045134,
    "Cardiomegaly": 0.15369,
    "Consolidation": 0.097463,
    "Degenerative Change": 0.381236,
    "Edema": 0.0404,
    "Effusion": 0.010924,
    "Emphysema": 0.096115,
    "Fibrosis": 0.17387,
    "Fractures": 0.119646,
    "Hernia": 0.193927,
    "Hyperinflation": 0.226949,
    "Increased Lung Markings": 0.10174,
    "Interstitial Lung Disease": 0.051292,
    "Kyphosis": 0.061918,
    "Lesion": 0.216353,
    "Mass": 0.043178,
    "Nodule": 0.108288,
    "Osteophyte": 0.228846,
    "Pleural Effusion": 0.067737,
    "Pleural Thickening": 0.057572,
    "Pneumothorax": 0.035429,
    "Pulmonary Artery Enlargement": 0.036787,
    "Pulmonary Fibrosis": 0.020855,
    "Rib Fracture": 0.013236,
    "Scoliosis": 0.151805,
    "Subcutaneous Emphysema": 0.005188,
    "Thickening": 0.077168,
    "Volume Loss": 0.154913,
    "normal": 0.81914
  },
  "frontal_probs": {
    "Airspace Disease": 0.07888233661651611,
    "Bronchiectasis": 0.0012745404383167624,
    "Bronchiolitis": 0.0015095809940248728,
    "Bullous Disease": 0.003859926015138626,
    "Calcified Granuloma": 0.2420206218957901,
    "Calcinosis": 0.1910528689622879,
    "Cardiac Shadow (abnormal)": 0.03723742812871933,
    "Cardiomegaly": 0.14730682969093323,
    "Consolidation": 0.08754033595323563,
    "Degenerative Change": 0.34849104285240173,
    "Edema": 0.016821209341287613,
    "Effusion": 0.003201547311618924,
    "Emphysema": 0.04392305761575699,
    "Fibrosis": 0.13438759744167328,
    "Fractures": 0.11041615903377533,
    "Hernia": 0.21735690534114838,
    "Hyperinflation": 0.1830427199602127,
    "Increased Lung Markings": 0.08883916586637497,
    "Interstitial Lung Disease": 0.028636641800403595,
    "Kyphosis": 0.07775961607694626,
    "Lesion": 0.13865143060684204,
    "Mass": 0.02127310447394848,
    "Nodule": 0.07958624511957169,
    "Osteophyte": 0.23411165177822113,
    "Pleural Effusion": 0.038352105766534805,
    "Pleural Thickening": 0.036608386784791946,
    "Pneumothorax": 0.013072839006781578,
    "Pulmonary Artery Enlargement": 0.039471760392189026,
    "Pulmonary Fibrosis": 0.006542995572090149,
    "Rib Fracture": 0.004967842251062393,
    "Scoliosis": 0.12865695357322693,
    "Subcutaneous Emphysema": 0.0038719188887625933,
    "Thickening": 0.03771931678056717,
    "Volume Loss": 0.12659163773059845,
    "normal": 0.8471902012825012
  },
  "lateral_probs": {
    "Airspace Disease": 0.13432197272777557,
    "Bronchiectasis": 0.04242326319217682,
    "Bronchiolitis": 0.0025781302247196436,
    "Bullous Disease": 0.01612078957259655,
    "Calcified Granuloma": 0.2823973298072815,
    "Calcinosis": 0.23756182193756104,
    "Cardiac Shadow (abnormal)": 0.05979902297258377,
    "Cardiomegaly": 0.16554342210292816,
    "Consolidation": 0.11589132249355316,
    "Degenerative Change": 0.4420469403266907,
    "Edema": 0.08418990671634674,
    "Effusion": 0.025266336277127266,
    "Emphysema": 0.19304388761520386,
    "Fibrosis": 0.24719424545764923,
    "Fractures": 0.1367870420217514,
    "Hernia": 0.15041513741016388,
    "Hyperinflation": 0.30848896503448486,
    "Increased Lung Markings": 0.1256977617740631,
    "Interstitial Lung Disease": 0.09336625039577484,
    "Kyphosis": 0.03249756991863251,
    "Lesion": 0.3606549799442291,
    "Mass": 0.08385762572288513,
    "Nodule": 0.16159187257289886,
    "Osteophyte": 0.2190677970647812,
    "Pleural Effusion": 0.12230793386697769,
    "Pleural Thickening": 0.09650308638811111,
    "Pneumothorax": 0.07694821804761887,
    "Pulmonary Artery Enlargement": 0.0318005308508873,
    "Pulmonary Fibrosis": 0.04743477329611778,
    "Rib Fracture": 0.028591254726052284,
    "Scoliosis": 0.19479456543922424,
    "Subcutaneous Emphysema": 0.0076326909475028515,
    "Thickening": 0.15043038129806519,
    "Volume Loss": 0.2075090855360031,
    "normal": 0.7670462727546692
  }
}