{
  "uid": "3707",
  "frontal_image": "3707_IM-1851-1001.dcm.png",
  "lateral_image": "3707_IM-1851-2001.dcm.png",
  "fusion_mode": "weighted_avg(f=0.65,l=0.35)",
  "predicted_classes": [
    "normal"
  ],
  "resolved_classes": [
    "normal"
  ],
  "kg_classes": [
    "Normal"
  ],
  "num_predicted": 1,
  "conflict_resolution": "no_conflict",
  "is_uncertain": true,
  "uncertainty_reason": "normal_prob=0.729 (<0.73) with elevated disease scores: Lesion=0.365, Calcified Granuloma=0.354, Degenerative Change=0.350",
  "inference_time_s": 0.2311,
  "gt_labels": "normal",
  "probabilities": {
    "Airspace Disease": 0.252003,
    "Bronchiectasis": 0.02387,
    "Bronchiolitis": 0.012338,
    "Bullous Disease": 0.036237,
    "Calcified Granuloma": 0.35449,
    "Calcinosis": 0.255019,
    "Cardiac Shadow (abnormal)": 0.059749,
    "Cardiomegaly": 0.163665,
    "Consolidation": 0.213878,
    "Degenerative Change": 0.349692,
    "Edema": 0.091123,
    "Effusion": 0.024926,
    "Emphysema": 0.187319,
    "Fibrosis": 0.242398,
    "Fractures": 0.179207,
    "Hernia": 0.151268,
    "Hyperinflation": 0.332713,
    "Increased Lung Markings": 0.216976,
    "Interstitial Lung Disease": 0.110473,
    "Kyphosis": 0.113606,
    "Lesion": 0.364661,
    "Mass": 0.072242,
    "Nodule": 0.232274,
    "Osteophyte": 0.196159,
    "Pleural Effusion": 0.106435,
    "Pleural Thickening": 0.107911,
    "Pneumothorax": 0.044885,
    "Pulmonary Artery Enlargement": 0.052516,
    "Pulmonary Fibrosis": 0.070938,
    "Rib Fracture": 0.019986,
    "Scoliosis": 0.198202,
    "Subcutaneous Emphysema": 0.019394,
    "Thickening": 0.138913,
    "Volume Loss": 0.212348,
    "normal": 0.729283
  },
  "frontal_probs": {
    "Airspace Disease": 0.2749454379081726,
    "Bronchiectasis": 0.018794013187289238,
    "Bronchiolitis": 0.018190549686551094,
    "Bullous Disease": 0.049811508506536484,
    "Calcified Granuloma": 0.3760928213596344,
    "Calcinosis": 0.26552027463912964,
    "Cardiac Shadow (abnormal)": 0.05079216882586479,
    "Cardiomegaly": 0.1355946809053421,
    "Consolidation": 0.22487245500087738,
    "Degenerative Change": 0.34919434785842896,
    "Edema": 0.0813102275133133,
    "Effusion": 0.023678885772824287,
    "Emphysema": 0.21696186065673828,
    "Fibrosis": 0.23264308273792267,
    "Fractures": 0.2133200764656067,
    "Hernia": 0.1575312316417694,
    "Hyperinflation": 0.35217297077178955,
    "Increased Lung Markings": 0.22493954002857208,
    "Interstitial Lung Disease": 0.11713564395904541,
    "Kyphosis": 0.1466335654258728,
    "Lesion": 0.38790252804756165,
    "Mass": 0.07706119865179062,
    "Nodule": 0.24932406842708588,
    "Osteophyte": 0.20310252904891968,
    "Pleural Effusion": 0.10758823156356812,
    "Pleural Thickening": 0.1065538078546524,
    "Pneumothorax": 0.05742055922746658,
    "Pulmonary Artery Enlargement": 0.03724026679992676,
    "Pulmonary Fibrosis": 0.07418236136436462,
    "Rib Fracture": 0.023841941729187965,
    "Scoliosis": 0.19935545325279236,
    "Subcutaneous Emphysema": 0.021702328696846962,
    "Thickening": 0.13533417880535126,
    "Volume Loss": 0.21301603317260742,
    "normal": 0.6833369731903076
  },
  "lateral_probs": {
    "Airspace Disease": 0.20939458906650543,
    "Bronchiectasis": 0.03329594433307648,
    "Bronchiolitis": 0.0014682889450341463,
    "Bullous Disease": 0.011028164997696877,
    "Calcified Granuloma": 0.3143695890903473,
    "Calcinosis": 0.2355177253484726,
    "Cardiac Shadow (abnormal)": 0.07638281583786011,
    "Cardiomegaly": 0.21579593420028687,
    "Consolidation": 0.1934589445590973,
    "Degenerative Change": 0.3506162762641907,
    "Edema": 0.10934814810752869,
    "Effusion": 0.027241667732596397,
    "Emphysema": 0.13226725161075592,
    "Fibrosis": 0.2605152428150177,
    "Fractures": 0.11585530638694763,
    "Hernia": 0.13963618874549866,
    "Hyperinflation": 0.2965737581253052,
    "Increased Lung Markings": 0.20218665897846222,
    "Interstitial Lung Disease": 0.09810033440589905,
    "Kyphosis": 0.052269890904426575,
    "Lesion": 0.32149791717529297,
    "Mass": 0.063291035592556,
    "Nodule": 0.20060856640338898,
    "Osteophyte": 0.18326514959335327,
    "Pleural Effusion": 0.10429378598928452,
    "Pleural Thickening": 0.11043105274438858,
    "Pneumothorax": 0.021604564040899277,
    "Pulmonary Artery Enlargement": 0.08088425546884537,
    "Pulmonary Fibrosis": 0.064913310110569,
    "Rib Fracture": 0.012825862504541874,
    "Scoliosis": 0.19606074690818787,
    "Subcutaneous Emphysema": 0.015106289647519588,
    "Thickening": 0.145559161901474,
    "Volume Loss": 0.21110618114471436,
    "normal": 0.8146118521690369
  }
}