{
  "uid": "3269",
  "frontal_image": "3269_IM-1552-1001.dcm.png",
  "lateral_image": "3269_IM-1552-1002.dcm.png",
  "fusion_mode": "weighted_avg(f=0.65,l=0.35)",
  "predicted_classes": [
    "normal"
  ],
  "resolved_classes": [
    "normal"
  ],
  "kg_classes": [
    "Normal"
  ],
  "num_predicted": 1,
  "conflict_resolution": "no_conflict",
  "is_uncertain": false,
  "uncertainty_reason": "",
  "inference_time_s": 0.3118,
  "gt_labels": "normal",
  "probabilities": {
    "Airspace Disease": 0.171985,
    "Bronchiectasis": 0.044389,
    "Bronchiolitis": 0.008202,
    "Bullous Disease": 0.026623,
    "Calcified Granuloma": 0.319791,
    "Calcinosis": 0.245589,
    "Cardiac Shadow (abnormal)": 0.078455,
    "Cardiomegaly": 0.127555,
    "Consolidation": 0.099242,
    "Degenerative Change": 0.288274,
    "Edema": 0.12704,
    "Effusion": 0.012688,
    "Emphysema": 0.210517,
    "Fibrosis": 0.149892,
    "Fractures": 0.106255,
    "Hernia": 0.0921,
    "Hyperinflation": 0.271819,
    "Increased Lung Markings": 0.141257,
    "Interstitial Lung Disease": 0.112808,
    "Kyphosis": 0.024497,
    "Lesion": 0.249779,
    "Mass": 0.038871,
    "Nodule": 0.203327,
    "Osteophyte": 0.13148,
    "Pleural Effusion": 0.082492,
    "Pleural Thickening": 0.104869,
    "Pneumothorax": 0.015141,
    "Pulmonary Artery Enlargement": 0.044668,
    "Pulmonary Fibrosis": 0.031194,
    "Rib Fracture": 0.04587,
    "Scoliosis": 0.107353,
    "Subcutaneous Emphysema": 0.00829,
    "Thickening": 0.18894,
    "Volume Loss": 0.162479,
    "normal": 0.793955
  },
  "frontal_probs": {
    "Airspace Disease": 0.23573487997055054,
    "Bronchiectasis": 0.0644887238740921,
    "Bronchiolitis": 0.012410499155521393,
    "Bullous Disease": 0.03952215984463692,
    "Calcified Granuloma": 0.36015796661376953,
    "Calcinosis": 0.28002962470054626,
    "Cardiac Shadow (abnormal)": 0.10178061574697495,
    "Cardiomegaly": 0.155171737074852,
    "Consolidation": 0.131617471575737,
    "Degenerative Change": 0.30102822184562683,
    "Edema": 0.173380047082901,
    "Effusion": 0.017177175730466843,
    "Emphysema": 0.3064877390861511,
    "Fibrosis": 0.17637544870376587,
    "Fractures": 0.12259820848703384,
    "Hernia": 0.11272773146629333,
    "Hyperinflation": 0.3329513967037201,
    "Increased Lung Markings": 0.1509476602077484,
    "Interstitial Lung Disease": 0.1519235372543335,
    "Kyphosis": 0.030868491157889366,
    "Lesion": 0.2942614257335663,
    "Mass": 0.048329807817935944,
    "Nodule": 0.2308856099843979,
    "Osteophyte": 0.13634034991264343,
    "Pleural Effusion": 0.11102702468633652,
    "Pleural Thickening": 0.14597032964229584,
    "Pneumothorax": 0.018688548356294632,
    "Pulmonary Artery Enlargement": 0.06239163503050804,
    "Pulmonary Fibrosis": 0.04073912277817726,
    "Rib Fracture": 0.06831066310405731,
    "Scoliosis": 0.10199549794197083,
    "Subcutaneous Emphysema": 0.011140776798129082,
    "Thickening": 0.22397750616073608,
    "Volume Loss": 0.19105082750320435,
    "normal": 0.7258464097976685
  },
  "lateral_probs": {
    "Airspace Disease": 0.05359240993857384,
    "Bronchiectasis": 0.007059665862470865,
    "Bronchiolitis": 0.000386425934266299,
    "Bullous Disease": 0.002667832188308239,
    "Calcified Granuloma": 0.24482344090938568,
    "Calcinosis": 0.18162676692008972,
    "Cardiac Shadow (abnormal)": 0.03513509780168533,
    "Cardiomegaly": 0.07626611739397049,
    "Consolidation": 0.03911648690700531,
    "Degenerative Change": 0.2645883560180664,
    "Edema": 0.0409809872508049,
    "Effusion": 0.004351185634732246,
    "Emphysema": 0.03228436037898064,
    "Fibrosis": 0.10070769488811493,
    "Fractures": 0.07590208202600479,
    "Hernia": 0.05379073694348335,
    "Hyperinflation": 0.1582871973514557,
    "Increased Lung Markings": 0.12325877696275711,
    "Interstitial Lung Disease": 0.04016483575105667,
    "Kyphosis": 0.01266428828239441,
    "Lesion": 0.16716930270195007,
    "Mass": 0.021304557099938393,
    "Nodule": 0.15214602649211884,
    "Osteophyte": 0.12245351076126099,
    "Pleural Effusion": 0.02949884906411171,
    "Pleural Thickening": 0.02853693813085556,
    "Pneumothorax": 0.008552931249141693,
    "Pulmonary Artery Enlargement": 0.011751476675271988,
    "Pulmonary Fibrosis": 0.013467819429934025,
    "Rib Fracture": 0.004194160457700491,
    "Scoliosis": 0.11730371415615082,
    "Subcutaneous Emphysema": 0.0029964661225676537,
    "Thickening": 0.12387124449014664,
    "Volume Loss": 0.10941565781831741,
    "normal": 0.9204421639442444
  }
}