{
  "uid": "3948",
  "frontal_image": "3948_IM-2017-1001.dcm.png",
  "lateral_image": "3948_IM-2017-1002.dcm.png",
  "fusion_mode": "weighted_avg(f=0.65,l=0.35)",
  "predicted_classes": [
    "normal"
  ],
  "resolved_classes": [
    "normal"
  ],
  "kg_classes": [
    "Normal"
  ],
  "num_predicted": 1,
  "conflict_resolution": "no_conflict",
  "is_uncertain": true,
  "uncertainty_reason": "normal_prob=0.659 (<0.73) with elevated disease scores: Lesion=0.423, Hyperinflation=0.366, Emphysema=0.359",
  "inference_time_s": 0.2561,
  "gt_labels": "normal",
  "probabilities": {
    "Airspace Disease": 0.241979,
    "Bronchiectasis": 0.080809,
    "Bronchiolitis": 0.011105,
    "Bullous Disease": 0.065934,
    "Calcified Granuloma": 0.352275,
    "Calcinosis": 0.312999,
    "Cardiac Shadow (abnormal)": 0.07325,
    "Cardiomegaly": 0.12795,
    "Consolidation": 0.161791,
    "Degenerative Change": 0.326074,
    "Edema": 0.118268,
    "Effusion": 0.030765,
    "Emphysema": 0.358705,
    "Fibrosis": 0.288239,
    "Fractures": 0.1542,
    "Hernia": 0.17135,
    "Hyperinflation": 0.36645,
    "Increased Lung Markings": 0.190122,
    "Interstitial Lung Disease": 0.24215,
    "Kyphosis": 0.075439,
    "Lesion": 0.422859,
    "Mass": 0.08706,
    "Nodule": 0.279934,
    "Osteophyte": 0.152823,
    "Pleural Effusion": 0.131553,
    "Pleural Thickening": 0.227175,
    "Pneumothorax": 0.043374,
    "Pulmonary Artery Enlargement": 0.044764,
    "Pulmonary Fibrosis": 0.073801,
    "Rib Fracture": 0.03831,
    "Scoliosis": 0.164086,
    "Subcutaneous Emphysema": 0.022572,
    "Thickening": 0.194063,
    "Volume Loss": 0.246724,
    "normal": 0.659294
  },
  "frontal_probs": {
    "Airspace Disease": 0.28598031401634216,
    "Bronchiectasis": 0.10581247508525848,
    "Bronchiolitis": 0.01622626930475235,
    "Bullous Disease": 0.09666873514652252,
    "Calcified Granuloma": 0.3800237476825714,
    "Calcinosis": 0.3407236337661743,
    "Cardiac Shadow (abnormal)": 0.07647297531366348,
    "Cardiomegaly": 0.10657630115747452,
    "Consolidation": 0.16242319345474243,
    "Degenerative Change": 0.3311944603919983,
    "Edema": 0.11551068723201752,
    "Effusion": 0.01976575329899788,
    "Emphysema": 0.44753119349479675,
    "Fibrosis": 0.3216996490955353,
    "Fractures": 0.1586470901966095,
    "Hernia": 0.19466640055179596,
    "Hyperinflation": 0.37463635206222534,
    "Increased Lung Markings": 0.1999126374721527,
    "Interstitial Lung Disease": 0.29587769508361816,
    "Kyphosis": 0.10252993553876877,
    "Lesion": 0.4844500422477722,
    "Mass": 0.08271901309490204,
    "Nodule": 0.3105422556400299,
    "Osteophyte": 0.15745584666728973,
    "Pleural Effusion": 0.14091558754444122,
    "Pleural Thickening": 0.27994585037231445,
    "Pneumothorax": 0.044162847101688385,
    "Pulmonary Artery Enlargement": 0.04374125227332115,
    "Pulmonary Fibrosis": 0.07539531588554382,
    "Rib Fracture": 0.04437067732214928,
    "Scoliosis": 0.1663634479045868,
    "Subcutaneous Emphysema": 0.030011938884854317,
    "Thickening": 0.2272762507200241,
    "Volume Loss": 0.25215697288513184,
    "normal": 0.5878531336784363
  },
  "lateral_probs": {
    "Airspace Disease": 0.16026249527931213,
    "Bronchiectasis": 0.03437451273202896,
    "Bronchiolitis": 0.001593380351550877,
    "Bullous Disease": 0.008856086060404778,
    "Calcified Granuloma": 0.30074164271354675,
    "Calcinosis": 0.26151055097579956,
    "Cardiac Shadow (abnormal)": 0.06726381927728653,
    "Cardiomegaly": 0.16764408349990845,
    "Consolidation": 0.1606167107820511,
    "Degenerative Change": 0.3165641129016876,
    "Edema": 0.12338840216398239,
    "Effusion": 0.051191702485084534,
    "Emphysema": 0.1937427818775177,
    "Fibrosis": 0.2260979861021042,
    "Fractures": 0.14594022929668427,
    "Hernia": 0.12804806232452393,
    "Hyperinflation": 0.3512463867664337,
    "Increased Lung Markings": 0.1719384491443634,
    "Interstitial Lung Disease": 0.14236968755722046,
    "Kyphosis": 0.025127945467829704,
    "Lesion": 0.30847662687301636,
    "Mass": 0.09512095898389816,
    "Nodule": 0.2230893224477768,
    "Osteophyte": 0.14422012865543365,
    "Pleural Effusion": 0.11416419595479965,
    "Pleural Thickening": 0.12917137145996094,
    "Pneumothorax": 0.041907887905836105,
    "Pulmonary Artery Enlargement": 0.04666196182370186,
    "Pulmonary Fibrosis": 0.07083924859762192,
    "Rib Fracture": 0.0270541999489069,
    "Scoliosis": 0.15985572338104248,
    "Subcutaneous Emphysema": 0.008753916248679161,
    "Thickening": 0.1323804408311844,
    "Volume Loss": 0.23663541674613953,
    "normal": 0.7919700145721436
  }
}