{
  "uid": "3470",
  "frontal_image": "3470_IM-1686-1001.dcm.png",
  "lateral_image": "3470_IM-1686-2001.dcm.png",
  "fusion_mode": "weighted_avg(f=0.65,l=0.35)",
  "predicted_classes": [
    "normal"
  ],
  "resolved_classes": [
    "normal"
  ],
  "kg_classes": [
    "Normal"
  ],
  "num_predicted": 1,
  "conflict_resolution": "no_conflict",
  "is_uncertain": true,
  "uncertainty_reason": "normal_prob=0.601 (<0.73) with elevated disease scores: Lesion=0.467, Degenerative Change=0.438, Cardiomegaly=0.391",
  "inference_time_s": 0.2711,
  "gt_labels": "Degenerative Change",
  "probabilities": {
    "Airspace Disease": 0.278188,
    "Bronchiectasis": 0.117634,
    "Bronchiolitis": 0.042893,
    "Bullous Disease": 0.107041,
    "Calcified Granuloma": 0.341933,
    "Calcinosis": 0.335747,
    "Cardiac Shadow (abnormal)": 0.223444,
    "Cardiomegaly": 0.391128,
    "Consolidation": 0.212627,
    "Degenerative Change": 0.437642,
    "Edema": 0.350365,
    "Effusion": 0.091697,
    "Emphysema": 0.220368,
    "Fibrosis": 0.270431,
    "Fractures": 0.212074,
    "Hernia": 0.192948,
    "Hyperinflation": 0.381848,
    "Increased Lung Markings": 0.283959,
    "Interstitial Lung Disease": 0.172445,
    "Kyphosis": 0.07879,
    "Lesion": 0.466817,
    "Mass": 0.128441,
    "Nodule": 0.290199,
    "Osteophyte": 0.284189,
    "Pleural Effusion": 0.202433,
    "Pleural Thickening": 0.19873,
    "Pneumothorax": 0.096279,
    "Pulmonary Artery Enlargement": 0.146208,
    "Pulmonary Fibrosis": 0.149597,
    "Rib Fracture": 0.111834,
    "Scoliosis": 0.165215,
    "Subcutaneous Emphysema": 0.04674,
    "Thickening": 0.16885,
    "Volume Loss": 0.351215,
    "normal": 0.601285
  },
  "frontal_probs": {
    "Airspace Disease": 0.33725184202194214,
    "Bronchiectasis": 0.17115454375743866,
    "Bronchiolitis": 0.06535541266202927,
    "Bullous Disease": 0.1601399928331375,
    "Calcified Granuloma": 0.3832249939441681,
    "Calcinosis": 0.4209706485271454,
    "Cardiac Shadow (abnormal)": 0.2813432514667511,
    "Cardiomegaly": 0.49080514907836914,
    "Consolidation": 0.2872675955295563,
    "Degenerative Change": 0.48816967010498047,
    "Edema": 0.460044801235199,
    "Effusion": 0.11993034929037094,
    "Emphysema": 0.2762923538684845,
    "Fibrosis": 0.31768807768821716,
    "Fractures": 0.25678807497024536,
    "Hernia": 0.23644296824932098,
    "Hyperinflation": 0.4397076964378357,
    "Increased Lung Markings": 0.34440481662750244,
    "Interstitial Lung Disease": 0.2192559540271759,
    "Kyphosis": 0.10695314407348633,
    "Lesion": 0.5801765322685242,
    "Mass": 0.15661674737930298,
    "Nodule": 0.35065367817878723,
    "Osteophyte": 0.32241684198379517,
    "Pleural Effusion": 0.26429423689842224,
    "Pleural Thickening": 0.24207769334316254,
    "Pneumothorax": 0.13337522745132446,
    "Pulmonary Artery Enlargement": 0.18422351777553558,
    "Pulmonary Fibrosis": 0.20369122922420502,
    "Rib Fracture": 0.15935975313186646,
    "Scoliosis": 0.20979157090187073,
    "Subcutaneous Emphysema": 0.06784260272979736,
    "Thickening": 0.21404218673706055,
    "Volume Loss": 0.414796382188797,
    "normal": 0.48608309030532837
  },
  "lateral_probs": {
    "Airspace Disease": 0.16849815845489502,
    "Bronchiectasis": 0.018240028992295265,
    "Bronchiolitis": 0.001177770784124732,
    "Bullous Disease": 0.008427780121564865,
    "Calcified Granuloma": 0.26524680852890015,
    "Calcinosis": 0.17747366428375244,
    "Cardiac Shadow (abnormal)": 0.11591599881649017,
    "Cardiomegaly": 0.20601274073123932,
    "Consolidation": 0.07400748133659363,
    "Degenerative Change": 0.3438050150871277,
    "Edema": 0.14667396247386932,
    "Effusion": 0.03926481306552887,
    "Emphysema": 0.11650726944208145,
    "Fibrosis": 0.1826673150062561,
    "Fractures": 0.129032164812088,
    "Hernia": 0.11217149347066879,
    "Hyperinflation": 0.2743942141532898,
    "Increased Lung Markings": 0.17170383036136627,
    "Interstitial Lung Disease": 0.08550946414470673,
    "Kyphosis": 0.0264870785176754,
    "Lesion": 0.25629329681396484,
    "Mass": 0.07611551135778427,
    "Nodule": 0.17792533338069916,
    "Osteophyte": 0.21319478750228882,
    "Pleural Effusion": 0.08754643052816391,
    "Pleural Thickening": 0.11822832375764847,
    "Pneumothorax": 0.027386749163269997,
    "Pulmonary Artery Enlargement": 0.07560638338327408,
    "Pulmonary Fibrosis": 0.049135722219944,
    "Rib Fracture": 0.02357061207294464,
    "Scoliosis": 0.0824294164776802,
    "Subcutaneous Emphysema": 0.007548587862402201,
    "Thickening": 0.08492197841405869,
    "Volume Loss": 0.2331354022026062,
    "normal": 0.8152313828468323
  }
}