{
  "uid": "3923",
  "frontal_image": "3923_IM-1997-2002.dcm.png",
  "lateral_image": "3923_IM-1997-3003.dcm.png",
  "fusion_mode": "weighted_avg(f=0.65,l=0.35)",
  "predicted_classes": [
    "normal"
  ],
  "resolved_classes": [
    "normal"
  ],
  "kg_classes": [
    "Normal"
  ],
  "num_predicted": 1,
  "conflict_resolution": "no_conflict",
  "is_uncertain": true,
  "uncertainty_reason": "normal_prob=0.707 (<0.73) with elevated disease scores: Degenerative Change=0.447, Hyperinflation=0.386, Calcified Granuloma=0.378",
  "inference_time_s": 0.258,
  "gt_labels": "normal",
  "probabilities": {
    "Airspace Disease": 0.178276,
    "Bronchiectasis": 0.018549,
    "Bronchiolitis": 0.007637,
    "Bullous Disease": 0.043629,
    "Calcified Granuloma": 0.377693,
    "Calcinosis": 0.324044,
    "Cardiac Shadow (abnormal)": 0.088386,
    "Cardiomegaly": 0.150535,
    "Consolidation": 0.102254,
    "Degenerative Change": 0.446765,
    "Edema": 0.089328,
    "Effusion": 0.037611,
    "Emphysema": 0.339169,
    "Fibrosis": 0.288417,
    "Fractures": 0.231158,
    "Hernia": 0.15551,
    "Hyperinflation": 0.386065,
    "Increased Lung Markings": 0.204012,
    "Interstitial Lung Disease": 0.207358,
    "Kyphosis": 0.123749,
    "Lesion": 0.32715,
    "Mass": 0.040889,
    "Nodule": 0.190745,
    "Osteophyte": 0.169091,
    "Pleural Effusion": 0.138788,
    "Pleural Thickening": 0.157252,
    "Pneumothorax": 0.085021,
    "Pulmonary Artery Enlargement": 0.051868,
    "Pulmonary Fibrosis": 0.066528,
    "Rib Fracture": 0.0232,
    "Scoliosis": 0.225209,
    "Subcutaneous Emphysema": 0.023922,
    "Thickening": 0.139222,
    "Volume Loss": 0.234986,
    "normal": 0.707472
  },
  "frontal_probs": {
    "Airspace Disease": 0.12599632143974304,
    "Bronchiectasis": 0.009928583167493343,
    "Bronchiolitis": 0.006782064214348793,
    "Bullous Disease": 0.05077624320983887,
    "Calcified Granuloma": 0.3799414038658142,
    "Calcinosis": 0.2967619001865387,
    "Cardiac Shadow (abnormal)": 0.0401458665728569,
    "Cardiomegaly": 0.08236347883939743,
    "Consolidation": 0.06458985060453415,
    "Degenerative Change": 0.4173138737678528,
    "Edema": 0.04280761629343033,
    "Effusion": 0.014004897326231003,
    "Emphysema": 0.3555912971496582,
    "Fibrosis": 0.24581223726272583,
    "Fractures": 0.20806841552257538,
    "Hernia": 0.12537185847759247,
    "Hyperinflation": 0.34313905239105225,
    "Increased Lung Markings": 0.15760135650634766,
    "Interstitial Lung Disease": 0.17676642537117004,
    "Kyphosis": 0.09531218558549881,
    "Lesion": 0.2601456046104431,
    "Mass": 0.025349725037813187,
    "Nodule": 0.17727160453796387,
    "Osteophyte": 0.15184056758880615,
    "Pleural Effusion": 0.09217187762260437,
    "Pleural Thickening": 0.14114412665367126,
    "Pneumothorax": 0.057065799832344055,
    "Pulmonary Artery Enlargement": 0.036420226097106934,
    "Pulmonary Fibrosis": 0.03651157766580582,
    "Rib Fracture": 0.017426196485757828,
    "Scoliosis": 0.2426566332578659,
    "Subcutaneous Emphysema": 0.013839750550687313,
    "Thickening": 0.133700892329216,
    "Volume Loss": 0.18606866896152496,
    "normal": 0.7662169933319092
  },
  "lateral_probs": {
    "Airspace Disease": 0.2753659784793854,
    "Bronchiectasis": 0.03455930948257446,
    "Bronchiolitis": 0.00922404881566763,
    "Bullous Disease": 0.03035527840256691,
    "Calcified Granuloma": 0.37351733446121216,
    "Calcinosis": 0.37471097707748413,
    "Cardiac Shadow (abnormal)": 0.17797593772411346,
    "Cardiomegaly": 0.2771393060684204,
    "Consolidation": 0.172200545668602,
    "Degenerative Change": 0.5014611482620239,
    "Edema": 0.17572347819805145,
    "Effusion": 0.08145208656787872,
    "Emphysema": 0.30866914987564087,
    "Fibrosis": 0.36753877997398376,
    "Fractures": 0.27403926849365234,
    "Hernia": 0.2114817500114441,
    "Hyperinflation": 0.4657838046550751,
    "Increased Lung Markings": 0.2902017831802368,
    "Interstitial Lung Disease": 0.26417213678359985,
    "Kyphosis": 0.17655904591083527,
    "Lesion": 0.4515853524208069,
    "Mass": 0.0697479322552681,
    "Nodule": 0.21576783061027527,
    "Osteophyte": 0.201127290725708,
    "Pleural Effusion": 0.22536034882068634,
    "Pleural Thickening": 0.18716607987880707,
    "Pneumothorax": 0.1369386613368988,
    "Pulmonary Artery Enlargement": 0.08055718243122101,
    "Pulmonary Fibrosis": 0.12227281928062439,
    "Rib Fracture": 0.03392375260591507,
    "Scoliosis": 0.19280685484409332,
    "Subcutaneous Emphysema": 0.042646050453186035,
    "Thickening": 0.14947623014450073,
    "Volume Loss": 0.3258312940597534,
    "normal": 0.5983750820159912
  }
}