{
  "uid": "3620",
  "frontal_image": "3620_IM-1791-1001-0001.dcm.png",
  "lateral_image": "3620_IM-1791-1001-0002.dcm.png",
  "fusion_mode": "weighted_avg(f=0.65,l=0.35)",
  "predicted_classes": [
    "normal"
  ],
  "resolved_classes": [
    "normal"
  ],
  "kg_classes": [
    "Normal"
  ],
  "num_predicted": 1,
  "conflict_resolution": "no_conflict",
  "is_uncertain": true,
  "uncertainty_reason": "normal_prob=0.580 (<0.73) with elevated disease scores: Lesion=0.470, Degenerative Change=0.436, Hyperinflation=0.416",
  "inference_time_s": 0.2668,
  "gt_labels": "Calcified Granuloma;Fibrosis;Lesion;Volume Loss",
  "probabilities": {
    "Airspace Disease": 0.325052,
    "Bronchiectasis": 0.039768,
    "Bronchiolitis": 0.015055,
    "Bullous Disease": 0.033007,
    "Calcified Granuloma": 0.344627,
    "Calcinosis": 0.307552,
    "Cardiac Shadow (abnormal)": 0.245508,
    "Cardiomegaly": 0.41276,
    "Consolidation": 0.174649,
    "Degenerative Change": 0.435655,
    "Edema": 0.285914,
    "Effusion": 0.064981,
    "Emphysema": 0.189011,
    "Fibrosis": 0.318371,
    "Fractures": 0.254664,
    "Hernia": 0.242648,
    "Hyperinflation": 0.415638,
    "Increased Lung Markings": 0.28759,
    "Interstitial Lung Disease": 0.192401,
    "Kyphosis": 0.129995,
    "Lesion": 0.470302,
    "Mass": 0.107827,
    "Nodule": 0.21578,
    "Osteophyte": 0.189833,
    "Pleural Effusion": 0.254366,
    "Pleural Thickening": 0.234987,
    "Pneumothorax": 0.091975,
    "Pulmonary Artery Enlargement": 0.105788,
    "Pulmonary Fibrosis": 0.089843,
    "Rib Fracture": 0.047098,
    "Scoliosis": 0.172694,
    "Subcutaneous Emphysema": 0.031451,
    "Thickening": 0.211518,
    "Volume Loss": 0.335755,
    "normal": 0.58008
  },
  "frontal_probs": {
    "Airspace Disease": 0.3854077458381653,
    "Bronchiectasis": 0.05219322070479393,
    "Bronchiolitis": 0.021992862224578857,
    "Bullous Disease": 0.04364084452390671,
    "Calcified Granuloma": 0.35305190086364746,
    "Calcinosis": 0.30870622396469116,
    "Cardiac Shadow (abnormal)": 0.314720094203949,
    "Cardiomegaly": 0.48188701272010803,
    "Consolidation": 0.19733723998069763,
    "Degenerative Change": 0.43199020624160767,
    "Edema": 0.3637137711048126,
    "Effusion": 0.08107836544513702,
    "Emphysema": 0.1848449558019638,
    "Fibrosis": 0.33274462819099426,
    "Fractures": 0.28651824593544006,
    "Hernia": 0.31292980909347534,
    "Hyperinflation": 0.4464872181415558,
    "Increased Lung Markings": 0.3252454400062561,
    "Interstitial Lung Disease": 0.19068332016468048,
    "Kyphosis": 0.15309371054172516,
    "Lesion": 0.5481702089309692,
    "Mass": 0.1414632499217987,
    "Nodule": 0.24726524949073792,
    "Osteophyte": 0.18334324657917023,
    "Pleural Effusion": 0.3318004012107849,
    "Pleural Thickening": 0.31103265285491943,
    "Pneumothorax": 0.1027219220995903,
    "Pulmonary Artery Enlargement": 0.13358932733535767,
    "Pulmonary Fibrosis": 0.10661745071411133,
    "Rib Fracture": 0.06426873058080673,
    "Scoliosis": 0.19039984047412872,
    "Subcutaneous Emphysema": 0.03378703072667122,
    "Thickening": 0.26606205105781555,
    "Volume Loss": 0.4100911021232605,
    "normal": 0.5125691890716553
  },
  "lateral_probs": {
    "Airspace Disease": 0.21296322345733643,
    "Bronchiectasis": 0.01669386774301529,
    "Bronchiolitis": 0.002170204883441329,
    "Bullous Disease": 0.013258812949061394,
    "Calcified Granuloma": 0.3289797008037567,
    "Calcinosis": 0.3054077923297882,
    "Cardiac Shadow (abnormal)": 0.11697221547365189,
    "Cardiomegaly": 0.28438177704811096,
    "Consolidation": 0.13251498341560364,
    "Degenerative Change": 0.44245967268943787,
    "Edema": 0.14142920076847076,
    "Effusion": 0.03508566692471504,
    "Emphysema": 0.1967475861310959,
    "Fibrosis": 0.29167649149894714,
    "Fractures": 0.19550569355487823,
    "Hernia": 0.1121257022023201,
    "Hyperinflation": 0.35834673047065735,
    "Increased Lung Markings": 0.2176571786403656,
    "Interstitial Lung Disease": 0.19559215009212494,
    "Kyphosis": 0.08709602802991867,
    "Lesion": 0.325690895318985,
    "Mass": 0.0453583188354969,
    "Nodule": 0.15730662643909454,
    "Osteophyte": 0.20188523828983307,
    "Pleural Effusion": 0.11055789887905121,
    "Pleural Thickening": 0.09375932812690735,
    "Pneumothorax": 0.07201629132032394,
    "Pulmonary Artery Enlargement": 0.054156724363565445,
    "Pulmonary Fibrosis": 0.05868919566273689,
    "Rib Fracture": 0.015209690667688847,
    "Scoliosis": 0.13981066644191742,
    "Subcutaneous Emphysema": 0.027112089097499847,
    "Thickening": 0.1102222129702568,
    "Volume Loss": 0.19770124554634094,
    "normal": 0.7054568529129028
  }
}