{
  "uid": "3629",
  "frontal_image": "3629_IM-1797-1001.dcm.png",
  "lateral_image": "3629_IM-1797-1002.dcm.png",
  "fusion_mode": "weighted_avg(f=0.65,l=0.35)",
  "predicted_classes": [
    "normal"
  ],
  "resolved_classes": [
    "normal"
  ],
  "kg_classes": [
    "Normal"
  ],
  "num_predicted": 1,
  "conflict_resolution": "no_conflict",
  "is_uncertain": false,
  "uncertainty_reason": "",
  "inference_time_s": 0.2627,
  "gt_labels": "normal",
  "probabilities": {
    "Airspace Disease": 0.136043,
    "Bronchiectasis": 0.019968,
    "Bronchiolitis": 0.002973,
    "Bullous Disease": 0.017785,
    "Calcified Granuloma": 0.324518,
    "Calcinosis": 0.277978,
    "Cardiac Shadow (abnormal)": 0.044667,
    "Cardiomegaly": 0.111937,
    "Consolidation": 0.143527,
    "Degenerative Change": 0.289742,
    "Edema": 0.067135,
    "Effusion": 0.019824,
    "Emphysema": 0.177013,
    "Fibrosis": 0.219887,
    "Fractures": 0.148704,
    "Hernia": 0.123364,
    "Hyperinflation": 0.244824,
    "Increased Lung Markings": 0.159498,
    "Interstitial Lung Disease": 0.113371,
    "Kyphosis": 0.072725,
    "Lesion": 0.228986,
    "Mass": 0.055825,
    "Nodule": 0.13937,
    "Osteophyte": 0.140443,
    "Pleural Effusion": 0.070231,
    "Pleural Thickening": 0.102266,
    "Pneumothorax": 0.046256,
    "Pulmonary Artery Enlargement": 0.057191,
    "Pulmonary Fibrosis": 0.041015,
    "Rib Fracture": 0.012502,
    "Scoliosis": 0.263357,
    "Subcutaneous Emphysema": 0.014943,
    "Thickening": 0.08982,
    "Volume Loss": 0.184706,
    "normal": 0.843399
  },
  "frontal_probs": {
    "Airspace Disease": 0.08098162710666656,
    "Bronchiectasis": 0.010077373124659061,
    "Bronchiolitis": 0.0028217765502631664,
    "Bullous Disease": 0.015783190727233887,
    "Calcified Granuloma": 0.3207104802131653,
    "Calcinosis": 0.2786053419113159,
    "Cardiac Shadow (abnormal)": 0.014639546163380146,
    "Cardiomegaly": 0.0482233427464962,
    "Consolidation": 0.12099842727184296,
    "Degenerative Change": 0.22858847677707672,
    "Edema": 0.02084498293697834,
    "Effusion": 0.004930481314659119,
    "Emphysema": 0.14583516120910645,
    "Fibrosis": 0.19287234544754028,
    "Fractures": 0.12888795137405396,
    "Hernia": 0.08683113753795624,
    "Hyperinflation": 0.1976005882024765,
    "Increased Lung Markings": 0.1303916573524475,
    "Interstitial Lung Disease": 0.0879582092165947,
    "Kyphosis": 0.07824324816465378,
    "Lesion": 0.16093699634075165,
    "Mass": 0.044468820095062256,
    "Nodule": 0.12073536217212677,
    "Osteophyte": 0.10669887065887451,
    "Pleural Effusion": 0.03623359277844429,
    "Pleural Thickening": 0.08393745124340057,
    "Pneumothorax": 0.023195460438728333,
    "Pulmonary Artery Enlargement": 0.03739592432975769,
    "Pulmonary Fibrosis": 0.02295839786529541,
    "Rib Fracture": 0.00585236307233572,
    "Scoliosis": 0.2965540289878845,
    "Subcutaneous Emphysema": 0.011409219354391098,
    "Thickening": 0.06573881208896637,
    "Volume Loss": 0.15357166528701782,
    "normal": 0.8903132677078247
  },
  "lateral_probs": {
    "Airspace Disease": 0.23830054700374603,
    "Bronchiectasis": 0.03833536431193352,
    "Bronchiolitis": 0.0032529861200600863,
    "Bullous Disease": 0.021502597257494926,
    "Calcified Granuloma": 0.33158770203590393,
    "Calcinosis": 0.2768140733242035,
    "Cardiac Shadow (abnormal)": 0.10043103992938995,
    "Cardiomegaly": 0.23026324808597565,
    "Consolidation": 0.18536487221717834,
    "Degenerative Change": 0.4033115804195404,
    "Edema": 0.15310128033161163,
    "Effusion": 0.04748281091451645,
    "Emphysema": 0.23491425812244415,
    "Fibrosis": 0.2700584828853607,
    "Fractures": 0.18550564348697662,
    "Hernia": 0.19121183454990387,
    "Hyperinflation": 0.3325251042842865,
    "Increased Lung Markings": 0.21355365216732025,
    "Interstitial Lung Disease": 0.1605663001537323,
    "Kyphosis": 0.06247555837035179,
    "Lesion": 0.3553626239299774,
    "Mass": 0.07691620290279388,
    "Nodule": 0.17397794127464294,
    "Osteophyte": 0.2031095027923584,
    "Pleural Effusion": 0.13336902856826782,
    "Pleural Thickening": 0.1363055408000946,
    "Pneumothorax": 0.08908383548259735,
    "Pulmonary Artery Enlargement": 0.09395366162061691,
    "Pulmonary Fibrosis": 0.07454746961593628,
    "Rib Fracture": 0.024852558970451355,
    "Scoliosis": 0.20170633494853973,
    "Subcutaneous Emphysema": 0.02150571346282959,
    "Thickening": 0.1345410943031311,
    "Volume Loss": 0.24252718687057495,
    "normal": 0.75627201795578
  }
}