{
  "uid": "3500",
  "frontal_image": "3500_IM-1706-1001.dcm.png",
  "lateral_image": "3500_IM-1706-2001.dcm.png",
  "fusion_mode": "weighted_avg(f=0.65,l=0.35)",
  "predicted_classes": [
    "normal"
  ],
  "resolved_classes": [
    "normal"
  ],
  "kg_classes": [
    "Normal"
  ],
  "num_predicted": 1,
  "conflict_resolution": "no_conflict",
  "is_uncertain": false,
  "uncertainty_reason": "",
  "inference_time_s": 0.2679,
  "gt_labels": "normal",
  "probabilities": {
    "Airspace Disease": 0.059202,
    "Bronchiectasis": 0.00088,
    "Bronchiolitis": 0.000474,
    "Bullous Disease": 0.003858,
    "Calcified Granuloma": 0.186713,
    "Calcinosis": 0.130194,
    "Cardiac Shadow (abnormal)": 0.022246,
    "Cardiomegaly": 0.123173,
    "Consolidation": 0.022325,
    "Degenerative Change": 0.252777,
    "Edema": 0.033586,
    "Effusion": 0.006272,
    "Emphysema": 0.018023,
    "Fibrosis": 0.074275,
    "Fractures": 0.053654,
    "Hernia": 0.047339,
    "Hyperinflation": 0.141099,
    "Increased Lung Markings": 0.119124,
    "Interstitial Lung Disease": 0.013591,
    "Kyphosis": 0.018204,
    "Lesion": 0.160444,
    "Mass": 0.013322,
    "Nodule": 0.124052,
    "Osteophyte": 0.130479,
    "Pleural Effusion": 0.039225,
    "Pleural Thickening": 0.03006,
    "Pneumothorax": 0.036809,
    "Pulmonary Artery Enlargement": 0.014735,
    "Pulmonary Fibrosis": 0.007366,
    "Rib Fracture": 0.005333,
    "Scoliosis": 0.080444,
    "Subcutaneous Emphysema": 0.000828,
    "Thickening": 0.03154,
    "Volume Loss": 0.122376,
    "normal": 0.890906
  },
  "frontal_probs": {
    "Airspace Disease": 0.06536886096000671,
    "Bronchiectasis": 0.0008775585447438061,
    "Bronchiolitis": 0.0007173140184022486,
    "Bullous Disease": 0.005793747026473284,
    "Calcified Granuloma": 0.20196957886219025,
    "Calcinosis": 0.15178918838500977,
    "Cardiac Shadow (abnormal)": 0.02152237296104431,
    "Cardiomegaly": 0.15182480216026306,
    "Consolidation": 0.019105413928627968,
    "Degenerative Change": 0.27345454692840576,
    "Edema": 0.03889957442879677,
    "Effusion": 0.007129511795938015,
    "Emphysema": 0.017442116513848305,
    "Fibrosis": 0.08656027168035507,
    "Fractures": 0.06174096837639809,
    "Hernia": 0.051356684416532516,
    "Hyperinflation": 0.14858348667621613,
    "Increased Lung Markings": 0.15158919990062714,
    "Interstitial Lung Disease": 0.009984626434743404,
    "Kyphosis": 0.02660464495420456,
    "Lesion": 0.17820468544960022,
    "Mass": 0.005477164871990681,
    "Nodule": 0.1474999338388443,
    "Osteophyte": 0.16142289340496063,
    "Pleural Effusion": 0.05148586258292198,
    "Pleural Thickening": 0.03639600798487663,
    "Pneumothorax": 0.0554332360625267,
    "Pulmonary Artery Enlargement": 0.008588708937168121,
    "Pulmonary Fibrosis": 0.005467259790748358,
    "Rib Fracture": 0.007236208766698837,
    "Scoliosis": 0.09932757914066315,
    "Subcutaneous Emphysema": 0.001025449251756072,
    "Thickening": 0.03556303679943085,
    "Volume Loss": 0.13752053678035736,
    "normal": 0.8521639108657837
  },
  "lateral_probs": {
    "Airspace Disease": 0.04775034263730049,
    "Bronchiectasis": 0.0008838808862492442,
    "Bronchiolitis": 2.0777995814569294e-05,
    "Bullous Disease": 0.00026307874941267073,
    "Calcified Granuloma": 0.158378466963768,
    "Calcinosis": 0.0900883823633194,
    "Cardiac Shadow (abnormal)": 0.02359030768275261,
    "Cardiomegaly": 0.06996119767427444,
    "Consolidation": 0.028303030878305435,
    "Degenerative Change": 0.21437594294548035,
    "Edema": 0.02371785417199135,
    "Effusion": 0.00467820605263114,
    "Emphysema": 0.019100982695817947,
    "Fibrosis": 0.05145817995071411,
    "Fractures": 0.03863516077399254,
    "Hernia": 0.03987693414092064,
    "Hyperinflation": 0.127200186252594,
    "Increased Lung Markings": 0.05883121117949486,
    "Interstitial Lung Disease": 0.02028915286064148,
    "Kyphosis": 0.002602568594738841,
    "Lesion": 0.12746025621891022,
    "Mass": 0.027890436351299286,
    "Nodule": 0.08050549030303955,
    "Osteophyte": 0.0730130672454834,
    "Pleural Effusion": 0.016453854739665985,
    "Pleural Thickening": 0.01829354092478752,
    "Pneumothorax": 0.0022214772179722786,
    "Pulmonary Artery Enlargement": 0.026150310412049294,
    "Pulmonary Fibrosis": 0.010891859419643879,
    "Rib Fracture": 0.0017975877271965146,
    "Scoliosis": 0.045374345034360886,
    "Subcutaneous Emphysema": 0.00046099748578853905,
    "Thickening": 0.02406749315559864,
    "Volume Loss": 0.09425149857997894,
    "normal": 0.9628567099571228
  }
}