{
  "uid": "3344",
  "frontal_image": "3344_IM-1603-1001.dcm.png",
  "lateral_image": "3344_IM-1603-2001.dcm.png",
  "fusion_mode": "weighted_avg(f=0.65,l=0.35)",
  "predicted_classes": [
    "normal"
  ],
  "resolved_classes": [
    "normal"
  ],
  "kg_classes": [
    "Normal"
  ],
  "num_predicted": 1,
  "conflict_resolution": "no_conflict",
  "is_uncertain": false,
  "uncertainty_reason": "",
  "inference_time_s": 0.2469,
  "gt_labels": "Lesion",
  "probabilities": {
    "Airspace Disease": 0.052314,
    "Bronchiectasis": 0.002643,
    "Bronchiolitis": 0.002027,
    "Bullous Disease": 0.005268,
    "Calcified Granuloma": 0.328135,
    "Calcinosis": 0.231081,
    "Cardiac Shadow (abnormal)": 0.028805,
    "Cardiomegaly": 0.087322,
    "Consolidation": 0.024988,
    "Degenerative Change": 0.360884,
    "Edema": 0.024279,
    "Effusion": 0.004888,
    "Emphysema": 0.087137,
    "Fibrosis": 0.179506,
    "Fractures": 0.129859,
    "Hernia": 0.077193,
    "Hyperinflation": 0.22873,
    "Increased Lung Markings": 0.135703,
    "Interstitial Lung Disease": 0.059441,
    "Kyphosis": 0.035619,
    "Lesion": 0.207529,
    "Mass": 0.018797,
    "Nodule": 0.137986,
    "Osteophyte": 0.227305,
    "Pleural Effusion": 0.063451,
    "Pleural Thickening": 0.078618,
    "Pneumothorax": 0.027512,
    "Pulmonary Artery Enlargement": 0.063556,
    "Pulmonary Fibrosis": 0.015566,
    "Rib Fracture": 0.004498,
    "Scoliosis": 0.29113,
    "Subcutaneous Emphysema": 0.004344,
    "Thickening": 0.058252,
    "Volume Loss": 0.182996,
    "normal": 0.857548
  },
  "frontal_probs": {
    "Airspace Disease": 0.03930337727069855,
    "Bronchiectasis": 0.001571793109178543,
    "Bronchiolitis": 0.002944500418379903,
    "Bullous Disease": 0.005605386104434729,
    "Calcified Granuloma": 0.33656084537506104,
    "Calcinosis": 0.23461973667144775,
    "Cardiac Shadow (abnormal)": 0.028366878628730774,
    "Cardiomegaly": 0.08449383080005646,
    "Consolidation": 0.018461989238858223,
    "Degenerative Change": 0.3346793055534363,
    "Edema": 0.022768300026655197,
    "Effusion": 0.0034597257617861032,
    "Emphysema": 0.0656050443649292,
    "Fibrosis": 0.1804323047399521,
    "Fractures": 0.1523568034172058,
    "Hernia": 0.08302687108516693,
    "Hyperinflation": 0.2192484736442566,
    "Increased Lung Markings": 0.16722193360328674,
    "Interstitial Lung Disease": 0.0204964280128479,
    "Kyphosis": 0.04397020861506462,
    "Lesion": 0.20424386858940125,
    "Mass": 0.015505838207900524,
    "Nodule": 0.13843998312950134,
    "Osteophyte": 0.260880708694458,
    "Pleural Effusion": 0.07165461778640747,
    "Pleural Thickening": 0.09521398693323135,
    "Pneumothorax": 0.03200038522481918,
    "Pulmonary Artery Enlargement": 0.08757872134447098,
    "Pulmonary Fibrosis": 0.013157089240849018,
    "Rib Fracture": 0.005119095556437969,
    "Scoliosis": 0.39845994114875793,
    "Subcutaneous Emphysema": 0.004716132767498493,
    "Thickening": 0.05233486369252205,
    "Volume Loss": 0.20668494701385498,
    "normal": 0.8534841537475586
  },
  "lateral_probs": {
    "Airspace Disease": 0.07647646218538284,
    "Bronchiectasis": 0.004632426425814629,
    "Bronchiolitis": 0.0003237082564737648,
    "Bullous Disease": 0.004641969222575426,
    "Calcified Granuloma": 0.31248795986175537,
    "Calcinosis": 0.2245088517665863,
    "Cardiac Shadow (abnormal)": 0.02961723692715168,
    "Cardiomegaly": 0.09257451444864273,
    "Consolidation": 0.0371074415743351,
    "Degenerative Change": 0.40954944491386414,
    "Edema": 0.02708514966070652,
    "Effusion": 0.007540654391050339,
    "Emphysema": 0.12712469696998596,
    "Fibrosis": 0.17778556048870087,
    "Fractures": 0.088076651096344,
    "Hernia": 0.0663599967956543,
    "Hyperinflation": 0.2463376224040985,
    "Increased Lung Markings": 0.07716860622167587,
    "Interstitial Lung Disease": 0.13176549971103668,
    "Kyphosis": 0.02010953053832054,
    "Lesion": 0.21362857520580292,
    "Mass": 0.024908795952796936,
    "Nodule": 0.13714243471622467,
    "Osteophyte": 0.16494905948638916,
    "Pleural Effusion": 0.04821525886654854,
    "Pleural Thickening": 0.0477980300784111,
    "Pneumothorax": 0.019176343455910683,
    "Pulmonary Artery Enlargement": 0.01894310675561428,
    "Pulmonary Fibrosis": 0.02004091814160347,
    "Rib Fracture": 0.003343200543895364,
    "Scoliosis": 0.09180398285388947,
    "Subcutaneous Emphysema": 0.0036534396931529045,
    "Thickening": 0.06924068927764893,
    "Volume Loss": 0.13900268077850342,
    "normal": 0.8650965690612793
  }
}