{
  "uid": "3740",
  "frontal_image": "3740_IM-1868-1001.dcm.png",
  "lateral_image": "3740_IM-1868-2001.dcm.png",
  "fusion_mode": "weighted_avg(f=0.65,l=0.35)",
  "predicted_classes": [
    "Lesion",
    "normal"
  ],
  "resolved_classes": [
    "Lesion"
  ],
  "kg_classes": [
    "Lesion"
  ],
  "num_predicted": 1,
  "conflict_resolution": "disease_dominates",
  "is_uncertain": false,
  "uncertainty_reason": "",
  "inference_time_s": 0.2803,
  "gt_labels": "Airspace Disease;Consolidation;Lesion",
  "probabilities": {
    "Airspace Disease": 0.451541,
    "Bronchiectasis": 0.116889,
    "Bronchiolitis": 0.025665,
    "Bullous Disease": 0.060177,
    "Calcified Granuloma": 0.32771,
    "Calcinosis": 0.265007,
    "Cardiac Shadow (abnormal)": 0.253283,
    "Cardiomegaly": 0.458196,
    "Consolidation": 0.433166,
    "Degenerative Change": 0.412687,
    "Edema": 0.318386,
    "Effusion": 0.129653,
    "Emphysema": 0.298333,
    "Fibrosis": 0.307169,
    "Fractures": 0.200201,
    "Hernia": 0.258581,
    "Hyperinflation": 0.442291,
    "Increased Lung Markings": 0.270371,
    "Interstitial Lung Disease": 0.223464,
    "Kyphosis": 0.127396,
    "Lesion": 0.520392,
    "Mass": 0.256167,
    "Nodule": 0.249336,
    "Osteophyte": 0.215563,
    "Pleural Effusion": 0.460462,
    "Pleural Thickening": 0.360458,
    "Pneumothorax": 0.156076,
    "Pulmonary Artery Enlargement": 0.139518,
    "Pulmonary Fibrosis": 0.211093,
    "Rib Fracture": 0.078575,
    "Scoliosis": 0.251659,
    "Subcutaneous Emphysema": 0.057126,
    "Thickening": 0.247787,
    "Volume Loss": 0.416742,
    "normal": 0.502509
  },
  "frontal_probs": {
    "Airspace Disease": 0.4763515591621399,
    "Bronchiectasis": 0.087437704205513,
    "Bronchiolitis": 0.025008074939250946,
    "Bullous Disease": 0.06222137436270714,
    "Calcified Granuloma": 0.323333740234375,
    "Calcinosis": 0.24976755678653717,
    "Cardiac Shadow (abnormal)": 0.2218792587518692,
    "Cardiomegaly": 0.4282488226890564,
    "Consolidation": 0.47804945707321167,
    "Degenerative Change": 0.4223591983318329,
    "Edema": 0.25380513072013855,
    "Effusion": 0.11900606751441956,
    "Emphysema": 0.3019079267978668,
    "Fibrosis": 0.27740582823753357,
    "Fractures": 0.18880455195903778,
    "Hernia": 0.2838059365749359,
    "Hyperinflation": 0.42327582836151123,
    "Increased Lung Markings": 0.24232813715934753,
    "Interstitial Lung Disease": 0.19758477807044983,
    "Kyphosis": 0.11707521975040436,
    "Lesion": 0.5471110343933105,
    "Mass": 0.33103498816490173,
    "Nodule": 0.22923536598682404,
    "Osteophyte": 0.19803428649902344,
    "Pleural Effusion": 0.4762762486934662,
    "Pleural Thickening": 0.3375118374824524,
    "Pneumothorax": 0.19805751740932465,
    "Pulmonary Artery Enlargement": 0.11838432401418686,
    "Pulmonary Fibrosis": 0.21905024349689484,
    "Rib Fracture": 0.09160013496875763,
    "Scoliosis": 0.2605418264865875,
    "Subcutaneous Emphysema": 0.05677661672234535,
    "Thickening": 0.21748872101306915,
    "Volume Loss": 0.41439753770828247,
    "normal": 0.5024963021278381
  },
  "lateral_probs": {
    "Airspace Disease": 0.40546560287475586,
    "Bronchiectasis": 0.17158301174640656,
    "Bronchiolitis": 0.026885157451033592,
    "Bullous Disease": 0.05637897178530693,
    "Calcified Granuloma": 0.3358384668827057,
    "Calcinosis": 0.29330822825431824,
    "Cardiac Shadow (abnormal)": 0.3116034269332886,
    "Cardiomegaly": 0.5138132572174072,
    "Consolidation": 0.34981098771095276,
    "Degenerative Change": 0.3947237432003021,
    "Edema": 0.43832290172576904,
    "Effusion": 0.14942680299282074,
    "Emphysema": 0.29169267416000366,
    "Fibrosis": 0.3624434173107147,
    "Fractures": 0.22136689722537994,
    "Hernia": 0.2117348611354828,
    "Hyperinflation": 0.47760459780693054,
    "Increased Lung Markings": 0.3224511742591858,
    "Interstitial Lung Disease": 0.27152517437934875,
    "Kyphosis": 0.14656195044517517,
    "Lesion": 0.4707723557949066,
    "Mass": 0.1171262189745903,
    "Nodule": 0.28666505217552185,
    "Osteophyte": 0.24811549484729767,
    "Pleural Effusion": 0.43109214305877686,
    "Pleural Thickening": 0.4030735492706299,
    "Pneumothorax": 0.0781094878911972,
    "Pulmonary Artery Enlargement": 0.17876484990119934,
    "Pulmonary Fibrosis": 0.1963144838809967,
    "Rib Fracture": 0.054386407136917114,
    "Scoliosis": 0.23516154289245605,
    "Subcutaneous Emphysema": 0.05777356028556824,
    "Thickening": 0.30405449867248535,
    "Volume Loss": 0.42109474539756775,
    "normal": 0.5025324821472168
  }
}