{
  "uid": "3253",
  "frontal_image": "3253_IM-1542-1001.dcm.png",
  "lateral_image": "3253_IM-1542-2001.dcm.png",
  "fusion_mode": "weighted_avg(f=0.65,l=0.35)",
  "predicted_classes": [
    "normal"
  ],
  "resolved_classes": [
    "normal"
  ],
  "kg_classes": [
    "Normal"
  ],
  "num_predicted": 1,
  "conflict_resolution": "no_conflict",
  "is_uncertain": false,
  "uncertainty_reason": "",
  "inference_time_s": 0.273,
  "gt_labels": "normal",
  "probabilities": {
    "Airspace Disease": 0.105809,
    "Bronchiectasis": 0.010873,
    "Bronchiolitis": 0.000637,
    "Bullous Disease": 0.013015,
    "Calcified Granuloma": 0.225654,
    "Calcinosis": 0.202544,
    "Cardiac Shadow (abnormal)": 0.021666,
    "Cardiomegaly": 0.081447,
    "Consolidation": 0.081274,
    "Degenerative Change": 0.221984,
    "Edema": 0.057024,
    "Effusion": 0.014088,
    "Emphysema": 0.126243,
    "Fibrosis": 0.128534,
    "Fractures": 0.112765,
    "Hernia": 0.043753,
    "Hyperinflation": 0.168167,
    "Increased Lung Markings": 0.066926,
    "Interstitial Lung Disease": 0.053027,
    "Kyphosis": 0.02342,
    "Lesion": 0.167029,
    "Mass": 0.016986,
    "Nodule": 0.125581,
    "Osteophyte": 0.081863,
    "Pleural Effusion": 0.042732,
    "Pleural Thickening": 0.094275,
    "Pneumothorax": 0.030164,
    "Pulmonary Artery Enlargement": 0.019957,
    "Pulmonary Fibrosis": 0.023761,
    "Rib Fracture": 0.005149,
    "Scoliosis": 0.114935,
    "Subcutaneous Emphysema": 0.003206,
    "Thickening": 0.079804,
    "Volume Loss": 0.121124,
    "normal": 0.885826
  },
  "frontal_probs": {
    "Airspace Disease": 0.08312906324863434,
    "Bronchiectasis": 0.0017327803652733564,
    "Bronchiolitis": 0.0006067579961381853,
    "Bullous Disease": 0.017462829127907753,
    "Calcified Granuloma": 0.2071535736322403,
    "Calcinosis": 0.20709556341171265,
    "Cardiac Shadow (abnormal)": 0.009520772844552994,
    "Cardiomegaly": 0.04177302122116089,
    "Consolidation": 0.032190438359975815,
    "Degenerative Change": 0.18290551006793976,
    "Edema": 0.018927110359072685,
    "Effusion": 0.003723321482539177,
    "Emphysema": 0.12764376401901245,
    "Fibrosis": 0.11030728369951248,
    "Fractures": 0.10087591409683228,
    "Hernia": 0.031899355351924896,
    "Hyperinflation": 0.11219573765993118,
    "Increased Lung Markings": 0.041455235332250595,
    "Interstitial Lung Disease": 0.040461115539073944,
    "Kyphosis": 0.03082275576889515,
    "Lesion": 0.09508540481328964,
    "Mass": 0.0029038439970463514,
    "Nodule": 0.1066860482096672,
    "Osteophyte": 0.06402823328971863,
    "Pleural Effusion": 0.017899036407470703,
    "Pleural Thickening": 0.05497363582253456,
    "Pneumothorax": 0.03728924319148064,
    "Pulmonary Artery Enlargement": 0.010845578275620937,
    "Pulmonary Fibrosis": 0.009039792232215405,
    "Rib Fracture": 0.0019327125046402216,
    "Scoliosis": 0.10019715130329132,
    "Subcutaneous Emphysema": 0.002123662270605564,
    "Thickening": 0.04388246312737465,
    "Volume Loss": 0.07870423048734665,
    "normal": 0.9165543913841248
  },
  "lateral_probs": {
    "Airspace Disease": 0.1479286104440689,
    "Bronchiectasis": 0.02784634567797184,
    "Bronchiolitis": 0.0006933126715011895,
    "Bullous Disease": 0.004755258560180664,
    "Calcified Granuloma": 0.26001232862472534,
    "Calcinosis": 0.19409142434597015,
    "Cardiac Shadow (abnormal)": 0.044222816824913025,
    "Cardiomegaly": 0.15512698888778687,
    "Consolidation": 0.17243044078350067,
    "Degenerative Change": 0.29455801844596863,
    "Edema": 0.1277754157781601,
    "Effusion": 0.033337920904159546,
    "Emphysema": 0.12364135682582855,
    "Fibrosis": 0.16238395869731903,
    "Fractures": 0.1348448395729065,
    "Hernia": 0.06576599180698395,
    "Hyperinflation": 0.2721141576766968,
    "Increased Lung Markings": 0.11422993987798691,
    "Interstitial Lung Disease": 0.07636411488056183,
    "Kyphosis": 0.009672865271568298,
    "Lesion": 0.30063965916633606,
    "Mass": 0.043139904737472534,
    "Nodule": 0.16067065298557281,
    "Osteophyte": 0.11498410254716873,
    "Pleural Effusion": 0.08884914219379425,
    "Pleural Thickening": 0.16726315021514893,
    "Pneumothorax": 0.01693161204457283,
    "Pulmonary Artery Enlargement": 0.036877017468214035,
    "Pulmonary Fibrosis": 0.051100268959999084,
    "Rib Fracture": 0.0111215990036726,
    "Scoliosis": 0.1423063427209854,
    "Subcutaneous Emphysema": 0.005214821547269821,
    "Thickening": 0.14651548862457275,
    "Volume Loss": 0.1999032348394394,
    "normal": 0.8287591934204102
  }
}