{
  "uid": "3789",
  "frontal_image": "3789_IM-1902-1001.dcm.png",
  "lateral_image": "3789_IM-1902-2001.dcm.png",
  "fusion_mode": "weighted_avg(f=0.65,l=0.35)",
  "predicted_classes": [
    "normal"
  ],
  "resolved_classes": [
    "normal"
  ],
  "kg_classes": [
    "Normal"
  ],
  "num_predicted": 1,
  "conflict_resolution": "no_conflict",
  "is_uncertain": true,
  "uncertainty_reason": "normal_prob=0.577 (<0.73) with elevated disease scores: Lesion=0.473, Degenerative Change=0.461, Cardiomegaly=0.431",
  "inference_time_s": 0.2718,
  "gt_labels": "Cardiomegaly",
  "probabilities": {
    "Airspace Disease": 0.276943,
    "Bronchiectasis": 0.035958,
    "Bronchiolitis": 0.014045,
    "Bullous Disease": 0.029441,
    "Calcified Granuloma": 0.356529,
    "Calcinosis": 0.305394,
    "Cardiac Shadow (abnormal)": 0.227463,
    "Cardiomegaly": 0.430982,
    "Consolidation": 0.154667,
    "Degenerative Change": 0.460824,
    "Edema": 0.199321,
    "Effusion": 0.049991,
    "Emphysema": 0.163338,
    "Fibrosis": 0.317578,
    "Fractures": 0.210209,
    "Hernia": 0.247335,
    "Hyperinflation": 0.420006,
    "Increased Lung Markings": 0.292929,
    "Interstitial Lung Disease": 0.136558,
    "Kyphosis": 0.20764,
    "Lesion": 0.473203,
    "Mass": 0.084073,
    "Nodule": 0.255529,
    "Osteophyte": 0.228601,
    "Pleural Effusion": 0.208399,
    "Pleural Thickening": 0.164411,
    "Pneumothorax": 0.067125,
    "Pulmonary Artery Enlargement": 0.164453,
    "Pulmonary Fibrosis": 0.073802,
    "Rib Fracture": 0.03753,
    "Scoliosis": 0.192259,
    "Subcutaneous Emphysema": 0.023999,
    "Thickening": 0.212991,
    "Volume Loss": 0.337291,
    "normal": 0.577421
  },
  "frontal_probs": {
    "Airspace Disease": 0.3156168758869171,
    "Bronchiectasis": 0.029092784970998764,
    "Bronchiolitis": 0.01955321989953518,
    "Bullous Disease": 0.03605793043971062,
    "Calcified Granuloma": 0.3453654646873474,
    "Calcinosis": 0.3053828179836273,
    "Cardiac Shadow (abnormal)": 0.2909468412399292,
    "Cardiomegaly": 0.5174332857131958,
    "Consolidation": 0.1561514437198639,
    "Degenerative Change": 0.4591086804866791,
    "Edema": 0.2222684770822525,
    "Effusion": 0.055612850934267044,
    "Emphysema": 0.13564777374267578,
    "Fibrosis": 0.32784220576286316,
    "Fractures": 0.2406291961669922,
    "Hernia": 0.29574066400527954,
    "Hyperinflation": 0.44790393114089966,
    "Increased Lung Markings": 0.3414025604724884,
    "Interstitial Lung Disease": 0.12283102422952652,
    "Kyphosis": 0.28153684735298157,
    "Lesion": 0.5141572952270508,
    "Mass": 0.08345174789428711,
    "Nodule": 0.2556672990322113,
    "Osteophyte": 0.22768303751945496,
    "Pleural Effusion": 0.2359773814678192,
    "Pleural Thickening": 0.15093404054641724,
    "Pneumothorax": 0.08409690111875534,
    "Pulmonary Artery Enlargement": 0.2193174958229065,
    "Pulmonary Fibrosis": 0.06606360524892807,
    "Rib Fracture": 0.044622261077165604,
    "Scoliosis": 0.18474166095256805,
    "Subcutaneous Emphysema": 0.027226192876696587,
    "Thickening": 0.2229895442724228,
    "Volume Loss": 0.3750050961971283,
    "normal": 0.5239573121070862
  },
  "lateral_probs": {
    "Airspace Disease": 0.2051210254430771,
    "Bronchiectasis": 0.04870783910155296,
    "Bronchiolitis": 0.0038161107804626226,
    "Bullous Disease": 0.017153162509202957,
    "Calcified Granuloma": 0.3772623836994171,
    "Calcinosis": 0.30541592836380005,
    "Cardiac Shadow (abnormal)": 0.10956485569477081,
    "Cardiomegaly": 0.2704297602176666,
    "Consolidation": 0.15190942585468292,
    "Degenerative Change": 0.4640100300312042,
    "Edema": 0.15670382976531982,
    "Effusion": 0.03955111280083656,
    "Emphysema": 0.2147616297006607,
    "Fibrosis": 0.2985166907310486,
    "Fractures": 0.15371569991111755,
    "Hernia": 0.1574389934539795,
    "Hyperinflation": 0.36819636821746826,
    "Increased Lung Markings": 0.2029074877500534,
    "Interstitial Lung Disease": 0.1620522439479828,
    "Kyphosis": 0.07040221244096756,
    "Lesion": 0.397145539522171,
    "Mass": 0.08522728830575943,
    "Nodule": 0.255271852016449,
    "Osteophyte": 0.23030678927898407,
    "Pleural Effusion": 0.15718285739421844,
    "Pleural Thickening": 0.18943995237350464,
    "Pneumothorax": 0.03560556843876839,
    "Pulmonary Artery Enlargement": 0.06256041675806046,
    "Pulmonary Fibrosis": 0.08817292749881744,
    "Rib Fracture": 0.024359729140996933,
    "Scoliosis": 0.20621876418590546,
    "Subcutaneous Emphysema": 0.01800696551799774,
    "Thickening": 0.19442279636859894,
    "Volume Loss": 0.26725080609321594,
    "normal": 0.6767110824584961
  }
}