{
  "uid": "3530",
  "frontal_image": "3530_IM-1726-1001.dcm.png",
  "lateral_image": "3530_IM-1726-1002.dcm.png",
  "fusion_mode": "weighted_avg(f=0.65,l=0.35)",
  "predicted_classes": [
    "Cardiomegaly",
    "normal",
    "Lesion"
  ],
  "resolved_classes": [
    "Cardiomegaly",
    "Lesion"
  ],
  "kg_classes": [
    "Cardiomegaly",
    "Lesion"
  ],
  "num_predicted": 2,
  "conflict_resolution": "disease_dominates",
  "is_uncertain": false,
  "uncertainty_reason": "",
  "inference_time_s": 0.2706,
  "gt_labels": "Cardiomegaly;Osteophyte",
  "probabilities": {
    "Airspace Disease": 0.374026,
    "Bronchiectasis": 0.069094,
    "Bronchiolitis": 0.020813,
    "Bullous Disease": 0.056495,
    "Calcified Granuloma": 0.320676,
    "Calcinosis": 0.349331,
    "Cardiac Shadow (abnormal)": 0.302745,
    "Cardiomegaly": 0.53802,
    "Consolidation": 0.225766,
    "Degenerative Change": 0.40996,
    "Edema": 0.333998,
    "Effusion": 0.116083,
    "Emphysema": 0.23189,
    "Fibrosis": 0.291608,
    "Fractures": 0.243415,
    "Hernia": 0.331248,
    "Hyperinflation": 0.4394,
    "Increased Lung Markings": 0.362261,
    "Interstitial Lung Disease": 0.21833,
    "Kyphosis": 0.184339,
    "Lesion": 0.511641,
    "Mass": 0.10051,
    "Nodule": 0.206698,
    "Osteophyte": 0.220336,
    "Pleural Effusion": 0.33517,
    "Pleural Thickening": 0.294492,
    "Pneumothorax": 0.120826,
    "Pulmonary Artery Enlargement": 0.187484,
    "Pulmonary Fibrosis": 0.184728,
    "Rib Fracture": 0.048902,
    "Scoliosis": 0.272709,
    "Subcutaneous Emphysema": 0.061119,
    "Thickening": 0.231447,
    "Volume Loss": 0.422875,
    "normal": 0.523965
  },
  "frontal_probs": {
    "Airspace Disease": 0.413537859916687,
    "Bronchiectasis": 0.05447961017489433,
    "Bronchiolitis": 0.023160383105278015,
    "Bullous Disease": 0.04394909366965294,
    "Calcified Granuloma": 0.30198654532432556,
    "Calcinosis": 0.3467567265033722,
    "Cardiac Shadow (abnormal)": 0.3416183292865753,
    "Cardiomegaly": 0.6087804436683655,
    "Consolidation": 0.21907569468021393,
    "Degenerative Change": 0.39017120003700256,
    "Edema": 0.3675525188446045,
    "Effusion": 0.10850072652101517,
    "Emphysema": 0.19324438273906708,
    "Fibrosis": 0.26908063888549805,
    "Fractures": 0.23381558060646057,
    "Hernia": 0.32643359899520874,
    "Hyperinflation": 0.44513460993766785,
    "Increased Lung Markings": 0.3788214325904846,
    "Interstitial Lung Disease": 0.18570174276828766,
    "Kyphosis": 0.19069556891918182,
    "Lesion": 0.5352814793586731,
    "Mass": 0.08586999773979187,
    "Nodule": 0.18358826637268066,
    "Osteophyte": 0.18346136808395386,
    "Pleural Effusion": 0.35246607661247253,
    "Pleural Thickening": 0.3376431465148926,
    "Pneumothorax": 0.09613025933504105,
    "Pulmonary Artery Enlargement": 0.21579137444496155,
    "Pulmonary Fibrosis": 0.16342154145240784,
    "Rib Fracture": 0.040307361632585526,
    "Scoliosis": 0.2707267105579376,
    "Subcutaneous Emphysema": 0.054141368716955185,
    "Thickening": 0.2241445779800415,
    "Volume Loss": 0.4602595567703247,
    "normal": 0.47862347960472107
  },
  "lateral_probs": {
    "Airspace Disease": 0.3006457984447479,
    "Bronchiectasis": 0.09623468667268753,
    "Bronchiolitis": 0.016452450305223465,
    "Bullous Disease": 0.07979323714971542,
    "Calcified Granuloma": 0.35538485646247864,
    "Calcinosis": 0.3541128635406494,
    "Cardiac Shadow (abnormal)": 0.23055188357830048,
    "Cardiomegaly": 0.40660884976387024,
    "Consolidation": 0.2381904125213623,
    "Degenerative Change": 0.44671061635017395,
    "Edema": 0.27168333530426025,
    "Effusion": 0.13016562163829803,
    "Emphysema": 0.30366167426109314,
    "Fibrosis": 0.3334435820579529,
    "Fractures": 0.2612435519695282,
    "Hernia": 0.3401886820793152,
    "Hyperinflation": 0.42874962091445923,
    "Increased Lung Markings": 0.3315049111843109,
    "Interstitial Lung Disease": 0.27892497181892395,
    "Kyphosis": 0.1725352257490158,
    "Lesion": 0.467737078666687,
    "Mass": 0.1276979297399521,
    "Nodule": 0.24961596727371216,
    "Osteophyte": 0.2888161838054657,
    "Pleural Effusion": 0.3030475378036499,
    "Pleural Thickening": 0.21435460448265076,
    "Pneumothorax": 0.16668809950351715,
    "Pulmonary Artery Enlargement": 0.1349143385887146,
    "Pulmonary Fibrosis": 0.22429649531841278,
    "Rib Fracture": 0.06486428529024124,
    "Scoliosis": 0.2763917148113251,
    "Subcutaneous Emphysema": 0.0740787461400032,
    "Thickening": 0.2450074702501297,
    "Volume Loss": 0.35344651341438293,
    "normal": 0.6081717610359192
  }
}