{
  "uid": "3230",
  "frontal_image": "3230_IM-1527-2001.dcm.png",
  "lateral_image": "3230_IM-1527-1001.dcm.png",
  "fusion_mode": "weighted_avg(f=0.65,l=0.35)",
  "predicted_classes": [
    "Lesion",
    "normal"
  ],
  "resolved_classes": [
    "Lesion"
  ],
  "kg_classes": [
    "Lesion"
  ],
  "num_predicted": 1,
  "conflict_resolution": "disease_dominates",
  "is_uncertain": false,
  "uncertainty_reason": "",
  "inference_time_s": 0.2814,
  "gt_labels": "Degenerative Change;Hyperinflation;Lesion;Volume Loss",
  "probabilities": {
    "Airspace Disease": 0.329157,
    "Bronchiectasis": 0.033746,
    "Bronchiolitis": 0.008039,
    "Bullous Disease": 0.025201,
    "Calcified Granuloma": 0.291081,
    "Calcinosis": 0.275133,
    "Cardiac Shadow (abnormal)": 0.240297,
    "Cardiomegaly": 0.480072,
    "Consolidation": 0.200926,
    "Degenerative Change": 0.440714,
    "Edema": 0.305703,
    "Effusion": 0.059859,
    "Emphysema": 0.155391,
    "Fibrosis": 0.297955,
    "Fractures": 0.252611,
    "Hernia": 0.220747,
    "Hyperinflation": 0.455754,
    "Increased Lung Markings": 0.326032,
    "Interstitial Lung Disease": 0.187596,
    "Kyphosis": 0.184659,
    "Lesion": 0.530511,
    "Mass": 0.065258,
    "Nodule": 0.154073,
    "Osteophyte": 0.178105,
    "Pleural Effusion": 0.31547,
    "Pleural Thickening": 0.2287,
    "Pneumothorax": 0.122082,
    "Pulmonary Artery Enlargement": 0.076585,
    "Pulmonary Fibrosis": 0.08192,
    "Rib Fracture": 0.031981,
    "Scoliosis": 0.186785,
    "Subcutaneous Emphysema": 0.028964,
    "Thickening": 0.204647,
    "Volume Loss": 0.422948,
    "normal": 0.502012
  },
  "frontal_probs": {
    "Airspace Disease": 0.39042583107948303,
    "Bronchiectasis": 0.03772369772195816,
    "Bronchiolitis": 0.009711080230772495,
    "Bullous Disease": 0.022383006289601326,
    "Calcified Granuloma": 0.28156861662864685,
    "Calcinosis": 0.26335713267326355,
    "Cardiac Shadow (abnormal)": 0.2722468078136444,
    "Cardiomegaly": 0.5274493098258972,
    "Consolidation": 0.2431650608778,
    "Degenerative Change": 0.4309402108192444,
    "Edema": 0.3521953821182251,
    "Effusion": 0.0665825828909874,
    "Emphysema": 0.13326996564865112,
    "Fibrosis": 0.31518954038619995,
    "Fractures": 0.27663135528564453,
    "Hernia": 0.2468836009502411,
    "Hyperinflation": 0.47483864426612854,
    "Increased Lung Markings": 0.3592129945755005,
    "Interstitial Lung Disease": 0.16591089963912964,
    "Kyphosis": 0.2106999009847641,
    "Lesion": 0.5959774255752563,
    "Mass": 0.06794735044240952,
    "Nodule": 0.1445733606815338,
    "Osteophyte": 0.1711386740207672,
    "Pleural Effusion": 0.387468546628952,
    "Pleural Thickening": 0.2792063355445862,
    "Pneumothorax": 0.1402975618839264,
    "Pulmonary Artery Enlargement": 0.08580934256315231,
    "Pulmonary Fibrosis": 0.07470756024122238,
    "Rib Fracture": 0.03425733745098114,
    "Scoliosis": 0.18806535005569458,
    "Subcutaneous Emphysema": 0.025585493072867393,
    "Thickening": 0.22038277983665466,
    "Volume Loss": 0.48361265659332275,
    "normal": 0.4441678822040558
  },
  "lateral_probs": {
    "Airspace Disease": 0.21537256240844727,
    "Bronchiectasis": 0.02635917067527771,
    "Bronchiolitis": 0.00493290601298213,
    "Bullous Disease": 0.030433690175414085,
    "Calcified Granuloma": 0.3087456226348877,
    "Calcinosis": 0.2970019578933716,
    "Cardiac Shadow (abnormal)": 0.18096183240413666,
    "Cardiomegaly": 0.39208438992500305,
    "Consolidation": 0.12248135358095169,
    "Degenerative Change": 0.4588664770126343,
    "Edema": 0.21936003863811493,
    "Effusion": 0.04737327620387077,
    "Emphysema": 0.19647425413131714,
    "Fibrosis": 0.2659493684768677,
    "Fractures": 0.2080024629831314,
    "Hernia": 0.1722067892551422,
    "Hyperinflation": 0.4203118085861206,
    "Increased Lung Markings": 0.26440927386283875,
    "Interstitial Lung Disease": 0.22786961495876312,
    "Kyphosis": 0.13629671931266785,
    "Lesion": 0.40893056988716125,
    "Mass": 0.06026361137628555,
    "Nodule": 0.17171531915664673,
    "Osteophyte": 0.1910426914691925,
    "Pleural Effusion": 0.18175911903381348,
    "Pleural Thickening": 0.1349012702703476,
    "Pneumothorax": 0.0882544070482254,
    "Pulmonary Artery Enlargement": 0.059454720467329025,
    "Pulmonary Fibrosis": 0.0953151285648346,
    "Rib Fracture": 0.02775423787534237,
    "Scoliosis": 0.18440744280815125,
    "Subcutaneous Emphysema": 0.03523794561624527,
    "Thickening": 0.17542429268360138,
    "Volume Loss": 0.31028419733047485,
    "normal": 0.6094365119934082
  }
}