{
  "uid": "3988",
  "frontal_image": "3988_IM-2041-1001.dcm.png",
  "lateral_image": "3988_IM-2041-2001.dcm.png",
  "fusion_mode": "weighted_avg(f=0.65,l=0.35)",
  "predicted_classes": [
    "normal"
  ],
  "resolved_classes": [
    "normal"
  ],
  "kg_classes": [
    "Normal"
  ],
  "num_predicted": 1,
  "conflict_resolution": "no_conflict",
  "is_uncertain": true,
  "uncertainty_reason": "normal_prob=0.722 (<0.73) with elevated disease scores: Degenerative Change=0.356, Lesion=0.342",
  "inference_time_s": 0.2673,
  "gt_labels": "Calcified Granuloma;Lesion",
  "probabilities": {
    "Airspace Disease": 0.178051,
    "Bronchiectasis": 0.038347,
    "Bronchiolitis": 0.006148,
    "Bullous Disease": 0.024504,
    "Calcified Granuloma": 0.306712,
    "Calcinosis": 0.297865,
    "Cardiac Shadow (abnormal)": 0.093792,
    "Cardiomegaly": 0.267167,
    "Consolidation": 0.124688,
    "Degenerative Change": 0.355941,
    "Edema": 0.157496,
    "Effusion": 0.045948,
    "Emphysema": 0.200757,
    "Fibrosis": 0.240258,
    "Fractures": 0.156472,
    "Hernia": 0.207982,
    "Hyperinflation": 0.288226,
    "Increased Lung Markings": 0.160537,
    "Interstitial Lung Disease": 0.14615,
    "Kyphosis": 0.099956,
    "Lesion": 0.341548,
    "Mass": 0.094523,
    "Nodule": 0.202975,
    "Osteophyte": 0.158271,
    "Pleural Effusion": 0.123895,
    "Pleural Thickening": 0.150732,
    "Pneumothorax": 0.047722,
    "Pulmonary Artery Enlargement": 0.10082,
    "Pulmonary Fibrosis": 0.056859,
    "Rib Fracture": 0.032491,
    "Scoliosis": 0.14867,
    "Subcutaneous Emphysema": 0.014613,
    "Thickening": 0.130692,
    "Volume Loss": 0.235385,
    "normal": 0.722402
  },
  "frontal_probs": {
    "Airspace Disease": 0.15647105872631073,
    "Bronchiectasis": 0.026803508400917053,
    "Bronchiolitis": 0.00788724422454834,
    "Bullous Disease": 0.02964276261627674,
    "Calcified Granuloma": 0.2980228364467621,
    "Calcinosis": 0.31065893173217773,
    "Cardiac Shadow (abnormal)": 0.0879501923918724,
    "Cardiomegaly": 0.24822014570236206,
    "Consolidation": 0.105046346783638,
    "Degenerative Change": 0.33920103311538696,
    "Edema": 0.12500730156898499,
    "Effusion": 0.01942538656294346,
    "Emphysema": 0.20898225903511047,
    "Fibrosis": 0.23982520401477814,
    "Fractures": 0.14227449893951416,
    "Hernia": 0.24031727015972137,
    "Hyperinflation": 0.252464234828949,
    "Increased Lung Markings": 0.13927125930786133,
    "Interstitial Lung Disease": 0.14628936350345612,
    "Kyphosis": 0.1323818415403366,
    "Lesion": 0.3173837661743164,
    "Mass": 0.10672206431627274,
    "Nodule": 0.20591497421264648,
    "Osteophyte": 0.15096335113048553,
    "Pleural Effusion": 0.09262380003929138,
    "Pleural Thickening": 0.12047703564167023,
    "Pneumothorax": 0.03989126533269882,
    "Pulmonary Artery Enlargement": 0.11867285519838333,
    "Pulmonary Fibrosis": 0.045016590505838394,
    "Rib Fracture": 0.024752870202064514,
    "Scoliosis": 0.14698731899261475,
    "Subcutaneous Emphysema": 0.013067562133073807,
    "Thickening": 0.11447262763977051,
    "Volume Loss": 0.20928026735782623,
    "normal": 0.7257404327392578
  },
  "lateral_probs": {
    "Airspace Disease": 0.21812714636325836,
    "Bronchiectasis": 0.059785693883895874,
    "Bronchiolitis": 0.0029193563386797905,
    "Bullous Disease": 0.01496170274913311,
    "Calcified Granuloma": 0.3228491544723511,
    "Calcinosis": 0.2741042673587799,
    "Cardiac Shadow (abnormal)": 0.10464152693748474,
    "Cardiomegaly": 0.30235451459884644,
    "Consolidation": 0.16116517782211304,
    "Degenerative Change": 0.38703009486198425,
    "Edema": 0.2178310602903366,
    "Effusion": 0.09520412981510162,
    "Emphysema": 0.18548014760017395,
    "Fibrosis": 0.24106062948703766,
    "Fractures": 0.18283741176128387,
    "Hernia": 0.14792980253696442,
    "Hyperinflation": 0.35464009642601013,
    "Increased Lung Markings": 0.2000318318605423,
    "Interstitial Lung Disease": 0.14589199423789978,
    "Kyphosis": 0.039735373109579086,
    "Lesion": 0.3864235579967499,
    "Mass": 0.07186764478683472,
    "Nodule": 0.19751469790935516,
    "Osteophyte": 0.17184162139892578,
    "Pleural Effusion": 0.1819695234298706,
    "Pleural Thickening": 0.20692050457000732,
    "Pneumothorax": 0.062264334410429,
    "Pulmonary Artery Enlargement": 0.06766598671674728,
    "Pulmonary Fibrosis": 0.07885220646858215,
    "Rib Fracture": 0.04686083272099495,
    "Scoliosis": 0.15179452300071716,
    "Subcutaneous Emphysema": 0.01748209074139595,
    "Thickening": 0.16081351041793823,
    "Volume Loss": 0.28386542201042175,
    "normal": 0.7162006497383118
  }
}