{
  "uid": "3986",
  "frontal_image": "3986_IM-2041-1001.dcm.png|3986_IM-2041-3001.dcm.png",
  "lateral_image": "3986_IM-2041-2001.dcm.png",
  "fusion_mode": "weighted_avg(f=0.65,l=0.35)",
  "predicted_classes": [
    "normal"
  ],
  "resolved_classes": [
    "normal"
  ],
  "kg_classes": [
    "Normal"
  ],
  "num_predicted": 1,
  "conflict_resolution": "no_conflict",
  "is_uncertain": false,
  "uncertainty_reason": "",
  "inference_time_s": 0.3714,
  "gt_labels": "normal",
  "probabilities": {
    "Airspace Disease": 0.095298,
    "Bronchiectasis": 0.014476,
    "Bronchiolitis": 0.001609,
    "Bullous Disease": 0.024329,
    "Calcified Granuloma": 0.242793,
    "Calcinosis": 0.186335,
    "Cardiac Shadow (abnormal)": 0.014992,
    "Cardiomegaly": 0.038517,
    "Consolidation": 0.056794,
    "Degenerative Change": 0.199258,
    "Edema": 0.041894,
    "Effusion": 0.009373,
    "Emphysema": 0.198639,
    "Fibrosis": 0.214912,
    "Fractures": 0.102835,
    "Hernia": 0.034392,
    "Hyperinflation": 0.244619,
    "Increased Lung Markings": 0.070906,
    "Interstitial Lung Disease": 0.119842,
    "Kyphosis": 0.037667,
    "Lesion": 0.165118,
    "Mass": 0.013244,
    "Nodule": 0.133289,
    "Osteophyte": 0.04748,
    "Pleural Effusion": 0.038126,
    "Pleural Thickening": 0.071967,
    "Pneumothorax": 0.049148,
    "Pulmonary Artery Enlargement": 0.018452,
    "Pulmonary Fibrosis": 0.03189,
    "Rib Fracture": 0.0039,
    "Scoliosis": 0.117326,
    "Subcutaneous Emphysema": 0.007236,
    "Thickening": 0.070816,
    "Volume Loss": 0.106835,
    "normal": 0.881397
  },
  "frontal_probs": {
    "Airspace Disease": 0.10923635214567184,
    "Bronchiectasis": 0.01973792003991548,
    "Bronchiolitis": 0.0023563606887364585,
    "Bullous Disease": 0.031749079207656905,
    "Calcified Granuloma": 0.22302835062146187,
    "Calcinosis": 0.18265090510249138,
    "Cardiac Shadow (abnormal)": 0.017580897896550596,
    "Cardiomegaly": 0.03548997943289578,
    "Consolidation": 0.06264816783368587,
    "Degenerative Change": 0.15223608165979385,
    "Edema": 0.04783882887568325,
    "Effusion": 0.011015364711056463,
    "Emphysema": 0.20036038802936673,
    "Fibrosis": 0.21274271048605442,
    "Fractures": 0.10622529685497284,
    "Hernia": 0.041717149782925844,
    "Hyperinflation": 0.21899821236729622,
    "Increased Lung Markings": 0.07243422884494066,
    "Interstitial Lung Disease": 0.11417256062850356,
    "Kyphosis": 0.051450275583192706,
    "Lesion": 0.17314566392451525,
    "Mass": 0.013958406692836434,
    "Nodule": 0.1345434319227934,
    "Osteophyte": 0.038614917546510696,
    "Pleural Effusion": 0.04089956043753773,
    "Pleural Thickening": 0.08415906131267548,
    "Pneumothorax": 0.04628041526302695,
    "Pulmonary Artery Enlargement": 0.015433059656061232,
    "Pulmonary Fibrosis": 0.04076123623235617,
    "Rib Fracture": 0.005293271056871163,
    "Scoliosis": 0.12658577039837837,
    "Subcutaneous Emphysema": 0.007760938016872387,
    "Thickening": 0.07560615113470703,
    "Volume Loss": 0.10924238618463278,
    "normal": 0.8762332499027252
  },
  "lateral_probs": {
    "Airspace Disease": 0.06941376626491547,
    "Bronchiectasis": 0.004704586695879698,
    "Bronchiolitis": 0.00022111448924988508,
    "Bullous Disease": 0.010549483820796013,
    "Calcified Granuloma": 0.2794995903968811,
    "Calcinosis": 0.19317813217639923,
    "Cardiac Shadow (abnormal)": 0.010184547863900661,
    "Cardiomegaly": 0.04413958638906479,
    "Consolidation": 0.04592245817184448,
    "Degenerative Change": 0.286584734916687,
    "Edema": 0.03085494413971901,
    "Effusion": 0.006322064436972141,
    "Emphysema": 0.19544175267219543,
    "Fibrosis": 0.2189418524503708,
    "Fractures": 0.09654013812541962,
    "Hernia": 0.020787829533219337,
    "Hyperinflation": 0.2922012209892273,
    "Increased Lung Markings": 0.06806890666484833,
    "Interstitial Lung Disease": 0.13037076592445374,
    "Kyphosis": 0.012068996205925941,
    "Lesion": 0.15020930767059326,
    "Mass": 0.011916190385818481,
    "Nodule": 0.13095831871032715,
    "Osteophyte": 0.06394510716199875,
    "Pleural Effusion": 0.03297542408108711,
    "Pleural Thickening": 0.049324292689561844,
    "Pneumothorax": 0.054473698139190674,
    "Pulmonary Artery Enlargement": 0.024057840928435326,
    "Pulmonary Fibrosis": 0.01541611086577177,
    "Rib Fracture": 0.0013118458446115255,
    "Scoliosis": 0.10012958943843842,
    "Subcutaneous Emphysema": 0.006260390859097242,
    "Thickening": 0.06192074343562126,
    "Volume Loss": 0.10236537456512451,
    "normal": 0.8909881711006165
  }
}