{
  "uid": "3494",
  "frontal_image": "3494_IM-1699-1001.dcm.png",
  "lateral_image": "3494_IM-1699-2001.dcm.png",
  "fusion_mode": "weighted_avg(f=0.65,l=0.35)",
  "predicted_classes": [
    "normal"
  ],
  "resolved_classes": [
    "normal"
  ],
  "kg_classes": [
    "Normal"
  ],
  "num_predicted": 1,
  "conflict_resolution": "no_conflict",
  "is_uncertain": false,
  "uncertainty_reason": "",
  "inference_time_s": 0.2774,
  "gt_labels": "Hyperinflation;Increased Lung Markings",
  "probabilities": {
    "Airspace Disease": 0.149202,
    "Bronchiectasis": 0.008669,
    "Bronchiolitis": 0.003838,
    "Bullous Disease": 0.007981,
    "Calcified Granuloma": 0.323137,
    "Calcinosis": 0.215554,
    "Cardiac Shadow (abnormal)": 0.046822,
    "Cardiomegaly": 0.133082,
    "Consolidation": 0.078582,
    "Degenerative Change": 0.352291,
    "Edema": 0.047594,
    "Effusion": 0.013723,
    "Emphysema": 0.077045,
    "Fibrosis": 0.21941,
    "Fractures": 0.182061,
    "Hernia": 0.164716,
    "Hyperinflation": 0.268615,
    "Increased Lung Markings": 0.202091,
    "Interstitial Lung Disease": 0.044594,
    "Kyphosis": 0.065071,
    "Lesion": 0.262647,
    "Mass": 0.051934,
    "Nodule": 0.166041,
    "Osteophyte": 0.208113,
    "Pleural Effusion": 0.064121,
    "Pleural Thickening": 0.088221,
    "Pneumothorax": 0.040845,
    "Pulmonary Artery Enlargement": 0.046928,
    "Pulmonary Fibrosis": 0.02979,
    "Rib Fracture": 0.010271,
    "Scoliosis": 0.148325,
    "Subcutaneous Emphysema": 0.0132,
    "Thickening": 0.074546,
    "Volume Loss": 0.176194,
    "normal": 0.83091
  },
  "frontal_probs": {
    "Airspace Disease": 0.15557900071144104,
    "Bronchiectasis": 0.004577291198074818,
    "Bronchiolitis": 0.005340253934264183,
    "Bullous Disease": 0.00942191295325756,
    "Calcified Granuloma": 0.3422088921070099,
    "Calcinosis": 0.22795957326889038,
    "Cardiac Shadow (abnormal)": 0.03557815030217171,
    "Cardiomegaly": 0.13730216026306152,
    "Consolidation": 0.08061274886131287,
    "Degenerative Change": 0.3541940152645111,
    "Edema": 0.03924057260155678,
    "Effusion": 0.012795415706932545,
    "Emphysema": 0.07903696596622467,
    "Fibrosis": 0.23412229120731354,
    "Fractures": 0.2257622480392456,
    "Hernia": 0.19961963593959808,
    "Hyperinflation": 0.27213025093078613,
    "Increased Lung Markings": 0.22820675373077393,
    "Interstitial Lung Disease": 0.04244309291243553,
    "Kyphosis": 0.08901016414165497,
    "Lesion": 0.2685597240924835,
    "Mass": 0.05077982693910599,
    "Nodule": 0.1456303596496582,
    "Osteophyte": 0.24155482649803162,
    "Pleural Effusion": 0.07221910357475281,
    "Pleural Thickening": 0.08976851403713226,
    "Pneumothorax": 0.05358365550637245,
    "Pulmonary Artery Enlargement": 0.053004756569862366,
    "Pulmonary Fibrosis": 0.022889776155352592,
    "Rib Fracture": 0.010571031831204891,
    "Scoliosis": 0.1608506441116333,
    "Subcutaneous Emphysema": 0.015505590476095676,
    "Thickening": 0.05656572803854942,
    "Volume Loss": 0.17784562706947327,
    "normal": 0.8120948076248169
  },
  "lateral_probs": {
    "Airspace Disease": 0.13735981285572052,
    "Bronchiectasis": 0.01626671478152275,
    "Bronchiolitis": 0.0010478721233084798,
    "Bullous Disease": 0.0053037614561617374,
    "Calcified Granuloma": 0.28771910071372986,
    "Calcinosis": 0.19251646101474762,
    "Cardiac Shadow (abnormal)": 0.06770221889019012,
    "Cardiomegaly": 0.1252432018518448,
    "Consolidation": 0.07481158524751663,
    "Degenerative Change": 0.348755806684494,
    "Edema": 0.06310857832431793,
    "Effusion": 0.015445045195519924,
    "Emphysema": 0.07334451377391815,
    "Fibrosis": 0.19208769500255585,
    "Fractures": 0.10090171545743942,
    "Hernia": 0.0998949185013771,
    "Hyperinflation": 0.26208752393722534,
    "Increased Lung Markings": 0.15358896553516388,
    "Interstitial Lung Disease": 0.048589833080768585,
    "Kyphosis": 0.02061113901436329,
    "Lesion": 0.2516661584377289,
    "Mass": 0.05407842621207237,
    "Nodule": 0.2039470225572586,
    "Osteophyte": 0.1460062861442566,
    "Pleural Effusion": 0.049082860350608826,
    "Pleural Thickening": 0.08534705638885498,
    "Pneumothorax": 0.01718747429549694,
    "Pulmonary Artery Enlargement": 0.0356413759291172,
    "Pulmonary Fibrosis": 0.04260530322790146,
    "Rib Fracture": 0.009714153595268726,
    "Scoliosis": 0.12506356835365295,
    "Subcutaneous Emphysema": 0.00891874823719263,
    "Thickening": 0.10793822258710861,
    "Volume Loss": 0.17312674224376678,
    "normal": 0.8658526539802551
  }
}