{
  "uid": "3624",
  "frontal_image": "3624_IM-1794-1001.dcm.png",
  "lateral_image": "3624_IM-1794-2001.dcm.png",
  "fusion_mode": "weighted_avg(f=0.65,l=0.35)",
  "predicted_classes": [
    "normal"
  ],
  "resolved_classes": [
    "normal"
  ],
  "kg_classes": [
    "Normal"
  ],
  "num_predicted": 1,
  "conflict_resolution": "no_conflict",
  "is_uncertain": true,
  "uncertainty_reason": "normal_prob=0.688 (<0.73) with elevated disease scores: Lesion=0.423, Hyperinflation=0.372, Volume Loss=0.333",
  "inference_time_s": 0.2884,
  "gt_labels": "normal",
  "probabilities": {
    "Airspace Disease": 0.296469,
    "Bronchiectasis": 0.022,
    "Bronchiolitis": 0.00676,
    "Bullous Disease": 0.022737,
    "Calcified Granuloma": 0.235395,
    "Calcinosis": 0.208705,
    "Cardiac Shadow (abnormal)": 0.107172,
    "Cardiomegaly": 0.263063,
    "Consolidation": 0.152984,
    "Degenerative Change": 0.322757,
    "Edema": 0.318611,
    "Effusion": 0.05576,
    "Emphysema": 0.144095,
    "Fibrosis": 0.203137,
    "Fractures": 0.186329,
    "Hernia": 0.111219,
    "Hyperinflation": 0.372091,
    "Increased Lung Markings": 0.254422,
    "Interstitial Lung Disease": 0.072424,
    "Kyphosis": 0.036444,
    "Lesion": 0.422615,
    "Mass": 0.094088,
    "Nodule": 0.165656,
    "Osteophyte": 0.132978,
    "Pleural Effusion": 0.203597,
    "Pleural Thickening": 0.186615,
    "Pneumothorax": 0.112585,
    "Pulmonary Artery Enlargement": 0.058745,
    "Pulmonary Fibrosis": 0.040226,
    "Rib Fracture": 0.03718,
    "Scoliosis": 0.140449,
    "Subcutaneous Emphysema": 0.014387,
    "Thickening": 0.129067,
    "Volume Loss": 0.333268,
    "normal": 0.687638
  },
  "frontal_probs": {
    "Airspace Disease": 0.3330783247947693,
    "Bronchiectasis": 0.016834335401654243,
    "Bronchiolitis": 0.009518420323729515,
    "Bullous Disease": 0.028343260288238525,
    "Calcified Granuloma": 0.2365843653678894,
    "Calcinosis": 0.21726170182228088,
    "Cardiac Shadow (abnormal)": 0.11370182782411575,
    "Cardiomegaly": 0.2793112099170685,
    "Consolidation": 0.1454165279865265,
    "Degenerative Change": 0.33933916687965393,
    "Edema": 0.41614365577697754,
    "Effusion": 0.044447723776102066,
    "Emphysema": 0.13711631298065186,
    "Fibrosis": 0.20663776993751526,
    "Fractures": 0.19722327589988708,
    "Hernia": 0.09135562181472778,
    "Hyperinflation": 0.4010430872440338,
    "Increased Lung Markings": 0.2977416217327118,
    "Interstitial Lung Disease": 0.08495068550109863,
    "Kyphosis": 0.04228133708238602,
    "Lesion": 0.45965197682380676,
    "Mass": 0.07787852734327316,
    "Nodule": 0.16643260419368744,
    "Osteophyte": 0.13643115758895874,
    "Pleural Effusion": 0.20776663720607758,
    "Pleural Thickening": 0.1751282662153244,
    "Pneumothorax": 0.11731014400720596,
    "Pulmonary Artery Enlargement": 0.048530932515859604,
    "Pulmonary Fibrosis": 0.037727199494838715,
    "Rib Fracture": 0.0451270155608654,
    "Scoliosis": 0.13827216625213623,
    "Subcutaneous Emphysema": 0.016266820952296257,
    "Thickening": 0.13943599164485931,
    "Volume Loss": 0.38724952936172485,
    "normal": 0.6400395035743713
  },
  "lateral_probs": {
    "Airspace Disease": 0.22848057746887207,
    "Bronchiectasis": 0.031592387706041336,
    "Bronchiolitis": 0.0016361940652132034,
    "Bullous Disease": 0.012325659394264221,
    "Calcified Granuloma": 0.23318740725517273,
    "Calcinosis": 0.19281448423862457,
    "Cardiac Shadow (abnormal)": 0.09504508227109909,
    "Cardiomegaly": 0.23288781940937042,
    "Consolidation": 0.1670391857624054,
    "Degenerative Change": 0.29196038842201233,
    "Edema": 0.1374775469303131,
    "Effusion": 0.0767679437994957,
    "Emphysema": 0.15705518424510956,
    "Fibrosis": 0.19663502275943756,
    "Fractures": 0.16609631478786469,
    "Hernia": 0.14810910820960999,
    "Hyperinflation": 0.31832239031791687,
    "Increased Lung Markings": 0.17397034168243408,
    "Interstitial Lung Disease": 0.04915926605463028,
    "Kyphosis": 0.025602808222174644,
    "Lesion": 0.3538326621055603,
    "Mass": 0.12419251352548599,
    "Nodule": 0.16421326994895935,
    "Osteophyte": 0.12656588852405548,
    "Pleural Effusion": 0.19585265219211578,
    "Pleural Thickening": 0.20794875919818878,
    "Pneumothorax": 0.10381093621253967,
    "Pulmonary Artery Enlargement": 0.0777147188782692,
    "Pulmonary Fibrosis": 0.044865332543849945,
    "Rib Fracture": 0.022422155365347862,
    "Scoliosis": 0.14449207484722137,
    "Subcutaneous Emphysema": 0.010896343737840652,
    "Thickening": 0.10980935394763947,
    "Volume Loss": 0.23301774263381958,
    "normal": 0.776034951210022
  }
}