{
  "uid": "3870",
  "frontal_image": "3870_IM-1963-4001.dcm.png",
  "lateral_image": "3870_IM-1963-1001.dcm.png",
  "fusion_mode": "weighted_avg(f=0.65,l=0.35)",
  "predicted_classes": [
    "Pleural Effusion",
    "Lesion",
    "Volume Loss"
  ],
  "resolved_classes": [
    "Pleural Effusion",
    "Lesion",
    "Volume Loss"
  ],
  "kg_classes": [
    "Pleural Effusion",
    "Lesion",
    "Volume Loss"
  ],
  "num_predicted": 3,
  "conflict_resolution": "no_conflict",
  "is_uncertain": false,
  "uncertainty_reason": "",
  "inference_time_s": 0.2569,
  "gt_labels": "Lesion;Pleural Effusion",
  "probabilities": {
    "Airspace Disease": 0.49975,
    "Bronchiectasis": 0.102064,
    "Bronchiolitis": 0.015966,
    "Bullous Disease": 0.052116,
    "Calcified Granuloma": 0.289278,
    "Calcinosis": 0.285977,
    "Cardiac Shadow (abnormal)": 0.252134,
    "Cardiomegaly": 0.402106,
    "Consolidation": 0.331167,
    "Degenerative Change": 0.413085,
    "Edema": 0.325857,
    "Effusion": 0.131908,
    "Emphysema": 0.271488,
    "Fibrosis": 0.324028,
    "Fractures": 0.198642,
    "Hernia": 0.264089,
    "Hyperinflation": 0.481508,
    "Increased Lung Markings": 0.290279,
    "Interstitial Lung Disease": 0.244111,
    "Kyphosis": 0.192016,
    "Lesion": 0.564654,
    "Mass": 0.127992,
    "Nodule": 0.231024,
    "Osteophyte": 0.200481,
    "Pleural Effusion": 0.619371,
    "Pleural Thickening": 0.409577,
    "Pneumothorax": 0.167075,
    "Pulmonary Artery Enlargement": 0.077838,
    "Pulmonary Fibrosis": 0.147193,
    "Rib Fracture": 0.059211,
    "Scoliosis": 0.209081,
    "Subcutaneous Emphysema": 0.044257,
    "Thickening": 0.254582,
    "Volume Loss": 0.5059,
    "normal": 0.448073
  },
  "frontal_probs": {
    "Airspace Disease": 0.545434832572937,
    "Bronchiectasis": 0.0910850390791893,
    "Bronchiolitis": 0.014897831715643406,
    "Bullous Disease": 0.031247228384017944,
    "Calcified Granuloma": 0.2630726099014282,
    "Calcinosis": 0.2836684286594391,
    "Cardiac Shadow (abnormal)": 0.2299574762582779,
    "Cardiomegaly": 0.3927730619907379,
    "Consolidation": 0.406669944524765,
    "Degenerative Change": 0.40304499864578247,
    "Edema": 0.3221924602985382,
    "Effusion": 0.12253501266241074,
    "Emphysema": 0.22628945112228394,
    "Fibrosis": 0.3132028877735138,
    "Fractures": 0.18233385682106018,
    "Hernia": 0.23870974779129028,
    "Hyperinflation": 0.4642733931541443,
    "Increased Lung Markings": 0.26738226413726807,
    "Interstitial Lung Disease": 0.25609028339385986,
    "Kyphosis": 0.1704535335302353,
    "Lesion": 0.5866472125053406,
    "Mass": 0.13770630955696106,
    "Nodule": 0.21919389069080353,
    "Osteophyte": 0.1818300485610962,
    "Pleural Effusion": 0.6650040149688721,
    "Pleural Thickening": 0.42993974685668945,
    "Pneumothorax": 0.13710424304008484,
    "Pulmonary Artery Enlargement": 0.05285210162401199,
    "Pulmonary Fibrosis": 0.13667032122612,
    "Rib Fracture": 0.05686594918370247,
    "Scoliosis": 0.18239423632621765,
    "Subcutaneous Emphysema": 0.030693162232637405,
    "Thickening": 0.2700248062610626,
    "Volume Loss": 0.5261470675468445,
    "normal": 0.40076348185539246
  },
  "lateral_probs": {
    "Airspace Disease": 0.4149074852466583,
    "Bronchiectasis": 0.1224541962146759,
    "Bronchiolitis": 0.017950989305973053,
    "Bullous Disease": 0.09087225049734116,
    "Calcified Granuloma": 0.33794617652893066,
    "Calcinosis": 0.290264368057251,
    "Cardiac Shadow (abnormal)": 0.2933184802532196,
    "Cardiomegaly": 0.4194379150867462,
    "Consolidation": 0.19094757735729218,
    "Degenerative Change": 0.4317297637462616,
    "Edema": 0.332661896944046,
    "Effusion": 0.14931531250476837,
    "Emphysema": 0.3554280698299408,
    "Fibrosis": 0.3441331684589386,
    "Fractures": 0.2289285808801651,
    "Hernia": 0.31122106313705444,
    "Hyperinflation": 0.5135141611099243,
    "Increased Lung Markings": 0.33280110359191895,
    "Interstitial Lung Disease": 0.2218630462884903,
    "Kyphosis": 0.23206162452697754,
    "Lesion": 0.5238081216812134,
    "Mass": 0.10995197296142578,
    "Nodule": 0.2529936730861664,
    "Osteophyte": 0.2351190149784088,
    "Pleural Effusion": 0.5346227884292603,
    "Pleural Thickening": 0.3717595934867859,
    "Pneumothorax": 0.22273501753807068,
    "Pulmonary Artery Enlargement": 0.12423967570066452,
    "Pulmonary Fibrosis": 0.16673584282398224,
    "Rib Fracture": 0.0635654479265213,
    "Scoliosis": 0.2586422860622406,
    "Subcutaneous Emphysema": 0.06944775581359863,
    "Thickening": 0.2259024679660797,
    "Volume Loss": 0.4682980477809906,
    "normal": 0.5359348058700562
  }
}