{
  "uid": "3416",
  "frontal_image": "3416_IM-1651-0001-0001.dcm.png",
  "lateral_image": "3416_IM-1651-0001-0002.dcm.png",
  "fusion_mode": "weighted_avg(f=0.65,l=0.35)",
  "predicted_classes": [
    "normal"
  ],
  "resolved_classes": [
    "normal"
  ],
  "kg_classes": [
    "Normal"
  ],
  "num_predicted": 1,
  "conflict_resolution": "no_conflict",
  "is_uncertain": false,
  "uncertainty_reason": "",
  "inference_time_s": 0.2657,
  "gt_labels": "Calcinosis;Nodule;Volume Loss",
  "probabilities": {
    "Airspace Disease": 0.134464,
    "Bronchiectasis": 0.033577,
    "Bronchiolitis": 0.011111,
    "Bullous Disease": 0.03344,
    "Calcified Granuloma": 0.338008,
    "Calcinosis": 0.315739,
    "Cardiac Shadow (abnormal)": 0.052317,
    "Cardiomegaly": 0.141363,
    "Consolidation": 0.085202,
    "Degenerative Change": 0.454032,
    "Edema": 0.07532,
    "Effusion": 0.029064,
    "Emphysema": 0.216087,
    "Fibrosis": 0.233706,
    "Fractures": 0.245551,
    "Hernia": 0.161889,
    "Hyperinflation": 0.394562,
    "Increased Lung Markings": 0.246594,
    "Interstitial Lung Disease": 0.130157,
    "Kyphosis": 0.128139,
    "Lesion": 0.30072,
    "Mass": 0.055903,
    "Nodule": 0.227922,
    "Osteophyte": 0.255451,
    "Pleural Effusion": 0.120777,
    "Pleural Thickening": 0.123571,
    "Pneumothorax": 0.150701,
    "Pulmonary Artery Enlargement": 0.037732,
    "Pulmonary Fibrosis": 0.067998,
    "Rib Fracture": 0.023514,
    "Scoliosis": 0.286408,
    "Subcutaneous Emphysema": 0.027254,
    "Thickening": 0.12541,
    "Volume Loss": 0.294036,
    "normal": 0.736847
  },
  "frontal_probs": {
    "Airspace Disease": 0.09582629054784775,
    "Bronchiectasis": 0.010772863402962685,
    "Bronchiolitis": 0.014260978437960148,
    "Bullous Disease": 0.0355193056166172,
    "Calcified Granuloma": 0.32830867171287537,
    "Calcinosis": 0.2994883358478546,
    "Cardiac Shadow (abnormal)": 0.041598204523324966,
    "Cardiomegaly": 0.12655140459537506,
    "Consolidation": 0.03464839607477188,
    "Degenerative Change": 0.43340447545051575,
    "Edema": 0.05822752043604851,
    "Effusion": 0.013565575703978539,
    "Emphysema": 0.1169658824801445,
    "Fibrosis": 0.19117459654808044,
    "Fractures": 0.2718789577484131,
    "Hernia": 0.12801064550876617,
    "Hyperinflation": 0.3962717652320862,
    "Increased Lung Markings": 0.2937648892402649,
    "Interstitial Lung Disease": 0.07978043705224991,
    "Kyphosis": 0.16779319941997528,
    "Lesion": 0.24255764484405518,
    "Mass": 0.023045653477311134,
    "Nodule": 0.23193834722042084,
    "Osteophyte": 0.2555820941925049,
    "Pleural Effusion": 0.11809458583593369,
    "Pleural Thickening": 0.11105480045080185,
    "Pneumothorax": 0.13043588399887085,
    "Pulmonary Artery Enlargement": 0.020451191812753677,
    "Pulmonary Fibrosis": 0.04973112419247627,
    "Rib Fracture": 0.014714199118316174,
    "Scoliosis": 0.321544349193573,
    "Subcutaneous Emphysema": 0.023008735850453377,
    "Thickening": 0.124641552567482,
    "Volume Loss": 0.3034498393535614,
    "normal": 0.7455092668533325
  },
  "lateral_probs": {
    "Airspace Disease": 0.2062191218137741,
    "Bronchiectasis": 0.0759270042181015,
    "Bronchiolitis": 0.005261341109871864,
    "Bullous Disease": 0.02957898937165737,
    "Calcified Granuloma": 0.35602226853370667,
    "Calcinosis": 0.3459177017211914,
    "Cardiac Shadow (abnormal)": 0.07222364097833633,
    "Cardiomegaly": 0.16886913776397705,
    "Consolidation": 0.17908816039562225,
    "Degenerative Change": 0.49233970046043396,
    "Edema": 0.10706400871276855,
    "Effusion": 0.05784584954380989,
    "Emphysema": 0.40016937255859375,
    "Fibrosis": 0.3126925230026245,
    "Fractures": 0.19665509462356567,
    "Hernia": 0.224805548787117,
    "Hyperinflation": 0.3913876414299011,
    "Increased Lung Markings": 0.15899130702018738,
    "Interstitial Lung Disease": 0.2237132489681244,
    "Kyphosis": 0.054494887590408325,
    "Lesion": 0.40873679518699646,
    "Mass": 0.11692358553409576,
    "Nodule": 0.22046315670013428,
    "Osteophyte": 0.2552061975002289,
    "Pleural Effusion": 0.1257576048374176,
    "Pleural Thickening": 0.146814227104187,
    "Pneumothorax": 0.18833549320697784,
    "Pulmonary Artery Enlargement": 0.06982552260160446,
    "Pulmonary Fibrosis": 0.10192185640335083,
    "Rib Fracture": 0.03985660895705223,
    "Scoliosis": 0.22115418314933777,
    "Subcutaneous Emphysema": 0.03513944894075394,
    "Thickening": 0.12683823704719543,
    "Volume Loss": 0.2765519320964813,
    "normal": 0.7207592129707336
  }
}