{
  "uid": "3902",
  "frontal_image": "3902_IM-1981-1001.dcm.png",
  "lateral_image": "3902_IM-1981-2001.dcm.png",
  "fusion_mode": "weighted_avg(f=0.65,l=0.35)",
  "predicted_classes": [
    "normal"
  ],
  "resolved_classes": [
    "normal"
  ],
  "kg_classes": [
    "Normal"
  ],
  "num_predicted": 1,
  "conflict_resolution": "no_conflict",
  "is_uncertain": false,
  "uncertainty_reason": "",
  "inference_time_s": 0.2532,
  "gt_labels": "normal",
  "probabilities": {
    "Airspace Disease": 0.177801,
    "Bronchiectasis": 0.005607,
    "Bronchiolitis": 0.00308,
    "Bullous Disease": 0.011749,
    "Calcified Granuloma": 0.284266,
    "Calcinosis": 0.182106,
    "Cardiac Shadow (abnormal)": 0.073409,
    "Cardiomegaly": 0.143869,
    "Consolidation": 0.06233,
    "Degenerative Change": 0.313262,
    "Edema": 0.105005,
    "Effusion": 0.017754,
    "Emphysema": 0.139636,
    "Fibrosis": 0.168748,
    "Fractures": 0.151069,
    "Hernia": 0.143185,
    "Hyperinflation": 0.238574,
    "Increased Lung Markings": 0.127077,
    "Interstitial Lung Disease": 0.082775,
    "Kyphosis": 0.041422,
    "Lesion": 0.24163,
    "Mass": 0.071051,
    "Nodule": 0.247696,
    "Osteophyte": 0.197007,
    "Pleural Effusion": 0.060925,
    "Pleural Thickening": 0.076767,
    "Pneumothorax": 0.049665,
    "Pulmonary Artery Enlargement": 0.059626,
    "Pulmonary Fibrosis": 0.034389,
    "Rib Fracture": 0.019573,
    "Scoliosis": 0.08042,
    "Subcutaneous Emphysema": 0.008768,
    "Thickening": 0.087759,
    "Volume Loss": 0.173775,
    "normal": 0.822168
  },
  "frontal_probs": {
    "Airspace Disease": 0.21047499775886536,
    "Bronchiectasis": 0.004544845316559076,
    "Bronchiolitis": 0.004320763982832432,
    "Bullous Disease": 0.016514014452695847,
    "Calcified Granuloma": 0.2827940583229065,
    "Calcinosis": 0.16438862681388855,
    "Cardiac Shadow (abnormal)": 0.08899211138486862,
    "Cardiomegaly": 0.17427122592926025,
    "Consolidation": 0.062364500015974045,
    "Degenerative Change": 0.27386102080345154,
    "Edema": 0.1410636305809021,
    "Effusion": 0.020116757601499557,
    "Emphysema": 0.16923166811466217,
    "Fibrosis": 0.17295843362808228,
    "Fractures": 0.163960799574852,
    "Hernia": 0.16200584173202515,
    "Hyperinflation": 0.25307056307792664,
    "Increased Lung Markings": 0.14032548666000366,
    "Interstitial Lung Disease": 0.07528753578662872,
    "Kyphosis": 0.04870149493217468,
    "Lesion": 0.2391485720872879,
    "Mass": 0.0329987108707428,
    "Nodule": 0.2991899847984314,
    "Osteophyte": 0.19896677136421204,
    "Pleural Effusion": 0.07227279245853424,
    "Pleural Thickening": 0.09254936873912811,
    "Pneumothorax": 0.06318382173776627,
    "Pulmonary Artery Enlargement": 0.0759679451584816,
    "Pulmonary Fibrosis": 0.0273851677775383,
    "Rib Fracture": 0.022871030494570732,
    "Scoliosis": 0.06441321223974228,
    "Subcutaneous Emphysema": 0.010791457258164883,
    "Thickening": 0.09184286743402481,
    "Volume Loss": 0.19636321067810059,
    "normal": 0.785026490688324
  },
  "lateral_probs": {
    "Airspace Disease": 0.11712104082107544,
    "Bronchiectasis": 0.007578851189464331,
    "Bronchiolitis": 0.0007748351781629026,
    "Bullous Disease": 0.0029002646915614605,
    "Calcified Granuloma": 0.28700029850006104,
    "Calcinosis": 0.21500854194164276,
    "Cardiac Shadow (abnormal)": 0.044469550251960754,
    "Cardiomegaly": 0.08740723133087158,
    "Consolidation": 0.06226702779531479,
    "Degenerative Change": 0.38643500208854675,
    "Edema": 0.03803947940468788,
    "Effusion": 0.013366085477173328,
    "Emphysema": 0.08467185497283936,
    "Fibrosis": 0.16092753410339355,
    "Fractures": 0.12712660431861877,
    "Hernia": 0.10823149979114532,
    "Hyperinflation": 0.21165134012699127,
    "Increased Lung Markings": 0.10247382521629333,
    "Interstitial Lung Disease": 0.09667886793613434,
    "Kyphosis": 0.02790250815451145,
    "Lesion": 0.24623864889144897,
    "Mass": 0.14171956479549408,
    "Nodule": 0.1520657241344452,
    "Osteophyte": 0.193368598818779,
    "Pleural Effusion": 0.03985123708844185,
    "Pleural Thickening": 0.04745647311210632,
    "Pneumothorax": 0.02455887384712696,
    "Pulmonary Artery Enlargement": 0.02927544340491295,
    "Pulmonary Fibrosis": 0.04739704728126526,
    "Rib Fracture": 0.013447846285998821,
    "Scoliosis": 0.11014705896377563,
    "Subcutaneous Emphysema": 0.005010177381336689,
    "Thickening": 0.08017414063215256,
    "Volume Loss": 0.13182631134986877,
    "normal": 0.8911440372467041
  }
}