{
  "uid": "3602",
  "frontal_image": "3602_IM-1778-1001.dcm.png",
  "lateral_image": "3602_IM-1778-2001.dcm.png",
  "fusion_mode": "weighted_avg(f=0.65,l=0.35)",
  "predicted_classes": [
    "normal"
  ],
  "resolved_classes": [
    "normal"
  ],
  "kg_classes": [
    "Normal"
  ],
  "num_predicted": 1,
  "conflict_resolution": "no_conflict",
  "is_uncertain": false,
  "uncertainty_reason": "",
  "inference_time_s": 0.2658,
  "gt_labels": "Calcified Granuloma",
  "probabilities": {
    "Airspace Disease": 0.024065,
    "Bronchiectasis": 0.000557,
    "Bronchiolitis": 3.9e-05,
    "Bullous Disease": 0.000588,
    "Calcified Granuloma": 0.085848,
    "Calcinosis": 0.060815,
    "Cardiac Shadow (abnormal)": 0.006215,
    "Cardiomegaly": 0.033154,
    "Consolidation": 0.018903,
    "Degenerative Change": 0.085505,
    "Edema": 0.009343,
    "Effusion": 0.002069,
    "Emphysema": 0.020883,
    "Fibrosis": 0.046747,
    "Fractures": 0.034178,
    "Hernia": 0.021626,
    "Hyperinflation": 0.051642,
    "Increased Lung Markings": 0.022396,
    "Interstitial Lung Disease": 0.011177,
    "Kyphosis": 0.001885,
    "Lesion": 0.061913,
    "Mass": 0.013447,
    "Nodule": 0.067515,
    "Osteophyte": 0.047816,
    "Pleural Effusion": 0.008927,
    "Pleural Thickening": 0.025208,
    "Pneumothorax": 0.006317,
    "Pulmonary Artery Enlargement": 0.009091,
    "Pulmonary Fibrosis": 0.001786,
    "Rib Fracture": 0.001109,
    "Scoliosis": 0.03893,
    "Subcutaneous Emphysema": 0.000421,
    "Thickening": 0.014581,
    "Volume Loss": 0.035547,
    "normal": 0.981509
  },
  "frontal_probs": {
    "Airspace Disease": 0.01666305586695671,
    "Bronchiectasis": 0.00028806133195757866,
    "Bronchiolitis": 5.062240961706266e-05,
    "Bullous Disease": 0.0007656333036720753,
    "Calcified Granuloma": 0.0720234289765358,
    "Calcinosis": 0.05676432326436043,
    "Cardiac Shadow (abnormal)": 0.005120519082993269,
    "Cardiomegaly": 0.03689715266227722,
    "Consolidation": 0.01549537479877472,
    "Degenerative Change": 0.06875348091125488,
    "Edema": 0.009625134989619255,
    "Effusion": 0.00158556061796844,
    "Emphysema": 0.021168865263462067,
    "Fibrosis": 0.04134069383144379,
    "Fractures": 0.034237079322338104,
    "Hernia": 0.022417768836021423,
    "Hyperinflation": 0.044200100004673004,
    "Increased Lung Markings": 0.01771964319050312,
    "Interstitial Lung Disease": 0.013711733743548393,
    "Kyphosis": 0.0023652866948395967,
    "Lesion": 0.0484706312417984,
    "Mass": 0.006751183420419693,
    "Nodule": 0.056849557906389236,
    "Osteophyte": 0.040259964764118195,
    "Pleural Effusion": 0.008942653425037861,
    "Pleural Thickening": 0.030999861657619476,
    "Pneumothorax": 0.007775950711220503,
    "Pulmonary Artery Enlargement": 0.004211318679153919,
    "Pulmonary Fibrosis": 0.0005237807054072618,
    "Rib Fracture": 0.001253055059351027,
    "Scoliosis": 0.032314177602529526,
    "Subcutaneous Emphysema": 0.000360194593667984,
    "Thickening": 0.011563854292035103,
    "Volume Loss": 0.030599184334278107,
    "normal": 0.979078471660614
  },
  "lateral_probs": {
    "Airspace Disease": 0.037810251116752625,
    "Bronchiectasis": 0.0010551034938544035,
    "Bronchiolitis": 1.6683705325704068e-05,
    "Bullous Disease": 0.0002569008502177894,
    "Calcified Granuloma": 0.11152315884828568,
    "Calcinosis": 0.0683383122086525,
    "Cardiac Shadow (abnormal)": 0.008248095400631428,
    "Cardiomegaly": 0.026203855872154236,
    "Consolidation": 0.025232383981347084,
    "Degenerative Change": 0.11661633104085922,
    "Edema": 0.008818116970360279,
    "Effusion": 0.0029675655532628298,
    "Emphysema": 0.02035336010158062,
    "Fibrosis": 0.056786198168992996,
    "Fractures": 0.03406905755400658,
    "Hernia": 0.02015526592731476,
    "Hyperinflation": 0.06546338647603989,
    "Increased Lung Markings": 0.03108176402747631,
    "Interstitial Lung Disease": 0.006471036002039909,
    "Kyphosis": 0.0009930983651429415,
    "Lesion": 0.08687827736139297,
    "Mass": 0.025882136076688766,
    "Nodule": 0.08732164651155472,
    "Osteophyte": 0.06184845417737961,
    "Pleural Effusion": 0.0088987210765481,
    "Pleural Thickening": 0.014453095383942127,
    "Pneumothorax": 0.003608278464525938,
    "Pulmonary Artery Enlargement": 0.018153484910726547,
    "Pulmonary Fibrosis": 0.0041295732371509075,
    "Rib Fracture": 0.0008405544795095921,
    "Scoliosis": 0.05121668428182602,
    "Subcutaneous Emphysema": 0.0005329113337211311,
    "Thickening": 0.020185060799121857,
    "Volume Loss": 0.04473704844713211,
    "normal": 0.9860235452651978
  }
}