{
  "uid": "3865",
  "frontal_image": "3865_IM-1958-1001.dcm.png",
  "lateral_image": "3865_IM-1958-1002.dcm.png",
  "fusion_mode": "weighted_avg(f=0.65,l=0.35)",
  "predicted_classes": [
    "normal"
  ],
  "resolved_classes": [
    "normal"
  ],
  "kg_classes": [
    "Normal"
  ],
  "num_predicted": 1,
  "conflict_resolution": "no_conflict",
  "is_uncertain": true,
  "uncertainty_reason": "normal_prob=0.657 (<0.73) with elevated disease scores: Cardiomegaly=0.429, Degenerative Change=0.426, Hyperinflation=0.398",
  "inference_time_s": 0.2452,
  "gt_labels": "Degenerative Change",
  "probabilities": {
    "Airspace Disease": 0.251569,
    "Bronchiectasis": 0.062332,
    "Bronchiolitis": 0.0193,
    "Bullous Disease": 0.050307,
    "Calcified Granuloma": 0.31839,
    "Calcinosis": 0.29554,
    "Cardiac Shadow (abnormal)": 0.25558,
    "Cardiomegaly": 0.428811,
    "Consolidation": 0.12697,
    "Degenerative Change": 0.425556,
    "Edema": 0.260112,
    "Effusion": 0.08662,
    "Emphysema": 0.137406,
    "Fibrosis": 0.253007,
    "Fractures": 0.2017,
    "Hernia": 0.247885,
    "Hyperinflation": 0.398444,
    "Increased Lung Markings": 0.396504,
    "Interstitial Lung Disease": 0.122185,
    "Kyphosis": 0.142473,
    "Lesion": 0.391293,
    "Mass": 0.089051,
    "Nodule": 0.258924,
    "Osteophyte": 0.210072,
    "Pleural Effusion": 0.227319,
    "Pleural Thickening": 0.161402,
    "Pneumothorax": 0.088698,
    "Pulmonary Artery Enlargement": 0.123584,
    "Pulmonary Fibrosis": 0.091194,
    "Rib Fracture": 0.048027,
    "Scoliosis": 0.262374,
    "Subcutaneous Emphysema": 0.040736,
    "Thickening": 0.20274,
    "Volume Loss": 0.361166,
    "normal": 0.656946
  },
  "frontal_probs": {
    "Airspace Disease": 0.19138918817043304,
    "Bronchiectasis": 0.021436311304569244,
    "Bronchiolitis": 0.019296910613775253,
    "Bullous Disease": 0.037063587456941605,
    "Calcified Granuloma": 0.3045264780521393,
    "Calcinosis": 0.2884804606437683,
    "Cardiac Shadow (abnormal)": 0.23143123090267181,
    "Cardiomegaly": 0.4130452871322632,
    "Consolidation": 0.08584969490766525,
    "Degenerative Change": 0.4286295473575592,
    "Edema": 0.21317139267921448,
    "Effusion": 0.042491644620895386,
    "Emphysema": 0.08670371025800705,
    "Fibrosis": 0.22212104499340057,
    "Fractures": 0.1565667688846588,
    "Hernia": 0.23749195039272308,
    "Hyperinflation": 0.3475051820278168,
    "Increased Lung Markings": 0.3915717899799347,
    "Interstitial Lung Disease": 0.07937906682491302,
    "Kyphosis": 0.1253979206085205,
    "Lesion": 0.36535024642944336,
    "Mass": 0.06436457484960556,
    "Nodule": 0.2327858805656433,
    "Osteophyte": 0.2027052491903305,
    "Pleural Effusion": 0.15736478567123413,
    "Pleural Thickening": 0.10362295061349869,
    "Pneumothorax": 0.0666188970208168,
    "Pulmonary Artery Enlargement": 0.1184932291507721,
    "Pulmonary Fibrosis": 0.04449591785669327,
    "Rib Fracture": 0.045630570501089096,
    "Scoliosis": 0.2695755064487457,
    "Subcutaneous Emphysema": 0.014817978255450726,
    "Thickening": 0.17628361284732819,
    "Volume Loss": 0.3420161008834839,
    "normal": 0.6987898945808411
  },
  "lateral_probs": {
    "Airspace Disease": 0.363331139087677,
    "Bronchiectasis": 0.13828061521053314,
    "Bronchiolitis": 0.019306650385260582,
    "Bullous Disease": 0.07490180432796478,
    "Calcified Granuloma": 0.3441353142261505,
    "Calcinosis": 0.3086501359939575,
    "Cardiac Shadow (abnormal)": 0.30042794346809387,
    "Cardiomegaly": 0.4580906331539154,
    "Consolidation": 0.20333759486675262,
    "Degenerative Change": 0.41984865069389343,
    "Edema": 0.3472876250743866,
    "Effusion": 0.16857346892356873,
    "Emphysema": 0.23156727850437164,
    "Fibrosis": 0.3103652894496918,
    "Fractures": 0.2855183780193329,
    "Hernia": 0.2671855688095093,
    "Hyperinflation": 0.49304336309432983,
    "Increased Lung Markings": 0.40566274523735046,
    "Interstitial Lung Disease": 0.20168139040470123,
    "Kyphosis": 0.17418494820594788,
    "Lesion": 0.43947359919548035,
    "Mass": 0.13489599525928497,
    "Nodule": 0.3074660003185272,
    "Osteophyte": 0.2237529158592224,
    "Pleural Effusion": 0.3572353720664978,
    "Pleural Thickening": 0.2687060534954071,
    "Pneumothorax": 0.1297033727169037,
    "Pulmonary Artery Enlargement": 0.13303694128990173,
    "Pulmonary Fibrosis": 0.17791883647441864,
    "Rib Fracture": 0.05247746407985687,
    "Scoliosis": 0.24900056421756744,
    "Subcutaneous Emphysema": 0.0888691172003746,
    "Thickening": 0.2518744170665741,
    "Volume Loss": 0.39673128724098206,
    "normal": 0.5792357325553894
  }
}