{
  "uid": "3618",
  "frontal_image": "3618_IM-1790-82420001.dcm.png",
  "lateral_image": "3618_IM-1790-82420002.dcm.png",
  "fusion_mode": "weighted_avg(f=0.65,l=0.35)",
  "predicted_classes": [
    "normal",
    "Degenerative Change"
  ],
  "resolved_classes": [
    "Degenerative Change"
  ],
  "kg_classes": [
    "Degenerative Change"
  ],
  "num_predicted": 1,
  "conflict_resolution": "disease_dominates",
  "is_uncertain": false,
  "uncertainty_reason": "",
  "inference_time_s": 0.2478,
  "gt_labels": "Emphysema",
  "probabilities": {
    "Airspace Disease": 0.202704,
    "Bronchiectasis": 0.036468,
    "Bronchiolitis": 0.015921,
    "Bullous Disease": 0.04429,
    "Calcified Granuloma": 0.419188,
    "Calcinosis": 0.377055,
    "Cardiac Shadow (abnormal)": 0.124649,
    "Cardiomegaly": 0.220636,
    "Consolidation": 0.08757,
    "Degenerative Change": 0.510564,
    "Edema": 0.218428,
    "Effusion": 0.073303,
    "Emphysema": 0.393996,
    "Fibrosis": 0.319524,
    "Fractures": 0.238443,
    "Hernia": 0.126944,
    "Hyperinflation": 0.429699,
    "Increased Lung Markings": 0.225673,
    "Interstitial Lung Disease": 0.239358,
    "Kyphosis": 0.187318,
    "Lesion": 0.362564,
    "Mass": 0.056775,
    "Nodule": 0.283649,
    "Osteophyte": 0.187642,
    "Pleural Effusion": 0.158043,
    "Pleural Thickening": 0.26187,
    "Pneumothorax": 0.11107,
    "Pulmonary Artery Enlargement": 0.084285,
    "Pulmonary Fibrosis": 0.073636,
    "Rib Fracture": 0.045622,
    "Scoliosis": 0.178578,
    "Subcutaneous Emphysema": 0.049587,
    "Thickening": 0.233143,
    "Volume Loss": 0.332013,
    "normal": 0.648859
  },
  "frontal_probs": {
    "Airspace Disease": 0.20091749727725983,
    "Bronchiectasis": 0.036301057785749435,
    "Bronchiolitis": 0.021701630204916,
    "Bullous Disease": 0.048803262412548065,
    "Calcified Granuloma": 0.41304391622543335,
    "Calcinosis": 0.4083506166934967,
    "Cardiac Shadow (abnormal)": 0.11199551075696945,
    "Cardiomegaly": 0.191414937376976,
    "Consolidation": 0.07227925211191177,
    "Degenerative Change": 0.5168727040290833,
    "Edema": 0.2161330133676529,
    "Effusion": 0.0908738300204277,
    "Emphysema": 0.4124911427497864,
    "Fibrosis": 0.3394300043582916,
    "Fractures": 0.26350581645965576,
    "Hernia": 0.1189541146159172,
    "Hyperinflation": 0.42225682735443115,
    "Increased Lung Markings": 0.20921877026557922,
    "Interstitial Lung Disease": 0.23966142535209656,
    "Kyphosis": 0.22099076211452484,
    "Lesion": 0.3734705448150635,
    "Mass": 0.05850968882441521,
    "Nodule": 0.2830715775489807,
    "Osteophyte": 0.17907318472862244,
    "Pleural Effusion": 0.1610003411769867,
    "Pleural Thickening": 0.2986263036727905,
    "Pneumothorax": 0.1310943067073822,
    "Pulmonary Artery Enlargement": 0.09363113343715668,
    "Pulmonary Fibrosis": 0.07105427980422974,
    "Rib Fracture": 0.060526054352521896,
    "Scoliosis": 0.16851840913295746,
    "Subcutaneous Emphysema": 0.04755738750100136,
    "Thickening": 0.2410840094089508,
    "Volume Loss": 0.3700315058231354,
    "normal": 0.6341455578804016
  },
  "lateral_probs": {
    "Airspace Disease": 0.20602120459079742,
    "Bronchiectasis": 0.03677672892808914,
    "Bronchiolitis": 0.005185770336538553,
    "Bullous Disease": 0.03590765222907066,
    "Calcified Granuloma": 0.43059906363487244,
    "Calcinosis": 0.3189357817173004,
    "Cardiac Shadow (abnormal)": 0.14814788103103638,
    "Cardiomegaly": 0.27490440011024475,
    "Consolidation": 0.11596844345331192,
    "Degenerative Change": 0.49884793162345886,
    "Edema": 0.22268958389759064,
    "Effusion": 0.040670622140169144,
    "Emphysema": 0.3596484661102295,
    "Fibrosis": 0.2825562059879303,
    "Fractures": 0.19189876317977905,
    "Hernia": 0.1417812556028366,
    "Hyperinflation": 0.44352149963378906,
    "Increased Lung Markings": 0.25623226165771484,
    "Interstitial Lung Disease": 0.2387947142124176,
    "Kyphosis": 0.1247829720377922,
    "Lesion": 0.3423095643520355,
    "Mass": 0.05355219170451164,
    "Nodule": 0.2847227156162262,
    "Osteophyte": 0.20355552434921265,
    "Pleural Effusion": 0.15255054831504822,
    "Pleural Thickening": 0.19360890984535217,
    "Pneumothorax": 0.07388215512037277,
    "Pulmonary Artery Enlargement": 0.06692726165056229,
    "Pulmonary Fibrosis": 0.07842936366796494,
    "Rib Fracture": 0.017942097038030624,
    "Scoliosis": 0.1972600221633911,
    "Subcutaneous Emphysema": 0.05335492268204689,
    "Thickening": 0.21839436888694763,
    "Volume Loss": 0.2614069879055023,
    "normal": 0.6761849522590637
  }
}