{
  "uid": "3303",
  "frontal_image": "3303_IM-1580-3001.dcm.png",
  "lateral_image": "",
  "fusion_mode": "frontal_only",
  "predicted_classes": [
    "normal"
  ],
  "resolved_classes": [
    "normal"
  ],
  "kg_classes": [
    "Normal"
  ],
  "num_predicted": 1,
  "conflict_resolution": "no_conflict",
  "is_uncertain": false,
  "uncertainty_reason": "",
  "inference_time_s": 0.1317,
  "gt_labels": "Lesion",
  "probabilities": {
    "Airspace Disease": 0.12571009993553162,
    "Bronchiectasis": 0.015810806304216385,
    "Bronchiolitis": 0.0019177949288859963,
    "Bullous Disease": 0.031053442507982254,
    "Calcified Granuloma": 0.27477365732192993,
    "Calcinosis": 0.22963613271713257,
    "Cardiac Shadow (abnormal)": 0.028988003730773926,
    "Cardiomegaly": 0.08001009374856949,
    "Consolidation": 0.04272898659110069,
    "Degenerative Change": 0.2477879375219345,
    "Edema": 0.09211067110300064,
    "Effusion": 0.010453951545059681,
    "Emphysema": 0.3170790672302246,
    "Fibrosis": 0.19819551706314087,
    "Fractures": 0.10654289275407791,
    "Hernia": 0.05465364456176758,
    "Hyperinflation": 0.19409705698490143,
    "Increased Lung Markings": 0.06967788934707642,
    "Interstitial Lung Disease": 0.11355938017368317,
    "Kyphosis": 0.021519314497709274,
    "Lesion": 0.22410979866981506,
    "Mass": 0.015977073460817337,
    "Nodule": 0.19175295531749725,
    "Osteophyte": 0.10782215744256973,
    "Pleural Effusion": 0.04553528502583504,
    "Pleural Thickening": 0.18332211673259735,
    "Pneumothorax": 0.03963468596339226,
    "Pulmonary Artery Enlargement": 0.02511742152273655,
    "Pulmonary Fibrosis": 0.014803936704993248,
    "Rib Fracture": 0.028874650597572327,
    "Scoliosis": 0.05272001028060913,
    "Subcutaneous Emphysema": 0.004880975466221571,
    "Thickening": 0.04659859836101532,
    "Volume Loss": 0.15768387913703918,
    "normal": 0.8493911027908325
  },
  "frontal_probs": {
    "Airspace Disease": 0.12571009993553162,
    "Bronchiectasis": 0.015810806304216385,
    "Bronchiolitis": 0.0019177949288859963,
    "Bullous Disease": 0.031053442507982254,
    "Calcified Granuloma": 0.27477365732192993,
    "Calcinosis": 0.22963613271713257,
    "Cardiac Shadow (abnormal)": 0.028988003730773926,
    "Cardiomegaly": 0.08001009374856949,
    "Consolidation": 0.04272898659110069,
    "Degenerative Change": 0.2477879375219345,
    "Edema": 0.09211067110300064,
    "Effusion": 0.010453951545059681,
    "Emphysema": 0.3170790672302246,
    "Fibrosis": 0.19819551706314087,
    "Fractures": 0.10654289275407791,
    "Hernia": 0.05465364456176758,
    "Hyperinflation": 0.19409705698490143,
    "Increased Lung Markings": 0.06967788934707642,
    "Interstitial Lung Disease": 0.11355938017368317,
    "Kyphosis": 0.021519314497709274,
    "Lesion": 0.22410979866981506,
    "Mass": 0.015977073460817337,
    "Nodule": 0.19175295531749725,
    "Osteophyte": 0.10782215744256973,
    "Pleural Effusion": 0.04553528502583504,
    "Pleural Thickening": 0.18332211673259735,
    "Pneumothorax": 0.03963468596339226,
    "Pulmonary Artery Enlargement": 0.02511742152273655,
    "Pulmonary Fibrosis": 0.014803936704993248,
    "Rib Fracture": 0.028874650597572327,
    "Scoliosis": 0.05272001028060913,
    "Subcutaneous Emphysema": 0.004880975466221571,
    "Thickening": 0.04659859836101532,
    "Volume Loss": 0.15768387913703918,
    "normal": 0.8493911027908325
  },
  "lateral_probs": {
    "Airspace Disease": 0.0,
    "Bronchiectasis": 0.0,
    "Bronchiolitis": 0.0,
    "Bullous Disease": 0.0,
    "Calcified Granuloma": 0.0,
    "Calcinosis": 0.0,
    "Cardiac Shadow (abnormal)": 0.0,
    "Cardiomegaly": 0.0,
    "Consolidation": 0.0,
    "Degenerative Change": 0.0,
    "Edema": 0.0,
    "Effusion": 0.0,
    "Emphysema": 0.0,
    "Fibrosis": 0.0,
    "Fractures": 0.0,
    "Hernia": 0.0,
    "Hyperinflation": 0.0,
    "Increased Lung Markings": 0.0,
    "Interstitial Lung Disease": 0.0,
    "Kyphosis": 0.0,
    "Lesion": 0.0,
    "Mass": 0.0,
    "Nodule": 0.0,
    "Osteophyte": 0.0,
    "Pleural Effusion": 0.0,
    "Pleural Thickening": 0.0,
    "Pneumothorax": 0.0,
    "Pulmonary Artery Enlargement": 0.0,
    "Pulmonary Fibrosis": 0.0,
    "Rib Fracture": 0.0,
    "Scoliosis": 0.0,
    "Subcutaneous Emphysema": 0.0,
    "Thickening": 0.0,
    "Volume Loss": 0.0,
    "normal": 0.0
  }
}