{
  "uid": "3846",
  "frontal_image": "3846_IM-1946-1001.dcm.png",
  "lateral_image": "3846_IM-1946-3001.dcm.png",
  "fusion_mode": "weighted_avg(f=0.65,l=0.35)",
  "predicted_classes": [
    "Lesion",
    "Pleural Effusion",
    "Volume Loss"
  ],
  "resolved_classes": [
    "Lesion",
    "Pleural Effusion",
    "Volume Loss"
  ],
  "kg_classes": [
    "Lesion",
    "Pleural Effusion",
    "Volume Loss"
  ],
  "num_predicted": 3,
  "conflict_resolution": "no_conflict",
  "is_uncertain": false,
  "uncertainty_reason": "",
  "inference_time_s": 0.2489,
  "gt_labels": "Lesion;Pleural Effusion;Scoliosis;Volume Loss",
  "probabilities": {
    "Airspace Disease": 0.436705,
    "Bronchiectasis": 0.090089,
    "Bronchiolitis": 0.014328,
    "Bullous Disease": 0.047127,
    "Calcified Granuloma": 0.386087,
    "Calcinosis": 0.297369,
    "Cardiac Shadow (abnormal)": 0.200765,
    "Cardiomegaly": 0.370627,
    "Consolidation": 0.252669,
    "Degenerative Change": 0.450452,
    "Edema": 0.220168,
    "Effusion": 0.07652,
    "Emphysema": 0.286509,
    "Fibrosis": 0.363179,
    "Fractures": 0.239329,
    "Hernia": 0.273047,
    "Hyperinflation": 0.460667,
    "Increased Lung Markings": 0.259963,
    "Interstitial Lung Disease": 0.20527,
    "Kyphosis": 0.201353,
    "Lesion": 0.574596,
    "Mass": 0.083124,
    "Nodule": 0.188068,
    "Osteophyte": 0.213321,
    "Pleural Effusion": 0.523052,
    "Pleural Thickening": 0.323568,
    "Pneumothorax": 0.158128,
    "Pulmonary Artery Enlargement": 0.090549,
    "Pulmonary Fibrosis": 0.105259,
    "Rib Fracture": 0.051122,
    "Scoliosis": 0.290273,
    "Subcutaneous Emphysema": 0.050964,
    "Thickening": 0.25836,
    "Volume Loss": 0.506059,
    "normal": 0.495114
  },
  "frontal_probs": {
    "Airspace Disease": 0.46186625957489014,
    "Bronchiectasis": 0.06722849607467651,
    "Bronchiolitis": 0.011789841577410698,
    "Bullous Disease": 0.038498107343912125,
    "Calcified Granuloma": 0.3854352533817291,
    "Calcinosis": 0.2770633399486542,
    "Cardiac Shadow (abnormal)": 0.21313229203224182,
    "Cardiomegaly": 0.3753127157688141,
    "Consolidation": 0.2540088891983032,
    "Degenerative Change": 0.4437481164932251,
    "Edema": 0.20376604795455933,
    "Effusion": 0.05627327784895897,
    "Emphysema": 0.25986844301223755,
    "Fibrosis": 0.37947148084640503,
    "Fractures": 0.2376316487789154,
    "Hernia": 0.2772335708141327,
    "Hyperinflation": 0.4606308937072754,
    "Increased Lung Markings": 0.2471841722726822,
    "Interstitial Lung Disease": 0.1865968406200409,
    "Kyphosis": 0.23167431354522705,
    "Lesion": 0.6004455089569092,
    "Mass": 0.047400686889886856,
    "Nodule": 0.1641436070203781,
    "Osteophyte": 0.21029409766197205,
    "Pleural Effusion": 0.5801405906677246,
    "Pleural Thickening": 0.3383384644985199,
    "Pneumothorax": 0.13942667841911316,
    "Pulmonary Artery Enlargement": 0.08784706890583038,
    "Pulmonary Fibrosis": 0.08511978387832642,
    "Rib Fracture": 0.03924476355314255,
    "Scoliosis": 0.31074726581573486,
    "Subcutaneous Emphysema": 0.042704883962869644,
    "Thickening": 0.27860936522483826,
    "Volume Loss": 0.5729179382324219,
    "normal": 0.4748704731464386
  },
  "lateral_probs": {
    "Airspace Disease": 0.38997769355773926,
    "Bronchiectasis": 0.13254457712173462,
    "Bronchiolitis": 0.01904212310910225,
    "Bullous Disease": 0.06315071880817413,
    "Calcified Granuloma": 0.3872964382171631,
    "Calcinosis": 0.33508017659187317,
    "Cardiac Shadow (abnormal)": 0.17779698967933655,
    "Cardiomegaly": 0.36192551255226135,
    "Consolidation": 0.2501816153526306,
    "Degenerative Change": 0.4629034101963043,
    "Edema": 0.25062885880470276,
    "Effusion": 0.11412177979946136,
    "Emphysema": 0.33598336577415466,
    "Fibrosis": 0.33292242884635925,
    "Fractures": 0.24248231947422028,
    "Hernia": 0.26527172327041626,
    "Hyperinflation": 0.460735023021698,
    "Increased Lung Markings": 0.2836938202381134,
    "Interstitial Lung Disease": 0.23994742333889008,
    "Kyphosis": 0.1450410783290863,
    "Lesion": 0.5265888571739197,
    "Mass": 0.14946646988391876,
    "Nodule": 0.23249898850917816,
    "Osteophyte": 0.2189425826072693,
    "Pleural Effusion": 0.41703104972839355,
    "Pleural Thickening": 0.29613596200942993,
    "Pneumothorax": 0.1928597092628479,
    "Pulmonary Artery Enlargement": 0.09556642174720764,
    "Pulmonary Fibrosis": 0.14265911281108856,
    "Rib Fracture": 0.07318095117807388,
    "Scoliosis": 0.25224921107292175,
    "Subcutaneous Emphysema": 0.06630361080169678,
    "Thickening": 0.22075362503528595,
    "Volume Loss": 0.3818913698196411,
    "normal": 0.5327091813087463
  }
}