{
  "uid": "3950",
  "frontal_image": "",
  "lateral_image": "3950_IM-2019-1002.dcm.png",
  "fusion_mode": "lateral_only",
  "predicted_classes": [
    "normal"
  ],
  "resolved_classes": [
    "normal"
  ],
  "kg_classes": [
    "Normal"
  ],
  "num_predicted": 1,
  "conflict_resolution": "no_conflict",
  "is_uncertain": true,
  "uncertainty_reason": "normal_prob=0.693 (<0.73) with elevated disease scores: Degenerative Change=0.428, Hyperinflation=0.404, Calcified Granuloma=0.402",
  "inference_time_s": 0.1229,
  "gt_labels": "Rib Fracture",
  "probabilities": {
    "Airspace Disease": 0.24570685625076294,
    "Bronchiectasis": 0.07431677728891373,
    "Bronchiolitis": 0.005096306558698416,
    "Bullous Disease": 0.023111766204237938,
    "Calcified Granuloma": 0.4015665054321289,
    "Calcinosis": 0.3583581745624542,
    "Cardiac Shadow (abnormal)": 0.13762064278125763,
    "Cardiomegaly": 0.2486635148525238,
    "Consolidation": 0.12249384820461273,
    "Degenerative Change": 0.42840567231178284,
    "Edema": 0.15122288465499878,
    "Effusion": 0.0460822656750679,
    "Emphysema": 0.312155544757843,
    "Fibrosis": 0.2774598002433777,
    "Fractures": 0.20399664342403412,
    "Hernia": 0.19128942489624023,
    "Hyperinflation": 0.40428903698921204,
    "Increased Lung Markings": 0.20642787218093872,
    "Interstitial Lung Disease": 0.1943356692790985,
    "Kyphosis": 0.07263322174549103,
    "Lesion": 0.3958264887332916,
    "Mass": 0.10151757299900055,
    "Nodule": 0.30933839082717896,
    "Osteophyte": 0.28160515427589417,
    "Pleural Effusion": 0.18944375216960907,
    "Pleural Thickening": 0.18230527639389038,
    "Pneumothorax": 0.07234945148229599,
    "Pulmonary Artery Enlargement": 0.060516078025102615,
    "Pulmonary Fibrosis": 0.0931147113442421,
    "Rib Fracture": 0.030694400891661644,
    "Scoliosis": 0.20285163819789886,
    "Subcutaneous Emphysema": 0.028383728116750717,
    "Thickening": 0.19867970049381256,
    "Volume Loss": 0.254597932100296,
    "normal": 0.6925683617591858
  },
  "frontal_probs": {
    "Airspace Disease": 0.0,
    "Bronchiectasis": 0.0,
    "Bronchiolitis": 0.0,
    "Bullous Disease": 0.0,
    "Calcified Granuloma": 0.0,
    "Calcinosis": 0.0,
    "Cardiac Shadow (abnormal)": 0.0,
    "Cardiomegaly": 0.0,
    "Consolidation": 0.0,
    "Degenerative Change": 0.0,
    "Edema": 0.0,
    "Effusion": 0.0,
    "Emphysema": 0.0,
    "Fibrosis": 0.0,
    "Fractures": 0.0,
    "Hernia": 0.0,
    "Hyperinflation": 0.0,
    "Increased Lung Markings": 0.0,
    "Interstitial Lung Disease": 0.0,
    "Kyphosis": 0.0,
    "Lesion": 0.0,
    "Mass": 0.0,
    "Nodule": 0.0,
    "Osteophyte": 0.0,
    "Pleural Effusion": 0.0,
    "Pleural Thickening": 0.0,
    "Pneumothorax": 0.0,
    "Pulmonary Artery Enlargement": 0.0,
    "Pulmonary Fibrosis": 0.0,
    "Rib Fracture": 0.0,
    "Scoliosis": 0.0,
    "Subcutaneous Emphysema": 0.0,
    "Thickening": 0.0,
    "Volume Loss": 0.0,
    "normal": 0.0
  },
  "lateral_probs": {
    "Airspace Disease": 0.24570685625076294,
    "Bronchiectasis": 0.07431677728891373,
    "Bronchiolitis": 0.005096306558698416,
    "Bullous Disease": 0.023111766204237938,
    "Calcified Granuloma": 0.4015665054321289,
    "Calcinosis": 0.3583581745624542,
    "Cardiac Shadow (abnormal)": 0.13762064278125763,
    "Cardiomegaly": 0.2486635148525238,
    "Consolidation": 0.12249384820461273,
    "Degenerative Change": 0.42840567231178284,
    "Edema": 0.15122288465499878,
    "Effusion": 0.0460822656750679,
    "Emphysema": 0.312155544757843,
    "Fibrosis": 0.2774598002433777,
    "Fractures": 0.20399664342403412,
    "Hernia": 0.19128942489624023,
    "Hyperinflation": 0.40428903698921204,
    "Increased Lung Markings": 0.20642787218093872,
    "Interstitial Lung Disease": 0.1943356692790985,
    "Kyphosis": 0.07263322174549103,
    "Lesion": 0.3958264887332916,
    "Mass": 0.10151757299900055,
    "Nodule": 0.30933839082717896,
    "Osteophyte": 0.28160515427589417,
    "Pleural Effusion": 0.18944375216960907,
    "Pleural Thickening": 0.18230527639389038,
    "Pneumothorax": 0.07234945148229599,
    "Pulmonary Artery Enlargement": 0.060516078025102615,
    "Pulmonary Fibrosis": 0.0931147113442421,
    "Rib Fracture": 0.030694400891661644,
    "Scoliosis": 0.20285163819789886,
    "Subcutaneous Emphysema": 0.028383728116750717,
    "Thickening": 0.19867970049381256,
    "Volume Loss": 0.254597932100296,
    "normal": 0.6925683617591858
  }
}