{
  "uid": "3639",
  "frontal_image": "3639_IM-1804-1002001.dcm.png",
  "lateral_image": "3639_IM-1804-1001.dcm.png",
  "fusion_mode": "weighted_avg(f=0.65,l=0.35)",
  "predicted_classes": [
    "normal"
  ],
  "resolved_classes": [
    "normal"
  ],
  "kg_classes": [
    "Normal"
  ],
  "num_predicted": 1,
  "conflict_resolution": "no_conflict",
  "is_uncertain": true,
  "uncertainty_reason": "normal_prob=0.540 (<0.73) with elevated disease scores: Lesion=0.474, Cardiomegaly=0.452, Hyperinflation=0.446",
  "inference_time_s": 0.258,
  "gt_labels": "normal",
  "probabilities": {
    "Airspace Disease": 0.307327,
    "Bronchiectasis": 0.026447,
    "Bronchiolitis": 0.014273,
    "Bullous Disease": 0.036643,
    "Calcified Granuloma": 0.302887,
    "Calcinosis": 0.279021,
    "Cardiac Shadow (abnormal)": 0.220052,
    "Cardiomegaly": 0.452031,
    "Consolidation": 0.178582,
    "Degenerative Change": 0.416301,
    "Edema": 0.29302,
    "Effusion": 0.068961,
    "Emphysema": 0.151902,
    "Fibrosis": 0.233283,
    "Fractures": 0.261371,
    "Hernia": 0.21907,
    "Hyperinflation": 0.446163,
    "Increased Lung Markings": 0.381023,
    "Interstitial Lung Disease": 0.147863,
    "Kyphosis": 0.155134,
    "Lesion": 0.474433,
    "Mass": 0.128869,
    "Nodule": 0.205602,
    "Osteophyte": 0.204252,
    "Pleural Effusion": 0.249637,
    "Pleural Thickening": 0.17518,
    "Pneumothorax": 0.181902,
    "Pulmonary Artery Enlargement": 0.143002,
    "Pulmonary Fibrosis": 0.081663,
    "Rib Fracture": 0.038798,
    "Scoliosis": 0.182993,
    "Subcutaneous Emphysema": 0.03605,
    "Thickening": 0.161369,
    "Volume Loss": 0.389818,
    "normal": 0.540106
  },
  "frontal_probs": {
    "Airspace Disease": 0.3853495419025421,
    "Bronchiectasis": 0.028660746291279793,
    "Bronchiolitis": 0.021046137437224388,
    "Bullous Disease": 0.04805460199713707,
    "Calcified Granuloma": 0.33985635638237,
    "Calcinosis": 0.31066760420799255,
    "Cardiac Shadow (abnormal)": 0.24209320545196533,
    "Cardiomegaly": 0.49862122535705566,
    "Consolidation": 0.2520907521247864,
    "Degenerative Change": 0.454433411359787,
    "Edema": 0.3507255017757416,
    "Effusion": 0.08391982316970825,
    "Emphysema": 0.17829935252666473,
    "Fibrosis": 0.2949448227882385,
    "Fractures": 0.2940575182437897,
    "Hernia": 0.2836988866329193,
    "Hyperinflation": 0.43129807710647583,
    "Increased Lung Markings": 0.3390710949897766,
    "Interstitial Lung Disease": 0.1798752248287201,
    "Kyphosis": 0.1882603019475937,
    "Lesion": 0.5204474925994873,
    "Mass": 0.1761520951986313,
    "Nodule": 0.22658215463161469,
    "Osteophyte": 0.23368622362613678,
    "Pleural Effusion": 0.2991728186607361,
    "Pleural Thickening": 0.220321387052536,
    "Pneumothorax": 0.2204357236623764,
    "Pulmonary Artery Enlargement": 0.18291768431663513,
    "Pulmonary Fibrosis": 0.11370395123958588,
    "Rib Fracture": 0.05588121339678764,
    "Scoliosis": 0.1839863508939743,
    "Subcutaneous Emphysema": 0.049057427793741226,
    "Thickening": 0.21054740250110626,
    "Volume Loss": 0.41331449151039124,
    "normal": 0.465534508228302
  },
  "lateral_probs": {
    "Airspace Disease": 0.1624293476343155,
    "Bronchiectasis": 0.022335601970553398,
    "Bronchiolitis": 0.001693225116468966,
    "Bullous Disease": 0.015449156053364277,
    "Calcified Granuloma": 0.2342282086610794,
    "Calcinosis": 0.2202487736940384,
    "Cardiac Shadow (abnormal)": 0.17911729216575623,
    "Cardiomegaly": 0.3655070662498474,
    "Consolidation": 0.042064961045980453,
    "Degenerative Change": 0.34548282623291016,
    "Edema": 0.18585211038589478,
    "Effusion": 0.041180774569511414,
    "Emphysema": 0.10287833213806152,
    "Fibrosis": 0.11876734346151352,
    "Fractures": 0.20066696405410767,
    "Hernia": 0.09904424101114273,
    "Hyperinflation": 0.4737679958343506,
    "Increased Lung Markings": 0.45893406867980957,
    "Interstitial Lung Disease": 0.08841194212436676,
    "Kyphosis": 0.09361264109611511,
    "Lesion": 0.38897886872291565,
    "Mass": 0.041058316826820374,
    "Nodule": 0.16663816571235657,
    "Osteophyte": 0.14958885312080383,
    "Pleural Effusion": 0.15764179825782776,
    "Pleural Thickening": 0.0913458839058876,
    "Pneumothorax": 0.11034008860588074,
    "Pulmonary Artery Enlargement": 0.06887361407279968,
    "Pulmonary Fibrosis": 0.022157929837703705,
    "Rib Fracture": 0.007070610765367746,
    "Scoliosis": 0.18114915490150452,
    "Subcutaneous Emphysema": 0.011893568560481071,
    "Thickening": 0.07003824412822723,
    "Volume Loss": 0.34618300199508667,
    "normal": 0.6785959601402283
  }
}