{
  "uid": "3751",
  "frontal_image": "3751_IM-1875-1001.dcm.png",
  "lateral_image": "3751_IM-1875-2001.dcm.png",
  "fusion_mode": "weighted_avg(f=0.65,l=0.35)",
  "predicted_classes": [
    "normal"
  ],
  "resolved_classes": [
    "normal"
  ],
  "kg_classes": [
    "Normal"
  ],
  "num_predicted": 1,
  "conflict_resolution": "no_conflict",
  "is_uncertain": false,
  "uncertainty_reason": "",
  "inference_time_s": 0.2742,
  "gt_labels": "normal",
  "probabilities": {
    "Airspace Disease": 0.083448,
    "Bronchiectasis": 0.01065,
    "Bronchiolitis": 0.000581,
    "Bullous Disease": 0.00501,
    "Calcified Granuloma": 0.14109,
    "Calcinosis": 0.119393,
    "Cardiac Shadow (abnormal)": 0.019203,
    "Cardiomegaly": 0.062527,
    "Consolidation": 0.042138,
    "Degenerative Change": 0.134832,
    "Edema": 0.046626,
    "Effusion": 0.012466,
    "Emphysema": 0.106371,
    "Fibrosis": 0.088946,
    "Fractures": 0.083262,
    "Hernia": 0.040885,
    "Hyperinflation": 0.146511,
    "Increased Lung Markings": 0.058067,
    "Interstitial Lung Disease": 0.035928,
    "Kyphosis": 0.010117,
    "Lesion": 0.131491,
    "Mass": 0.024553,
    "Nodule": 0.078505,
    "Osteophyte": 0.072283,
    "Pleural Effusion": 0.043872,
    "Pleural Thickening": 0.095598,
    "Pneumothorax": 0.052421,
    "Pulmonary Artery Enlargement": 0.022446,
    "Pulmonary Fibrosis": 0.011605,
    "Rib Fracture": 0.003988,
    "Scoliosis": 0.093252,
    "Subcutaneous Emphysema": 0.005431,
    "Thickening": 0.039492,
    "Volume Loss": 0.090396,
    "normal": 0.915302
  },
  "frontal_probs": {
    "Airspace Disease": 0.012325914576649666,
    "Bronchiectasis": 0.00012943826732225716,
    "Bronchiolitis": 9.876269359665457e-06,
    "Bullous Disease": 0.001093151280656457,
    "Calcified Granuloma": 0.06829365342855453,
    "Calcinosis": 0.05295600742101669,
    "Cardiac Shadow (abnormal)": 0.00040258269291371107,
    "Cardiomegaly": 0.0055450317449867725,
    "Consolidation": 0.004331853706389666,
    "Degenerative Change": 0.03398280590772629,
    "Edema": 0.0015833050711080432,
    "Effusion": 0.0004972760798409581,
    "Emphysema": 0.04762889817357063,
    "Fibrosis": 0.036044880747795105,
    "Fractures": 0.03674151003360748,
    "Hernia": 0.005745017435401678,
    "Hyperinflation": 0.04279167950153351,
    "Increased Lung Markings": 0.006224014330655336,
    "Interstitial Lung Disease": 0.011694177985191345,
    "Kyphosis": 0.003057488240301609,
    "Lesion": 0.02121110074222088,
    "Mass": 0.00040213970351032913,
    "Nodule": 0.023448452353477478,
    "Osteophyte": 0.019955651834607124,
    "Pleural Effusion": 0.004664467182010412,
    "Pleural Thickening": 0.03143240138888359,
    "Pneumothorax": 0.044443681836128235,
    "Pulmonary Artery Enlargement": 0.0017767889657989144,
    "Pulmonary Fibrosis": 0.00028535438468679786,
    "Rib Fracture": 8.073410572251305e-05,
    "Scoliosis": 0.05813000351190567,
    "Subcutaneous Emphysema": 0.00017601725994609296,
    "Thickening": 0.004367774352431297,
    "Volume Loss": 0.026469042524695396,
    "normal": 0.9893342852592468
  },
  "lateral_probs": {
    "Airspace Disease": 0.21553131937980652,
    "Bronchiectasis": 0.03018837980926037,
    "Bronchiolitis": 0.0016419360181316733,
    "Bullous Disease": 0.012283059768378735,
    "Calcified Granuloma": 0.27628427743911743,
    "Calcinosis": 0.24277541041374207,
    "Cardiac Shadow (abnormal)": 0.05411770939826965,
    "Cardiomegaly": 0.16835162043571472,
    "Consolidation": 0.11235033720731735,
    "Degenerative Change": 0.3221226632595062,
    "Edema": 0.13027623295783997,
    "Effusion": 0.034694503992795944,
    "Emphysema": 0.2154632806777954,
    "Fibrosis": 0.18719100952148438,
    "Fractures": 0.16965818405151367,
    "Hernia": 0.10614413022994995,
    "Hyperinflation": 0.3391321897506714,
    "Increased Lung Markings": 0.15434777736663818,
    "Interstitial Lung Disease": 0.08093340694904327,
    "Kyphosis": 0.02322794869542122,
    "Lesion": 0.3362973630428314,
    "Mass": 0.06940492242574692,
    "Nodule": 0.1807541400194168,
    "Osteophyte": 0.16946208477020264,
    "Pleural Effusion": 0.116684690117836,
    "Pleural Thickening": 0.21476197242736816,
    "Pneumothorax": 0.06723510473966599,
    "Pulmonary Artery Enlargement": 0.06083089858293533,
    "Pulmonary Fibrosis": 0.03262646123766899,
    "Rib Fracture": 0.011245239526033401,
    "Scoliosis": 0.1584797501564026,
    "Subcutaneous Emphysema": 0.015190918929874897,
    "Thickening": 0.10472274571657181,
    "Volume Loss": 0.20911796391010284,
    "normal": 0.7778124809265137
  }
}