{
  "uid": "3798",
  "frontal_image": "3798_IM-1911-1001.dcm.png",
  "lateral_image": "3798_IM-1911-2001.dcm.png",
  "fusion_mode": "weighted_avg(f=0.65,l=0.35)",
  "predicted_classes": [
    "normal"
  ],
  "resolved_classes": [
    "normal"
  ],
  "kg_classes": [
    "Normal"
  ],
  "num_predicted": 1,
  "conflict_resolution": "no_conflict",
  "is_uncertain": false,
  "uncertainty_reason": "",
  "inference_time_s": 0.26,
  "gt_labels": "Airspace Disease;Lesion",
  "probabilities": {
    "Airspace Disease": 0.134869,
    "Bronchiectasis": 0.045016,
    "Bronchiolitis": 0.006244,
    "Bullous Disease": 0.023173,
    "Calcified Granuloma": 0.203644,
    "Calcinosis": 0.167335,
    "Cardiac Shadow (abnormal)": 0.078721,
    "Cardiomegaly": 0.129798,
    "Consolidation": 0.091888,
    "Degenerative Change": 0.185619,
    "Edema": 0.099339,
    "Effusion": 0.055462,
    "Emphysema": 0.163291,
    "Fibrosis": 0.163994,
    "Fractures": 0.110896,
    "Hernia": 0.105564,
    "Hyperinflation": 0.190793,
    "Increased Lung Markings": 0.118306,
    "Interstitial Lung Disease": 0.101068,
    "Kyphosis": 0.062925,
    "Lesion": 0.204432,
    "Mass": 0.057727,
    "Nodule": 0.128639,
    "Osteophyte": 0.126147,
    "Pleural Effusion": 0.119705,
    "Pleural Thickening": 0.113301,
    "Pneumothorax": 0.060789,
    "Pulmonary Artery Enlargement": 0.050068,
    "Pulmonary Fibrosis": 0.052197,
    "Rib Fracture": 0.02477,
    "Scoliosis": 0.101363,
    "Subcutaneous Emphysema": 0.023522,
    "Thickening": 0.087471,
    "Volume Loss": 0.1521,
    "normal": 0.832914
  },
  "frontal_probs": {
    "Airspace Disease": 0.032365232706069946,
    "Bronchiectasis": 0.0002190672094002366,
    "Bronchiolitis": 3.48303365171887e-05,
    "Bullous Disease": 0.0010905452072620392,
    "Calcified Granuloma": 0.09190192818641663,
    "Calcinosis": 0.05712823569774628,
    "Cardiac Shadow (abnormal)": 0.002479368122294545,
    "Cardiomegaly": 0.012020011432468891,
    "Consolidation": 0.013337415643036366,
    "Degenerative Change": 0.04044429585337639,
    "Edema": 0.004163376521319151,
    "Effusion": 0.0007629130850546062,
    "Emphysema": 0.05054973438382149,
    "Fibrosis": 0.03779720142483711,
    "Fractures": 0.03307821601629257,
    "Hernia": 0.025178104639053345,
    "Hyperinflation": 0.03849281370639801,
    "Increased Lung Markings": 0.013447985053062439,
    "Interstitial Lung Disease": 0.011337016709148884,
    "Kyphosis": 0.0024362029507756233,
    "Lesion": 0.038622722029685974,
    "Mass": 0.001834992435760796,
    "Nodule": 0.05148378759622574,
    "Osteophyte": 0.039444416761398315,
    "Pleural Effusion": 0.0035178863909095526,
    "Pleural Thickening": 0.023101473227143288,
    "Pneumothorax": 0.008072526194155216,
    "Pulmonary Artery Enlargement": 0.005157702136784792,
    "Pulmonary Fibrosis": 0.0004972265451215208,
    "Rib Fracture": 0.0005354724125936627,
    "Scoliosis": 0.033946309238672256,
    "Subcutaneous Emphysema": 0.00037884441553615034,
    "Thickening": 0.010703361593186855,
    "Volume Loss": 0.024498455226421356,
    "normal": 0.9771701693534851
  },
  "lateral_probs": {
    "Airspace Disease": 0.3252319395542145,
    "Bronchiectasis": 0.12820938229560852,
    "Bronchiolitis": 0.017774635925889015,
    "Bullous Disease": 0.06418187916278839,
    "Calcified Granuloma": 0.41116514801979065,
    "Calcinosis": 0.3720059096813202,
    "Cardiac Shadow (abnormal)": 0.22031231224536896,
    "Cardiomegaly": 0.3485298752784729,
    "Consolidation": 0.2377670854330063,
    "Degenerative Change": 0.45522838830947876,
    "Edema": 0.276093453168869,
    "Effusion": 0.15704463422298431,
    "Emphysema": 0.3726665675640106,
    "Fibrosis": 0.3983588218688965,
    "Fractures": 0.2554139196872711,
    "Hernia": 0.2548523247241974,
    "Hyperinflation": 0.4736368656158447,
    "Increased Lung Markings": 0.31304165720939636,
    "Interstitial Lung Disease": 0.2677105665206909,
    "Kyphosis": 0.17526137828826904,
    "Lesion": 0.5123630166053772,
    "Mass": 0.16152627766132355,
    "Nodule": 0.2719280421733856,
    "Osteophyte": 0.2871648073196411,
    "Pleural Effusion": 0.3354797065258026,
    "Pleural Thickening": 0.28081387281417847,
    "Pneumothorax": 0.15868985652923584,
    "Pulmonary Artery Enlargement": 0.13347327709197998,
    "Pulmonary Fibrosis": 0.14820969104766846,
    "Rib Fracture": 0.06977605819702148,
    "Scoliosis": 0.22656551003456116,
    "Subcutaneous Emphysema": 0.06650155782699585,
    "Thickening": 0.23003895580768585,
    "Volume Loss": 0.38907405734062195,
    "normal": 0.5650107264518738
  }
}