{
  "uid": "3540",
  "frontal_image": "3540_IM-1732-1001.dcm.png",
  "lateral_image": "3540_IM-1732-2001.dcm.png",
  "fusion_mode": "weighted_avg(f=0.65,l=0.35)",
  "predicted_classes": [
    "normal"
  ],
  "resolved_classes": [
    "normal"
  ],
  "kg_classes": [
    "Normal"
  ],
  "num_predicted": 1,
  "conflict_resolution": "no_conflict",
  "is_uncertain": false,
  "uncertainty_reason": "",
  "inference_time_s": 0.26,
  "gt_labels": "Hyperinflation",
  "probabilities": {
    "Airspace Disease": 0.062539,
    "Bronchiectasis": 0.0109,
    "Bronchiolitis": 0.000483,
    "Bullous Disease": 0.003956,
    "Calcified Granuloma": 0.17074,
    "Calcinosis": 0.099349,
    "Cardiac Shadow (abnormal)": 0.024547,
    "Cardiomegaly": 0.07749,
    "Consolidation": 0.037303,
    "Degenerative Change": 0.171835,
    "Edema": 0.042224,
    "Effusion": 0.009573,
    "Emphysema": 0.091373,
    "Fibrosis": 0.118294,
    "Fractures": 0.053187,
    "Hernia": 0.043361,
    "Hyperinflation": 0.114915,
    "Increased Lung Markings": 0.04712,
    "Interstitial Lung Disease": 0.047235,
    "Kyphosis": 0.01959,
    "Lesion": 0.128902,
    "Mass": 0.013914,
    "Nodule": 0.102398,
    "Osteophyte": 0.105766,
    "Pleural Effusion": 0.02661,
    "Pleural Thickening": 0.051419,
    "Pneumothorax": 0.009793,
    "Pulmonary Artery Enlargement": 0.032493,
    "Pulmonary Fibrosis": 0.016746,
    "Rib Fracture": 0.00536,
    "Scoliosis": 0.050786,
    "Subcutaneous Emphysema": 0.0032,
    "Thickening": 0.045007,
    "Volume Loss": 0.0852,
    "normal": 0.927563
  },
  "frontal_probs": {
    "Airspace Disease": 0.01222478598356247,
    "Bronchiectasis": 0.00010176589421462268,
    "Bronchiolitis": 1.891944521048572e-05,
    "Bullous Disease": 0.0004310646909289062,
    "Calcified Granuloma": 0.07692185789346695,
    "Calcinosis": 0.043727584183216095,
    "Cardiac Shadow (abnormal)": 0.0030815249774605036,
    "Cardiomegaly": 0.021599430590867996,
    "Consolidation": 0.00425533065572381,
    "Degenerative Change": 0.057913485914468765,
    "Edema": 0.004375006537884474,
    "Effusion": 0.0006128153181634843,
    "Emphysema": 0.032639339566230774,
    "Fibrosis": 0.04967062175273895,
    "Fractures": 0.016780484467744827,
    "Hernia": 0.01769152097404003,
    "Hyperinflation": 0.025871559977531433,
    "Increased Lung Markings": 0.008731897920370102,
    "Interstitial Lung Disease": 0.01138845644891262,
    "Kyphosis": 0.005626963917165995,
    "Lesion": 0.026999780908226967,
    "Mass": 0.00047384932986460626,
    "Nodule": 0.05344053730368614,
    "Osteophyte": 0.040453460067510605,
    "Pleural Effusion": 0.003158427542075515,
    "Pleural Thickening": 0.01970427855849266,
    "Pneumothorax": 0.003946705721318722,
    "Pulmonary Artery Enlargement": 0.005466476548463106,
    "Pulmonary Fibrosis": 0.0002569620846770704,
    "Rib Fracture": 0.0004265753086656332,
    "Scoliosis": 0.013639291748404503,
    "Subcutaneous Emphysema": 8.780474308878183e-05,
    "Thickening": 0.005043509416282177,
    "Volume Loss": 0.024099960923194885,
    "normal": 0.9833351373672485
  },
  "lateral_probs": {
    "Airspace Disease": 0.15597915649414062,
    "Bronchiectasis": 0.03095419704914093,
    "Bronchiolitis": 0.001346148201264441,
    "Bullous Disease": 0.010502749122679234,
    "Calcified Granuloma": 0.3449723422527313,
    "Calcinosis": 0.20264726877212524,
    "Cardiac Shadow (abnormal)": 0.06441257894039154,
    "Cardiomegaly": 0.1812880039215088,
    "Consolidation": 0.09867839515209198,
    "Degenerative Change": 0.3834041953086853,
    "Edema": 0.11251550912857056,
    "Effusion": 0.026212668046355247,
    "Emphysema": 0.20044872164726257,
    "Fibrosis": 0.24573619663715363,
    "Fractures": 0.1207989975810051,
    "Hernia": 0.09103265404701233,
    "Hyperinflation": 0.28028053045272827,
    "Increased Lung Markings": 0.118411123752594,
    "Interstitial Lung Disease": 0.11380652338266373,
    "Kyphosis": 0.04552270844578743,
    "Lesion": 0.31814759969711304,
    "Mass": 0.03887489065527916,
    "Nodule": 0.19332028925418854,
    "Osteophyte": 0.22705984115600586,
    "Pleural Effusion": 0.07016249746084213,
    "Pleural Thickening": 0.11031685024499893,
    "Pneumothorax": 0.020649928599596024,
    "Pulmonary Artery Enlargement": 0.08268510550260544,
    "Pulmonary Fibrosis": 0.04736714065074921,
    "Rib Fracture": 0.014523453079164028,
    "Scoliosis": 0.11977371573448181,
    "Subcutaneous Emphysema": 0.008978382684290409,
    "Thickening": 0.1192251592874527,
    "Volume Loss": 0.19867096841335297,
    "normal": 0.8239853978157043
  }
}