{
  "uid": "3596",
  "frontal_image": "3596_IM-1774-1001.dcm.png",
  "lateral_image": "3596_IM-1774-2001.dcm.png",
  "fusion_mode": "weighted_avg(f=0.65,l=0.35)",
  "predicted_classes": [
    "normal",
    "Lesion"
  ],
  "resolved_classes": [
    "Lesion"
  ],
  "kg_classes": [
    "Lesion"
  ],
  "num_predicted": 1,
  "conflict_resolution": "disease_dominates",
  "is_uncertain": false,
  "uncertainty_reason": "",
  "inference_time_s": 0.2526,
  "gt_labels": "Calcified Granuloma",
  "probabilities": {
    "Airspace Disease": 0.405131,
    "Bronchiectasis": 0.075095,
    "Bronchiolitis": 0.022167,
    "Bullous Disease": 0.089274,
    "Calcified Granuloma": 0.36125,
    "Calcinosis": 0.361897,
    "Cardiac Shadow (abnormal)": 0.180098,
    "Cardiomegaly": 0.269705,
    "Consolidation": 0.254498,
    "Degenerative Change": 0.462923,
    "Edema": 0.201328,
    "Effusion": 0.093294,
    "Emphysema": 0.347528,
    "Fibrosis": 0.344471,
    "Fractures": 0.318231,
    "Hernia": 0.197862,
    "Hyperinflation": 0.425786,
    "Increased Lung Markings": 0.248548,
    "Interstitial Lung Disease": 0.262545,
    "Kyphosis": 0.115387,
    "Lesion": 0.536063,
    "Mass": 0.143517,
    "Nodule": 0.299814,
    "Osteophyte": 0.238757,
    "Pleural Effusion": 0.284642,
    "Pleural Thickening": 0.299132,
    "Pneumothorax": 0.250603,
    "Pulmonary Artery Enlargement": 0.081148,
    "Pulmonary Fibrosis": 0.125839,
    "Rib Fracture": 0.059293,
    "Scoliosis": 0.237784,
    "Subcutaneous Emphysema": 0.10266,
    "Thickening": 0.226792,
    "Volume Loss": 0.345173,
    "normal": 0.566047
  },
  "frontal_probs": {
    "Airspace Disease": 0.48328912258148193,
    "Bronchiectasis": 0.07875744253396988,
    "Bronchiolitis": 0.030301671475172043,
    "Bullous Disease": 0.1213352158665657,
    "Calcified Granuloma": 0.3374766707420349,
    "Calcinosis": 0.3489174544811249,
    "Cardiac Shadow (abnormal)": 0.20041126012802124,
    "Cardiomegaly": 0.2822118401527405,
    "Consolidation": 0.31485113501548767,
    "Degenerative Change": 0.45738205313682556,
    "Edema": 0.22463774681091309,
    "Effusion": 0.11751360446214676,
    "Emphysema": 0.309099942445755,
    "Fibrosis": 0.3480778634548187,
    "Fractures": 0.36134305596351624,
    "Hernia": 0.2058388888835907,
    "Hyperinflation": 0.43234318494796753,
    "Increased Lung Markings": 0.2752231955528259,
    "Interstitial Lung Disease": 0.2785586714744568,
    "Kyphosis": 0.12171335518360138,
    "Lesion": 0.6059885621070862,
    "Mass": 0.16939540207386017,
    "Nodule": 0.3141701817512512,
    "Osteophyte": 0.22067272663116455,
    "Pleural Effusion": 0.35292720794677734,
    "Pleural Thickening": 0.3635682761669159,
    "Pneumothorax": 0.3114982843399048,
    "Pulmonary Artery Enlargement": 0.0798330157995224,
    "Pulmonary Fibrosis": 0.15530382096767426,
    "Rib Fracture": 0.07560378313064575,
    "Scoliosis": 0.256149560213089,
    "Subcutaneous Emphysema": 0.13125881552696228,
    "Thickening": 0.2617219388484955,
    "Volume Loss": 0.3863130211830139,
    "normal": 0.5154733061790466
  },
  "lateral_probs": {
    "Airspace Disease": 0.25997963547706604,
    "Bronchiectasis": 0.06829342246055603,
    "Bronchiolitis": 0.00705950241535902,
    "Bullous Disease": 0.02973155677318573,
    "Calcified Granuloma": 0.40540045499801636,
    "Calcinosis": 0.3860017657279968,
    "Cardiac Shadow (abnormal)": 0.14237414300441742,
    "Cardiomegaly": 0.2464793175458908,
    "Consolidation": 0.14241376519203186,
    "Degenerative Change": 0.47321346402168274,
    "Edema": 0.15803763270378113,
    "Effusion": 0.04831375926733017,
    "Emphysema": 0.4188947081565857,
    "Fibrosis": 0.3377728760242462,
    "Fractures": 0.23816703259944916,
    "Hernia": 0.1830490678548813,
    "Hyperinflation": 0.41360804438591003,
    "Increased Lung Markings": 0.1990097463130951,
    "Interstitial Lung Disease": 0.23280523717403412,
    "Kyphosis": 0.10363663733005524,
    "Lesion": 0.40620043873786926,
    "Mass": 0.09545643627643585,
    "Nodule": 0.273152619600296,
    "Osteophyte": 0.27234238386154175,
    "Pleural Effusion": 0.15782570838928223,
    "Pleural Thickening": 0.17946597933769226,
    "Pneumothorax": 0.13751287758350372,
    "Pulmonary Artery Enlargement": 0.08359088748693466,
    "Pulmonary Fibrosis": 0.07111740857362747,
    "Rib Fracture": 0.029001502320170403,
    "Scoliosis": 0.2036769539117813,
    "Subcutaneous Emphysema": 0.04954703524708748,
    "Thickening": 0.16192293167114258,
    "Volume Loss": 0.2687692642211914,
    "normal": 0.6599693894386292
  }
}