{
  "uid": "3771",
  "frontal_image": "3771_IM-1890-1001.dcm.png",
  "lateral_image": "3771_IM-1890-1002.dcm.png",
  "fusion_mode": "weighted_avg(f=0.65,l=0.35)",
  "predicted_classes": [
    "normal"
  ],
  "resolved_classes": [
    "normal"
  ],
  "kg_classes": [
    "Normal"
  ],
  "num_predicted": 1,
  "conflict_resolution": "no_conflict",
  "is_uncertain": false,
  "uncertainty_reason": "",
  "inference_time_s": 0.2556,
  "gt_labels": "normal",
  "probabilities": {
    "Airspace Disease": 0.112599,
    "Bronchiectasis": 0.017288,
    "Bronchiolitis": 0.001237,
    "Bullous Disease": 0.007063,
    "Calcified Granuloma": 0.258154,
    "Calcinosis": 0.179724,
    "Cardiac Shadow (abnormal)": 0.050883,
    "Cardiomegaly": 0.148605,
    "Consolidation": 0.103193,
    "Degenerative Change": 0.30188,
    "Edema": 0.060829,
    "Effusion": 0.015895,
    "Emphysema": 0.115888,
    "Fibrosis": 0.14484,
    "Fractures": 0.090783,
    "Hernia": 0.118821,
    "Hyperinflation": 0.197755,
    "Increased Lung Markings": 0.112409,
    "Interstitial Lung Disease": 0.070122,
    "Kyphosis": 0.026927,
    "Lesion": 0.185624,
    "Mass": 0.049807,
    "Nodule": 0.128282,
    "Osteophyte": 0.143689,
    "Pleural Effusion": 0.063559,
    "Pleural Thickening": 0.075101,
    "Pneumothorax": 0.019045,
    "Pulmonary Artery Enlargement": 0.046963,
    "Pulmonary Fibrosis": 0.034373,
    "Rib Fracture": 0.014474,
    "Scoliosis": 0.112019,
    "Subcutaneous Emphysema": 0.006813,
    "Thickening": 0.078092,
    "Volume Loss": 0.114276,
    "normal": 0.848657
  },
  "frontal_probs": {
    "Airspace Disease": 0.06127244234085083,
    "Bronchiectasis": 0.0038250393699854612,
    "Bronchiolitis": 0.0006145668448880315,
    "Bullous Disease": 0.00409751757979393,
    "Calcified Granuloma": 0.23449747264385223,
    "Calcinosis": 0.15037371218204498,
    "Cardiac Shadow (abnormal)": 0.031670473515987396,
    "Cardiomegaly": 0.10013410449028015,
    "Consolidation": 0.051228735595941544,
    "Degenerative Change": 0.23499275743961334,
    "Edema": 0.025307070463895798,
    "Effusion": 0.0035160963889211416,
    "Emphysema": 0.0727384015917778,
    "Fibrosis": 0.0774906575679779,
    "Fractures": 0.07408469915390015,
    "Hernia": 0.0924064964056015,
    "Hyperinflation": 0.12468637526035309,
    "Increased Lung Markings": 0.07524557411670685,
    "Interstitial Lung Disease": 0.0414687916636467,
    "Kyphosis": 0.01589857041835785,
    "Lesion": 0.11268617957830429,
    "Mass": 0.019258029758930206,
    "Nodule": 0.1075146421790123,
    "Osteophyte": 0.09101837873458862,
    "Pleural Effusion": 0.022886907681822777,
    "Pleural Thickening": 0.038406264036893845,
    "Pneumothorax": 0.0050557865761220455,
    "Pulmonary Artery Enlargement": 0.033473894000053406,
    "Pulmonary Fibrosis": 0.007483197841793299,
    "Rib Fracture": 0.008009902201592922,
    "Scoliosis": 0.06874938309192657,
    "Subcutaneous Emphysema": 0.002505533630028367,
    "Thickening": 0.04538946598768234,
    "Volume Loss": 0.06543909013271332,
    "normal": 0.8963733911514282
  },
  "lateral_probs": {
    "Airspace Disease": 0.20791973173618317,
    "Bronchiectasis": 0.042290039360523224,
    "Bronchiolitis": 0.002393775386735797,
    "Bullous Disease": 0.012569522485136986,
    "Calcified Granuloma": 0.3020875155925751,
    "Calcinosis": 0.23423129320144653,
    "Cardiac Shadow (abnormal)": 0.0865626335144043,
    "Cardiomegaly": 0.23862171173095703,
    "Consolidation": 0.19969747960567474,
    "Degenerative Change": 0.4260995388031006,
    "Edema": 0.12679807841777802,
    "Effusion": 0.038884781301021576,
    "Emphysema": 0.1960223764181137,
    "Fibrosis": 0.26991719007492065,
    "Fractures": 0.12179471552371979,
    "Hernia": 0.16787755489349365,
    "Hyperinflation": 0.3334546387195587,
    "Increased Lung Markings": 0.18142731487751007,
    "Interstitial Lung Disease": 0.12333395332098007,
    "Kyphosis": 0.04740896821022034,
    "Lesion": 0.3210811913013458,
    "Mass": 0.10654080659151077,
    "Nodule": 0.1668507158756256,
    "Osteophyte": 0.24150609970092773,
    "Pleural Effusion": 0.139093279838562,
    "Pleural Thickening": 0.14324893057346344,
    "Pneumothorax": 0.04502430558204651,
    "Pulmonary Artery Enlargement": 0.07201366126537323,
    "Pulmonary Fibrosis": 0.08431123942136765,
    "Rib Fracture": 0.02647760882973671,
    "Scoliosis": 0.19237801432609558,
    "Subcutaneous Emphysema": 0.014811533503234386,
    "Thickening": 0.13882409036159515,
    "Volume Loss": 0.2049737423658371,
    "normal": 0.7600415349006653
  }
}