{
  "uid": "3374",
  "frontal_image": "3374_IM-1624-1001.dcm.png",
  "lateral_image": "3374_IM-1624-2001.dcm.png",
  "fusion_mode": "weighted_avg(f=0.65,l=0.35)",
  "predicted_classes": [
    "normal"
  ],
  "resolved_classes": [
    "normal"
  ],
  "kg_classes": [
    "Normal"
  ],
  "num_predicted": 1,
  "conflict_resolution": "no_conflict",
  "is_uncertain": false,
  "uncertainty_reason": "",
  "inference_time_s": 0.2709,
  "gt_labels": "Nodule",
  "probabilities": {
    "Airspace Disease": 0.071472,
    "Bronchiectasis": 0.002618,
    "Bronchiolitis": 0.00022,
    "Bullous Disease": 0.001817,
    "Calcified Granuloma": 0.165218,
    "Calcinosis": 0.117343,
    "Cardiac Shadow (abnormal)": 0.026786,
    "Cardiomegaly": 0.068681,
    "Consolidation": 0.029826,
    "Degenerative Change": 0.191294,
    "Edema": 0.036168,
    "Effusion": 0.008446,
    "Emphysema": 0.064093,
    "Fibrosis": 0.098745,
    "Fractures": 0.072468,
    "Hernia": 0.047469,
    "Hyperinflation": 0.126799,
    "Increased Lung Markings": 0.048025,
    "Interstitial Lung Disease": 0.048407,
    "Kyphosis": 0.008509,
    "Lesion": 0.155418,
    "Mass": 0.010295,
    "Nodule": 0.110689,
    "Osteophyte": 0.106402,
    "Pleural Effusion": 0.031843,
    "Pleural Thickening": 0.054719,
    "Pneumothorax": 0.01774,
    "Pulmonary Artery Enlargement": 0.015067,
    "Pulmonary Fibrosis": 0.008976,
    "Rib Fracture": 0.004614,
    "Scoliosis": 0.05599,
    "Subcutaneous Emphysema": 0.001831,
    "Thickening": 0.032339,
    "Volume Loss": 0.115333,
    "normal": 0.919539
  },
  "frontal_probs": {
    "Airspace Disease": 0.05397952347993851,
    "Bronchiectasis": 0.0002643658663146198,
    "Bronchiolitis": 0.0001335456472588703,
    "Bullous Disease": 0.0011159111745655537,
    "Calcified Granuloma": 0.09418050944805145,
    "Calcinosis": 0.06410747766494751,
    "Cardiac Shadow (abnormal)": 0.009280974045395851,
    "Cardiomegaly": 0.04646405950188637,
    "Consolidation": 0.0170738622546196,
    "Degenerative Change": 0.07898568361997604,
    "Edema": 0.021112654358148575,
    "Effusion": 0.00311798183247447,
    "Emphysema": 0.03097398951649666,
    "Fibrosis": 0.06396743655204773,
    "Fractures": 0.032863568514585495,
    "Hernia": 0.022204609587788582,
    "Hyperinflation": 0.0528254508972168,
    "Increased Lung Markings": 0.022718118503689766,
    "Interstitial Lung Disease": 0.007616743445396423,
    "Kyphosis": 0.0031026320066303015,
    "Lesion": 0.08341216295957565,
    "Mass": 0.0023478500079363585,
    "Nodule": 0.09831545501947403,
    "Osteophyte": 0.06741177290678024,
    "Pleural Effusion": 0.023512354120612144,
    "Pleural Thickening": 0.04586993530392647,
    "Pneumothorax": 0.009179765358567238,
    "Pulmonary Artery Enlargement": 0.0032127562444657087,
    "Pulmonary Fibrosis": 0.0011726772645488381,
    "Rib Fracture": 0.002815564628690481,
    "Scoliosis": 0.024869773536920547,
    "Subcutaneous Emphysema": 0.0003880383737850934,
    "Thickening": 0.015539232641458511,
    "Volume Loss": 0.06751669198274612,
    "normal": 0.9578109383583069
  },
  "lateral_probs": {
    "Airspace Disease": 0.1039586290717125,
    "Bronchiectasis": 0.006989218294620514,
    "Bronchiolitis": 0.00038071005837991834,
    "Bullous Disease": 0.0031198705546557903,
    "Calcified Granuloma": 0.29714351892471313,
    "Calcinosis": 0.21620774269104004,
    "Cardiac Shadow (abnormal)": 0.05929410830140114,
    "Cardiomegaly": 0.10994245111942291,
    "Consolidation": 0.05350895971059799,
    "Degenerative Change": 0.3998662233352661,
    "Edema": 0.06412731856107712,
    "Effusion": 0.01834125444293022,
    "Emphysema": 0.12560074031352997,
    "Fibrosis": 0.16333183646202087,
    "Fractures": 0.1460200548171997,
    "Hernia": 0.09438836574554443,
    "Hyperinflation": 0.26417750120162964,
    "Increased Lung Markings": 0.09502314031124115,
    "Interstitial Lung Disease": 0.12415964156389236,
    "Kyphosis": 0.018548985943198204,
    "Lesion": 0.2891441583633423,
    "Mass": 0.025053050369024277,
    "Nodule": 0.13366879522800446,
    "Osteophyte": 0.1788112074136734,
    "Pleural Effusion": 0.04731442406773567,
    "Pleural Thickening": 0.07115206867456436,
    "Pneumothorax": 0.0336376316845417,
    "Pulmonary Artery Enlargement": 0.03708236292004585,
    "Pulmonary Fibrosis": 0.02346654236316681,
    "Rib Fracture": 0.007954970002174377,
    "Scoliosis": 0.11378344148397446,
    "Subcutaneous Emphysema": 0.004509462974965572,
    "Thickening": 0.06353925168514252,
    "Volume Loss": 0.20413540303707123,
    "normal": 0.8484627604484558
  }
}