{
  "uid": "3755",
  "frontal_image": "3755_IM-1879-1001.dcm.png",
  "lateral_image": "3755_IM-1879-3001.dcm.png",
  "fusion_mode": "weighted_avg(f=0.65,l=0.35)",
  "predicted_classes": [
    "normal"
  ],
  "resolved_classes": [
    "normal"
  ],
  "kg_classes": [
    "Normal"
  ],
  "num_predicted": 1,
  "conflict_resolution": "no_conflict",
  "is_uncertain": false,
  "uncertainty_reason": "",
  "inference_time_s": 0.3031,
  "gt_labels": "Osteophyte",
  "probabilities": {
    "Airspace Disease": 0.14453,
    "Bronchiectasis": 0.023096,
    "Bronchiolitis": 0.005753,
    "Bullous Disease": 0.035177,
    "Calcified Granuloma": 0.286487,
    "Calcinosis": 0.18788,
    "Cardiac Shadow (abnormal)": 0.099587,
    "Cardiomegaly": 0.240421,
    "Consolidation": 0.085949,
    "Degenerative Change": 0.362002,
    "Edema": 0.128065,
    "Effusion": 0.031454,
    "Emphysema": 0.161489,
    "Fibrosis": 0.199345,
    "Fractures": 0.144184,
    "Hernia": 0.159538,
    "Hyperinflation": 0.306835,
    "Increased Lung Markings": 0.155626,
    "Interstitial Lung Disease": 0.093832,
    "Kyphosis": 0.086149,
    "Lesion": 0.241263,
    "Mass": 0.040368,
    "Nodule": 0.142268,
    "Osteophyte": 0.1994,
    "Pleural Effusion": 0.108393,
    "Pleural Thickening": 0.146709,
    "Pneumothorax": 0.066942,
    "Pulmonary Artery Enlargement": 0.124051,
    "Pulmonary Fibrosis": 0.044696,
    "Rib Fracture": 0.018824,
    "Scoliosis": 0.14235,
    "Subcutaneous Emphysema": 0.024006,
    "Thickening": 0.102366,
    "Volume Loss": 0.18338,
    "normal": 0.743721
  },
  "frontal_probs": {
    "Airspace Disease": 0.04926262050867081,
    "Bronchiectasis": 0.0019395401468500495,
    "Bronchiolitis": 0.0016000072937458754,
    "Bullous Disease": 0.01113616582006216,
    "Calcified Granuloma": 0.2509392201900482,
    "Calcinosis": 0.15874916315078735,
    "Cardiac Shadow (abnormal)": 0.0421215258538723,
    "Cardiomegaly": 0.1867920458316803,
    "Consolidation": 0.02094627358019352,
    "Degenerative Change": 0.31984925270080566,
    "Edema": 0.048084668815135956,
    "Effusion": 0.00788413267582655,
    "Emphysema": 0.08483614027500153,
    "Fibrosis": 0.12271418422460556,
    "Fractures": 0.11163810640573502,
    "Hernia": 0.12257073819637299,
    "Hyperinflation": 0.2322555035352707,
    "Increased Lung Markings": 0.1054873839020729,
    "Interstitial Lung Disease": 0.05104769393801689,
    "Kyphosis": 0.07462470233440399,
    "Lesion": 0.13668103516101837,
    "Mass": 0.010886948555707932,
    "Nodule": 0.09818128496408463,
    "Osteophyte": 0.15262280404567719,
    "Pleural Effusion": 0.03549976274371147,
    "Pleural Thickening": 0.05927697569131851,
    "Pneumothorax": 0.03439571335911751,
    "Pulmonary Artery Enlargement": 0.09105248004198074,
    "Pulmonary Fibrosis": 0.006908338516950607,
    "Rib Fracture": 0.008664301596581936,
    "Scoliosis": 0.09696343541145325,
    "Subcutaneous Emphysema": 0.0037272432819008827,
    "Thickening": 0.049687087535858154,
    "Volume Loss": 0.11438712477684021,
    "normal": 0.8187068700790405
  },
  "lateral_probs": {
    "Airspace Disease": 0.32145413756370544,
    "Bronchiectasis": 0.06238625943660736,
    "Bronchiolitis": 0.01346501987427473,
    "Bullous Disease": 0.079823799431324,
    "Calcified Granuloma": 0.3525034189224243,
    "Calcinosis": 0.24198059737682343,
    "Cardiac Shadow (abnormal)": 0.20630934834480286,
    "Cardiomegaly": 0.34001627564430237,
    "Consolidation": 0.20666800439357758,
    "Degenerative Change": 0.44028618931770325,
    "Edema": 0.276599645614624,
    "Effusion": 0.07522689551115036,
    "Emphysema": 0.30384376645088196,
    "Fibrosis": 0.34166014194488525,
    "Fractures": 0.20462575554847717,
    "Hernia": 0.2281915545463562,
    "Hyperinflation": 0.4453393518924713,
    "Increased Lung Markings": 0.24874143302440643,
    "Interstitial Lung Disease": 0.17328758537769318,
    "Kyphosis": 0.10755102336406708,
    "Lesion": 0.43548694252967834,
    "Mass": 0.09511946141719818,
    "Nodule": 0.22414205968379974,
    "Osteophyte": 0.28627318143844604,
    "Pleural Effusion": 0.24376502633094788,
    "Pleural Thickening": 0.3090820014476776,
    "Pneumothorax": 0.12738549709320068,
    "Pulmonary Artery Enlargement": 0.1853339821100235,
    "Pulmonary Fibrosis": 0.1148742213845253,
    "Rib Fracture": 0.03769250586628914,
    "Scoliosis": 0.22664016485214233,
    "Subcutaneous Emphysema": 0.06166672706604004,
    "Thickening": 0.2001982480287552,
    "Volume Loss": 0.3115105926990509,
    "normal": 0.6044612526893616
  }
}