{
  "uid": "3806",
  "frontal_image": "3806_IM-1916-2001.dcm.png",
  "lateral_image": "3806_IM-1916-4001.dcm.png",
  "fusion_mode": "weighted_avg(f=0.65,l=0.35)",
  "predicted_classes": [
    "normal"
  ],
  "resolved_classes": [
    "normal"
  ],
  "kg_classes": [
    "Normal"
  ],
  "num_predicted": 1,
  "conflict_resolution": "no_conflict",
  "is_uncertain": true,
  "uncertainty_reason": "normal_prob=0.570 (<0.73) with elevated disease scores: Degenerative Change=0.485, Lesion=0.472, Hyperinflation=0.460",
  "inference_time_s": 0.2488,
  "gt_labels": "Scoliosis",
  "probabilities": {
    "Airspace Disease": 0.318623,
    "Bronchiectasis": 0.150707,
    "Bronchiolitis": 0.086901,
    "Bullous Disease": 0.19192,
    "Calcified Granuloma": 0.400524,
    "Calcinosis": 0.370793,
    "Cardiac Shadow (abnormal)": 0.193294,
    "Cardiomegaly": 0.293609,
    "Consolidation": 0.293241,
    "Degenerative Change": 0.484611,
    "Edema": 0.247623,
    "Effusion": 0.133031,
    "Emphysema": 0.443349,
    "Fibrosis": 0.388659,
    "Fractures": 0.328158,
    "Hernia": 0.276125,
    "Hyperinflation": 0.459977,
    "Increased Lung Markings": 0.327252,
    "Interstitial Lung Disease": 0.305223,
    "Kyphosis": 0.198008,
    "Lesion": 0.472449,
    "Mass": 0.231214,
    "Nodule": 0.306384,
    "Osteophyte": 0.310772,
    "Pleural Effusion": 0.31927,
    "Pleural Thickening": 0.245206,
    "Pneumothorax": 0.187553,
    "Pulmonary Artery Enlargement": 0.137929,
    "Pulmonary Fibrosis": 0.216654,
    "Rib Fracture": 0.111721,
    "Scoliosis": 0.339828,
    "Subcutaneous Emphysema": 0.098473,
    "Thickening": 0.298768,
    "Volume Loss": 0.39153,
    "normal": 0.569827
  },
  "frontal_probs": {
    "Airspace Disease": 0.34407293796539307,
    "Bronchiectasis": 0.20648743212223053,
    "Bronchiolitis": 0.1291947066783905,
    "Bullous Disease": 0.2785780131816864,
    "Calcified Granuloma": 0.4252683222293854,
    "Calcinosis": 0.38970422744750977,
    "Cardiac Shadow (abnormal)": 0.22708335518836975,
    "Cardiomegaly": 0.3135105073451996,
    "Consolidation": 0.3609883189201355,
    "Degenerative Change": 0.48662158846855164,
    "Edema": 0.2826673090457916,
    "Effusion": 0.1743178516626358,
    "Emphysema": 0.509997546672821,
    "Fibrosis": 0.4404250681400299,
    "Fractures": 0.39664947986602783,
    "Hernia": 0.311473548412323,
    "Hyperinflation": 0.4906741678714752,
    "Increased Lung Markings": 0.3700655996799469,
    "Interstitial Lung Disease": 0.36148738861083984,
    "Kyphosis": 0.2583581209182739,
    "Lesion": 0.5167859792709351,
    "Mass": 0.296327143907547,
    "Nodule": 0.3597771227359772,
    "Osteophyte": 0.3249599039554596,
    "Pleural Effusion": 0.3783648610115051,
    "Pleural Thickening": 0.26929157972335815,
    "Pneumothorax": 0.2231045514345169,
    "Pulmonary Artery Enlargement": 0.16739220917224884,
    "Pulmonary Fibrosis": 0.28184202313423157,
    "Rib Fracture": 0.15219469368457794,
    "Scoliosis": 0.399590402841568,
    "Subcutaneous Emphysema": 0.13629686832427979,
    "Thickening": 0.3659608066082001,
    "Volume Loss": 0.45118361711502075,
    "normal": 0.5383208990097046
  },
  "lateral_probs": {
    "Airspace Disease": 0.2713601589202881,
    "Bronchiectasis": 0.04711342230439186,
    "Bronchiolitis": 0.008355336263775826,
    "Bullous Disease": 0.030984189361333847,
    "Calcified Granuloma": 0.3545709550380707,
    "Calcinosis": 0.33567172288894653,
    "Cardiac Shadow (abnormal)": 0.13054253160953522,
    "Cardiomegaly": 0.2566480040550232,
    "Consolidation": 0.16742438077926636,
    "Degenerative Change": 0.4808780550956726,
    "Edema": 0.18254157900810242,
    "Effusion": 0.05635644868016243,
    "Emphysema": 0.3195727467536926,
    "Fibrosis": 0.29252195358276367,
    "Fractures": 0.20095977187156677,
    "Hernia": 0.2104783058166504,
    "Hyperinflation": 0.4029671847820282,
    "Increased Lung Markings": 0.24774089455604553,
    "Interstitial Lung Disease": 0.20073162019252777,
    "Kyphosis": 0.08592988550662994,
    "Lesion": 0.39010852575302124,
    "Mass": 0.11028863489627838,
    "Nodule": 0.20722544193267822,
    "Osteophyte": 0.284422904253006,
    "Pleural Effusion": 0.2095232903957367,
    "Pleural Thickening": 0.20047540962696075,
    "Pneumothorax": 0.1215272769331932,
    "Pulmonary Artery Enlargement": 0.08321139216423035,
    "Pulmonary Fibrosis": 0.09559047967195511,
    "Rib Fracture": 0.03655417263507843,
    "Scoliosis": 0.22884202003479004,
    "Subcutaneous Emphysema": 0.028228892013430595,
    "Thickening": 0.17398114502429962,
    "Volume Loss": 0.2807445526123047,
    "normal": 0.6283394694328308
  }
}