{
  "uid": "3424",
  "frontal_image": "3424_IM-1656-1001.dcm.png",
  "lateral_image": "3424_IM-1656-2001.dcm.png",
  "fusion_mode": "weighted_avg(f=0.65,l=0.35)",
  "predicted_classes": [
    "normal"
  ],
  "resolved_classes": [
    "normal"
  ],
  "kg_classes": [
    "Normal"
  ],
  "num_predicted": 1,
  "conflict_resolution": "no_conflict",
  "is_uncertain": false,
  "uncertainty_reason": "",
  "inference_time_s": 0.2923,
  "gt_labels": "Calcified Granuloma",
  "probabilities": {
    "Airspace Disease": 0.185663,
    "Bronchiectasis": 0.007528,
    "Bronchiolitis": 0.003839,
    "Bullous Disease": 0.012301,
    "Calcified Granuloma": 0.307874,
    "Calcinosis": 0.231036,
    "Cardiac Shadow (abnormal)": 0.062568,
    "Cardiomegaly": 0.153603,
    "Consolidation": 0.104266,
    "Degenerative Change": 0.357595,
    "Edema": 0.09106,
    "Effusion": 0.019015,
    "Emphysema": 0.123418,
    "Fibrosis": 0.227937,
    "Fractures": 0.160707,
    "Hernia": 0.127838,
    "Hyperinflation": 0.26511,
    "Increased Lung Markings": 0.138417,
    "Interstitial Lung Disease": 0.092223,
    "Kyphosis": 0.069406,
    "Lesion": 0.280935,
    "Mass": 0.055839,
    "Nodule": 0.164228,
    "Osteophyte": 0.211949,
    "Pleural Effusion": 0.160965,
    "Pleural Thickening": 0.159166,
    "Pneumothorax": 0.041169,
    "Pulmonary Artery Enlargement": 0.047844,
    "Pulmonary Fibrosis": 0.027843,
    "Rib Fracture": 0.02213,
    "Scoliosis": 0.140367,
    "Subcutaneous Emphysema": 0.00719,
    "Thickening": 0.097176,
    "Volume Loss": 0.211803,
    "normal": 0.770911
  },
  "frontal_probs": {
    "Airspace Disease": 0.19881251454353333,
    "Bronchiectasis": 0.005225754342973232,
    "Bronchiolitis": 0.005227356217801571,
    "Bullous Disease": 0.01609387807548046,
    "Calcified Granuloma": 0.30708274245262146,
    "Calcinosis": 0.2401246875524521,
    "Cardiac Shadow (abnormal)": 0.060070279985666275,
    "Cardiomegaly": 0.17214363813400269,
    "Consolidation": 0.11600586771965027,
    "Degenerative Change": 0.3392726480960846,
    "Edema": 0.09878791123628616,
    "Effusion": 0.01025452371686697,
    "Emphysema": 0.11246000975370407,
    "Fibrosis": 0.25243619084358215,
    "Fractures": 0.15453888475894928,
    "Hernia": 0.11868277937173843,
    "Hyperinflation": 0.27277499437332153,
    "Increased Lung Markings": 0.1366032212972641,
    "Interstitial Lung Disease": 0.06829363107681274,
    "Kyphosis": 0.09022954851388931,
    "Lesion": 0.2871873676776886,
    "Mass": 0.030729468911886215,
    "Nodule": 0.1664053499698639,
    "Osteophyte": 0.24065876007080078,
    "Pleural Effusion": 0.20150960981845856,
    "Pleural Thickening": 0.19187159836292267,
    "Pneumothorax": 0.03529399260878563,
    "Pulmonary Artery Enlargement": 0.047933150082826614,
    "Pulmonary Fibrosis": 0.018882570788264275,
    "Rib Fracture": 0.0224286038428545,
    "Scoliosis": 0.15345771610736847,
    "Subcutaneous Emphysema": 0.0069251274690032005,
    "Thickening": 0.10108591616153717,
    "Volume Loss": 0.22802864015102386,
    "normal": 0.734655499458313
  },
  "lateral_probs": {
    "Airspace Disease": 0.16124309599399567,
    "Bronchiectasis": 0.01180474553257227,
    "Bronchiolitis": 0.0012614117003977299,
    "Bullous Disease": 0.005257412325590849,
    "Calcified Granuloma": 0.30934298038482666,
    "Calcinosis": 0.21415673196315765,
    "Cardiac Shadow (abnormal)": 0.06720804423093796,
    "Cardiomegaly": 0.11917155981063843,
    "Consolidation": 0.08246278017759323,
    "Degenerative Change": 0.39162155985832214,
    "Edema": 0.07670850306749344,
    "Effusion": 0.03528472036123276,
    "Emphysema": 0.1437695026397705,
    "Fibrosis": 0.18243928253650665,
    "Fractures": 0.17216278612613678,
    "Hernia": 0.14483977854251862,
    "Hyperinflation": 0.2508736550807953,
    "Increased Lung Markings": 0.14178435504436493,
    "Interstitial Lung Disease": 0.13666407763957977,
    "Kyphosis": 0.03073306381702423,
    "Lesion": 0.26932209730148315,
    "Mass": 0.10247141122817993,
    "Nodule": 0.16018468141555786,
    "Osteophyte": 0.15862996876239777,
    "Pleural Effusion": 0.08566702902317047,
    "Pleural Thickening": 0.09842769056558609,
    "Pneumothorax": 0.05207858234643936,
    "Pulmonary Artery Enlargement": 0.04767914488911629,
    "Pulmonary Fibrosis": 0.044482577592134476,
    "Rib Fracture": 0.0215766541659832,
    "Scoliosis": 0.1160566583275795,
    "Subcutaneous Emphysema": 0.007682880386710167,
    "Thickening": 0.08991393446922302,
    "Volume Loss": 0.18167071044445038,
    "normal": 0.8382429480552673
  }
}