{
  "uid": "3613",
  "frontal_image": "3613_IM-1786-2002.dcm.png",
  "lateral_image": "3613_IM-1786-3003.dcm.png",
  "fusion_mode": "weighted_avg(f=0.65,l=0.35)",
  "predicted_classes": [
    "normal"
  ],
  "resolved_classes": [
    "normal"
  ],
  "kg_classes": [
    "Normal"
  ],
  "num_predicted": 1,
  "conflict_resolution": "no_conflict",
  "is_uncertain": true,
  "uncertainty_reason": "normal_prob=0.661 (<0.73) with elevated disease scores: Degenerative Change=0.397, Hyperinflation=0.374, Calcified Granuloma=0.358",
  "inference_time_s": 0.259,
  "gt_labels": "Calcified Granuloma",
  "probabilities": {
    "Airspace Disease": 0.236147,
    "Bronchiectasis": 0.042688,
    "Bronchiolitis": 0.008405,
    "Bullous Disease": 0.032806,
    "Calcified Granuloma": 0.357623,
    "Calcinosis": 0.302243,
    "Cardiac Shadow (abnormal)": 0.104235,
    "Cardiomegaly": 0.20982,
    "Consolidation": 0.138992,
    "Degenerative Change": 0.397343,
    "Edema": 0.139801,
    "Effusion": 0.040689,
    "Emphysema": 0.300937,
    "Fibrosis": 0.287413,
    "Fractures": 0.168573,
    "Hernia": 0.16782,
    "Hyperinflation": 0.37431,
    "Increased Lung Markings": 0.223135,
    "Interstitial Lung Disease": 0.131018,
    "Kyphosis": 0.077034,
    "Lesion": 0.352061,
    "Mass": 0.053164,
    "Nodule": 0.248607,
    "Osteophyte": 0.186191,
    "Pleural Effusion": 0.136268,
    "Pleural Thickening": 0.212408,
    "Pneumothorax": 0.05549,
    "Pulmonary Artery Enlargement": 0.046197,
    "Pulmonary Fibrosis": 0.05927,
    "Rib Fracture": 0.040155,
    "Scoliosis": 0.107946,
    "Subcutaneous Emphysema": 0.023591,
    "Thickening": 0.175307,
    "Volume Loss": 0.273333,
    "normal": 0.660541
  },
  "frontal_probs": {
    "Airspace Disease": 0.22122056782245636,
    "Bronchiectasis": 0.0097188800573349,
    "Bronchiolitis": 0.0091890599578619,
    "Bullous Disease": 0.03499552235007286,
    "Calcified Granuloma": 0.3385154604911804,
    "Calcinosis": 0.297246515750885,
    "Cardiac Shadow (abnormal)": 0.07900846749544144,
    "Cardiomegaly": 0.16356074810028076,
    "Consolidation": 0.0935923308134079,
    "Degenerative Change": 0.37390172481536865,
    "Edema": 0.10790064930915833,
    "Effusion": 0.016420474275946617,
    "Emphysema": 0.29110610485076904,
    "Fibrosis": 0.25133004784584045,
    "Fractures": 0.1583249270915985,
    "Hernia": 0.15689650177955627,
    "Hyperinflation": 0.353135347366333,
    "Increased Lung Markings": 0.22041209042072296,
    "Interstitial Lung Disease": 0.10259023308753967,
    "Kyphosis": 0.08351238816976547,
    "Lesion": 0.3142390251159668,
    "Mass": 0.011479792185127735,
    "Nodule": 0.24638161063194275,
    "Osteophyte": 0.15437455475330353,
    "Pleural Effusion": 0.10274600237607956,
    "Pleural Thickening": 0.18775486946105957,
    "Pneumothorax": 0.042555395513772964,
    "Pulmonary Artery Enlargement": 0.021251006051898003,
    "Pulmonary Fibrosis": 0.026799896731972694,
    "Rib Fracture": 0.0317874401807785,
    "Scoliosis": 0.07489525526762009,
    "Subcutaneous Emphysema": 0.01816514879465103,
    "Thickening": 0.1752595603466034,
    "Volume Loss": 0.2548404037952423,
    "normal": 0.6631988883018494
  },
  "lateral_probs": {
    "Airspace Disease": 0.2638668715953827,
    "Bronchiectasis": 0.10391709953546524,
    "Bronchiolitis": 0.006948403548449278,
    "Bullous Disease": 0.028740989044308662,
    "Calcified Granuloma": 0.3931081295013428,
    "Calcinosis": 0.31152263283729553,
    "Cardiac Shadow (abnormal)": 0.1510852575302124,
    "Cardiomegaly": 0.29572898149490356,
    "Consolidation": 0.22330595552921295,
    "Degenerative Change": 0.4408777356147766,
    "Edema": 0.19904406368732452,
    "Effusion": 0.0857577919960022,
    "Emphysema": 0.3191954493522644,
    "Fibrosis": 0.3544236421585083,
    "Fractures": 0.1876041740179062,
    "Hernia": 0.18810631334781647,
    "Hyperinflation": 0.4136333167552948,
    "Increased Lung Markings": 0.2281929850578308,
    "Interstitial Lung Disease": 0.18381106853485107,
    "Kyphosis": 0.06500393152236938,
    "Lesion": 0.4223024845123291,
    "Mass": 0.13057830929756165,
    "Nodule": 0.2527390122413635,
    "Osteophyte": 0.24528010189533234,
    "Pleural Effusion": 0.19852207601070404,
    "Pleural Thickening": 0.25819292664527893,
    "Pneumothorax": 0.07951194047927856,
    "Pulmonary Artery Enlargement": 0.09252668172121048,
    "Pulmonary Fibrosis": 0.11957260966300964,
    "Rib Fracture": 0.055694401264190674,
    "Scoliosis": 0.16932623088359833,
    "Subcutaneous Emphysema": 0.03366883099079132,
    "Thickening": 0.1753963977098465,
    "Volume Loss": 0.3076769709587097,
    "normal": 0.6556035280227661
  }
}