{
  "uid": "3885",
  "frontal_image": "3885_IM-1971-1001.dcm.png",
  "lateral_image": "3885_IM-1971-2001.dcm.png",
  "fusion_mode": "weighted_avg(f=0.65,l=0.35)",
  "predicted_classes": [
    "normal"
  ],
  "resolved_classes": [
    "normal"
  ],
  "kg_classes": [
    "Normal"
  ],
  "num_predicted": 1,
  "conflict_resolution": "no_conflict",
  "is_uncertain": false,
  "uncertainty_reason": "",
  "inference_time_s": 0.2559,
  "gt_labels": "normal",
  "probabilities": {
    "Airspace Disease": 0.100695,
    "Bronchiectasis": 0.002397,
    "Bronchiolitis": 0.000573,
    "Bullous Disease": 0.001566,
    "Calcified Granuloma": 0.216001,
    "Calcinosis": 0.136638,
    "Cardiac Shadow (abnormal)": 0.042862,
    "Cardiomegaly": 0.143131,
    "Consolidation": 0.055968,
    "Degenerative Change": 0.339646,
    "Edema": 0.023295,
    "Effusion": 0.003644,
    "Emphysema": 0.019571,
    "Fibrosis": 0.123494,
    "Fractures": 0.095246,
    "Hernia": 0.106712,
    "Hyperinflation": 0.262219,
    "Increased Lung Markings": 0.238096,
    "Interstitial Lung Disease": 0.014831,
    "Kyphosis": 0.055042,
    "Lesion": 0.238271,
    "Mass": 0.011397,
    "Nodule": 0.095787,
    "Osteophyte": 0.193513,
    "Pleural Effusion": 0.057863,
    "Pleural Thickening": 0.04298,
    "Pneumothorax": 0.022013,
    "Pulmonary Artery Enlargement": 0.024774,
    "Pulmonary Fibrosis": 0.008707,
    "Rib Fracture": 0.002704,
    "Scoliosis": 0.142895,
    "Subcutaneous Emphysema": 0.002849,
    "Thickening": 0.039601,
    "Volume Loss": 0.19945,
    "normal": 0.852198
  },
  "frontal_probs": {
    "Airspace Disease": 0.0564742311835289,
    "Bronchiectasis": 0.0003467198694124818,
    "Bronchiolitis": 0.0006481048185378313,
    "Bullous Disease": 0.0008439215016551316,
    "Calcified Granuloma": 0.2121414691209793,
    "Calcinosis": 0.12837903201580048,
    "Cardiac Shadow (abnormal)": 0.01489268708974123,
    "Cardiomegaly": 0.15060025453567505,
    "Consolidation": 0.014582207426428795,
    "Degenerative Change": 0.36387771368026733,
    "Edema": 0.006923448760062456,
    "Effusion": 0.002307998016476631,
    "Emphysema": 0.013450313359498978,
    "Fibrosis": 0.1123538613319397,
    "Fractures": 0.09226472675800323,
    "Hernia": 0.13558098673820496,
    "Hyperinflation": 0.2994910180568695,
    "Increased Lung Markings": 0.2762443423271179,
    "Interstitial Lung Disease": 0.004707927815616131,
    "Kyphosis": 0.07015977799892426,
    "Lesion": 0.23307402431964874,
    "Mass": 0.0038719980511814356,
    "Nodule": 0.08624851703643799,
    "Osteophyte": 0.24901972711086273,
    "Pleural Effusion": 0.061082690954208374,
    "Pleural Thickening": 0.0292513407766819,
    "Pneumothorax": 0.027123400941491127,
    "Pulmonary Artery Enlargement": 0.024700762704014778,
    "Pulmonary Fibrosis": 0.002542424015700817,
    "Rib Fracture": 0.001544110826216638,
    "Scoliosis": 0.14061738550662994,
    "Subcutaneous Emphysema": 0.0013568314025178552,
    "Thickening": 0.014119911007583141,
    "Volume Loss": 0.2231784462928772,
    "normal": 0.82940673828125
  },
  "lateral_probs": {
    "Airspace Disease": 0.1828201711177826,
    "Bronchiectasis": 0.00620499299839139,
    "Bronchiolitis": 0.0004340260347817093,
    "Bullous Disease": 0.0029068621806800365,
    "Calcified Granuloma": 0.22316984832286835,
    "Calcinosis": 0.15197628736495972,
    "Cardiac Shadow (abnormal)": 0.09480505436658859,
    "Cardiomegaly": 0.1292593777179718,
    "Consolidation": 0.1328275054693222,
    "Degenerative Change": 0.2946445047855377,
    "Edema": 0.0536988265812397,
    "Effusion": 0.0061242468655109406,
    "Emphysema": 0.030938943848013878,
    "Fibrosis": 0.14418399333953857,
    "Fractures": 0.10078182071447372,
    "Hernia": 0.05309874564409256,
    "Hyperinflation": 0.19299928843975067,
    "Increased Lung Markings": 0.16724850237369537,
    "Interstitial Lung Disease": 0.03363063931465149,
    "Kyphosis": 0.026966014876961708,
    "Lesion": 0.24792350828647614,
    "Mass": 0.02537277154624462,
    "Nodule": 0.11350016295909882,
    "Osteophyte": 0.09042901545763016,
    "Pleural Effusion": 0.0518844835460186,
    "Pleural Thickening": 0.06847558170557022,
    "Pneumothorax": 0.012521574273705482,
    "Pulmonary Artery Enlargement": 0.024910248816013336,
    "Pulmonary Fibrosis": 0.020156757906079292,
    "Rib Fracture": 0.004857933614403009,
    "Scoliosis": 0.14712443947792053,
    "Subcutaneous Emphysema": 0.005620897281914949,
    "Thickening": 0.08692166954278946,
    "Volume Loss": 0.15538184344768524,
    "normal": 0.894524872303009
  }
}