{
  "uid": "3445",
  "frontal_image": "3445_IM-1668-1001.dcm.png",
  "lateral_image": "3445_IM-1668-3001.dcm.png",
  "fusion_mode": "weighted_avg(f=0.65,l=0.35)",
  "predicted_classes": [
    "normal"
  ],
  "resolved_classes": [
    "normal"
  ],
  "kg_classes": [
    "Normal"
  ],
  "num_predicted": 1,
  "conflict_resolution": "no_conflict",
  "is_uncertain": false,
  "uncertainty_reason": "",
  "inference_time_s": 0.274,
  "gt_labels": "normal",
  "probabilities": {
    "Airspace Disease": 0.086981,
    "Bronchiectasis": 0.012006,
    "Bronchiolitis": 0.000922,
    "Bullous Disease": 0.01011,
    "Calcified Granuloma": 0.184784,
    "Calcinosis": 0.158592,
    "Cardiac Shadow (abnormal)": 0.026012,
    "Cardiomegaly": 0.084706,
    "Consolidation": 0.064588,
    "Degenerative Change": 0.18398,
    "Edema": 0.047381,
    "Effusion": 0.022972,
    "Emphysema": 0.121334,
    "Fibrosis": 0.131134,
    "Fractures": 0.108207,
    "Hernia": 0.053796,
    "Hyperinflation": 0.16739,
    "Increased Lung Markings": 0.072131,
    "Interstitial Lung Disease": 0.053395,
    "Kyphosis": 0.020589,
    "Lesion": 0.158489,
    "Mass": 0.022937,
    "Nodule": 0.097928,
    "Osteophyte": 0.104261,
    "Pleural Effusion": 0.065629,
    "Pleural Thickening": 0.109752,
    "Pneumothorax": 0.052172,
    "Pulmonary Artery Enlargement": 0.032034,
    "Pulmonary Fibrosis": 0.02428,
    "Rib Fracture": 0.004963,
    "Scoliosis": 0.093165,
    "Subcutaneous Emphysema": 0.008218,
    "Thickening": 0.053624,
    "Volume Loss": 0.104049,
    "normal": 0.892926
  },
  "frontal_probs": {
    "Airspace Disease": 0.04161016270518303,
    "Bronchiectasis": 0.0007653441280126572,
    "Bronchiolitis": 0.00017020349332597107,
    "Bullous Disease": 0.003846967127174139,
    "Calcified Granuloma": 0.13090550899505615,
    "Calcinosis": 0.09065345674753189,
    "Cardiac Shadow (abnormal)": 0.007199463900178671,
    "Cardiomegaly": 0.05504509434103966,
    "Consolidation": 0.011360439471900463,
    "Degenerative Change": 0.09669602662324905,
    "Edema": 0.010034850798547268,
    "Effusion": 0.005585675127804279,
    "Emphysema": 0.03919427841901779,
    "Fibrosis": 0.06812570244073868,
    "Fractures": 0.057936131954193115,
    "Hernia": 0.025383245199918747,
    "Hyperinflation": 0.06615153700113297,
    "Increased Lung Markings": 0.031714100390672684,
    "Interstitial Lung Disease": 0.01828821748495102,
    "Kyphosis": 0.017535267397761345,
    "Lesion": 0.07117599248886108,
    "Mass": 0.0026214346289634705,
    "Nodule": 0.0470193512737751,
    "Osteophyte": 0.08867686986923218,
    "Pleural Effusion": 0.02445683814585209,
    "Pleural Thickening": 0.06293042004108429,
    "Pneumothorax": 0.037825971841812134,
    "Pulmonary Artery Enlargement": 0.020022008568048477,
    "Pulmonary Fibrosis": 0.0022128124255687,
    "Rib Fracture": 0.001191867864690721,
    "Scoliosis": 0.050713568925857544,
    "Subcutaneous Emphysema": 0.0007784880581311882,
    "Thickening": 0.01370160561054945,
    "Volume Loss": 0.06147434562444687,
    "normal": 0.9478539824485779
  },
  "lateral_probs": {
    "Airspace Disease": 0.1712423413991928,
    "Bronchiectasis": 0.03288191556930542,
    "Bronchiolitis": 0.0023194134701043367,
    "Bullous Disease": 0.021740633994340897,
    "Calcified Granuloma": 0.2848449945449829,
    "Calcinosis": 0.28476497530937195,
    "Cardiac Shadow (abnormal)": 0.0609503835439682,
    "Cardiomegaly": 0.1397891789674759,
    "Consolidation": 0.16343988478183746,
    "Degenerative Change": 0.34607964754104614,
    "Edema": 0.11673711985349655,
    "Effusion": 0.05525973439216614,
    "Emphysema": 0.27387890219688416,
    "Fibrosis": 0.24814936518669128,
    "Fractures": 0.2015659660100937,
    "Hernia": 0.10656123608350754,
    "Hyperinflation": 0.35540419816970825,
    "Increased Lung Markings": 0.1471899300813675,
    "Interstitial Lung Disease": 0.11859329044818878,
    "Kyphosis": 0.026260031387209892,
    "Lesion": 0.32064172625541687,
    "Mass": 0.06066592037677765,
    "Nodule": 0.1924721896648407,
    "Osteophyte": 0.13320355117321014,
    "Pleural Effusion": 0.1420903205871582,
    "Pleural Thickening": 0.1967066377401352,
    "Pneumothorax": 0.07881522178649902,
    "Pulmonary Artery Enlargement": 0.05434246361255646,
    "Pulmonary Fibrosis": 0.06526241451501846,
    "Rib Fracture": 0.011967365629971027,
    "Scoliosis": 0.17200250923633575,
    "Subcutaneous Emphysema": 0.022033898159861565,
    "Thickening": 0.12776537239551544,
    "Volume Loss": 0.18311703205108643,
    "normal": 0.7909181714057922
  }
}