{
  "uid": "3507",
  "frontal_image": "3507_IM-1709-4004.dcm.png",
  "lateral_image": "3507_IM-1709-1001.dcm.png",
  "fusion_mode": "weighted_avg(f=0.65,l=0.35)",
  "predicted_classes": [
    "normal"
  ],
  "resolved_classes": [
    "normal"
  ],
  "kg_classes": [
    "Normal"
  ],
  "num_predicted": 1,
  "conflict_resolution": "no_conflict",
  "is_uncertain": false,
  "uncertainty_reason": "",
  "inference_time_s": 0.252,
  "gt_labels": "Scoliosis",
  "probabilities": {
    "Airspace Disease": 0.188867,
    "Bronchiectasis": 0.017202,
    "Bronchiolitis": 0.003032,
    "Bullous Disease": 0.009095,
    "Calcified Granuloma": 0.163831,
    "Calcinosis": 0.180851,
    "Cardiac Shadow (abnormal)": 0.111181,
    "Cardiomegaly": 0.262087,
    "Consolidation": 0.106294,
    "Degenerative Change": 0.251188,
    "Edema": 0.172925,
    "Effusion": 0.077117,
    "Emphysema": 0.065105,
    "Fibrosis": 0.112341,
    "Fractures": 0.170642,
    "Hernia": 0.095792,
    "Hyperinflation": 0.350695,
    "Increased Lung Markings": 0.237264,
    "Interstitial Lung Disease": 0.068373,
    "Kyphosis": 0.043094,
    "Lesion": 0.344997,
    "Mass": 0.026485,
    "Nodule": 0.156924,
    "Osteophyte": 0.113214,
    "Pleural Effusion": 0.238947,
    "Pleural Thickening": 0.084405,
    "Pneumothorax": 0.242322,
    "Pulmonary Artery Enlargement": 0.038231,
    "Pulmonary Fibrosis": 0.044055,
    "Rib Fracture": 0.007391,
    "Scoliosis": 0.31115,
    "Subcutaneous Emphysema": 0.015532,
    "Thickening": 0.073384,
    "Volume Loss": 0.268656,
    "normal": 0.762663
  },
  "frontal_probs": {
    "Airspace Disease": 0.08782504498958588,
    "Bronchiectasis": 0.003014115383848548,
    "Bronchiolitis": 0.0012829368934035301,
    "Bullous Disease": 0.0036044951993972063,
    "Calcified Granuloma": 0.13579128682613373,
    "Calcinosis": 0.13663890957832336,
    "Cardiac Shadow (abnormal)": 0.03466396778821945,
    "Cardiomegaly": 0.11396311968564987,
    "Consolidation": 0.06577425450086594,
    "Degenerative Change": 0.16010241210460663,
    "Edema": 0.038149356842041016,
    "Effusion": 0.04341137036681175,
    "Emphysema": 0.024807162582874298,
    "Fibrosis": 0.09482362866401672,
    "Fractures": 0.17554914951324463,
    "Hernia": 0.06899236887693405,
    "Hyperinflation": 0.20894929766654968,
    "Increased Lung Markings": 0.15899337828159332,
    "Interstitial Lung Disease": 0.008969536982476711,
    "Kyphosis": 0.02204224467277527,
    "Lesion": 0.22943951189517975,
    "Mass": 0.01719246245920658,
    "Nodule": 0.1253310739994049,
    "Osteophyte": 0.10114717483520508,
    "Pleural Effusion": 0.11773915588855743,
    "Pleural Thickening": 0.04253191873431206,
    "Pneumothorax": 0.3163459300994873,
    "Pulmonary Artery Enlargement": 0.011917026713490486,
    "Pulmonary Fibrosis": 0.014990502037107944,
    "Rib Fracture": 0.0018074671970680356,
    "Scoliosis": 0.3452397286891937,
    "Subcutaneous Emphysema": 0.011327031999826431,
    "Thickening": 0.06287141889333725,
    "Volume Loss": 0.19703467190265656,
    "normal": 0.8723918795585632
  },
  "lateral_probs": {
    "Airspace Disease": 0.3765174150466919,
    "Bronchiectasis": 0.04355119541287422,
    "Bronchiolitis": 0.0062792026437819,
    "Bullous Disease": 0.019292498007416725,
    "Calcified Granuloma": 0.21590344607830048,
    "Calcinosis": 0.26295986771583557,
    "Cardiac Shadow (abnormal)": 0.2532852590084076,
    "Cardiomegaly": 0.5371737480163574,
    "Consolidation": 0.18154457211494446,
    "Degenerative Change": 0.42034608125686646,
    "Edema": 0.4232226312160492,
    "Effusion": 0.13971291482448578,
    "Emphysema": 0.1399444341659546,
    "Fibrosis": 0.14487385749816895,
    "Fractures": 0.16153013706207275,
    "Hernia": 0.14556342363357544,
    "Hyperinflation": 0.6139382123947144,
    "Increased Lung Markings": 0.38262343406677246,
    "Interstitial Lung Disease": 0.1786925047636032,
    "Kyphosis": 0.08218897879123688,
    "Lesion": 0.559605062007904,
    "Mass": 0.04374193400144577,
    "Nodule": 0.21559572219848633,
    "Osteophyte": 0.1356230229139328,
    "Pleural Effusion": 0.46404632925987244,
    "Pleural Thickening": 0.16216857731342316,
    "Pneumothorax": 0.10484786331653595,
    "Pulmonary Artery Enlargement": 0.08710046112537384,
    "Pulmonary Fibrosis": 0.09803301841020584,
    "Rib Fracture": 0.017760664224624634,
    "Scoliosis": 0.24783974885940552,
    "Subcutaneous Emphysema": 0.02334216982126236,
    "Thickening": 0.09290772676467896,
    "Volume Loss": 0.40166807174682617,
    "normal": 0.5588799715042114
  }
}