{
  "uid": "3919",
  "frontal_image": "3919_IM-1992-1001.dcm.png",
  "lateral_image": "3919_IM-1992-1002.dcm.png",
  "fusion_mode": "weighted_avg(f=0.65,l=0.35)",
  "predicted_classes": [
    "normal"
  ],
  "resolved_classes": [
    "normal"
  ],
  "kg_classes": [
    "Normal"
  ],
  "num_predicted": 1,
  "conflict_resolution": "no_conflict",
  "is_uncertain": true,
  "uncertainty_reason": "normal_prob=0.616 (<0.73) with elevated disease scores: Degenerative Change=0.464, Lesion=0.453, Cardiomegaly=0.397",
  "inference_time_s": 0.2636,
  "gt_labels": "Cardiomegaly",
  "probabilities": {
    "Airspace Disease": 0.235432,
    "Bronchiectasis": 0.035787,
    "Bronchiolitis": 0.012107,
    "Bullous Disease": 0.023747,
    "Calcified Granuloma": 0.330418,
    "Calcinosis": 0.291377,
    "Cardiac Shadow (abnormal)": 0.224985,
    "Cardiomegaly": 0.396781,
    "Consolidation": 0.142524,
    "Degenerative Change": 0.463637,
    "Edema": 0.161856,
    "Effusion": 0.04824,
    "Emphysema": 0.15519,
    "Fibrosis": 0.248774,
    "Fractures": 0.19729,
    "Hernia": 0.293811,
    "Hyperinflation": 0.369221,
    "Increased Lung Markings": 0.236685,
    "Interstitial Lung Disease": 0.155523,
    "Kyphosis": 0.193323,
    "Lesion": 0.452611,
    "Mass": 0.132441,
    "Nodule": 0.166763,
    "Osteophyte": 0.203602,
    "Pleural Effusion": 0.232791,
    "Pleural Thickening": 0.188191,
    "Pneumothorax": 0.069774,
    "Pulmonary Artery Enlargement": 0.128842,
    "Pulmonary Fibrosis": 0.084202,
    "Rib Fracture": 0.035996,
    "Scoliosis": 0.254135,
    "Subcutaneous Emphysema": 0.03193,
    "Thickening": 0.201602,
    "Volume Loss": 0.295771,
    "normal": 0.615694
  },
  "frontal_probs": {
    "Airspace Disease": 0.2875227928161621,
    "Bronchiectasis": 0.04277544841170311,
    "Bronchiolitis": 0.01765133999288082,
    "Bullous Disease": 0.03269429877400398,
    "Calcified Granuloma": 0.3590441048145294,
    "Calcinosis": 0.346811980009079,
    "Cardiac Shadow (abnormal)": 0.31322020292282104,
    "Cardiomegaly": 0.5177180767059326,
    "Consolidation": 0.1685567945241928,
    "Degenerative Change": 0.5083445310592651,
    "Edema": 0.21715155243873596,
    "Effusion": 0.06540024280548096,
    "Emphysema": 0.1968698501586914,
    "Fibrosis": 0.28485310077667236,
    "Fractures": 0.24102535843849182,
    "Hernia": 0.3591017723083496,
    "Hyperinflation": 0.4315800368785858,
    "Increased Lung Markings": 0.27863097190856934,
    "Interstitial Lung Disease": 0.1992918998003006,
    "Kyphosis": 0.27977967262268066,
    "Lesion": 0.5056620836257935,
    "Mass": 0.11799145489931107,
    "Nodule": 0.18817830085754395,
    "Osteophyte": 0.20437946915626526,
    "Pleural Effusion": 0.3079545795917511,
    "Pleural Thickening": 0.25100773572921753,
    "Pneumothorax": 0.0918240025639534,
    "Pulmonary Artery Enlargement": 0.1779608279466629,
    "Pulmonary Fibrosis": 0.10303932428359985,
    "Rib Fracture": 0.038746319711208344,
    "Scoliosis": 0.30993250012397766,
    "Subcutaneous Emphysema": 0.0464928038418293,
    "Thickening": 0.23342904448509216,
    "Volume Loss": 0.35010507702827454,
    "normal": 0.5098927617073059
  },
  "lateral_probs": {
    "Airspace Disease": 0.1386929750442505,
    "Bronchiectasis": 0.02280963398516178,
    "Bronchiolitis": 0.001810841728001833,
    "Bullous Disease": 0.0071314359083771706,
    "Calcified Granuloma": 0.2772543430328369,
    "Calcinosis": 0.1884271800518036,
    "Cardiac Shadow (abnormal)": 0.06112026050686836,
    "Cardiomegaly": 0.1721838414669037,
    "Consolidation": 0.09417703002691269,
    "Degenerative Change": 0.38060861825942993,
    "Edema": 0.05916375294327736,
    "Effusion": 0.01637040637433529,
    "Emphysema": 0.07778321951627731,
    "Fibrosis": 0.18176895380020142,
    "Fractures": 0.11606676131486893,
    "Hernia": 0.17255689203739166,
    "Hyperinflation": 0.2534105181694031,
    "Increased Lung Markings": 0.1587858349084854,
    "Interstitial Lung Disease": 0.07423797249794006,
    "Kyphosis": 0.032761458307504654,
    "Lesion": 0.3540865480899811,
    "Mass": 0.1592748612165451,
    "Nodule": 0.12699231505393982,
    "Osteophyte": 0.2021583467721939,
    "Pleural Effusion": 0.09320078790187836,
    "Pleural Thickening": 0.07153065502643585,
    "Pneumothorax": 0.028825173154473305,
    "Pulmonary Artery Enlargement": 0.03762071579694748,
    "Pulmonary Fibrosis": 0.04921945556998253,
    "Rib Fracture": 0.030889006331562996,
    "Scoliosis": 0.15051180124282837,
    "Subcutaneous Emphysema": 0.004884898196905851,
    "Thickening": 0.14249473810195923,
    "Volume Loss": 0.1948644071817398,
    "normal": 0.8121817111968994
  }
}