{
  "uid": "3657",
  "frontal_image": "3657_IM-1818-1001.dcm.png",
  "lateral_image": "3657_IM-1818-1002.dcm.png",
  "fusion_mode": "weighted_avg(f=0.65,l=0.35)",
  "predicted_classes": [
    "normal",
    "Emphysema"
  ],
  "resolved_classes": [
    "Emphysema"
  ],
  "kg_classes": [
    "Emphysema"
  ],
  "num_predicted": 1,
  "conflict_resolution": "disease_dominates",
  "is_uncertain": false,
  "uncertainty_reason": "",
  "inference_time_s": 0.2756,
  "gt_labels": "Edema;Hyperinflation",
  "probabilities": {
    "Airspace Disease": 0.212392,
    "Bronchiectasis": 0.118058,
    "Bronchiolitis": 0.017674,
    "Bullous Disease": 0.097451,
    "Calcified Granuloma": 0.396326,
    "Calcinosis": 0.385579,
    "Cardiac Shadow (abnormal)": 0.081984,
    "Cardiomegaly": 0.113307,
    "Consolidation": 0.145251,
    "Degenerative Change": 0.406661,
    "Edema": 0.155658,
    "Effusion": 0.027824,
    "Emphysema": 0.526233,
    "Fibrosis": 0.346573,
    "Fractures": 0.186839,
    "Hernia": 0.172692,
    "Hyperinflation": 0.421056,
    "Increased Lung Markings": 0.19283,
    "Interstitial Lung Disease": 0.289938,
    "Kyphosis": 0.084336,
    "Lesion": 0.495452,
    "Mass": 0.058717,
    "Nodule": 0.256032,
    "Osteophyte": 0.158059,
    "Pleural Effusion": 0.157189,
    "Pleural Thickening": 0.227714,
    "Pneumothorax": 0.072166,
    "Pulmonary Artery Enlargement": 0.05521,
    "Pulmonary Fibrosis": 0.074958,
    "Rib Fracture": 0.039637,
    "Scoliosis": 0.195533,
    "Subcutaneous Emphysema": 0.029577,
    "Thickening": 0.174938,
    "Volume Loss": 0.265974,
    "normal": 0.634455
  },
  "frontal_probs": {
    "Airspace Disease": 0.2547282874584198,
    "Bronchiectasis": 0.1622157096862793,
    "Bronchiolitis": 0.026613950729370117,
    "Bullous Disease": 0.14491881430149078,
    "Calcified Granuloma": 0.44122302532196045,
    "Calcinosis": 0.43214425444602966,
    "Cardiac Shadow (abnormal)": 0.10309834778308868,
    "Cardiomegaly": 0.10891804099082947,
    "Consolidation": 0.16976509988307953,
    "Degenerative Change": 0.42410144209861755,
    "Edema": 0.19837793707847595,
    "Effusion": 0.02814222127199173,
    "Emphysema": 0.6236855387687683,
    "Fibrosis": 0.40337249636650085,
    "Fractures": 0.18300370872020721,
    "Hernia": 0.19929058849811554,
    "Hyperinflation": 0.45095640420913696,
    "Increased Lung Markings": 0.24027900397777557,
    "Interstitial Lung Disease": 0.340827077627182,
    "Kyphosis": 0.11877009272575378,
    "Lesion": 0.5950561761856079,
    "Mass": 0.06276586651802063,
    "Nodule": 0.2820303440093994,
    "Osteophyte": 0.1509215235710144,
    "Pleural Effusion": 0.20521116256713867,
    "Pleural Thickening": 0.2763528525829315,
    "Pneumothorax": 0.06695415824651718,
    "Pulmonary Artery Enlargement": 0.062354784458875656,
    "Pulmonary Fibrosis": 0.09422504156827927,
    "Rib Fracture": 0.05401365086436272,
    "Scoliosis": 0.19576513767242432,
    "Subcutaneous Emphysema": 0.03872162103652954,
    "Thickening": 0.22107651829719543,
    "Volume Loss": 0.3120235502719879,
    "normal": 0.529803991317749
  },
  "lateral_probs": {
    "Airspace Disease": 0.13376769423484802,
    "Bronchiectasis": 0.03605206310749054,
    "Bronchiolitis": 0.0010702487779781222,
    "Bullous Disease": 0.009295066818594933,
    "Calcified Granuloma": 0.31294700503349304,
    "Calcinosis": 0.299101859331131,
    "Cardiac Shadow (abnormal)": 0.04277301952242851,
    "Cardiomegaly": 0.1214582771062851,
    "Consolidation": 0.09972620755434036,
    "Degenerative Change": 0.374272882938385,
    "Edema": 0.0763215497136116,
    "Effusion": 0.027232535183429718,
    "Emphysema": 0.3452495336532593,
    "Fibrosis": 0.24108828604221344,
    "Fractures": 0.19396205246448517,
    "Hernia": 0.12329359352588654,
    "Hyperinflation": 0.365526020526886,
    "Increased Lung Markings": 0.10471150279045105,
    "Interstitial Lung Disease": 0.19542887806892395,
    "Kyphosis": 0.02038567326962948,
    "Lesion": 0.31047290563583374,
    "Mass": 0.05119648575782776,
    "Nodule": 0.20774856209754944,
    "Osteophyte": 0.17131561040878296,
    "Pleural Effusion": 0.06800480931997299,
    "Pleural Thickening": 0.1373836249113083,
    "Pneumothorax": 0.08184638619422913,
    "Pulmonary Artery Enlargement": 0.04194023460149765,
    "Pulmonary Fibrosis": 0.039177630096673965,
    "Rib Fracture": 0.01293693296611309,
    "Scoliosis": 0.19510237872600555,
    "Subcutaneous Emphysema": 0.012594042345881462,
    "Thickening": 0.08925322443246841,
    "Volume Loss": 0.18045465648174286,
    "normal": 0.828807532787323
  }
}