{
  "uid": "3861",
  "frontal_image": "3861_IM-1955-1001.dcm.png",
  "lateral_image": "3861_IM-1955-2001.dcm.png",
  "fusion_mode": "weighted_avg(f=0.65,l=0.35)",
  "predicted_classes": [
    "normal"
  ],
  "resolved_classes": [
    "normal"
  ],
  "kg_classes": [
    "Normal"
  ],
  "num_predicted": 1,
  "conflict_resolution": "no_conflict",
  "is_uncertain": true,
  "uncertainty_reason": "normal_prob=0.687 (<0.73) with elevated disease scores: Degenerative Change=0.456, Hyperinflation=0.336",
  "inference_time_s": 0.2653,
  "gt_labels": "normal",
  "probabilities": {
    "Airspace Disease": 0.164065,
    "Bronchiectasis": 0.010551,
    "Bronchiolitis": 0.014205,
    "Bullous Disease": 0.042696,
    "Calcified Granuloma": 0.28593,
    "Calcinosis": 0.300589,
    "Cardiac Shadow (abnormal)": 0.087724,
    "Cardiomegaly": 0.228518,
    "Consolidation": 0.051515,
    "Degenerative Change": 0.456137,
    "Edema": 0.134597,
    "Effusion": 0.032723,
    "Emphysema": 0.178652,
    "Fibrosis": 0.216136,
    "Fractures": 0.209689,
    "Hernia": 0.181577,
    "Hyperinflation": 0.33621,
    "Increased Lung Markings": 0.187608,
    "Interstitial Lung Disease": 0.104434,
    "Kyphosis": 0.131743,
    "Lesion": 0.289795,
    "Mass": 0.047654,
    "Nodule": 0.239891,
    "Osteophyte": 0.270187,
    "Pleural Effusion": 0.131002,
    "Pleural Thickening": 0.1148,
    "Pneumothorax": 0.086667,
    "Pulmonary Artery Enlargement": 0.053069,
    "Pulmonary Fibrosis": 0.068362,
    "Rib Fracture": 0.031957,
    "Scoliosis": 0.158221,
    "Subcutaneous Emphysema": 0.020921,
    "Thickening": 0.126639,
    "Volume Loss": 0.211618,
    "normal": 0.686666
  },
  "frontal_probs": {
    "Airspace Disease": 0.20514698326587677,
    "Bronchiectasis": 0.012363418936729431,
    "Bronchiolitis": 0.02167455665767193,
    "Bullous Disease": 0.06377808749675751,
    "Calcified Granuloma": 0.3242052495479584,
    "Calcinosis": 0.37034645676612854,
    "Cardiac Shadow (abnormal)": 0.120872363448143,
    "Cardiomegaly": 0.31002211570739746,
    "Consolidation": 0.052654560655355453,
    "Degenerative Change": 0.5470167994499207,
    "Edema": 0.18092282116413116,
    "Effusion": 0.04090995714068413,
    "Emphysema": 0.2244093269109726,
    "Fibrosis": 0.26853418350219727,
    "Fractures": 0.2706260085105896,
    "Hernia": 0.2425423413515091,
    "Hyperinflation": 0.43074119091033936,
    "Increased Lung Markings": 0.2463856339454651,
    "Interstitial Lung Disease": 0.1363198161125183,
    "Kyphosis": 0.19807550311088562,
    "Lesion": 0.3349824845790863,
    "Mass": 0.04412316903471947,
    "Nodule": 0.29118624329566956,
    "Osteophyte": 0.33264854550361633,
    "Pleural Effusion": 0.1778988242149353,
    "Pleural Thickening": 0.13994666934013367,
    "Pneumothorax": 0.12337970733642578,
    "Pulmonary Artery Enlargement": 0.0652502030134201,
    "Pulmonary Fibrosis": 0.0947333425283432,
    "Rib Fracture": 0.04495110735297203,
    "Scoliosis": 0.17538654804229736,
    "Subcutaneous Emphysema": 0.0305042527616024,
    "Thickening": 0.15521946549415588,
    "Volume Loss": 0.2658323645591736,
    "normal": 0.5674864649772644
  },
  "lateral_probs": {
    "Airspace Disease": 0.08777123689651489,
    "Bronchiectasis": 0.007184462621808052,
    "Bronchiolitis": 0.0003327923477627337,
    "Bullous Disease": 0.003544518956914544,
    "Calcified Granuloma": 0.2148473709821701,
    "Calcinosis": 0.17104017734527588,
    "Cardiac Shadow (abnormal)": 0.026162201538681984,
    "Cardiomegaly": 0.0771528109908104,
    "Consolidation": 0.04939861595630646,
    "Degenerative Change": 0.2873590886592865,
    "Edema": 0.04856245964765549,
    "Effusion": 0.01751735247671604,
    "Emphysema": 0.09367431700229645,
    "Fibrosis": 0.11882532387971878,
    "Fractures": 0.09652082622051239,
    "Hernia": 0.0683559849858284,
    "Hyperinflation": 0.1606530398130417,
    "Increased Lung Markings": 0.07844877243041992,
    "Interstitial Lung Disease": 0.045217595994472504,
    "Kyphosis": 0.008553464896976948,
    "Lesion": 0.20587562024593353,
    "Mass": 0.054212652146816254,
    "Nodule": 0.14462794363498688,
    "Osteophyte": 0.15418753027915955,
    "Pleural Effusion": 0.0439084991812706,
    "Pleural Thickening": 0.0680992528796196,
    "Pneumothorax": 0.01848714053630829,
    "Pulmonary Artery Enlargement": 0.030445482581853867,
    "Pulmonary Fibrosis": 0.01938684470951557,
    "Rib Fracture": 0.007825445383787155,
    "Scoliosis": 0.12634257972240448,
    "Subcutaneous Emphysema": 0.0031241788528859615,
    "Thickening": 0.07355967164039612,
    "Volume Loss": 0.11093468219041824,
    "normal": 0.9079990983009338
  }
}