{
  "uid": "3787",
  "frontal_image": "3787_IM-1900-1001.dcm.png",
  "lateral_image": "3787_IM-1900-2001.dcm.png",
  "fusion_mode": "weighted_avg(f=0.65,l=0.35)",
  "predicted_classes": [
    "normal"
  ],
  "resolved_classes": [
    "normal"
  ],
  "kg_classes": [
    "Normal"
  ],
  "num_predicted": 1,
  "conflict_resolution": "no_conflict",
  "is_uncertain": false,
  "uncertainty_reason": "",
  "inference_time_s": 0.247,
  "gt_labels": "normal",
  "probabilities": {
    "Airspace Disease": 0.191442,
    "Bronchiectasis": 0.018311,
    "Bronchiolitis": 0.005909,
    "Bullous Disease": 0.04638,
    "Calcified Granuloma": 0.306048,
    "Calcinosis": 0.285571,
    "Cardiac Shadow (abnormal)": 0.056655,
    "Cardiomegaly": 0.154117,
    "Consolidation": 0.0781,
    "Degenerative Change": 0.342414,
    "Edema": 0.119433,
    "Effusion": 0.039543,
    "Emphysema": 0.275087,
    "Fibrosis": 0.28052,
    "Fractures": 0.244025,
    "Hernia": 0.109725,
    "Hyperinflation": 0.368093,
    "Increased Lung Markings": 0.223133,
    "Interstitial Lung Disease": 0.188272,
    "Kyphosis": 0.102334,
    "Lesion": 0.272631,
    "Mass": 0.040917,
    "Nodule": 0.211488,
    "Osteophyte": 0.152874,
    "Pleural Effusion": 0.133621,
    "Pleural Thickening": 0.122168,
    "Pneumothorax": 0.111749,
    "Pulmonary Artery Enlargement": 0.038178,
    "Pulmonary Fibrosis": 0.070133,
    "Rib Fracture": 0.021254,
    "Scoliosis": 0.217553,
    "Subcutaneous Emphysema": 0.031452,
    "Thickening": 0.148316,
    "Volume Loss": 0.174435,
    "normal": 0.744935
  },
  "frontal_probs": {
    "Airspace Disease": 0.18228554725646973,
    "Bronchiectasis": 0.018454084172844887,
    "Bronchiolitis": 0.0074205645360052586,
    "Bullous Disease": 0.06321174651384354,
    "Calcified Granuloma": 0.30915188789367676,
    "Calcinosis": 0.2775314748287201,
    "Cardiac Shadow (abnormal)": 0.050567641854286194,
    "Cardiomegaly": 0.10420814156532288,
    "Consolidation": 0.07377199083566666,
    "Degenerative Change": 0.31614258885383606,
    "Edema": 0.09230964630842209,
    "Effusion": 0.03448908403515816,
    "Emphysema": 0.3208427429199219,
    "Fibrosis": 0.3015487492084503,
    "Fractures": 0.2764457166194916,
    "Hernia": 0.10991482436656952,
    "Hyperinflation": 0.3473861515522003,
    "Increased Lung Markings": 0.20892804861068726,
    "Interstitial Lung Disease": 0.2008785456418991,
    "Kyphosis": 0.1100655049085617,
    "Lesion": 0.24780192971229553,
    "Mass": 0.03456230089068413,
    "Nodule": 0.2054109126329422,
    "Osteophyte": 0.14736908674240112,
    "Pleural Effusion": 0.1313941776752472,
    "Pleural Thickening": 0.11179690062999725,
    "Pneumothorax": 0.10339118540287018,
    "Pulmonary Artery Enlargement": 0.027059005573391914,
    "Pulmonary Fibrosis": 0.07822395861148834,
    "Rib Fracture": 0.026580724865198135,
    "Scoliosis": 0.2183665782213211,
    "Subcutaneous Emphysema": 0.02552112564444542,
    "Thickening": 0.14583531022071838,
    "Volume Loss": 0.1561882346868515,
    "normal": 0.7439629435539246
  },
  "lateral_probs": {
    "Airspace Disease": 0.20844601094722748,
    "Bronchiectasis": 0.018045878037810326,
    "Bronchiolitis": 0.0031027027871459723,
    "Bullous Disease": 0.015120810829102993,
    "Calcified Granuloma": 0.3002850115299225,
    "Calcinosis": 0.3005012571811676,
    "Cardiac Shadow (abnormal)": 0.06795895099639893,
    "Cardiomegaly": 0.24680498242378235,
    "Consolidation": 0.0861377939581871,
    "Degenerative Change": 0.39120346307754517,
    "Edema": 0.1698037087917328,
    "Effusion": 0.04892846569418907,
    "Emphysema": 0.1901121884584427,
    "Fibrosis": 0.24146586656570435,
    "Fractures": 0.18381397426128387,
    "Hernia": 0.10937318950891495,
    "Hyperinflation": 0.40654921531677246,
    "Increased Lung Markings": 0.2495124340057373,
    "Interstitial Lung Disease": 0.164860799908638,
    "Kyphosis": 0.08797450363636017,
    "Lesion": 0.31874099373817444,
    "Mass": 0.052718330174684525,
    "Nodule": 0.22277328372001648,
    "Osteophyte": 0.16309848427772522,
    "Pleural Effusion": 0.13775651156902313,
    "Pleural Thickening": 0.1414276361465454,
    "Pneumothorax": 0.12727105617523193,
    "Pulmonary Artery Enlargement": 0.058828044682741165,
    "Pulmonary Fibrosis": 0.05510830506682396,
    "Rib Fracture": 0.011361934244632721,
    "Scoliosis": 0.21604116261005402,
    "Subcutaneous Emphysema": 0.04246756434440613,
    "Thickening": 0.15292403101921082,
    "Volume Loss": 0.2083204984664917,
    "normal": 0.7467390298843384
  }
}