{
  "uid": "3863",
  "frontal_image": "3863_IM-1957-1001.dcm.png",
  "lateral_image": "3863_IM-1957-2001.dcm.png",
  "fusion_mode": "weighted_avg(f=0.65,l=0.35)",
  "predicted_classes": [
    "normal"
  ],
  "resolved_classes": [
    "normal"
  ],
  "kg_classes": [
    "Normal"
  ],
  "num_predicted": 1,
  "conflict_resolution": "no_conflict",
  "is_uncertain": true,
  "uncertainty_reason": "normal_prob=0.650 (<0.73) with elevated disease scores: Cardiomegaly=0.472, Lesion=0.406, Edema=0.358",
  "inference_time_s": 0.2636,
  "gt_labels": "Cardiac Shadow (abnormal);Cardiomegaly",
  "probabilities": {
    "Airspace Disease": 0.272816,
    "Bronchiectasis": 0.032813,
    "Bronchiolitis": 0.007767,
    "Bullous Disease": 0.02443,
    "Calcified Granuloma": 0.204042,
    "Calcinosis": 0.219773,
    "Cardiac Shadow (abnormal)": 0.274367,
    "Cardiomegaly": 0.472134,
    "Consolidation": 0.136152,
    "Degenerative Change": 0.296428,
    "Edema": 0.35848,
    "Effusion": 0.079096,
    "Emphysema": 0.08847,
    "Fibrosis": 0.192242,
    "Fractures": 0.154926,
    "Hernia": 0.144165,
    "Hyperinflation": 0.323087,
    "Increased Lung Markings": 0.282045,
    "Interstitial Lung Disease": 0.0961,
    "Kyphosis": 0.095008,
    "Lesion": 0.405988,
    "Mass": 0.042593,
    "Nodule": 0.140982,
    "Osteophyte": 0.121899,
    "Pleural Effusion": 0.259191,
    "Pleural Thickening": 0.213795,
    "Pneumothorax": 0.062487,
    "Pulmonary Artery Enlargement": 0.158242,
    "Pulmonary Fibrosis": 0.081526,
    "Rib Fracture": 0.027589,
    "Scoliosis": 0.180069,
    "Subcutaneous Emphysema": 0.023656,
    "Thickening": 0.174289,
    "Volume Loss": 0.327088,
    "normal": 0.649953
  },
  "frontal_probs": {
    "Airspace Disease": 0.342704176902771,
    "Bronchiectasis": 0.04765887185931206,
    "Bronchiolitis": 0.01175861619412899,
    "Bullous Disease": 0.036113858222961426,
    "Calcified Granuloma": 0.21062307059764862,
    "Calcinosis": 0.25913527607917786,
    "Cardiac Shadow (abnormal)": 0.37174004316329956,
    "Cardiomegaly": 0.5953065156936646,
    "Consolidation": 0.15610355138778687,
    "Degenerative Change": 0.3163354694843292,
    "Edema": 0.4879474937915802,
    "Effusion": 0.11616745591163635,
    "Emphysema": 0.113235704600811,
    "Fibrosis": 0.23593628406524658,
    "Fractures": 0.20498162508010864,
    "Hernia": 0.1935124546289444,
    "Hyperinflation": 0.39076241850852966,
    "Increased Lung Markings": 0.35058358311653137,
    "Interstitial Lung Disease": 0.12765811383724213,
    "Kyphosis": 0.13709168136119843,
    "Lesion": 0.4908364415168762,
    "Mass": 0.047680240124464035,
    "Nodule": 0.1480312943458557,
    "Osteophyte": 0.13640262186527252,
    "Pleural Effusion": 0.3688834309577942,
    "Pleural Thickening": 0.2862851321697235,
    "Pneumothorax": 0.08944684267044067,
    "Pulmonary Artery Enlargement": 0.20136773586273193,
    "Pulmonary Fibrosis": 0.11453991383314133,
    "Rib Fracture": 0.03867349773645401,
    "Scoliosis": 0.22492524981498718,
    "Subcutaneous Emphysema": 0.03508041054010391,
    "Thickening": 0.22210372984409332,
    "Volume Loss": 0.4121941328048706,
    "normal": 0.5210264921188354
  },
  "lateral_probs": {
    "Airspace Disease": 0.14302361011505127,
    "Bronchiectasis": 0.005241862032562494,
    "Bronchiolitis": 0.0003538450109772384,
    "Bullous Disease": 0.0027300682850182056,
    "Calcified Granuloma": 0.19181862473487854,
    "Calcinosis": 0.1466711014509201,
    "Cardiac Shadow (abnormal)": 0.09353029727935791,
    "Cardiomegaly": 0.24338588118553162,
    "Consolidation": 0.09909931570291519,
    "Degenerative Change": 0.25945818424224854,
    "Edema": 0.11804031580686569,
    "Effusion": 0.010249273851513863,
    "Emphysema": 0.04247593134641647,
    "Fibrosis": 0.1110943928360939,
    "Fractures": 0.06196422874927521,
    "Hernia": 0.05251837521791458,
    "Hyperinflation": 0.19740313291549683,
    "Increased Lung Markings": 0.15475782752037048,
    "Interstitial Lung Disease": 0.03749086707830429,
    "Kyphosis": 0.01685134321451187,
    "Lesion": 0.24841271340847015,
    "Mass": 0.033144813030958176,
    "Nodule": 0.12789186835289001,
    "Osteophyte": 0.09496328979730606,
    "Pleural Effusion": 0.05547744780778885,
    "Pleural Thickening": 0.07917103171348572,
    "Pneumothorax": 0.01241915300488472,
    "Pulmonary Artery Enlargement": 0.07815245538949966,
    "Pulmonary Fibrosis": 0.020214170217514038,
    "Rib Fracture": 0.007004073821008205,
    "Scoliosis": 0.09676437079906464,
    "Subcutaneous Emphysema": 0.0024396192748099566,
    "Thickening": 0.08549045771360397,
    "Volume Loss": 0.1690332293510437,
    "normal": 0.889388918876648
  }
}