{
  "uid": "3309",
  "frontal_image": "3309_IM-1583-1001.dcm.png",
  "lateral_image": "3309_IM-1583-2001.dcm.png",
  "fusion_mode": "weighted_avg(f=0.65,l=0.35)",
  "predicted_classes": [
    "normal"
  ],
  "resolved_classes": [
    "normal"
  ],
  "kg_classes": [
    "Normal"
  ],
  "num_predicted": 1,
  "conflict_resolution": "no_conflict",
  "is_uncertain": false,
  "uncertainty_reason": "",
  "inference_time_s": 0.2789,
  "gt_labels": "normal",
  "probabilities": {
    "Airspace Disease": 0.076025,
    "Bronchiectasis": 0.006635,
    "Bronchiolitis": 0.002002,
    "Bullous Disease": 0.003596,
    "Calcified Granuloma": 0.203726,
    "Calcinosis": 0.184553,
    "Cardiac Shadow (abnormal)": 0.029836,
    "Cardiomegaly": 0.103017,
    "Consolidation": 0.05349,
    "Degenerative Change": 0.29432,
    "Edema": 0.042152,
    "Effusion": 0.014771,
    "Emphysema": 0.061388,
    "Fibrosis": 0.10605,
    "Fractures": 0.084928,
    "Hernia": 0.071219,
    "Hyperinflation": 0.174577,
    "Increased Lung Markings": 0.1092,
    "Interstitial Lung Disease": 0.05616,
    "Kyphosis": 0.043722,
    "Lesion": 0.166891,
    "Mass": 0.027785,
    "Nodule": 0.094292,
    "Osteophyte": 0.158918,
    "Pleural Effusion": 0.039833,
    "Pleural Thickening": 0.040025,
    "Pneumothorax": 0.028498,
    "Pulmonary Artery Enlargement": 0.020976,
    "Pulmonary Fibrosis": 0.029639,
    "Rib Fracture": 0.006201,
    "Scoliosis": 0.111404,
    "Subcutaneous Emphysema": 0.004179,
    "Thickening": 0.06308,
    "Volume Loss": 0.123878,
    "normal": 0.88831
  },
  "frontal_probs": {
    "Airspace Disease": 0.01662471890449524,
    "Bronchiectasis": 0.0002823905961122364,
    "Bronchiolitis": 0.0024279141798615456,
    "Bullous Disease": 0.0022340414579957724,
    "Calcified Granuloma": 0.16050194203853607,
    "Calcinosis": 0.14012330770492554,
    "Cardiac Shadow (abnormal)": 0.014326878823339939,
    "Cardiomegaly": 0.06445065140724182,
    "Consolidation": 0.01071660965681076,
    "Degenerative Change": 0.2541719675064087,
    "Edema": 0.011814501136541367,
    "Effusion": 0.0006880432483740151,
    "Emphysema": 0.0093587851151824,
    "Fibrosis": 0.05028336122632027,
    "Fractures": 0.04608761519193649,
    "Hernia": 0.053424619138240814,
    "Hyperinflation": 0.1159590557217598,
    "Increased Lung Markings": 0.07810185849666595,
    "Interstitial Lung Disease": 0.008482901379466057,
    "Kyphosis": 0.0521833598613739,
    "Lesion": 0.09051775932312012,
    "Mass": 0.006138764321804047,
    "Nodule": 0.051124680787324905,
    "Osteophyte": 0.1547563523054123,
    "Pleural Effusion": 0.009721440263092518,
    "Pleural Thickening": 0.012896079570055008,
    "Pneumothorax": 0.02217303402721882,
    "Pulmonary Artery Enlargement": 0.01174155157059431,
    "Pulmonary Fibrosis": 0.005463587120175362,
    "Rib Fracture": 0.0009892446687445045,
    "Scoliosis": 0.0865955501794815,
    "Subcutaneous Emphysema": 0.0006164523074403405,
    "Thickening": 0.03137942776083946,
    "Volume Loss": 0.09161366522312164,
    "normal": 0.9338613748550415
  },
  "lateral_probs": {
    "Airspace Disease": 0.1863410323858261,
    "Bronchiectasis": 0.018431304022669792,
    "Bronchiolitis": 0.001210159040056169,
    "Bullous Disease": 0.006123956758528948,
    "Calcified Granuloma": 0.2839982509613037,
    "Calcinosis": 0.26706624031066895,
    "Cardiac Shadow (abnormal)": 0.05863781273365021,
    "Cardiomegaly": 0.17464078962802887,
    "Consolidation": 0.13292595744132996,
    "Degenerative Change": 0.36888179183006287,
    "Edema": 0.09849389642477036,
    "Effusion": 0.04092635586857796,
    "Emphysema": 0.15801502764225006,
    "Fibrosis": 0.20961563289165497,
    "Fractures": 0.15706022083759308,
    "Hernia": 0.10426595062017441,
    "Hyperinflation": 0.28343814611434937,
    "Increased Lung Markings": 0.16695240139961243,
    "Interstitial Lung Disease": 0.14470382034778595,
    "Kyphosis": 0.028009183704853058,
    "Lesion": 0.30872824788093567,
    "Mass": 0.06798461079597473,
    "Nodule": 0.17446015775203705,
    "Osteophyte": 0.1666460633277893,
    "Pleural Effusion": 0.09575352072715759,
    "Pleural Thickening": 0.09040847420692444,
    "Pneumothorax": 0.04024435207247734,
    "Pulmonary Artery Enlargement": 0.03812442347407341,
    "Pulmonary Fibrosis": 0.0745353177189827,
    "Rib Fracture": 0.015879454091191292,
    "Scoliosis": 0.15747588872909546,
    "Subcutaneous Emphysema": 0.010795911774039268,
    "Thickening": 0.12195197492837906,
    "Volume Loss": 0.18379801511764526,
    "normal": 0.8037152290344238
  }
}