{
  "uid": "3381",
  "frontal_image": "3381_IM-1628-1001.dcm.png",
  "lateral_image": "3381_IM-1628-1002.dcm.png",
  "fusion_mode": "weighted_avg(f=0.65,l=0.35)",
  "predicted_classes": [
    "normal"
  ],
  "resolved_classes": [
    "normal"
  ],
  "kg_classes": [
    "Normal"
  ],
  "num_predicted": 1,
  "conflict_resolution": "no_conflict",
  "is_uncertain": true,
  "uncertainty_reason": "normal_prob=0.663 (<0.73) with elevated disease scores: Hyperinflation=0.419, Calcified Granuloma=0.413, Degenerative Change=0.410",
  "inference_time_s": 0.2508,
  "gt_labels": "normal",
  "probabilities": {
    "Airspace Disease": 0.196668,
    "Bronchiectasis": 0.030216,
    "Bronchiolitis": 0.005996,
    "Bullous Disease": 0.041311,
    "Calcified Granuloma": 0.412869,
    "Calcinosis": 0.294525,
    "Cardiac Shadow (abnormal)": 0.083032,
    "Cardiomegaly": 0.157226,
    "Consolidation": 0.10873,
    "Degenerative Change": 0.410096,
    "Edema": 0.132043,
    "Effusion": 0.031499,
    "Emphysema": 0.354248,
    "Fibrosis": 0.322142,
    "Fractures": 0.196928,
    "Hernia": 0.146581,
    "Hyperinflation": 0.418554,
    "Increased Lung Markings": 0.193931,
    "Interstitial Lung Disease": 0.322446,
    "Kyphosis": 0.126808,
    "Lesion": 0.399105,
    "Mass": 0.057104,
    "Nodule": 0.215552,
    "Osteophyte": 0.189162,
    "Pleural Effusion": 0.153027,
    "Pleural Thickening": 0.216424,
    "Pneumothorax": 0.08414,
    "Pulmonary Artery Enlargement": 0.063664,
    "Pulmonary Fibrosis": 0.05036,
    "Rib Fracture": 0.029681,
    "Scoliosis": 0.199318,
    "Subcutaneous Emphysema": 0.020473,
    "Thickening": 0.168805,
    "Volume Loss": 0.274676,
    "normal": 0.66283
  },
  "frontal_probs": {
    "Airspace Disease": 0.14746692776679993,
    "Bronchiectasis": 0.016603467985987663,
    "Bronchiolitis": 0.00483579421415925,
    "Bullous Disease": 0.042655862867832184,
    "Calcified Granuloma": 0.42081117630004883,
    "Calcinosis": 0.27340176701545715,
    "Cardiac Shadow (abnormal)": 0.055853281170129776,
    "Cardiomegaly": 0.08190199732780457,
    "Consolidation": 0.06729283183813095,
    "Degenerative Change": 0.3637927174568176,
    "Edema": 0.09288008511066437,
    "Effusion": 0.011770320124924183,
    "Emphysema": 0.3889000713825226,
    "Fibrosis": 0.31938454508781433,
    "Fractures": 0.19062957167625427,
    "Hernia": 0.10763860493898392,
    "Hyperinflation": 0.4052377939224243,
    "Increased Lung Markings": 0.17149735987186432,
    "Interstitial Lung Disease": 0.34969422221183777,
    "Kyphosis": 0.1070392057299614,
    "Lesion": 0.3624517023563385,
    "Mass": 0.034596629440784454,
    "Nodule": 0.21440812945365906,
    "Osteophyte": 0.14927224814891815,
    "Pleural Effusion": 0.1150832548737526,
    "Pleural Thickening": 0.2253885120153427,
    "Pneumothorax": 0.058668915182352066,
    "Pulmonary Artery Enlargement": 0.03864918276667595,
    "Pulmonary Fibrosis": 0.024086130782961845,
    "Rib Fracture": 0.02161087654531002,
    "Scoliosis": 0.18636977672576904,
    "Subcutaneous Emphysema": 0.012342771515250206,
    "Thickening": 0.17853671312332153,
    "Volume Loss": 0.25054931640625,
    "normal": 0.6627517938613892
  },
  "lateral_probs": {
    "Airspace Disease": 0.2880425751209259,
    "Bronchiectasis": 0.05549696460366249,
    "Bronchiolitis": 0.008150329813361168,
    "Bullous Disease": 0.03881283104419708,
    "Calcified Granuloma": 0.3981190621852875,
    "Calcinosis": 0.33375340700149536,
    "Cardiac Shadow (abnormal)": 0.13350719213485718,
    "Cardiomegaly": 0.2971140742301941,
    "Consolidation": 0.18568366765975952,
    "Degenerative Change": 0.49608859419822693,
    "Edema": 0.20477420091629028,
    "Effusion": 0.06813764572143555,
    "Emphysema": 0.28989550471305847,
    "Fibrosis": 0.3272632956504822,
    "Fractures": 0.20862402021884918,
    "Hernia": 0.2189030945301056,
    "Hyperinflation": 0.44328534603118896,
    "Increased Lung Markings": 0.2355944961309433,
    "Interstitial Lung Disease": 0.2718416750431061,
    "Kyphosis": 0.16352038085460663,
    "Lesion": 0.46717405319213867,
    "Mass": 0.09890429675579071,
    "Nodule": 0.21767699718475342,
    "Osteophyte": 0.2632429599761963,
    "Pleural Effusion": 0.22349272668361664,
    "Pleural Thickening": 0.19977600872516632,
    "Pneumothorax": 0.13144336640834808,
    "Pulmonary Artery Enlargement": 0.11012140661478043,
    "Pulmonary Fibrosis": 0.09915321320295334,
    "Rib Fracture": 0.04466833546757698,
    "Scoliosis": 0.2233651727437973,
    "Subcutaneous Emphysema": 0.03557126596570015,
    "Thickening": 0.1507331281900406,
    "Volume Loss": 0.3194827437400818,
    "normal": 0.6629757881164551
  }
}