{
  "uid": "3756",
  "frontal_image": "3756_IM-1880-1001.dcm.png",
  "lateral_image": "3756_IM-1880-2001.dcm.png",
  "fusion_mode": "weighted_avg(f=0.65,l=0.35)",
  "predicted_classes": [
    "Degenerative Change",
    "normal"
  ],
  "resolved_classes": [
    "Degenerative Change"
  ],
  "kg_classes": [
    "Degenerative Change"
  ],
  "num_predicted": 1,
  "conflict_resolution": "disease_dominates",
  "is_uncertain": false,
  "uncertainty_reason": "",
  "inference_time_s": 0.2808,
  "gt_labels": "Fibrosis;Lesion",
  "probabilities": {
    "Airspace Disease": 0.232815,
    "Bronchiectasis": 0.019229,
    "Bronchiolitis": 0.033664,
    "Bullous Disease": 0.043588,
    "Calcified Granuloma": 0.277458,
    "Calcinosis": 0.344465,
    "Cardiac Shadow (abnormal)": 0.225697,
    "Cardiomegaly": 0.377897,
    "Consolidation": 0.150306,
    "Degenerative Change": 0.614545,
    "Edema": 0.206244,
    "Effusion": 0.039243,
    "Emphysema": 0.158375,
    "Fibrosis": 0.260073,
    "Fractures": 0.242275,
    "Hernia": 0.275107,
    "Hyperinflation": 0.493063,
    "Increased Lung Markings": 0.295226,
    "Interstitial Lung Disease": 0.198293,
    "Kyphosis": 0.265907,
    "Lesion": 0.41634,
    "Mass": 0.089398,
    "Nodule": 0.149282,
    "Osteophyte": 0.277648,
    "Pleural Effusion": 0.179481,
    "Pleural Thickening": 0.149506,
    "Pneumothorax": 0.078479,
    "Pulmonary Artery Enlargement": 0.08112,
    "Pulmonary Fibrosis": 0.077645,
    "Rib Fracture": 0.038879,
    "Scoliosis": 0.205095,
    "Subcutaneous Emphysema": 0.028939,
    "Thickening": 0.161013,
    "Volume Loss": 0.327785,
    "normal": 0.505863
  },
  "frontal_probs": {
    "Airspace Disease": 0.20808285474777222,
    "Bronchiectasis": 0.009426453150808811,
    "Bronchiolitis": 0.04947121441364288,
    "Bullous Disease": 0.053545836359262466,
    "Calcified Granuloma": 0.25646236538887024,
    "Calcinosis": 0.3724444508552551,
    "Cardiac Shadow (abnormal)": 0.2651997208595276,
    "Cardiomegaly": 0.4099477231502533,
    "Consolidation": 0.12956459820270538,
    "Degenerative Change": 0.6987581253051758,
    "Edema": 0.18072490394115448,
    "Effusion": 0.021844342350959778,
    "Emphysema": 0.12918534874916077,
    "Fibrosis": 0.2484140396118164,
    "Fractures": 0.27248212695121765,
    "Hernia": 0.3205639123916626,
    "Hyperinflation": 0.5568991899490356,
    "Increased Lung Markings": 0.31627893447875977,
    "Interstitial Lung Disease": 0.15858080983161926,
    "Kyphosis": 0.3625941872596741,
    "Lesion": 0.42898035049438477,
    "Mass": 0.06669493019580841,
    "Nodule": 0.13666227459907532,
    "Osteophyte": 0.33051490783691406,
    "Pleural Effusion": 0.16224750876426697,
    "Pleural Thickening": 0.10226250439882278,
    "Pneumothorax": 0.08124341070652008,
    "Pulmonary Artery Enlargement": 0.07105028629302979,
    "Pulmonary Fibrosis": 0.0632006898522377,
    "Rib Fracture": 0.034042637795209885,
    "Scoliosis": 0.22432567179203033,
    "Subcutaneous Emphysema": 0.029198478907346725,
    "Thickening": 0.16531386971473694,
    "Volume Loss": 0.34417814016342163,
    "normal": 0.41258350014686584
  },
  "lateral_probs": {
    "Airspace Disease": 0.27874556183815,
    "Bronchiectasis": 0.03743331879377365,
    "Bronchiolitis": 0.004308473318815231,
    "Bullous Disease": 0.02509447932243347,
    "Calcified Granuloma": 0.31644949316978455,
    "Calcinosis": 0.29250451922416687,
    "Cardiac Shadow (abnormal)": 0.1523350328207016,
    "Cardiomegaly": 0.3183746635913849,
    "Consolidation": 0.1888268142938614,
    "Degenerative Change": 0.4581482410430908,
    "Edema": 0.25363656878471375,
    "Effusion": 0.07155434787273407,
    "Emphysema": 0.21258550882339478,
    "Fibrosis": 0.281725138425827,
    "Fractures": 0.18617603182792664,
    "Hernia": 0.1906883716583252,
    "Hyperinflation": 0.3745102286338806,
    "Increased Lung Markings": 0.25612908601760864,
    "Interstitial Lung Disease": 0.27204442024230957,
    "Kyphosis": 0.08634375780820847,
    "Lesion": 0.3928661346435547,
    "Mass": 0.13155993819236755,
    "Nodule": 0.17271877825260162,
    "Osteophyte": 0.17946580052375793,
    "Pleural Effusion": 0.21148540079593658,
    "Pleural Thickening": 0.23724299669265747,
    "Pneumothorax": 0.0733451321721077,
    "Pulmonary Artery Enlargement": 0.09982126951217651,
    "Pulmonary Fibrosis": 0.10447080433368683,
    "Rib Fracture": 0.047861248254776,
    "Scoliosis": 0.16938109695911407,
    "Subcutaneous Emphysema": 0.02845701202750206,
    "Thickening": 0.15302662551403046,
    "Volume Loss": 0.29734158515930176,
    "normal": 0.6790958642959595
  }
}