{
  "uid": "3600",
  "frontal_image": "3600_IM-1776-4004.dcm.png",
  "lateral_image": "3600_IM-1776-1001.dcm.png",
  "fusion_mode": "weighted_avg(f=0.65,l=0.35)",
  "predicted_classes": [
    "normal",
    "Lesion"
  ],
  "resolved_classes": [
    "Lesion"
  ],
  "kg_classes": [
    "Lesion"
  ],
  "num_predicted": 1,
  "conflict_resolution": "disease_dominates",
  "is_uncertain": false,
  "uncertainty_reason": "",
  "inference_time_s": 0.2498,
  "gt_labels": "Calcinosis;Fibrosis;Lesion",
  "probabilities": {
    "Airspace Disease": 0.335703,
    "Bronchiectasis": 0.077446,
    "Bronchiolitis": 0.02104,
    "Bullous Disease": 0.051507,
    "Calcified Granuloma": 0.315251,
    "Calcinosis": 0.325708,
    "Cardiac Shadow (abnormal)": 0.222515,
    "Cardiomegaly": 0.322099,
    "Consolidation": 0.226149,
    "Degenerative Change": 0.420781,
    "Edema": 0.261795,
    "Effusion": 0.186108,
    "Emphysema": 0.224629,
    "Fibrosis": 0.32858,
    "Fractures": 0.31537,
    "Hernia": 0.225324,
    "Hyperinflation": 0.411318,
    "Increased Lung Markings": 0.298891,
    "Interstitial Lung Disease": 0.197563,
    "Kyphosis": 0.205665,
    "Lesion": 0.503672,
    "Mass": 0.090886,
    "Nodule": 0.215329,
    "Osteophyte": 0.213082,
    "Pleural Effusion": 0.379455,
    "Pleural Thickening": 0.266479,
    "Pneumothorax": 0.298741,
    "Pulmonary Artery Enlargement": 0.090525,
    "Pulmonary Fibrosis": 0.155702,
    "Rib Fracture": 0.053182,
    "Scoliosis": 0.281429,
    "Subcutaneous Emphysema": 0.076381,
    "Thickening": 0.250359,
    "Volume Loss": 0.414362,
    "normal": 0.610124
  },
  "frontal_probs": {
    "Airspace Disease": 0.3915611803531647,
    "Bronchiectasis": 0.10227854549884796,
    "Bronchiolitis": 0.03117074817419052,
    "Bullous Disease": 0.06865659356117249,
    "Calcified Granuloma": 0.30245572328567505,
    "Calcinosis": 0.342001348733902,
    "Cardiac Shadow (abnormal)": 0.2966681718826294,
    "Cardiomegaly": 0.3826087415218353,
    "Consolidation": 0.27483099699020386,
    "Degenerative Change": 0.4378909170627594,
    "Edema": 0.33450478315353394,
    "Effusion": 0.26584985852241516,
    "Emphysema": 0.23438957333564758,
    "Fibrosis": 0.3578939139842987,
    "Fractures": 0.3672953248023987,
    "Hernia": 0.2696544826030731,
    "Hyperinflation": 0.4375689923763275,
    "Increased Lung Markings": 0.33091509342193604,
    "Interstitial Lung Disease": 0.22268933057785034,
    "Kyphosis": 0.2798877954483032,
    "Lesion": 0.5589678883552551,
    "Mass": 0.10386741906404495,
    "Nodule": 0.2156282663345337,
    "Osteophyte": 0.22907420992851257,
    "Pleural Effusion": 0.5024240612983704,
    "Pleural Thickening": 0.3378676474094391,
    "Pneumothorax": 0.411072313785553,
    "Pulmonary Artery Enlargement": 0.10759125649929047,
    "Pulmonary Fibrosis": 0.2080586850643158,
    "Rib Fracture": 0.07015077024698257,
    "Scoliosis": 0.33050498366355896,
    "Subcutaneous Emphysema": 0.10684147477149963,
    "Thickening": 0.2886425852775574,
    "Volume Loss": 0.5120791792869568,
    "normal": 0.5485734343528748
  },
  "lateral_probs": {
    "Airspace Disease": 0.23196575045585632,
    "Bronchiectasis": 0.03132938593626022,
    "Bronchiolitis": 0.0022255140356719494,
    "Bullous Disease": 0.019657379016280174,
    "Calcified Granuloma": 0.33901262283325195,
    "Calcinosis": 0.29544928669929504,
    "Cardiac Shadow (abnormal)": 0.0848032608628273,
    "Cardiomegaly": 0.20972302556037903,
    "Consolidation": 0.1357385814189911,
    "Degenerative Change": 0.3890059292316437,
    "Edema": 0.1267637014389038,
    "Effusion": 0.038015853613615036,
    "Emphysema": 0.2065029889345169,
    "Fibrosis": 0.2741405665874481,
    "Fractures": 0.2189379632472992,
    "Hernia": 0.14299601316452026,
    "Hyperinflation": 0.3625660538673401,
    "Increased Lung Markings": 0.23941758275032043,
    "Interstitial Lung Disease": 0.1509011834859848,
    "Kyphosis": 0.06782202422618866,
    "Lesion": 0.4009806513786316,
    "Mass": 0.06677756458520889,
    "Nodule": 0.21477194130420685,
    "Osteophyte": 0.18338210880756378,
    "Pleural Effusion": 0.15108416974544525,
    "Pleural Thickening": 0.1338995397090912,
    "Pneumothorax": 0.09012681245803833,
    "Pulmonary Artery Enlargement": 0.058829907327890396,
    "Pulmonary Fibrosis": 0.05846847593784332,
    "Rib Fracture": 0.021669814363121986,
    "Scoliosis": 0.19028674066066742,
    "Subcutaneous Emphysema": 0.01981106400489807,
    "Thickening": 0.17926056683063507,
    "Volume Loss": 0.232887402176857,
    "normal": 0.7244334816932678
  }
}