{
  "uid": "3318",
  "frontal_image": "3318_IM-1587-1001.dcm.png",
  "lateral_image": "3318_IM-1587-2001.dcm.png",
  "fusion_mode": "weighted_avg(f=0.65,l=0.35)",
  "predicted_classes": [
    "normal"
  ],
  "resolved_classes": [
    "normal"
  ],
  "kg_classes": [
    "Normal"
  ],
  "num_predicted": 1,
  "conflict_resolution": "no_conflict",
  "is_uncertain": false,
  "uncertainty_reason": "",
  "inference_time_s": 0.2406,
  "gt_labels": "Calcified Granuloma",
  "probabilities": {
    "Airspace Disease": 0.050862,
    "Bronchiectasis": 0.00708,
    "Bronchiolitis": 0.000423,
    "Bullous Disease": 0.004494,
    "Calcified Granuloma": 0.164529,
    "Calcinosis": 0.11753,
    "Cardiac Shadow (abnormal)": 0.016851,
    "Cardiomegaly": 0.033969,
    "Consolidation": 0.016432,
    "Degenerative Change": 0.153852,
    "Edema": 0.021248,
    "Effusion": 0.00629,
    "Emphysema": 0.088029,
    "Fibrosis": 0.099174,
    "Fractures": 0.073337,
    "Hernia": 0.047301,
    "Hyperinflation": 0.115657,
    "Increased Lung Markings": 0.036389,
    "Interstitial Lung Disease": 0.065905,
    "Kyphosis": 0.01893,
    "Lesion": 0.095482,
    "Mass": 0.023294,
    "Nodule": 0.073188,
    "Osteophyte": 0.089799,
    "Pleural Effusion": 0.023641,
    "Pleural Thickening": 0.051151,
    "Pneumothorax": 0.026208,
    "Pulmonary Artery Enlargement": 0.026581,
    "Pulmonary Fibrosis": 0.014094,
    "Rib Fracture": 0.004281,
    "Scoliosis": 0.105116,
    "Subcutaneous Emphysema": 0.004076,
    "Thickening": 0.027744,
    "Volume Loss": 0.072817,
    "normal": 0.943629
  },
  "frontal_probs": {
    "Airspace Disease": 0.005280787590891123,
    "Bronchiectasis": 3.7594116292893887e-05,
    "Bronchiolitis": 2.043876293100766e-06,
    "Bullous Disease": 0.00010449883120600134,
    "Calcified Granuloma": 0.0750541165471077,
    "Calcinosis": 0.024510035291314125,
    "Cardiac Shadow (abnormal)": 0.00026853199233300984,
    "Cardiomegaly": 0.003415340557694435,
    "Consolidation": 0.0015637989854440093,
    "Degenerative Change": 0.02668164111673832,
    "Edema": 0.001044606789946556,
    "Effusion": 0.00018949233344756067,
    "Emphysema": 0.011486937291920185,
    "Fibrosis": 0.03790039196610451,
    "Fractures": 0.020266471430659294,
    "Hernia": 0.0026476094499230385,
    "Hyperinflation": 0.037771839648485184,
    "Increased Lung Markings": 0.008253135718405247,
    "Interstitial Lung Disease": 0.005956718698143959,
    "Kyphosis": 0.0015066334744915366,
    "Lesion": 0.018822066485881805,
    "Mass": 0.0002595558762550354,
    "Nodule": 0.014207504689693451,
    "Osteophyte": 0.012911281548440456,
    "Pleural Effusion": 0.004273541271686554,
    "Pleural Thickening": 0.024333439767360687,
    "Pneumothorax": 0.02047300525009632,
    "Pulmonary Artery Enlargement": 0.0014064861461520195,
    "Pulmonary Fibrosis": 8.945956506067887e-05,
    "Rib Fracture": 2.8298771212575957e-05,
    "Scoliosis": 0.07861581444740295,
    "Subcutaneous Emphysema": 4.6484859922202304e-05,
    "Thickening": 0.004455971531569958,
    "Volume Loss": 0.018757015466690063,
    "normal": 0.9934840798377991
  },
  "lateral_probs": {
    "Airspace Disease": 0.1355123370885849,
    "Bronchiectasis": 0.020158633589744568,
    "Bronchiolitis": 0.0012034332612529397,
    "Bullous Disease": 0.012644865550100803,
    "Calcified Granuloma": 0.33069705963134766,
    "Calcinosis": 0.2902815341949463,
    "Cardiac Shadow (abnormal)": 0.04764576256275177,
    "Cardiomegaly": 0.09071080386638641,
    "Consolidation": 0.04404450207948685,
    "Degenerative Change": 0.39002540707588196,
    "Edema": 0.05876835435628891,
    "Effusion": 0.01761823147535324,
    "Emphysema": 0.23017777502536774,
    "Fibrosis": 0.2129669487476349,
    "Fractures": 0.1718963086605072,
    "Hernia": 0.13022956252098083,
    "Hyperinflation": 0.2603016495704651,
    "Increased Lung Markings": 0.08864028006792068,
    "Interstitial Lung Disease": 0.17723649740219116,
    "Kyphosis": 0.05128825083374977,
    "Lesion": 0.23785075545310974,
    "Mass": 0.06607172638177872,
    "Nodule": 0.18272285163402557,
    "Osteophyte": 0.23259073495864868,
    "Pleural Effusion": 0.05960999056696892,
    "Pleural Thickening": 0.10095378011465073,
    "Pneumothorax": 0.03685818240046501,
    "Pulmonary Artery Enlargement": 0.07333362102508545,
    "Pulmonary Fibrosis": 0.04010334238409996,
    "Rib Fracture": 0.012179425917565823,
    "Scoliosis": 0.15433193743228912,
    "Subcutaneous Emphysema": 0.011558188125491142,
    "Thickening": 0.0709943100810051,
    "Volume Loss": 0.17321300506591797,
    "normal": 0.8510422706604004
  }
}