{
  "uid": "3893",
  "frontal_image": "3893_IM-1975-3001.dcm.png",
  "lateral_image": "3893_IM-1975-2001.dcm.png",
  "fusion_mode": "weighted_avg(f=0.65,l=0.35)",
  "predicted_classes": [
    "normal"
  ],
  "resolved_classes": [
    "normal"
  ],
  "kg_classes": [
    "Normal"
  ],
  "num_predicted": 1,
  "conflict_resolution": "no_conflict",
  "is_uncertain": true,
  "uncertainty_reason": "normal_prob=0.720 (<0.73) with elevated disease scores: Degenerative Change=0.475",
  "inference_time_s": 0.2641,
  "gt_labels": "Hyperinflation",
  "probabilities": {
    "Airspace Disease": 0.117391,
    "Bronchiectasis": 0.012451,
    "Bronchiolitis": 0.006802,
    "Bullous Disease": 0.01883,
    "Calcified Granuloma": 0.29232,
    "Calcinosis": 0.272317,
    "Cardiac Shadow (abnormal)": 0.069355,
    "Cardiomegaly": 0.216595,
    "Consolidation": 0.052617,
    "Degenerative Change": 0.474684,
    "Edema": 0.115369,
    "Effusion": 0.02988,
    "Emphysema": 0.113115,
    "Fibrosis": 0.172986,
    "Fractures": 0.174453,
    "Hernia": 0.162749,
    "Hyperinflation": 0.317928,
    "Increased Lung Markings": 0.225026,
    "Interstitial Lung Disease": 0.103219,
    "Kyphosis": 0.068821,
    "Lesion": 0.279208,
    "Mass": 0.055476,
    "Nodule": 0.219204,
    "Osteophyte": 0.239838,
    "Pleural Effusion": 0.093633,
    "Pleural Thickening": 0.072562,
    "Pneumothorax": 0.058458,
    "Pulmonary Artery Enlargement": 0.048628,
    "Pulmonary Fibrosis": 0.037012,
    "Rib Fracture": 0.023794,
    "Scoliosis": 0.156766,
    "Subcutaneous Emphysema": 0.009988,
    "Thickening": 0.112612,
    "Volume Loss": 0.234613,
    "normal": 0.720226
  },
  "frontal_probs": {
    "Airspace Disease": 0.08399487286806107,
    "Bronchiectasis": 0.004483435768634081,
    "Bronchiolitis": 0.00926591269671917,
    "Bullous Disease": 0.022641174495220184,
    "Calcified Granuloma": 0.286115825176239,
    "Calcinosis": 0.257833868265152,
    "Cardiac Shadow (abnormal)": 0.057816971093416214,
    "Cardiomegaly": 0.1996212750673294,
    "Consolidation": 0.022062182426452637,
    "Degenerative Change": 0.5021698474884033,
    "Edema": 0.10482058674097061,
    "Effusion": 0.007244270294904709,
    "Emphysema": 0.07888069748878479,
    "Fibrosis": 0.13631205260753632,
    "Fractures": 0.17403146624565125,
    "Hernia": 0.16251562535762787,
    "Hyperinflation": 0.2982958257198334,
    "Increased Lung Markings": 0.23008868098258972,
    "Interstitial Lung Disease": 0.06565108150243759,
    "Kyphosis": 0.07372505217790604,
    "Lesion": 0.24109695851802826,
    "Mass": 0.03307998180389404,
    "Nodule": 0.22777093946933746,
    "Osteophyte": 0.27046748995780945,
    "Pleural Effusion": 0.07848753035068512,
    "Pleural Thickening": 0.05510929226875305,
    "Pneumothorax": 0.05428441986441612,
    "Pulmonary Artery Enlargement": 0.0389505997300148,
    "Pulmonary Fibrosis": 0.025307547301054,
    "Rib Fracture": 0.02048524282872677,
    "Scoliosis": 0.17037230730056763,
    "Subcutaneous Emphysema": 0.006086835637688637,
    "Thickening": 0.1031114012002945,
    "Volume Loss": 0.21597041189670563,
    "normal": 0.724619448184967
  },
  "lateral_probs": {
    "Airspace Disease": 0.17941145598888397,
    "Bronchiectasis": 0.027246994897723198,
    "Bronchiolitis": 0.0022250525653362274,
    "Bullous Disease": 0.011750900186598301,
    "Calcified Granuloma": 0.30384305119514465,
    "Calcinosis": 0.29921355843544006,
    "Cardiac Shadow (abnormal)": 0.09078369289636612,
    "Cardiomegaly": 0.24811865389347076,
    "Consolidation": 0.10936175286769867,
    "Degenerative Change": 0.4236380457878113,
    "Edema": 0.13495881855487823,
    "Effusion": 0.07191760092973709,
    "Emphysema": 0.17669233679771423,
    "Fibrosis": 0.24109528958797455,
    "Fractures": 0.17523527145385742,
    "Hernia": 0.1631826013326645,
    "Hyperinflation": 0.35438793897628784,
    "Increased Lung Markings": 0.21562336385250092,
    "Interstitial Lung Disease": 0.17298783361911774,
    "Kyphosis": 0.059712424874305725,
    "Lesion": 0.34998583793640137,
    "Mass": 0.09706933051347733,
    "Nodule": 0.2032938152551651,
    "Osteophyte": 0.1829553246498108,
    "Pleural Effusion": 0.12175890803337097,
    "Pleural Thickening": 0.10497386753559113,
    "Pneumothorax": 0.0662100613117218,
    "Pulmonary Artery Enlargement": 0.06659997999668121,
    "Pulmonary Fibrosis": 0.05874936282634735,
    "Rib Fracture": 0.02993772178888321,
    "Scoliosis": 0.13149848580360413,
    "Subcutaneous Emphysema": 0.01723245345056057,
    "Thickening": 0.1302550882101059,
    "Volume Loss": 0.269235759973526,
    "normal": 0.7120668888092041
  }
}