{
  "uid": "3545",
  "frontal_image": "3545_IM-1737-2002.dcm.png",
  "lateral_image": "3545_IM-1737-3003.dcm.png",
  "fusion_mode": "weighted_avg(f=0.65,l=0.35)",
  "predicted_classes": [
    "Lesion",
    "normal"
  ],
  "resolved_classes": [
    "Lesion"
  ],
  "kg_classes": [
    "Lesion"
  ],
  "num_predicted": 1,
  "conflict_resolution": "disease_dominates",
  "is_uncertain": false,
  "uncertainty_reason": "",
  "inference_time_s": 0.2665,
  "gt_labels": "Calcinosis;Hyperinflation;Lesion",
  "probabilities": {
    "Airspace Disease": 0.343957,
    "Bronchiectasis": 0.073859,
    "Bronchiolitis": 0.056421,
    "Bullous Disease": 0.078809,
    "Calcified Granuloma": 0.397035,
    "Calcinosis": 0.40311,
    "Cardiac Shadow (abnormal)": 0.243972,
    "Cardiomegaly": 0.418342,
    "Consolidation": 0.263236,
    "Degenerative Change": 0.496149,
    "Edema": 0.31068,
    "Effusion": 0.073483,
    "Emphysema": 0.319343,
    "Fibrosis": 0.384598,
    "Fractures": 0.24172,
    "Hernia": 0.286155,
    "Hyperinflation": 0.452395,
    "Increased Lung Markings": 0.324478,
    "Interstitial Lung Disease": 0.246148,
    "Kyphosis": 0.196103,
    "Lesion": 0.546728,
    "Mass": 0.166551,
    "Nodule": 0.303277,
    "Osteophyte": 0.253497,
    "Pleural Effusion": 0.289706,
    "Pleural Thickening": 0.232884,
    "Pneumothorax": 0.102499,
    "Pulmonary Artery Enlargement": 0.124722,
    "Pulmonary Fibrosis": 0.153297,
    "Rib Fracture": 0.07909,
    "Scoliosis": 0.219697,
    "Subcutaneous Emphysema": 0.052529,
    "Thickening": 0.265177,
    "Volume Loss": 0.381919,
    "normal": 0.508744
  },
  "frontal_probs": {
    "Airspace Disease": 0.3893604874610901,
    "Bronchiectasis": 0.06594830751419067,
    "Bronchiolitis": 0.08266132324934006,
    "Bullous Disease": 0.10987051576375961,
    "Calcified Granuloma": 0.4071583151817322,
    "Calcinosis": 0.45217832922935486,
    "Cardiac Shadow (abnormal)": 0.30616477131843567,
    "Cardiomegaly": 0.4825792908668518,
    "Consolidation": 0.27220404148101807,
    "Degenerative Change": 0.5275300741195679,
    "Edema": 0.3652450442314148,
    "Effusion": 0.07285091280937195,
    "Emphysema": 0.34699004888534546,
    "Fibrosis": 0.42014750838279724,
    "Fractures": 0.2874959707260132,
    "Hernia": 0.3401699364185333,
    "Hyperinflation": 0.49018967151641846,
    "Increased Lung Markings": 0.38132235407829285,
    "Interstitial Lung Disease": 0.2767411172389984,
    "Kyphosis": 0.26201874017715454,
    "Lesion": 0.6108872890472412,
    "Mass": 0.1623283177614212,
    "Nodule": 0.33108991384506226,
    "Osteophyte": 0.25735586881637573,
    "Pleural Effusion": 0.3527548015117645,
    "Pleural Thickening": 0.25343379378318787,
    "Pneumothorax": 0.10980357229709625,
    "Pulmonary Artery Enlargement": 0.14004608988761902,
    "Pulmonary Fibrosis": 0.1666589230298996,
    "Rib Fracture": 0.0906112864613533,
    "Scoliosis": 0.24472850561141968,
    "Subcutaneous Emphysema": 0.061958279460668564,
    "Thickening": 0.28535938262939453,
    "Volume Loss": 0.43348413705825806,
    "normal": 0.4308185279369354
  },
  "lateral_probs": {
    "Airspace Disease": 0.25963640213012695,
    "Bronchiectasis": 0.08854898810386658,
    "Bronchiolitis": 0.0076889279298484325,
    "Bullous Disease": 0.021123407408595085,
    "Calcified Granuloma": 0.3782358765602112,
    "Calcinosis": 0.3119828701019287,
    "Cardiac Shadow (abnormal)": 0.12847229838371277,
    "Cardiomegaly": 0.299043208360672,
    "Consolidation": 0.24658213555812836,
    "Degenerative Change": 0.43787097930908203,
    "Edema": 0.20934517681598663,
    "Effusion": 0.07465635240077972,
    "Emphysema": 0.2679996192455292,
    "Fibrosis": 0.3185780346393585,
    "Fractures": 0.15670625865459442,
    "Hernia": 0.18584032356739044,
    "Hyperinflation": 0.38220375776290894,
    "Increased Lung Markings": 0.218910813331604,
    "Interstitial Lung Disease": 0.18933089077472687,
    "Kyphosis": 0.07368668168783188,
    "Lesion": 0.42757388949394226,
    "Mass": 0.1743929237127304,
    "Nodule": 0.2516252100467682,
    "Osteophyte": 0.24632969498634338,
    "Pleural Effusion": 0.17261670529842377,
    "Pleural Thickening": 0.19471973180770874,
    "Pneumothorax": 0.08893357962369919,
    "Pulmonary Artery Enlargement": 0.09626433253288269,
    "Pulmonary Fibrosis": 0.12848147749900818,
    "Rib Fracture": 0.057692598551511765,
    "Scoliosis": 0.1732092946767807,
    "Subcutaneous Emphysema": 0.03501700982451439,
    "Thickening": 0.22769606113433838,
    "Volume Loss": 0.2861546576023102,
    "normal": 0.6534619927406311
  }
}