{
  "uid": "3592",
  "frontal_image": "3592_IM-1771-1001.dcm.png",
  "lateral_image": "3592_IM-1771-2001.dcm.png",
  "fusion_mode": "weighted_avg(f=0.65,l=0.35)",
  "predicted_classes": [
    "normal"
  ],
  "resolved_classes": [
    "normal"
  ],
  "kg_classes": [
    "Normal"
  ],
  "num_predicted": 1,
  "conflict_resolution": "no_conflict",
  "is_uncertain": false,
  "uncertainty_reason": "",
  "inference_time_s": 0.2414,
  "gt_labels": "Hernia;Hyperinflation",
  "probabilities": {
    "Airspace Disease": 0.092165,
    "Bronchiectasis": 0.02247,
    "Bronchiolitis": 0.001459,
    "Bullous Disease": 0.00563,
    "Calcified Granuloma": 0.140212,
    "Calcinosis": 0.110063,
    "Cardiac Shadow (abnormal)": 0.055668,
    "Cardiomegaly": 0.091385,
    "Consolidation": 0.062362,
    "Degenerative Change": 0.142863,
    "Edema": 0.053698,
    "Effusion": 0.020943,
    "Emphysema": 0.068382,
    "Fibrosis": 0.104566,
    "Fractures": 0.080859,
    "Hernia": 0.068713,
    "Hyperinflation": 0.164846,
    "Increased Lung Markings": 0.112469,
    "Interstitial Lung Disease": 0.049885,
    "Kyphosis": 0.0175,
    "Lesion": 0.148774,
    "Mass": 0.027801,
    "Nodule": 0.119644,
    "Osteophyte": 0.065281,
    "Pleural Effusion": 0.053754,
    "Pleural Thickening": 0.069683,
    "Pneumothorax": 0.02476,
    "Pulmonary Artery Enlargement": 0.022001,
    "Pulmonary Fibrosis": 0.035324,
    "Rib Fracture": 0.010442,
    "Scoliosis": 0.090293,
    "Subcutaneous Emphysema": 0.006124,
    "Thickening": 0.071735,
    "Volume Loss": 0.108374,
    "normal": 0.903822
  },
  "frontal_probs": {
    "Airspace Disease": 0.010963169857859612,
    "Bronchiectasis": 2.1513342289836146e-05,
    "Bronchiolitis": 2.654333002283238e-06,
    "Bullous Disease": 0.0001564195117680356,
    "Calcified Granuloma": 0.036201342940330505,
    "Calcinosis": 0.01109972596168518,
    "Cardiac Shadow (abnormal)": 0.0006995191215537488,
    "Cardiomegaly": 0.004486789461225271,
    "Consolidation": 0.003601567819714546,
    "Degenerative Change": 0.023319700732827187,
    "Edema": 0.0011066882871091366,
    "Effusion": 0.00026182111469097435,
    "Emphysema": 0.00984076876193285,
    "Fibrosis": 0.011940974742174149,
    "Fractures": 0.011802716180682182,
    "Hernia": 0.01023542508482933,
    "Hyperinflation": 0.03093685954809189,
    "Increased Lung Markings": 0.015005074441432953,
    "Interstitial Lung Disease": 0.0023165650200098753,
    "Kyphosis": 0.0009153512655757368,
    "Lesion": 0.015186680480837822,
    "Mass": 0.0006224167882464826,
    "Nodule": 0.013057240284979343,
    "Osteophyte": 0.01577073708176613,
    "Pleural Effusion": 0.0018649271223694086,
    "Pleural Thickening": 0.00532294437289238,
    "Pneumothorax": 0.009577863849699497,
    "Pulmonary Artery Enlargement": 0.0006651648436672986,
    "Pulmonary Fibrosis": 3.384579031262547e-05,
    "Rib Fracture": 4.4853335566585883e-05,
    "Scoliosis": 0.030454175546765327,
    "Subcutaneous Emphysema": 0.00010058232874143869,
    "Thickening": 0.0024555379059165716,
    "Volume Loss": 0.011958585120737553,
    "normal": 0.9941042065620422
  },
  "lateral_probs": {
    "Airspace Disease": 0.2429676055908203,
    "Bronchiectasis": 0.06416076421737671,
    "Bronchiolitis": 0.004164792597293854,
    "Bullous Disease": 0.015795936807990074,
    "Calcified Granuloma": 0.3333743214607239,
    "Calcinosis": 0.2938530147075653,
    "Cardiac Shadow (abnormal)": 0.15775124728679657,
    "Cardiomegaly": 0.2527678310871124,
    "Consolidation": 0.17148739099502563,
    "Degenerative Change": 0.3648710250854492,
    "Edema": 0.15136843919754028,
    "Effusion": 0.05935009568929672,
    "Emphysema": 0.17710182070732117,
    "Fibrosis": 0.2765827476978302,
    "Fractures": 0.20910561084747314,
    "Hernia": 0.17731551826000214,
    "Hyperinflation": 0.4135351777076721,
    "Increased Lung Markings": 0.29347363114356995,
    "Interstitial Lung Disease": 0.138225719332695,
    "Kyphosis": 0.04829901084303856,
    "Lesion": 0.3968643248081207,
    "Mass": 0.07827442139387131,
    "Nodule": 0.31759095191955566,
    "Osteophyte": 0.15722724795341492,
    "Pleural Effusion": 0.15011949837207794,
    "Pleural Thickening": 0.18920810520648956,
    "Pneumothorax": 0.05295560136437416,
    "Pulmonary Artery Enlargement": 0.06162598356604576,
    "Pulmonary Fibrosis": 0.10086324065923691,
    "Rib Fracture": 0.029750986024737358,
    "Scoliosis": 0.2014211267232895,
    "Subcutaneous Emphysema": 0.01731167547404766,
    "Thickening": 0.20039673149585724,
    "Volume Loss": 0.2874319553375244,
    "normal": 0.7361544370651245
  }
}