{
  "uid": "3733",
  "frontal_image": "3733_IM-1866-1001.dcm.png",
  "lateral_image": "3733_IM-1866-2001.dcm.png",
  "fusion_mode": "weighted_avg(f=0.65,l=0.35)",
  "predicted_classes": [
    "normal",
    "Cardiomegaly"
  ],
  "resolved_classes": [
    "Cardiomegaly"
  ],
  "kg_classes": [
    "Cardiomegaly"
  ],
  "num_predicted": 1,
  "conflict_resolution": "disease_dominates",
  "is_uncertain": false,
  "uncertainty_reason": "",
  "inference_time_s": 0.268,
  "gt_labels": "Calcified Granuloma;Cardiomegaly;Fibrosis;Kyphosis;Lesion;Osteophyte;Pleural Thickening",
  "probabilities": {
    "Airspace Disease": 0.202948,
    "Bronchiectasis": 0.03946,
    "Bronchiolitis": 0.014425,
    "Bullous Disease": 0.033685,
    "Calcified Granuloma": 0.33018,
    "Calcinosis": 0.351001,
    "Cardiac Shadow (abnormal)": 0.262478,
    "Cardiomegaly": 0.514115,
    "Consolidation": 0.106014,
    "Degenerative Change": 0.427304,
    "Edema": 0.27385,
    "Effusion": 0.13803,
    "Emphysema": 0.19233,
    "Fibrosis": 0.26795,
    "Fractures": 0.21653,
    "Hernia": 0.230954,
    "Hyperinflation": 0.37059,
    "Increased Lung Markings": 0.23694,
    "Interstitial Lung Disease": 0.175055,
    "Kyphosis": 0.248743,
    "Lesion": 0.399009,
    "Mass": 0.097909,
    "Nodule": 0.224849,
    "Osteophyte": 0.231328,
    "Pleural Effusion": 0.177418,
    "Pleural Thickening": 0.210455,
    "Pneumothorax": 0.069289,
    "Pulmonary Artery Enlargement": 0.174416,
    "Pulmonary Fibrosis": 0.110715,
    "Rib Fracture": 0.047376,
    "Scoliosis": 0.220289,
    "Subcutaneous Emphysema": 0.034854,
    "Thickening": 0.204536,
    "Volume Loss": 0.318945,
    "normal": 0.638121
  },
  "frontal_probs": {
    "Airspace Disease": 0.17285268008708954,
    "Bronchiectasis": 0.04393334686756134,
    "Bronchiolitis": 0.019982438534498215,
    "Bullous Disease": 0.04080542176961899,
    "Calcified Granuloma": 0.31861990690231323,
    "Calcinosis": 0.3968656361103058,
    "Cardiac Shadow (abnormal)": 0.29375848174095154,
    "Cardiomegaly": 0.5661547183990479,
    "Consolidation": 0.08737450838088989,
    "Degenerative Change": 0.42924439907073975,
    "Edema": 0.24798695743083954,
    "Effusion": 0.15844440460205078,
    "Emphysema": 0.18733763694763184,
    "Fibrosis": 0.28961822390556335,
    "Fractures": 0.2333391010761261,
    "Hernia": 0.26069891452789307,
    "Hyperinflation": 0.35421401262283325,
    "Increased Lung Markings": 0.21848970651626587,
    "Interstitial Lung Disease": 0.17945247888565063,
    "Kyphosis": 0.3199920952320099,
    "Lesion": 0.40037402510643005,
    "Mass": 0.11401969939470291,
    "Nodule": 0.23217347264289856,
    "Osteophyte": 0.22931721806526184,
    "Pleural Effusion": 0.17375588417053223,
    "Pleural Thickening": 0.22207733988761902,
    "Pneumothorax": 0.07502579689025879,
    "Pulmonary Artery Enlargement": 0.2100282609462738,
    "Pulmonary Fibrosis": 0.1162562221288681,
    "Rib Fracture": 0.05633857473731041,
    "Scoliosis": 0.25413382053375244,
    "Subcutaneous Emphysema": 0.038129907101392746,
    "Thickening": 0.22076544165611267,
    "Volume Loss": 0.3123825788497925,
    "normal": 0.6282554864883423
  },
  "lateral_probs": {
    "Airspace Disease": 0.2588382959365845,
    "Bronchiectasis": 0.03115152381360531,
    "Bronchiolitis": 0.004104852210730314,
    "Bullous Disease": 0.02046273835003376,
    "Calcified Granuloma": 0.3516489863395691,
    "Calcinosis": 0.265825092792511,
    "Cardiac Shadow (abnormal)": 0.20438699424266815,
    "Cardiomegaly": 0.4174685478210449,
    "Consolidation": 0.14062967896461487,
    "Degenerative Change": 0.4237010180950165,
    "Edema": 0.3218812942504883,
    "Effusion": 0.1001172587275505,
    "Emphysema": 0.20160074532032013,
    "Fibrosis": 0.2277103215456009,
    "Fractures": 0.1853136569261551,
    "Hernia": 0.17571328580379486,
    "Hyperinflation": 0.40100225806236267,
    "Increased Lung Markings": 0.271205872297287,
    "Interstitial Lung Disease": 0.16688963770866394,
    "Kyphosis": 0.11642219126224518,
    "Lesion": 0.3964725434780121,
    "Mass": 0.06798946112394333,
    "Nodule": 0.21124516427516937,
    "Osteophyte": 0.23506106436252594,
    "Pleural Effusion": 0.18421979248523712,
    "Pleural Thickening": 0.1888711154460907,
    "Pneumothorax": 0.0586337111890316,
    "Pulmonary Artery Enlargement": 0.1082795038819313,
    "Pulmonary Fibrosis": 0.10042454302310944,
    "Rib Fracture": 0.03073013946413994,
    "Scoliosis": 0.1574336588382721,
    "Subcutaneous Emphysema": 0.02877127192914486,
    "Thickening": 0.17439496517181396,
    "Volume Loss": 0.33113324642181396,
    "normal": 0.6564418077468872
  }
}