{
  "uid": "3714",
  "frontal_image": "3714_IM-1856-1001.dcm.png",
  "lateral_image": "3714_IM-1856-2001.dcm.png",
  "fusion_mode": "weighted_avg(f=0.65,l=0.35)",
  "predicted_classes": [
    "normal"
  ],
  "resolved_classes": [
    "normal"
  ],
  "kg_classes": [
    "Normal"
  ],
  "num_predicted": 1,
  "conflict_resolution": "no_conflict",
  "is_uncertain": true,
  "uncertainty_reason": "normal_prob=0.574 (<0.73) with elevated disease scores: Degenerative Change=0.499, Lesion=0.490, Hyperinflation=0.393",
  "inference_time_s": 0.2506,
  "gt_labels": "Hyperinflation",
  "probabilities": {
    "Airspace Disease": 0.271464,
    "Bronchiectasis": 0.047444,
    "Bronchiolitis": 0.015794,
    "Bullous Disease": 0.028968,
    "Calcified Granuloma": 0.391479,
    "Calcinosis": 0.347254,
    "Cardiac Shadow (abnormal)": 0.173516,
    "Cardiomegaly": 0.365135,
    "Consolidation": 0.172094,
    "Degenerative Change": 0.498547,
    "Edema": 0.156775,
    "Effusion": 0.045071,
    "Emphysema": 0.179517,
    "Fibrosis": 0.316792,
    "Fractures": 0.248423,
    "Hernia": 0.323318,
    "Hyperinflation": 0.392612,
    "Increased Lung Markings": 0.324117,
    "Interstitial Lung Disease": 0.139031,
    "Kyphosis": 0.199014,
    "Lesion": 0.490358,
    "Mass": 0.118306,
    "Nodule": 0.263976,
    "Osteophyte": 0.261469,
    "Pleural Effusion": 0.206711,
    "Pleural Thickening": 0.173322,
    "Pneumothorax": 0.062484,
    "Pulmonary Artery Enlargement": 0.134951,
    "Pulmonary Fibrosis": 0.095375,
    "Rib Fracture": 0.049184,
    "Scoliosis": 0.176841,
    "Subcutaneous Emphysema": 0.033469,
    "Thickening": 0.189966,
    "Volume Loss": 0.333147,
    "normal": 0.573658
  },
  "frontal_probs": {
    "Airspace Disease": 0.2678653299808502,
    "Bronchiectasis": 0.03970053046941757,
    "Bronchiolitis": 0.02019682340323925,
    "Bullous Disease": 0.032036278396844864,
    "Calcified Granuloma": 0.4104560911655426,
    "Calcinosis": 0.36127084493637085,
    "Cardiac Shadow (abnormal)": 0.18140465021133423,
    "Cardiomegaly": 0.40875980257987976,
    "Consolidation": 0.1772562563419342,
    "Degenerative Change": 0.5505480170249939,
    "Edema": 0.1477857381105423,
    "Effusion": 0.041308529675006866,
    "Emphysema": 0.19545845687389374,
    "Fibrosis": 0.32940009236335754,
    "Fractures": 0.27041614055633545,
    "Hernia": 0.40209442377090454,
    "Hyperinflation": 0.39280572533607483,
    "Increased Lung Markings": 0.328823059797287,
    "Interstitial Lung Disease": 0.1335766315460205,
    "Kyphosis": 0.24936847388744354,
    "Lesion": 0.5543665289878845,
    "Mass": 0.12384543567895889,
    "Nodule": 0.2719215750694275,
    "Osteophyte": 0.28065037727355957,
    "Pleural Effusion": 0.21259906888008118,
    "Pleural Thickening": 0.18034309148788452,
    "Pneumothorax": 0.07193399220705032,
    "Pulmonary Artery Enlargement": 0.1652042120695114,
    "Pulmonary Fibrosis": 0.07652442902326584,
    "Rib Fracture": 0.055255964398384094,
    "Scoliosis": 0.17090553045272827,
    "Subcutaneous Emphysema": 0.034700606018304825,
    "Thickening": 0.15504387021064758,
    "Volume Loss": 0.3485563397407532,
    "normal": 0.5103588104248047
  },
  "lateral_probs": {
    "Airspace Disease": 0.278148353099823,
    "Bronchiectasis": 0.06182429939508438,
    "Bronchiolitis": 0.007618116680532694,
    "Bullous Disease": 0.023270782083272934,
    "Calcified Granuloma": 0.3562363386154175,
    "Calcinosis": 0.32122305035591125,
    "Cardiac Shadow (abnormal)": 0.15886616706848145,
    "Cardiomegaly": 0.28411728143692017,
    "Consolidation": 0.16250787675380707,
    "Degenerative Change": 0.40197277069091797,
    "Edema": 0.17346927523612976,
    "Effusion": 0.052059706300497055,
    "Emphysema": 0.14991256594657898,
    "Fibrosis": 0.2933756113052368,
    "Fractures": 0.20757846534252167,
    "Hernia": 0.17701871693134308,
    "Hyperinflation": 0.39225146174430847,
    "Increased Lung Markings": 0.3153782784938812,
    "Interstitial Lung Disease": 0.1491617113351822,
    "Kyphosis": 0.10549909621477127,
    "Lesion": 0.3714839220046997,
    "Mass": 0.108018659055233,
    "Nodule": 0.24921923875808716,
    "Osteophyte": 0.22584663331508636,
    "Pleural Effusion": 0.19577600061893463,
    "Pleural Thickening": 0.16028164327144623,
    "Pneumothorax": 0.04493259638547897,
    "Pulmonary Artery Enlargement": 0.07876671850681305,
    "Pulmonary Fibrosis": 0.1303832083940506,
    "Rib Fracture": 0.03790809214115143,
    "Scoliosis": 0.1878635436296463,
    "Subcutaneous Emphysema": 0.03118223510682583,
    "Thickening": 0.2548200786113739,
    "Volume Loss": 0.3045310378074646,
    "normal": 0.6912134289741516
  }
}