{
  "uid": "3758",
  "frontal_image": "3758_IM-1882-1001.dcm.png",
  "lateral_image": "3758_IM-1882-3001.dcm.png",
  "fusion_mode": "weighted_avg(f=0.65,l=0.35)",
  "predicted_classes": [
    "normal"
  ],
  "resolved_classes": [
    "normal"
  ],
  "kg_classes": [
    "Normal"
  ],
  "num_predicted": 1,
  "conflict_resolution": "no_conflict",
  "is_uncertain": true,
  "uncertainty_reason": "normal_prob=0.714 (<0.73) with elevated disease scores: Degenerative Change=0.487, Cardiomegaly=0.383",
  "inference_time_s": 0.2578,
  "gt_labels": "normal",
  "probabilities": {
    "Airspace Disease": 0.15913,
    "Bronchiectasis": 0.017794,
    "Bronchiolitis": 0.006411,
    "Bullous Disease": 0.0144,
    "Calcified Granuloma": 0.274709,
    "Calcinosis": 0.243381,
    "Cardiac Shadow (abnormal)": 0.204776,
    "Cardiomegaly": 0.382675,
    "Consolidation": 0.095188,
    "Degenerative Change": 0.487128,
    "Edema": 0.138569,
    "Effusion": 0.052198,
    "Emphysema": 0.095586,
    "Fibrosis": 0.202499,
    "Fractures": 0.226168,
    "Hernia": 0.317157,
    "Hyperinflation": 0.293735,
    "Increased Lung Markings": 0.218198,
    "Interstitial Lung Disease": 0.089574,
    "Kyphosis": 0.168016,
    "Lesion": 0.275089,
    "Mass": 0.107844,
    "Nodule": 0.230339,
    "Osteophyte": 0.267744,
    "Pleural Effusion": 0.123006,
    "Pleural Thickening": 0.060507,
    "Pneumothorax": 0.115375,
    "Pulmonary Artery Enlargement": 0.096995,
    "Pulmonary Fibrosis": 0.041052,
    "Rib Fracture": 0.024964,
    "Scoliosis": 0.212659,
    "Subcutaneous Emphysema": 0.022734,
    "Thickening": 0.082604,
    "Volume Loss": 0.231358,
    "normal": 0.713506
  },
  "frontal_probs": {
    "Airspace Disease": 0.13250331580638885,
    "Bronchiectasis": 0.005816622171550989,
    "Bronchiolitis": 0.00717055844143033,
    "Bullous Disease": 0.011074071750044823,
    "Calcified Granuloma": 0.28125983476638794,
    "Calcinosis": 0.2517545223236084,
    "Cardiac Shadow (abnormal)": 0.21526014804840088,
    "Cardiomegaly": 0.41817381978034973,
    "Consolidation": 0.06449395418167114,
    "Degenerative Change": 0.5084247589111328,
    "Edema": 0.09651005268096924,
    "Effusion": 0.044105056673288345,
    "Emphysema": 0.05303546041250229,
    "Fibrosis": 0.18097352981567383,
    "Fractures": 0.19330203533172607,
    "Hernia": 0.3593158423900604,
    "Hyperinflation": 0.22930355370044708,
    "Increased Lung Markings": 0.18190085887908936,
    "Interstitial Lung Disease": 0.05177212134003639,
    "Kyphosis": 0.1887676864862442,
    "Lesion": 0.19948142766952515,
    "Mass": 0.11743640154600143,
    "Nodule": 0.276119589805603,
    "Osteophyte": 0.29217293858528137,
    "Pleural Effusion": 0.09230133146047592,
    "Pleural Thickening": 0.025418531149625778,
    "Pneumothorax": 0.08143992722034454,
    "Pulmonary Artery Enlargement": 0.09385593980550766,
    "Pulmonary Fibrosis": 0.032892778515815735,
    "Rib Fracture": 0.01857711188495159,
    "Scoliosis": 0.17560823261737823,
    "Subcutaneous Emphysema": 0.012775222770869732,
    "Thickening": 0.06148636341094971,
    "Volume Loss": 0.19754141569137573,
    "normal": 0.7286579012870789
  },
  "lateral_probs": {
    "Airspace Disease": 0.20858074724674225,
    "Bronchiectasis": 0.04003717750310898,
    "Bronchiolitis": 0.005000822711735964,
    "Bullous Disease": 0.02057572267949581,
    "Calcified Granuloma": 0.262544184923172,
    "Calcinosis": 0.22783134877681732,
    "Cardiac Shadow (abnormal)": 0.18530459702014923,
    "Cardiomegaly": 0.3167482614517212,
    "Consolidation": 0.15219004452228546,
    "Degenerative Change": 0.44757556915283203,
    "Edema": 0.21667803823947906,
    "Effusion": 0.06722806394100189,
    "Emphysema": 0.17460958659648895,
    "Fibrosis": 0.2424735426902771,
    "Fractures": 0.28720518946647644,
    "Hernia": 0.238863006234169,
    "Hyperinflation": 0.41339218616485596,
    "Increased Lung Markings": 0.28560706973075867,
    "Interstitial Lung Disease": 0.15977780520915985,
    "Kyphosis": 0.12947675585746765,
    "Lesion": 0.4155021905899048,
    "Mass": 0.09002933651208878,
    "Nodule": 0.14531904458999634,
    "Osteophyte": 0.22237668931484222,
    "Pleural Effusion": 0.18002940714359283,
    "Pleural Thickening": 0.1256704330444336,
    "Pneumothorax": 0.17839588224887848,
    "Pulmonary Artery Enlargement": 0.10282481461763382,
    "Pulmonary Fibrosis": 0.05620395764708519,
    "Rib Fracture": 0.03682617470622063,
    "Scoliosis": 0.2814672291278839,
    "Subcutaneous Emphysema": 0.04122982174158096,
    "Thickening": 0.12182216346263885,
    "Volume Loss": 0.2941610515117645,
    "normal": 0.6853676438331604
  }
}