{
  "uid": "3854",
  "frontal_image": "3854_IM-1950-1001.dcm.png",
  "lateral_image": "3854_IM-1950-2001.dcm.png",
  "fusion_mode": "weighted_avg(f=0.65,l=0.35)",
  "predicted_classes": [
    "normal"
  ],
  "resolved_classes": [
    "normal"
  ],
  "kg_classes": [
    "Normal"
  ],
  "num_predicted": 1,
  "conflict_resolution": "no_conflict",
  "is_uncertain": false,
  "uncertainty_reason": "",
  "inference_time_s": 0.2439,
  "gt_labels": "normal",
  "probabilities": {
    "Airspace Disease": 0.106072,
    "Bronchiectasis": 0.00745,
    "Bronchiolitis": 0.000879,
    "Bullous Disease": 0.005299,
    "Calcified Granuloma": 0.179901,
    "Calcinosis": 0.145641,
    "Cardiac Shadow (abnormal)": 0.064418,
    "Cardiomegaly": 0.155843,
    "Consolidation": 0.039512,
    "Degenerative Change": 0.187627,
    "Edema": 0.078824,
    "Effusion": 0.016954,
    "Emphysema": 0.061649,
    "Fibrosis": 0.103578,
    "Fractures": 0.132817,
    "Hernia": 0.07667,
    "Hyperinflation": 0.187307,
    "Increased Lung Markings": 0.185092,
    "Interstitial Lung Disease": 0.035343,
    "Kyphosis": 0.02445,
    "Lesion": 0.1995,
    "Mass": 0.018483,
    "Nodule": 0.146396,
    "Osteophyte": 0.094115,
    "Pleural Effusion": 0.055708,
    "Pleural Thickening": 0.059529,
    "Pneumothorax": 0.054611,
    "Pulmonary Artery Enlargement": 0.037839,
    "Pulmonary Fibrosis": 0.013445,
    "Rib Fracture": 0.006431,
    "Scoliosis": 0.115434,
    "Subcutaneous Emphysema": 0.007196,
    "Thickening": 0.081783,
    "Volume Loss": 0.138293,
    "normal": 0.863792
  },
  "frontal_probs": {
    "Airspace Disease": 0.07259613275527954,
    "Bronchiectasis": 0.0022076996974647045,
    "Bronchiolitis": 0.0004654160002246499,
    "Bullous Disease": 0.003875887952744961,
    "Calcified Granuloma": 0.14394286274909973,
    "Calcinosis": 0.0961962416768074,
    "Cardiac Shadow (abnormal)": 0.046010810881853104,
    "Cardiomegaly": 0.12724418938159943,
    "Consolidation": 0.026490861549973488,
    "Degenerative Change": 0.10793613642454147,
    "Edema": 0.07243417948484421,
    "Effusion": 0.013930823653936386,
    "Emphysema": 0.050071053206920624,
    "Fibrosis": 0.07405652850866318,
    "Fractures": 0.08819296211004257,
    "Hernia": 0.05336175113916397,
    "Hyperinflation": 0.09542038291692734,
    "Increased Lung Markings": 0.12161292880773544,
    "Interstitial Lung Disease": 0.017102550715208054,
    "Kyphosis": 0.017441341653466225,
    "Lesion": 0.11418100446462631,
    "Mass": 0.004338293801993132,
    "Nodule": 0.11995559185743332,
    "Osteophyte": 0.08844148367643356,
    "Pleural Effusion": 0.022283723577857018,
    "Pleural Thickening": 0.0471615232527256,
    "Pneumothorax": 0.05059432238340378,
    "Pulmonary Artery Enlargement": 0.03946027532219887,
    "Pulmonary Fibrosis": 0.0053855050355196,
    "Rib Fracture": 0.0038767163641750813,
    "Scoliosis": 0.08086512982845306,
    "Subcutaneous Emphysema": 0.004657125566154718,
    "Thickening": 0.05087490752339363,
    "Volume Loss": 0.08804460614919662,
    "normal": 0.9053100347518921
  },
  "lateral_probs": {
    "Airspace Disease": 0.16824184358119965,
    "Bronchiectasis": 0.01718578301370144,
    "Bronchiolitis": 0.0016469486290588975,
    "Bullous Disease": 0.007942501455545425,
    "Calcified Granuloma": 0.24668093025684357,
    "Calcinosis": 0.23746712505817413,
    "Cardiac Shadow (abnormal)": 0.09860401600599289,
    "Cardiomegaly": 0.20895636081695557,
    "Consolidation": 0.06369408965110779,
    "Degenerative Change": 0.3356253504753113,
    "Edema": 0.09069216251373291,
    "Effusion": 0.022568553686141968,
    "Emphysema": 0.08315074443817139,
    "Fibrosis": 0.15840363502502441,
    "Fractures": 0.21569007635116577,
    "Hernia": 0.1199575737118721,
    "Hyperinflation": 0.3579542934894562,
    "Increased Lung Markings": 0.3029828667640686,
    "Interstitial Lung Disease": 0.06921878457069397,
    "Kyphosis": 0.03746628761291504,
    "Lesion": 0.3579493463039398,
    "Mass": 0.04475047066807747,
    "Nodule": 0.19549931585788727,
    "Osteophyte": 0.10465233772993088,
    "Pleural Effusion": 0.11778158694505692,
    "Pleural Thickening": 0.08249644935131073,
    "Pneumothorax": 0.06206927448511124,
    "Pulmonary Artery Enlargement": 0.034829314798116684,
    "Pulmonary Fibrosis": 0.028413256630301476,
    "Rib Fracture": 0.011174020357429981,
    "Scoliosis": 0.17963242530822754,
    "Subcutaneous Emphysema": 0.01191045343875885,
    "Thickening": 0.13918240368366241,
    "Volume Loss": 0.23161141574382782,
    "normal": 0.7866858839988708
  }
}