{
  "uid": "3228",
  "frontal_image": "3228_IM-1526-1001.dcm.png",
  "lateral_image": "3228_IM-1526-2001.dcm.png",
  "fusion_mode": "weighted_avg(f=0.65,l=0.35)",
  "predicted_classes": [
    "normal"
  ],
  "resolved_classes": [
    "normal"
  ],
  "kg_classes": [
    "Normal"
  ],
  "num_predicted": 1,
  "conflict_resolution": "no_conflict",
  "is_uncertain": false,
  "uncertainty_reason": "",
  "inference_time_s": 0.2933,
  "gt_labels": "Calcified Granuloma;Fibrosis;Lesion",
  "probabilities": {
    "Airspace Disease": 0.080435,
    "Bronchiectasis": 0.016281,
    "Bronchiolitis": 0.001228,
    "Bullous Disease": 0.00561,
    "Calcified Granuloma": 0.233363,
    "Calcinosis": 0.209361,
    "Cardiac Shadow (abnormal)": 0.020404,
    "Cardiomegaly": 0.063877,
    "Consolidation": 0.051384,
    "Degenerative Change": 0.227934,
    "Edema": 0.041034,
    "Effusion": 0.013721,
    "Emphysema": 0.162263,
    "Fibrosis": 0.158827,
    "Fractures": 0.117329,
    "Hernia": 0.068057,
    "Hyperinflation": 0.214983,
    "Increased Lung Markings": 0.085743,
    "Interstitial Lung Disease": 0.110618,
    "Kyphosis": 0.021736,
    "Lesion": 0.180494,
    "Mass": 0.036032,
    "Nodule": 0.130158,
    "Osteophyte": 0.091881,
    "Pleural Effusion": 0.044334,
    "Pleural Thickening": 0.060166,
    "Pneumothorax": 0.033173,
    "Pulmonary Artery Enlargement": 0.018459,
    "Pulmonary Fibrosis": 0.028767,
    "Rib Fracture": 0.006279,
    "Scoliosis": 0.213877,
    "Subcutaneous Emphysema": 0.007891,
    "Thickening": 0.060623,
    "Volume Loss": 0.107344,
    "normal": 0.890701
  },
  "frontal_probs": {
    "Airspace Disease": 0.02891031838953495,
    "Bronchiectasis": 0.0015161941992118955,
    "Bronchiolitis": 0.00012796229566447437,
    "Bullous Disease": 0.0011107075260952115,
    "Calcified Granuloma": 0.16984039545059204,
    "Calcinosis": 0.12273737788200378,
    "Cardiac Shadow (abnormal)": 0.0026959083043038845,
    "Cardiomegaly": 0.02629176899790764,
    "Consolidation": 0.028460614383220673,
    "Degenerative Change": 0.09049743413925171,
    "Edema": 0.008506346493959427,
    "Effusion": 0.0012623834190890193,
    "Emphysema": 0.09056717157363892,
    "Fibrosis": 0.1095953956246376,
    "Fractures": 0.08950219303369522,
    "Hernia": 0.025782085955142975,
    "Hyperinflation": 0.11411693692207336,
    "Increased Lung Markings": 0.03777636960148811,
    "Interstitial Lung Disease": 0.03222385793924332,
    "Kyphosis": 0.00689307413995266,
    "Lesion": 0.0969979539513588,
    "Mass": 0.010508088394999504,
    "Nodule": 0.0499446876347065,
    "Osteophyte": 0.02857283316552639,
    "Pleural Effusion": 0.011215736158192158,
    "Pleural Thickening": 0.025553658604621887,
    "Pneumothorax": 0.01445743627846241,
    "Pulmonary Artery Enlargement": 0.010723288170993328,
    "Pulmonary Fibrosis": 0.0020948967430740595,
    "Rib Fracture": 0.0009268443682231009,
    "Scoliosis": 0.21495157480239868,
    "Subcutaneous Emphysema": 0.001208867528475821,
    "Thickening": 0.019758885726332664,
    "Volume Loss": 0.038500722497701645,
    "normal": 0.9545015096664429
  },
  "lateral_probs": {
    "Airspace Disease": 0.1761244237422943,
    "Bronchiectasis": 0.04370199888944626,
    "Bronchiolitis": 0.0032712207175791264,
    "Bullous Disease": 0.013964906334877014,
    "Calcified Granuloma": 0.35133275389671326,
    "Calcinosis": 0.370233416557312,
    "Cardiac Shadow (abnormal)": 0.05329004302620888,
    "Cardiomegaly": 0.13367921113967896,
    "Consolidation": 0.09395546466112137,
    "Degenerative Change": 0.4831744432449341,
    "Edema": 0.10144340246915817,
    "Effusion": 0.036858655512332916,
    "Emphysema": 0.2954115867614746,
    "Fibrosis": 0.25025850534439087,
    "Fractures": 0.1690065711736679,
    "Hernia": 0.14656823873519897,
    "Hyperinflation": 0.40230637788772583,
    "Increased Lung Markings": 0.17482365667819977,
    "Interstitial Lung Disease": 0.2562081813812256,
    "Kyphosis": 0.0493025928735733,
    "Lesion": 0.3355570137500763,
    "Mass": 0.08343244343996048,
    "Nodule": 0.27912527322769165,
    "Osteophyte": 0.2094544768333435,
    "Pleural Effusion": 0.10583855211734772,
    "Pleural Thickening": 0.12444663047790527,
    "Pneumothorax": 0.06793071329593658,
    "Pulmonary Artery Enlargement": 0.032826632261276245,
    "Pulmonary Fibrosis": 0.07830013334751129,
    "Rib Fracture": 0.01621871255338192,
    "Scoliosis": 0.21188117563724518,
    "Subcutaneous Emphysema": 0.02030014619231224,
    "Thickening": 0.13651475310325623,
    "Volume Loss": 0.23519642651081085,
    "normal": 0.7722144722938538
  }
}