{
  "uid": "3619",
  "frontal_image": "3619_IM-1791-1001.dcm.png",
  "lateral_image": "3619_IM-1791-2001.dcm.png",
  "fusion_mode": "weighted_avg(f=0.65,l=0.35)",
  "predicted_classes": [
    "normal"
  ],
  "resolved_classes": [
    "normal"
  ],
  "kg_classes": [
    "Normal"
  ],
  "num_predicted": 1,
  "conflict_resolution": "no_conflict",
  "is_uncertain": true,
  "uncertainty_reason": "normal_prob=0.651 (<0.73) with elevated disease scores: Degenerative Change=0.394, Hyperinflation=0.393, Lesion=0.385",
  "inference_time_s": 0.2645,
  "gt_labels": "normal",
  "probabilities": {
    "Airspace Disease": 0.246047,
    "Bronchiectasis": 0.056321,
    "Bronchiolitis": 0.035523,
    "Bullous Disease": 0.044899,
    "Calcified Granuloma": 0.347454,
    "Calcinosis": 0.322635,
    "Cardiac Shadow (abnormal)": 0.146884,
    "Cardiomegaly": 0.232351,
    "Consolidation": 0.144624,
    "Degenerative Change": 0.39411,
    "Edema": 0.178874,
    "Effusion": 0.053013,
    "Emphysema": 0.230251,
    "Fibrosis": 0.281144,
    "Fractures": 0.247816,
    "Hernia": 0.220651,
    "Hyperinflation": 0.39254,
    "Increased Lung Markings": 0.272973,
    "Interstitial Lung Disease": 0.150784,
    "Kyphosis": 0.133734,
    "Lesion": 0.384692,
    "Mass": 0.077771,
    "Nodule": 0.232525,
    "Osteophyte": 0.192434,
    "Pleural Effusion": 0.18214,
    "Pleural Thickening": 0.18868,
    "Pneumothorax": 0.0781,
    "Pulmonary Artery Enlargement": 0.121772,
    "Pulmonary Fibrosis": 0.100583,
    "Rib Fracture": 0.059037,
    "Scoliosis": 0.229004,
    "Subcutaneous Emphysema": 0.053722,
    "Thickening": 0.186309,
    "Volume Loss": 0.267705,
    "normal": 0.650741
  },
  "frontal_probs": {
    "Airspace Disease": 0.33029961585998535,
    "Bronchiectasis": 0.08374853432178497,
    "Bronchiolitis": 0.054475702345371246,
    "Bullous Disease": 0.06742934137582779,
    "Calcified Granuloma": 0.38736289739608765,
    "Calcinosis": 0.3553991913795471,
    "Cardiac Shadow (abnormal)": 0.2171632945537567,
    "Cardiomegaly": 0.3267931640148163,
    "Consolidation": 0.18807563185691833,
    "Degenerative Change": 0.45608583092689514,
    "Edema": 0.25049006938934326,
    "Effusion": 0.07618068903684616,
    "Emphysema": 0.28727608919143677,
    "Fibrosis": 0.34749355912208557,
    "Fractures": 0.30724045634269714,
    "Hernia": 0.3224204480648041,
    "Hyperinflation": 0.4695364236831665,
    "Increased Lung Markings": 0.3673616647720337,
    "Interstitial Lung Disease": 0.18309469521045685,
    "Kyphosis": 0.19482125341892242,
    "Lesion": 0.5067656636238098,
    "Mass": 0.11002516001462936,
    "Nodule": 0.250814825296402,
    "Osteophyte": 0.2564091682434082,
    "Pleural Effusion": 0.263601690530777,
    "Pleural Thickening": 0.26840266585350037,
    "Pneumothorax": 0.10581763833761215,
    "Pulmonary Artery Enlargement": 0.17950735986232758,
    "Pulmonary Fibrosis": 0.14427384734153748,
    "Rib Fracture": 0.08966924250125885,
    "Scoliosis": 0.2530933916568756,
    "Subcutaneous Emphysema": 0.0758596882224083,
    "Thickening": 0.2276122123003006,
    "Volume Loss": 0.3631023168563843,
    "normal": 0.5040929913520813
  },
  "lateral_probs": {
    "Airspace Disease": 0.08957873284816742,
    "Bronchiectasis": 0.005383020266890526,
    "Bronchiolitis": 0.0003258580691181123,
    "Bullous Disease": 0.0030559045262634754,
    "Calcified Granuloma": 0.27333733439445496,
    "Calcinosis": 0.2617875039577484,
    "Cardiac Shadow (abnormal)": 0.01636456325650215,
    "Cardiomegaly": 0.056957464665174484,
    "Consolidation": 0.06392864137887955,
    "Degenerative Change": 0.279011070728302,
    "Edema": 0.04587161913514137,
    "Effusion": 0.009988010860979557,
    "Emphysema": 0.12434806674718857,
    "Fibrosis": 0.15792283415794373,
    "Fractures": 0.13745488226413727,
    "Hernia": 0.03164936974644661,
    "Hyperinflation": 0.2495480626821518,
    "Increased Lung Markings": 0.09767855703830719,
    "Interstitial Lung Disease": 0.09077811986207962,
    "Kyphosis": 0.02028723992407322,
    "Lesion": 0.15798278152942657,
    "Mass": 0.017869915813207626,
    "Nodule": 0.1985567808151245,
    "Osteophyte": 0.07362190634012222,
    "Pleural Effusion": 0.030853530392050743,
    "Pleural Thickening": 0.04062439873814583,
    "Pneumothorax": 0.026625484228134155,
    "Pulmonary Artery Enlargement": 0.014549541287124157,
    "Pulmonary Fibrosis": 0.019443579018115997,
    "Rib Fracture": 0.00214715045876801,
    "Scoliosis": 0.1842665821313858,
    "Subcutaneous Emphysema": 0.012610049918293953,
    "Thickening": 0.10960327088832855,
    "Volume Loss": 0.09053847193717957,
    "normal": 0.9230865240097046
  }
}