{
  "uid": "3831",
  "frontal_image": "3831_IM-1934-1001.dcm.png",
  "lateral_image": "3831_IM-1934-2001.dcm.png",
  "fusion_mode": "weighted_avg(f=0.65,l=0.35)",
  "predicted_classes": [
    "normal"
  ],
  "resolved_classes": [
    "normal"
  ],
  "kg_classes": [
    "Normal"
  ],
  "num_predicted": 1,
  "conflict_resolution": "no_conflict",
  "is_uncertain": false,
  "uncertainty_reason": "",
  "inference_time_s": 0.2535,
  "gt_labels": "normal",
  "probabilities": {
    "Airspace Disease": 0.028237,
    "Bronchiectasis": 0.000628,
    "Bronchiolitis": 3.2e-05,
    "Bullous Disease": 0.000511,
    "Calcified Granuloma": 0.10135,
    "Calcinosis": 0.054557,
    "Cardiac Shadow (abnormal)": 0.007167,
    "Cardiomegaly": 0.021393,
    "Consolidation": 0.010331,
    "Degenerative Change": 0.099072,
    "Edema": 0.014957,
    "Effusion": 0.003172,
    "Emphysema": 0.025184,
    "Fibrosis": 0.031001,
    "Fractures": 0.044922,
    "Hernia": 0.016319,
    "Hyperinflation": 0.061447,
    "Increased Lung Markings": 0.023096,
    "Interstitial Lung Disease": 0.019501,
    "Kyphosis": 0.002337,
    "Lesion": 0.05172,
    "Mass": 0.006759,
    "Nodule": 0.052739,
    "Osteophyte": 0.042718,
    "Pleural Effusion": 0.008984,
    "Pleural Thickening": 0.019008,
    "Pneumothorax": 0.005807,
    "Pulmonary Artery Enlargement": 0.006894,
    "Pulmonary Fibrosis": 0.003041,
    "Rib Fracture": 0.001225,
    "Scoliosis": 0.033284,
    "Subcutaneous Emphysema": 0.000548,
    "Thickening": 0.013159,
    "Volume Loss": 0.034971,
    "normal": 0.978917
  },
  "frontal_probs": {
    "Airspace Disease": 0.0056430562399327755,
    "Bronchiectasis": 4.76541663374519e-06,
    "Bronchiolitis": 1.7441988120481255e-06,
    "Bullous Disease": 9.770403994480148e-05,
    "Calcified Granuloma": 0.038411036133766174,
    "Calcinosis": 0.01697820983827114,
    "Cardiac Shadow (abnormal)": 0.0003045319754164666,
    "Cardiomegaly": 0.0045508937910199165,
    "Consolidation": 0.0014096521772444248,
    "Degenerative Change": 0.017113279551267624,
    "Edema": 0.0010371715761721134,
    "Effusion": 9.51798283495009e-05,
    "Emphysema": 0.003454443998634815,
    "Fibrosis": 0.01049804873764515,
    "Fractures": 0.00585358077660203,
    "Hernia": 0.00255683739669621,
    "Hyperinflation": 0.009064365178346634,
    "Increased Lung Markings": 0.004797768779098988,
    "Interstitial Lung Disease": 0.0007768872892484069,
    "Kyphosis": 0.0006080988678149879,
    "Lesion": 0.008756075985729694,
    "Mass": 8.09899574960582e-05,
    "Nodule": 0.018730586394667625,
    "Osteophyte": 0.015375609509646893,
    "Pleural Effusion": 0.0012886051554232836,
    "Pleural Thickening": 0.007344067562371492,
    "Pneumothorax": 0.00368848186917603,
    "Pulmonary Artery Enlargement": 0.00046470537199638784,
    "Pulmonary Fibrosis": 2.5612780518713407e-05,
    "Rib Fracture": 3.6843390262220055e-05,
    "Scoliosis": 0.007410109508782625,
    "Subcutaneous Emphysema": 1.0051668141386472e-05,
    "Thickening": 0.0010122653329744935,
    "Volume Loss": 0.011768655851483345,
    "normal": 0.9958276152610779
  },
  "lateral_probs": {
    "Airspace Disease": 0.07019715011119843,
    "Bronchiectasis": 0.001786555047146976,
    "Bronchiolitis": 8.862913819029927e-05,
    "Bullous Disease": 0.0012782295234501362,
    "Calcified Granuloma": 0.21823681890964508,
    "Calcinosis": 0.12434546649456024,
    "Cardiac Shadow (abnormal)": 0.019911691546440125,
    "Cardiomegaly": 0.0526704303920269,
    "Consolidation": 0.02689961902797222,
    "Degenerative Change": 0.25128066539764404,
    "Edema": 0.04080678150057793,
    "Effusion": 0.008886381983757019,
    "Emphysema": 0.06553816050291061,
    "Fibrosis": 0.0690765231847763,
    "Fractures": 0.117477647960186,
    "Hernia": 0.04187745600938797,
    "Hyperinflation": 0.15872928500175476,
    "Increased Lung Markings": 0.057077184319496155,
    "Interstitial Lung Disease": 0.054274994879961014,
    "Kyphosis": 0.005547462496906519,
    "Lesion": 0.1315106898546219,
    "Mass": 0.019159981980919838,
    "Nodule": 0.11589684337377548,
    "Osteophyte": 0.09349804371595383,
    "Pleural Effusion": 0.02327624522149563,
    "Pleural Thickening": 0.04066942259669304,
    "Pneumothorax": 0.009742312133312225,
    "Pulmonary Artery Enlargement": 0.01883334293961525,
    "Pulmonary Fibrosis": 0.008640644140541553,
    "Rib Fracture": 0.003430513432249427,
    "Scoliosis": 0.08133426308631897,
    "Subcutaneous Emphysema": 0.0015468236524611712,
    "Thickening": 0.03571852296590805,
    "Volume Loss": 0.0780622735619545,
    "normal": 0.9475129842758179
  }
}