{
  "uid": "3407",
  "frontal_image": "3407_IM-1647-1001.dcm.png",
  "lateral_image": "3407_IM-1647-2001.dcm.png",
  "fusion_mode": "weighted_avg(f=0.65,l=0.35)",
  "predicted_classes": [
    "normal"
  ],
  "resolved_classes": [
    "normal"
  ],
  "kg_classes": [
    "Normal"
  ],
  "num_predicted": 1,
  "conflict_resolution": "no_conflict",
  "is_uncertain": false,
  "uncertainty_reason": "",
  "inference_time_s": 0.2729,
  "gt_labels": "Calcified Granuloma;Degenerative Change",
  "probabilities": {
    "Airspace Disease": 0.121291,
    "Bronchiectasis": 0.007675,
    "Bronchiolitis": 0.001393,
    "Bullous Disease": 0.011415,
    "Calcified Granuloma": 0.319093,
    "Calcinosis": 0.233222,
    "Cardiac Shadow (abnormal)": 0.048569,
    "Cardiomegaly": 0.135905,
    "Consolidation": 0.062639,
    "Degenerative Change": 0.329381,
    "Edema": 0.078093,
    "Effusion": 0.019423,
    "Emphysema": 0.148869,
    "Fibrosis": 0.168845,
    "Fractures": 0.132239,
    "Hernia": 0.077834,
    "Hyperinflation": 0.24985,
    "Increased Lung Markings": 0.148506,
    "Interstitial Lung Disease": 0.082292,
    "Kyphosis": 0.030836,
    "Lesion": 0.229295,
    "Mass": 0.026574,
    "Nodule": 0.21067,
    "Osteophyte": 0.14723,
    "Pleural Effusion": 0.067069,
    "Pleural Thickening": 0.098307,
    "Pneumothorax": 0.041132,
    "Pulmonary Artery Enlargement": 0.029003,
    "Pulmonary Fibrosis": 0.019976,
    "Rib Fracture": 0.011912,
    "Scoliosis": 0.116882,
    "Subcutaneous Emphysema": 0.005261,
    "Thickening": 0.080488,
    "Volume Loss": 0.17156,
    "normal": 0.804316
  },
  "frontal_probs": {
    "Airspace Disease": 0.09540858864784241,
    "Bronchiectasis": 0.002134706126525998,
    "Bronchiolitis": 0.001562196179293096,
    "Bullous Disease": 0.012395069003105164,
    "Calcified Granuloma": 0.3054056763648987,
    "Calcinosis": 0.2120422124862671,
    "Cardiac Shadow (abnormal)": 0.025997642427682877,
    "Cardiomegaly": 0.10108520090579987,
    "Consolidation": 0.033690277487039566,
    "Degenerative Change": 0.3141390085220337,
    "Edema": 0.048235829919576645,
    "Effusion": 0.0070627485401928425,
    "Emphysema": 0.10014607012271881,
    "Fibrosis": 0.13175839185714722,
    "Fractures": 0.1210743710398674,
    "Hernia": 0.07038109004497528,
    "Hyperinflation": 0.1815589964389801,
    "Increased Lung Markings": 0.13611987233161926,
    "Interstitial Lung Disease": 0.05236147344112396,
    "Kyphosis": 0.028261803090572357,
    "Lesion": 0.16983254253864288,
    "Mass": 0.013793586753308773,
    "Nodule": 0.1963890939950943,
    "Osteophyte": 0.13252578675746918,
    "Pleural Effusion": 0.05513745918869972,
    "Pleural Thickening": 0.07627560943365097,
    "Pneumothorax": 0.039529163390398026,
    "Pulmonary Artery Enlargement": 0.010157080367207527,
    "Pulmonary Fibrosis": 0.009038848802447319,
    "Rib Fracture": 0.010529622435569763,
    "Scoliosis": 0.11193381249904633,
    "Subcutaneous Emphysema": 0.0028581058140844107,
    "Thickening": 0.05639348179101944,
    "Volume Loss": 0.133053719997406,
    "normal": 0.8209904432296753
  },
  "lateral_probs": {
    "Airspace Disease": 0.16935743391513824,
    "Bronchiectasis": 0.017963213846087456,
    "Bronchiolitis": 0.00107858597766608,
    "Bullous Disease": 0.009594202041625977,
    "Calcified Granuloma": 0.3445134460926056,
    "Calcinosis": 0.2725566625595093,
    "Cardiac Shadow (abnormal)": 0.09048619866371155,
    "Cardiomegaly": 0.20056909322738647,
    "Consolidation": 0.11640050262212753,
    "Degenerative Change": 0.35768625140190125,
    "Edema": 0.1335417777299881,
    "Effusion": 0.04237833619117737,
    "Emphysema": 0.23935554921627045,
    "Fibrosis": 0.23771902918815613,
    "Fractures": 0.15297387540340424,
    "Hernia": 0.09167460352182388,
    "Hyperinflation": 0.37667614221572876,
    "Increased Lung Markings": 0.1715089976787567,
    "Interstitial Lung Disease": 0.13787655532360077,
    "Kyphosis": 0.03561529517173767,
    "Lesion": 0.33972465991973877,
    "Mass": 0.05030989646911621,
    "Nodule": 0.23719049990177155,
    "Osteophyte": 0.1745382696390152,
    "Pleural Effusion": 0.08922646939754486,
    "Pleural Thickening": 0.13922300934791565,
    "Pneumothorax": 0.04410743713378906,
    "Pulmonary Artery Enlargement": 0.06400210410356522,
    "Pulmonary Fibrosis": 0.040287084877491,
    "Rib Fracture": 0.014478287659585476,
    "Scoliosis": 0.1260727196931839,
    "Subcutaneous Emphysema": 0.009723350405693054,
    "Thickening": 0.12523511052131653,
    "Volume Loss": 0.2430722415447235,
    "normal": 0.7733491063117981
  }
}