{
  "uid": "3539",
  "frontal_image": "3539_IM-1731-1001.dcm.png",
  "lateral_image": "3539_IM-1731-3001.dcm.png",
  "fusion_mode": "weighted_avg(f=0.65,l=0.35)",
  "predicted_classes": [
    "normal"
  ],
  "resolved_classes": [
    "normal"
  ],
  "kg_classes": [
    "Normal"
  ],
  "num_predicted": 1,
  "conflict_resolution": "no_conflict",
  "is_uncertain": false,
  "uncertainty_reason": "",
  "inference_time_s": 0.2489,
  "gt_labels": "normal",
  "probabilities": {
    "Airspace Disease": 0.211901,
    "Bronchiectasis": 0.01917,
    "Bronchiolitis": 0.004211,
    "Bullous Disease": 0.014986,
    "Calcified Granuloma": 0.23955,
    "Calcinosis": 0.202133,
    "Cardiac Shadow (abnormal)": 0.142333,
    "Cardiomegaly": 0.226559,
    "Consolidation": 0.076043,
    "Degenerative Change": 0.275046,
    "Edema": 0.173634,
    "Effusion": 0.040588,
    "Emphysema": 0.120098,
    "Fibrosis": 0.177979,
    "Fractures": 0.15794,
    "Hernia": 0.169601,
    "Hyperinflation": 0.328631,
    "Increased Lung Markings": 0.26188,
    "Interstitial Lung Disease": 0.08265,
    "Kyphosis": 0.051891,
    "Lesion": 0.336077,
    "Mass": 0.047798,
    "Nodule": 0.247926,
    "Osteophyte": 0.152614,
    "Pleural Effusion": 0.129273,
    "Pleural Thickening": 0.141979,
    "Pneumothorax": 0.064963,
    "Pulmonary Artery Enlargement": 0.076736,
    "Pulmonary Fibrosis": 0.039217,
    "Rib Fracture": 0.02195,
    "Scoliosis": 0.148788,
    "Subcutaneous Emphysema": 0.017506,
    "Thickening": 0.131704,
    "Volume Loss": 0.215344,
    "normal": 0.78243
  },
  "frontal_probs": {
    "Airspace Disease": 0.18373683094978333,
    "Bronchiectasis": 0.01141346339136362,
    "Bronchiolitis": 0.004359382204711437,
    "Bullous Disease": 0.011065755970776081,
    "Calcified Granuloma": 0.2017613798379898,
    "Calcinosis": 0.15201841294765472,
    "Cardiac Shadow (abnormal)": 0.13533572852611542,
    "Cardiomegaly": 0.22290071845054626,
    "Consolidation": 0.05301099270582199,
    "Degenerative Change": 0.24102358520030975,
    "Edema": 0.17259715497493744,
    "Effusion": 0.030576355755329132,
    "Emphysema": 0.10542187839746475,
    "Fibrosis": 0.14457741379737854,
    "Fractures": 0.14189141988754272,
    "Hernia": 0.16868777573108673,
    "Hyperinflation": 0.27306506037712097,
    "Increased Lung Markings": 0.2234109789133072,
    "Interstitial Lung Disease": 0.06592915952205658,
    "Kyphosis": 0.039407044649124146,
    "Lesion": 0.3330663740634918,
    "Mass": 0.030105894431471825,
    "Nodule": 0.23085853457450867,
    "Osteophyte": 0.1432625651359558,
    "Pleural Effusion": 0.0986243337392807,
    "Pleural Thickening": 0.12411348521709442,
    "Pneumothorax": 0.06307891011238098,
    "Pulmonary Artery Enlargement": 0.08244813233613968,
    "Pulmonary Fibrosis": 0.021981490775942802,
    "Rib Fracture": 0.025317305698990822,
    "Scoliosis": 0.11703051626682281,
    "Subcutaneous Emphysema": 0.00976323802024126,
    "Thickening": 0.11885320395231247,
    "Volume Loss": 0.18750923871994019,
    "normal": 0.8015867471694946
  },
  "lateral_probs": {
    "Airspace Disease": 0.26420465111732483,
    "Bronchiectasis": 0.03357459604740143,
    "Bronchiolitis": 0.003934414591640234,
    "Bullous Disease": 0.02226770855486393,
    "Calcified Granuloma": 0.30972927808761597,
    "Calcinosis": 0.2952026426792145,
    "Cardiac Shadow (abnormal)": 0.15532876551151276,
    "Cardiomegaly": 0.23335349559783936,
    "Consolidation": 0.11881673336029053,
    "Degenerative Change": 0.3382313847541809,
    "Edema": 0.17556019127368927,
    "Effusion": 0.05918048322200775,
    "Emphysema": 0.1473540961742401,
    "Fibrosis": 0.2400103360414505,
    "Fractures": 0.18774491548538208,
    "Hernia": 0.17129752039909363,
    "Hyperinflation": 0.4318261742591858,
    "Increased Lung Markings": 0.3333211839199066,
    "Interstitial Lung Disease": 0.11370399594306946,
    "Kyphosis": 0.0750742107629776,
    "Lesion": 0.3416685461997986,
    "Mass": 0.08065343648195267,
    "Nodule": 0.2796233892440796,
    "Osteophyte": 0.16998076438903809,
    "Pleural Effusion": 0.18619166314601898,
    "Pleural Thickening": 0.17515718936920166,
    "Pneumothorax": 0.06846070289611816,
    "Pulmonary Artery Enlargement": 0.06612759083509445,
    "Pulmonary Fibrosis": 0.07122450321912766,
    "Rib Fracture": 0.01569620706140995,
    "Scoliosis": 0.20776645839214325,
    "Subcutaneous Emphysema": 0.0318840816617012,
    "Thickening": 0.1555698662996292,
    "Volume Loss": 0.26703739166259766,
    "normal": 0.746853232383728
  }
}