{
  "uid": "3433",
  "frontal_image": "3433_IM-1662-1001.dcm.png",
  "lateral_image": "3433_IM-1662-2001.dcm.png",
  "fusion_mode": "weighted_avg(f=0.65,l=0.35)",
  "predicted_classes": [
    "normal"
  ],
  "resolved_classes": [
    "normal"
  ],
  "kg_classes": [
    "Normal"
  ],
  "num_predicted": 1,
  "conflict_resolution": "no_conflict",
  "is_uncertain": false,
  "uncertainty_reason": "",
  "inference_time_s": 0.272,
  "gt_labels": "normal",
  "probabilities": {
    "Airspace Disease": 0.111147,
    "Bronchiectasis": 0.011685,
    "Bronchiolitis": 0.002883,
    "Bullous Disease": 0.015023,
    "Calcified Granuloma": 0.216308,
    "Calcinosis": 0.220147,
    "Cardiac Shadow (abnormal)": 0.175359,
    "Cardiomegaly": 0.346366,
    "Consolidation": 0.046858,
    "Degenerative Change": 0.294526,
    "Edema": 0.148991,
    "Effusion": 0.087287,
    "Emphysema": 0.054825,
    "Fibrosis": 0.146745,
    "Fractures": 0.14378,
    "Hernia": 0.137585,
    "Hyperinflation": 0.288454,
    "Increased Lung Markings": 0.250425,
    "Interstitial Lung Disease": 0.05393,
    "Kyphosis": 0.078369,
    "Lesion": 0.245874,
    "Mass": 0.043203,
    "Nodule": 0.232836,
    "Osteophyte": 0.178701,
    "Pleural Effusion": 0.094055,
    "Pleural Thickening": 0.063098,
    "Pneumothorax": 0.064925,
    "Pulmonary Artery Enlargement": 0.078885,
    "Pulmonary Fibrosis": 0.035048,
    "Rib Fracture": 0.020348,
    "Scoliosis": 0.187027,
    "Subcutaneous Emphysema": 0.018027,
    "Thickening": 0.151985,
    "Volume Loss": 0.184245,
    "normal": 0.772099
  },
  "frontal_probs": {
    "Airspace Disease": 0.11858129501342773,
    "Bronchiectasis": 0.014227474108338356,
    "Bronchiolitis": 0.0042733545415103436,
    "Bullous Disease": 0.02102532424032688,
    "Calcified Granuloma": 0.19755801558494568,
    "Calcinosis": 0.23689228296279907,
    "Cardiac Shadow (abnormal)": 0.2501262128353119,
    "Cardiomegaly": 0.4791862666606903,
    "Consolidation": 0.04410625994205475,
    "Degenerative Change": 0.28728726506233215,
    "Edema": 0.2010275274515152,
    "Effusion": 0.1298283040523529,
    "Emphysema": 0.05043201521039009,
    "Fibrosis": 0.14523060619831085,
    "Fractures": 0.16874727606773376,
    "Hernia": 0.17181509733200073,
    "Hyperinflation": 0.3040544390678406,
    "Increased Lung Markings": 0.30197763442993164,
    "Interstitial Lung Disease": 0.05531006678938866,
    "Kyphosis": 0.1133894994854927,
    "Lesion": 0.25656557083129883,
    "Mass": 0.055727288126945496,
    "Nodule": 0.2506013810634613,
    "Osteophyte": 0.21856392920017242,
    "Pleural Effusion": 0.12229835987091064,
    "Pleural Thickening": 0.07277610152959824,
    "Pneumothorax": 0.09446801990270615,
    "Pulmonary Artery Enlargement": 0.10954717546701431,
    "Pulmonary Fibrosis": 0.04222358763217926,
    "Rib Fracture": 0.028926093131303787,
    "Scoliosis": 0.210591658949852,
    "Subcutaneous Emphysema": 0.02556062862277031,
    "Thickening": 0.172654926776886,
    "Volume Loss": 0.21927249431610107,
    "normal": 0.7061964869499207
  },
  "lateral_probs": {
    "Airspace Disease": 0.09734132140874863,
    "Bronchiectasis": 0.006962209474295378,
    "Bronchiolitis": 0.00030047367908991873,
    "Bullous Disease": 0.003875137073919177,
    "Calcified Granuloma": 0.2511281371116638,
    "Calcinosis": 0.1890491247177124,
    "Cardiac Shadow (abnormal)": 0.036505505442619324,
    "Cardiomegaly": 0.09970024228096008,
    "Consolidation": 0.05196836218237877,
    "Degenerative Change": 0.3079693615436554,
    "Edema": 0.05235205590724945,
    "Effusion": 0.008281226269900799,
    "Emphysema": 0.06298479437828064,
    "Fibrosis": 0.14955656230449677,
    "Fractures": 0.09741204977035522,
    "Hernia": 0.07401607185602188,
    "Hyperinflation": 0.2594810128211975,
    "Increased Lung Markings": 0.15468335151672363,
    "Interstitial Lung Disease": 0.05136753246188164,
    "Kyphosis": 0.013329543173313141,
    "Lesion": 0.22601726651191711,
    "Mass": 0.019944269210100174,
    "Nodule": 0.1998424232006073,
    "Osteophyte": 0.1046694740653038,
    "Pleural Effusion": 0.04160410538315773,
    "Pleural Thickening": 0.045125123113393784,
    "Pneumothorax": 0.010060676373541355,
    "Pulmonary Artery Enlargement": 0.021939707919955254,
    "Pulmonary Fibrosis": 0.021722614765167236,
    "Rib Fracture": 0.004416589625179768,
    "Scoliosis": 0.1432647407054901,
    "Subcutaneous Emphysema": 0.004034707788378,
    "Thickening": 0.1135970875620842,
    "Volume Loss": 0.11919420957565308,
    "normal": 0.8944904804229736
  }
}