{
  "uid": "3691",
  "frontal_image": "3691_IM-1842-1001.dcm.png",
  "lateral_image": "3691_IM-1842-3003.dcm.png",
  "fusion_mode": "weighted_avg(f=0.65,l=0.35)",
  "predicted_classes": [
    "Lesion",
    "Degenerative Change"
  ],
  "resolved_classes": [
    "Lesion",
    "Degenerative Change"
  ],
  "kg_classes": [
    "Lesion",
    "Degenerative Change"
  ],
  "num_predicted": 2,
  "conflict_resolution": "no_conflict",
  "is_uncertain": false,
  "uncertainty_reason": "",
  "inference_time_s": 0.2625,
  "gt_labels": "Degenerative Change",
  "probabilities": {
    "Airspace Disease": 0.342459,
    "Bronchiectasis": 0.111821,
    "Bronchiolitis": 0.069625,
    "Bullous Disease": 0.109222,
    "Calcified Granuloma": 0.465217,
    "Calcinosis": 0.408818,
    "Cardiac Shadow (abnormal)": 0.196742,
    "Cardiomegaly": 0.311657,
    "Consolidation": 0.217864,
    "Degenerative Change": 0.530958,
    "Edema": 0.257396,
    "Effusion": 0.074063,
    "Emphysema": 0.469237,
    "Fibrosis": 0.365166,
    "Fractures": 0.26174,
    "Hernia": 0.300194,
    "Hyperinflation": 0.497523,
    "Increased Lung Markings": 0.319804,
    "Interstitial Lung Disease": 0.314786,
    "Kyphosis": 0.17498,
    "Lesion": 0.534803,
    "Mass": 0.164337,
    "Nodule": 0.332235,
    "Osteophyte": 0.276451,
    "Pleural Effusion": 0.300405,
    "Pleural Thickening": 0.28346,
    "Pneumothorax": 0.126655,
    "Pulmonary Artery Enlargement": 0.10828,
    "Pulmonary Fibrosis": 0.172513,
    "Rib Fracture": 0.103051,
    "Scoliosis": 0.173808,
    "Subcutaneous Emphysema": 0.064737,
    "Thickening": 0.209558,
    "Volume Loss": 0.384176,
    "normal": 0.465957
  },
  "frontal_probs": {
    "Airspace Disease": 0.37094369530677795,
    "Bronchiectasis": 0.11616827547550201,
    "Bronchiolitis": 0.09705547243356705,
    "Bullous Disease": 0.14014673233032227,
    "Calcified Granuloma": 0.5022605061531067,
    "Calcinosis": 0.4441244304180145,
    "Cardiac Shadow (abnormal)": 0.1996910274028778,
    "Cardiomegaly": 0.3108169138431549,
    "Consolidation": 0.2299141138792038,
    "Degenerative Change": 0.5394775867462158,
    "Edema": 0.27702128887176514,
    "Effusion": 0.06315066665410995,
    "Emphysema": 0.5002493262290955,
    "Fibrosis": 0.37923893332481384,
    "Fractures": 0.28642281889915466,
    "Hernia": 0.320483922958374,
    "Hyperinflation": 0.517482340335846,
    "Increased Lung Markings": 0.36029714345932007,
    "Interstitial Lung Disease": 0.3536299169063568,
    "Kyphosis": 0.19156067073345184,
    "Lesion": 0.5625747442245483,
    "Mass": 0.15767762064933777,
    "Nodule": 0.3788415789604187,
    "Osteophyte": 0.2721727192401886,
    "Pleural Effusion": 0.30701032280921936,
    "Pleural Thickening": 0.3012342154979706,
    "Pneumothorax": 0.09078856557607651,
    "Pulmonary Artery Enlargement": 0.09863746166229248,
    "Pulmonary Fibrosis": 0.1901330202817917,
    "Rib Fracture": 0.12276521325111389,
    "Scoliosis": 0.1441861242055893,
    "Subcutaneous Emphysema": 0.06496739387512207,
    "Thickening": 0.2136126458644867,
    "Volume Loss": 0.40531814098358154,
    "normal": 0.42729607224464417
  },
  "lateral_probs": {
    "Airspace Disease": 0.28955745697021484,
    "Bronchiectasis": 0.10374725610017776,
    "Bronchiolitis": 0.01868276670575142,
    "Bullous Disease": 0.0517900213599205,
    "Calcified Granuloma": 0.39642176032066345,
    "Calcinosis": 0.34324926137924194,
    "Cardiac Shadow (abnormal)": 0.19126665592193604,
    "Cardiomegaly": 0.31321585178375244,
    "Consolidation": 0.1954859495162964,
    "Degenerative Change": 0.5151347517967224,
    "Edema": 0.22094964981079102,
    "Effusion": 0.09432874619960785,
    "Emphysema": 0.4116431772708893,
    "Fibrosis": 0.3390306532382965,
    "Fractures": 0.215901717543602,
    "Hernia": 0.2625119090080261,
    "Hyperinflation": 0.46045631170272827,
    "Increased Lung Markings": 0.24460160732269287,
    "Interstitial Lung Disease": 0.24264591932296753,
    "Kyphosis": 0.14418794214725494,
    "Lesion": 0.4832272231578827,
    "Mass": 0.17670485377311707,
    "Nodule": 0.2456807792186737,
    "Osteophyte": 0.2843972444534302,
    "Pleural Effusion": 0.2881389260292053,
    "Pleural Thickening": 0.25045090913772583,
    "Pneumothorax": 0.1932651251554489,
    "Pulmonary Artery Enlargement": 0.12618817389011383,
    "Pulmonary Fibrosis": 0.13978983461856842,
    "Rib Fracture": 0.06643998622894287,
    "Scoliosis": 0.22881922125816345,
    "Subcutaneous Emphysema": 0.06430888175964355,
    "Thickening": 0.2020265907049179,
    "Volume Loss": 0.34491196274757385,
    "normal": 0.5377556085586548
  }
}