{
  "uid": "3869",
  "frontal_image": "3869_IM-1962-1001.dcm.png",
  "lateral_image": "3869_IM-1962-2001.dcm.png",
  "fusion_mode": "weighted_avg(f=0.65,l=0.35)",
  "predicted_classes": [
    "normal"
  ],
  "resolved_classes": [
    "normal"
  ],
  "kg_classes": [
    "Normal"
  ],
  "num_predicted": 1,
  "conflict_resolution": "no_conflict",
  "is_uncertain": false,
  "uncertainty_reason": "",
  "inference_time_s": 0.2392,
  "gt_labels": "Cardiomegaly",
  "probabilities": {
    "Airspace Disease": 0.125159,
    "Bronchiectasis": 0.035144,
    "Bronchiolitis": 0.004851,
    "Bullous Disease": 0.013845,
    "Calcified Granuloma": 0.282213,
    "Calcinosis": 0.22297,
    "Cardiac Shadow (abnormal)": 0.059168,
    "Cardiomegaly": 0.216311,
    "Consolidation": 0.081121,
    "Degenerative Change": 0.362351,
    "Edema": 0.083379,
    "Effusion": 0.034852,
    "Emphysema": 0.170202,
    "Fibrosis": 0.201299,
    "Fractures": 0.142748,
    "Hernia": 0.180489,
    "Hyperinflation": 0.26413,
    "Increased Lung Markings": 0.147417,
    "Interstitial Lung Disease": 0.136757,
    "Kyphosis": 0.093535,
    "Lesion": 0.223289,
    "Mass": 0.075669,
    "Nodule": 0.149871,
    "Osteophyte": 0.182986,
    "Pleural Effusion": 0.093557,
    "Pleural Thickening": 0.110674,
    "Pneumothorax": 0.058245,
    "Pulmonary Artery Enlargement": 0.0707,
    "Pulmonary Fibrosis": 0.047465,
    "Rib Fracture": 0.023119,
    "Scoliosis": 0.180781,
    "Subcutaneous Emphysema": 0.021762,
    "Thickening": 0.084538,
    "Volume Loss": 0.179762,
    "normal": 0.805295
  },
  "frontal_probs": {
    "Airspace Disease": 0.026012824848294258,
    "Bronchiectasis": 0.0016379810404032469,
    "Bronchiolitis": 0.0007360801100730896,
    "Bullous Disease": 0.0031207131687551737,
    "Calcified Granuloma": 0.20811834931373596,
    "Calcinosis": 0.14163725078105927,
    "Cardiac Shadow (abnormal)": 0.016444558277726173,
    "Cardiomegaly": 0.15061992406845093,
    "Consolidation": 0.01758989691734314,
    "Degenerative Change": 0.29418161511421204,
    "Edema": 0.013043655082583427,
    "Effusion": 0.005496586672961712,
    "Emphysema": 0.0959479957818985,
    "Fibrosis": 0.12449107319116592,
    "Fractures": 0.1143619567155838,
    "Hernia": 0.1306517869234085,
    "Hyperinflation": 0.17172911763191223,
    "Increased Lung Markings": 0.0896436795592308,
    "Interstitial Lung Disease": 0.07014945149421692,
    "Kyphosis": 0.05790102109313011,
    "Lesion": 0.1012449786067009,
    "Mass": 0.02190893143415451,
    "Nodule": 0.0943714827299118,
    "Osteophyte": 0.14383076131343842,
    "Pleural Effusion": 0.021294983103871346,
    "Pleural Thickening": 0.04419863224029541,
    "Pneumothorax": 0.017278430983424187,
    "Pulmonary Artery Enlargement": 0.045194875448942184,
    "Pulmonary Fibrosis": 0.0032342381309717894,
    "Rib Fracture": 0.005473436322063208,
    "Scoliosis": 0.14308816194534302,
    "Subcutaneous Emphysema": 0.004965462256222963,
    "Thickening": 0.03208485618233681,
    "Volume Loss": 0.0783175602555275,
    "normal": 0.9224034547805786
  },
  "lateral_probs": {
    "Airspace Disease": 0.30928710103034973,
    "Bronchiectasis": 0.09736935794353485,
    "Bronchiolitis": 0.012493304908275604,
    "Bullous Disease": 0.03376222401857376,
    "Calcified Granuloma": 0.41981634497642517,
    "Calcinosis": 0.3740161955356598,
    "Cardiac Shadow (abnormal)": 0.13851022720336914,
    "Cardiomegaly": 0.33830854296684265,
    "Consolidation": 0.19910764694213867,
    "Degenerative Change": 0.488951712846756,
    "Edema": 0.21400289237499237,
    "Effusion": 0.08937012404203415,
    "Emphysema": 0.3081033229827881,
    "Fibrosis": 0.34394219517707825,
    "Fractures": 0.19546352326869965,
    "Hernia": 0.27304285764694214,
    "Hyperinflation": 0.4357313811779022,
    "Increased Lung Markings": 0.25471097230911255,
    "Interstitial Lung Disease": 0.2604568600654602,
    "Kyphosis": 0.15971212089061737,
    "Lesion": 0.44994282722473145,
    "Mass": 0.1755083054304123,
    "Nodule": 0.2529412508010864,
    "Osteophyte": 0.25570428371429443,
    "Pleural Effusion": 0.22775830328464508,
    "Pleural Thickening": 0.23412908613681793,
    "Pneumothorax": 0.1343257576227188,
    "Pulmonary Artery Enlargement": 0.11806594580411911,
    "Pulmonary Fibrosis": 0.12960898876190186,
    "Rib Fracture": 0.055889904499053955,
    "Scoliosis": 0.2507832944393158,
    "Subcutaneous Emphysema": 0.05295659601688385,
    "Thickening": 0.18195055425167084,
    "Volume Loss": 0.36815863847732544,
    "normal": 0.5878088474273682
  }
}