{
  "uid": "3481",
  "frontal_image": "3481_IM-1692-1001.dcm.png",
  "lateral_image": "3481_IM-1692-2001.dcm.png",
  "fusion_mode": "weighted_avg(f=0.65,l=0.35)",
  "predicted_classes": [
    "normal"
  ],
  "resolved_classes": [
    "normal"
  ],
  "kg_classes": [
    "Normal"
  ],
  "num_predicted": 1,
  "conflict_resolution": "no_conflict",
  "is_uncertain": false,
  "uncertainty_reason": "",
  "inference_time_s": 0.2451,
  "gt_labels": "Degenerative Change;Hyperinflation",
  "probabilities": {
    "Airspace Disease": 0.078524,
    "Bronchiectasis": 0.018244,
    "Bronchiolitis": 0.001084,
    "Bullous Disease": 0.006659,
    "Calcified Granuloma": 0.212341,
    "Calcinosis": 0.179306,
    "Cardiac Shadow (abnormal)": 0.033111,
    "Cardiomegaly": 0.067833,
    "Consolidation": 0.038654,
    "Degenerative Change": 0.214017,
    "Edema": 0.040211,
    "Effusion": 0.012701,
    "Emphysema": 0.133833,
    "Fibrosis": 0.147313,
    "Fractures": 0.102481,
    "Hernia": 0.07726,
    "Hyperinflation": 0.18515,
    "Increased Lung Markings": 0.086487,
    "Interstitial Lung Disease": 0.081998,
    "Kyphosis": 0.027001,
    "Lesion": 0.166494,
    "Mass": 0.037477,
    "Nodule": 0.12417,
    "Osteophyte": 0.097621,
    "Pleural Effusion": 0.050087,
    "Pleural Thickening": 0.07317,
    "Pneumothorax": 0.036951,
    "Pulmonary Artery Enlargement": 0.021788,
    "Pulmonary Fibrosis": 0.02412,
    "Rib Fracture": 0.008663,
    "Scoliosis": 0.148715,
    "Subcutaneous Emphysema": 0.006683,
    "Thickening": 0.071254,
    "Volume Loss": 0.101824,
    "normal": 0.8935
  },
  "frontal_probs": {
    "Airspace Disease": 0.03217535465955734,
    "Bronchiectasis": 0.0007158072548918426,
    "Bronchiolitis": 0.00013273554213810712,
    "Bullous Disease": 0.0013137087225914001,
    "Calcified Granuloma": 0.1543751209974289,
    "Calcinosis": 0.09883181750774384,
    "Cardiac Shadow (abnormal)": 0.009919030591845512,
    "Cardiomegaly": 0.03236048296093941,
    "Consolidation": 0.012481985613703728,
    "Degenerative Change": 0.12696827948093414,
    "Edema": 0.010053322650492191,
    "Effusion": 0.0034991211723536253,
    "Emphysema": 0.06793123483657837,
    "Fibrosis": 0.11672287434339523,
    "Fractures": 0.05768436938524246,
    "Hernia": 0.043464478105306625,
    "Hyperinflation": 0.1112440750002861,
    "Increased Lung Markings": 0.053843725472688675,
    "Interstitial Lung Disease": 0.03929630666971207,
    "Kyphosis": 0.016463981941342354,
    "Lesion": 0.09498279541730881,
    "Mass": 0.00764576205983758,
    "Nodule": 0.06114129349589348,
    "Osteophyte": 0.056913405656814575,
    "Pleural Effusion": 0.016128407791256905,
    "Pleural Thickening": 0.053949616849422455,
    "Pneumothorax": 0.028293045237660408,
    "Pulmonary Artery Enlargement": 0.008276770822703838,
    "Pulmonary Fibrosis": 0.0022251117043197155,
    "Rib Fracture": 0.0014060562243685126,
    "Scoliosis": 0.12506438791751862,
    "Subcutaneous Emphysema": 0.0011821925872936845,
    "Thickening": 0.027477724477648735,
    "Volume Loss": 0.059988297522068024,
    "normal": 0.9468843936920166
  },
  "lateral_probs": {
    "Airspace Disease": 0.16459991037845612,
    "Bronchiectasis": 0.05079735815525055,
    "Bronchiolitis": 0.0028502698987722397,
    "Bullous Disease": 0.016586223617196083,
    "Calcified Granuloma": 0.319992333650589,
    "Calcinosis": 0.3287590444087982,
    "Cardiac Shadow (abnormal)": 0.07618051767349243,
    "Cardiomegaly": 0.1337093859910965,
    "Consolidation": 0.08726049214601517,
    "Degenerative Change": 0.37567898631095886,
    "Edema": 0.09621769189834595,
    "Effusion": 0.02979048155248165,
    "Emphysema": 0.25622284412384033,
    "Fibrosis": 0.20412316918373108,
    "Fractures": 0.1856747716665268,
    "Hernia": 0.14002439379692078,
    "Hyperinflation": 0.3224029541015625,
    "Increased Lung Markings": 0.1471104621887207,
    "Interstitial Lung Disease": 0.16130226850509644,
    "Kyphosis": 0.046570707112550735,
    "Lesion": 0.2993006110191345,
    "Mass": 0.0928783267736435,
    "Nodule": 0.24122430384159088,
    "Osteophyte": 0.17322011291980743,
    "Pleural Effusion": 0.11315259337425232,
    "Pleural Thickening": 0.10886391997337341,
    "Pneumothorax": 0.053029872477054596,
    "Pulmonary Artery Enlargement": 0.04687950387597084,
    "Pulmonary Fibrosis": 0.06478241831064224,
    "Rib Fracture": 0.022140899673104286,
    "Scoliosis": 0.19263732433319092,
    "Subcutaneous Emphysema": 0.01689894311130047,
    "Thickening": 0.15255151689052582,
    "Volume Loss": 0.1795188933610916,
    "normal": 0.7943580150604248
  }
}