{
  "uid": "3367",
  "frontal_image": "3367_IM-1619-3001.dcm.png",
  "lateral_image": "3367_IM-1619-4001.dcm.png",
  "fusion_mode": "weighted_avg(f=0.65,l=0.35)",
  "predicted_classes": [
    "normal"
  ],
  "resolved_classes": [
    "normal"
  ],
  "kg_classes": [
    "Normal"
  ],
  "num_predicted": 1,
  "conflict_resolution": "no_conflict",
  "is_uncertain": false,
  "uncertainty_reason": "",
  "inference_time_s": 0.2633,
  "gt_labels": "normal",
  "probabilities": {
    "Airspace Disease": 0.167983,
    "Bronchiectasis": 0.01208,
    "Bronchiolitis": 0.00143,
    "Bullous Disease": 0.013969,
    "Calcified Granuloma": 0.246693,
    "Calcinosis": 0.166015,
    "Cardiac Shadow (abnormal)": 0.04086,
    "Cardiomegaly": 0.101354,
    "Consolidation": 0.09296,
    "Degenerative Change": 0.258188,
    "Edema": 0.086482,
    "Effusion": 0.012577,
    "Emphysema": 0.10429,
    "Fibrosis": 0.154218,
    "Fractures": 0.130309,
    "Hernia": 0.061709,
    "Hyperinflation": 0.263112,
    "Increased Lung Markings": 0.230914,
    "Interstitial Lung Disease": 0.049969,
    "Kyphosis": 0.038151,
    "Lesion": 0.267174,
    "Mass": 0.024194,
    "Nodule": 0.161883,
    "Osteophyte": 0.110768,
    "Pleural Effusion": 0.06163,
    "Pleural Thickening": 0.055964,
    "Pneumothorax": 0.053298,
    "Pulmonary Artery Enlargement": 0.025939,
    "Pulmonary Fibrosis": 0.020691,
    "Rib Fracture": 0.007098,
    "Scoliosis": 0.164651,
    "Subcutaneous Emphysema": 0.009381,
    "Thickening": 0.064752,
    "Volume Loss": 0.134449,
    "normal": 0.816866
  },
  "frontal_probs": {
    "Airspace Disease": 0.16504274308681488,
    "Bronchiectasis": 0.013652050867676735,
    "Bronchiolitis": 0.0015493850223720074,
    "Bullous Disease": 0.016037210822105408,
    "Calcified Granuloma": 0.20498856902122498,
    "Calcinosis": 0.13398055732250214,
    "Cardiac Shadow (abnormal)": 0.04024162515997887,
    "Cardiomegaly": 0.06036841869354248,
    "Consolidation": 0.09277379512786865,
    "Degenerative Change": 0.16863276064395905,
    "Edema": 0.10008320212364197,
    "Effusion": 0.013651146553456783,
    "Emphysema": 0.11389659345149994,
    "Fibrosis": 0.10763464868068695,
    "Fractures": 0.10830153524875641,
    "Hernia": 0.0546107217669487,
    "Hyperinflation": 0.2419537454843521,
    "Increased Lung Markings": 0.2719787657260895,
    "Interstitial Lung Disease": 0.034354764968156815,
    "Kyphosis": 0.020554164424538612,
    "Lesion": 0.2533217668533325,
    "Mass": 0.020331479609012604,
    "Nodule": 0.16236542165279388,
    "Osteophyte": 0.09634368121623993,
    "Pleural Effusion": 0.05186602845788002,
    "Pleural Thickening": 0.04724183678627014,
    "Pneumothorax": 0.05574244260787964,
    "Pulmonary Artery Enlargement": 0.015575828962028027,
    "Pulmonary Fibrosis": 0.014225052669644356,
    "Rib Fracture": 0.00772219430655241,
    "Scoliosis": 0.1777270883321762,
    "Subcutaneous Emphysema": 0.007641454227268696,
    "Thickening": 0.05219130963087082,
    "Volume Loss": 0.11153463274240494,
    "normal": 0.8268107175827026
  },
  "lateral_probs": {
    "Airspace Disease": 0.17344440519809723,
    "Bronchiectasis": 0.009160247631371021,
    "Bronchiolitis": 0.0012074393453076482,
    "Bullous Disease": 0.010129259899258614,
    "Calcified Granuloma": 0.32414278388023376,
    "Calcinosis": 0.22550666332244873,
    "Cardiac Shadow (abnormal)": 0.042007192969322205,
    "Cardiomegaly": 0.1774698942899704,
    "Consolidation": 0.09330647438764572,
    "Degenerative Change": 0.4245060086250305,
    "Edema": 0.061221957206726074,
    "Effusion": 0.010582210496068,
    "Emphysema": 0.08644784241914749,
    "Fibrosis": 0.2407297044992447,
    "Fractures": 0.17117922008037567,
    "Hernia": 0.07489165663719177,
    "Hyperinflation": 0.3024058938026428,
    "Increased Lung Markings": 0.15464961528778076,
    "Interstitial Lung Disease": 0.0789676308631897,
    "Kyphosis": 0.0708298459649086,
    "Lesion": 0.2928992211818695,
    "Mass": 0.03136672079563141,
    "Nodule": 0.16098764538764954,
    "Osteophyte": 0.13755710422992706,
    "Pleural Effusion": 0.07976279407739639,
    "Pleural Thickening": 0.07216323912143707,
    "Pneumothorax": 0.04875919595360756,
    "Pulmonary Artery Enlargement": 0.045184940099716187,
    "Pulmonary Fibrosis": 0.0326990932226181,
    "Rib Fracture": 0.00593803683295846,
    "Scoliosis": 0.1403682380914688,
    "Subcutaneous Emphysema": 0.01261275727301836,
    "Thickening": 0.08808017522096634,
    "Volume Loss": 0.17700505256652832,
    "normal": 0.7983967661857605
  }
}