{
  "uid": "3658",
  "frontal_image": "3658_IM-1819-1001.dcm.png",
  "lateral_image": "3658_IM-1819-2001.dcm.png",
  "fusion_mode": "weighted_avg(f=0.65,l=0.35)",
  "predicted_classes": [
    "normal"
  ],
  "resolved_classes": [
    "normal"
  ],
  "kg_classes": [
    "Normal"
  ],
  "num_predicted": 1,
  "conflict_resolution": "no_conflict",
  "is_uncertain": false,
  "uncertainty_reason": "",
  "inference_time_s": 0.2382,
  "gt_labels": "Degenerative Change;Fibrosis;Lesion;Nodule;Thickening",
  "probabilities": {
    "Airspace Disease": 0.186538,
    "Bronchiectasis": 0.016536,
    "Bronchiolitis": 0.002709,
    "Bullous Disease": 0.015046,
    "Calcified Granuloma": 0.233969,
    "Calcinosis": 0.199493,
    "Cardiac Shadow (abnormal)": 0.073355,
    "Cardiomegaly": 0.150825,
    "Consolidation": 0.07121,
    "Degenerative Change": 0.22293,
    "Edema": 0.096492,
    "Effusion": 0.045702,
    "Emphysema": 0.123247,
    "Fibrosis": 0.164751,
    "Fractures": 0.152835,
    "Hernia": 0.085443,
    "Hyperinflation": 0.273825,
    "Increased Lung Markings": 0.235064,
    "Interstitial Lung Disease": 0.090977,
    "Kyphosis": 0.071937,
    "Lesion": 0.265798,
    "Mass": 0.043143,
    "Nodule": 0.210562,
    "Osteophyte": 0.106301,
    "Pleural Effusion": 0.139327,
    "Pleural Thickening": 0.142102,
    "Pneumothorax": 0.109052,
    "Pulmonary Artery Enlargement": 0.033262,
    "Pulmonary Fibrosis": 0.032288,
    "Rib Fracture": 0.010075,
    "Scoliosis": 0.185347,
    "Subcutaneous Emphysema": 0.024068,
    "Thickening": 0.14424,
    "Volume Loss": 0.22817,
    "normal": 0.817038
  },
  "frontal_probs": {
    "Airspace Disease": 0.1538967490196228,
    "Bronchiectasis": 0.002950857160612941,
    "Bronchiolitis": 0.001215024502016604,
    "Bullous Disease": 0.006015915423631668,
    "Calcified Granuloma": 0.17492938041687012,
    "Calcinosis": 0.11331309378147125,
    "Cardiac Shadow (abnormal)": 0.021329684183001518,
    "Cardiomegaly": 0.07664164155721664,
    "Consolidation": 0.051097266376018524,
    "Degenerative Change": 0.10188136249780655,
    "Edema": 0.03388425335288048,
    "Effusion": 0.03677510842680931,
    "Emphysema": 0.054267771542072296,
    "Fibrosis": 0.11025334149599075,
    "Fractures": 0.10258632898330688,
    "Hernia": 0.031176364049315453,
    "Hyperinflation": 0.19176042079925537,
    "Increased Lung Markings": 0.18067891895771027,
    "Interstitial Lung Disease": 0.031759604811668396,
    "Kyphosis": 0.03778557479381561,
    "Lesion": 0.18772926926612854,
    "Mass": 0.0071512688882648945,
    "Nodule": 0.17326875030994415,
    "Osteophyte": 0.06910213083028793,
    "Pleural Effusion": 0.10468517988920212,
    "Pleural Thickening": 0.10622458159923553,
    "Pneumothorax": 0.10662771761417389,
    "Pulmonary Artery Enlargement": 0.004763543140143156,
    "Pulmonary Fibrosis": 0.008325552567839622,
    "Rib Fracture": 0.0039081391878426075,
    "Scoliosis": 0.1496412307024002,
    "Subcutaneous Emphysema": 0.005472911987453699,
    "Thickening": 0.10653822124004364,
    "Volume Loss": 0.1859266310930252,
    "normal": 0.8875400424003601
  },
  "lateral_probs": {
    "Airspace Disease": 0.2471582442522049,
    "Bronchiectasis": 0.04176576808094978,
    "Bronchiolitis": 0.005483298562467098,
    "Bullous Disease": 0.03181729093194008,
    "Calcified Granuloma": 0.34361532330513,
    "Calcinosis": 0.3595413565635681,
    "Cardiac Shadow (abnormal)": 0.16997389495372772,
    "Cardiomegaly": 0.28859543800354004,
    "Consolidation": 0.10856129974126816,
    "Degenerative Change": 0.44773322343826294,
    "Edema": 0.2127648890018463,
    "Effusion": 0.062279410660266876,
    "Emphysema": 0.25135084986686707,
    "Fibrosis": 0.26596060395240784,
    "Fractures": 0.246153324842453,
    "Hernia": 0.18622474372386932,
    "Hyperinflation": 0.42623186111450195,
    "Increased Lung Markings": 0.3360637426376343,
    "Interstitial Lung Disease": 0.20095157623291016,
    "Kyphosis": 0.13536041975021362,
    "Lesion": 0.41078269481658936,
    "Mass": 0.10998426377773285,
    "Nodule": 0.2798219919204712,
    "Osteophyte": 0.17538334429264069,
    "Pleural Effusion": 0.20366205275058746,
    "Pleural Thickening": 0.20873184502124786,
    "Pneumothorax": 0.11355378478765488,
    "Pulmonary Artery Enlargement": 0.0861864760518074,
    "Pulmonary Fibrosis": 0.07678846269845963,
    "Rib Fracture": 0.021528810262680054,
    "Scoliosis": 0.2516564428806305,
    "Subcutaneous Emphysema": 0.05860147997736931,
    "Thickening": 0.2142566740512848,
    "Volume Loss": 0.3066226541996002,
    "normal": 0.6861063241958618
  }
}