{
  "uid": "3465",
  "frontal_image": "3465_IM-1683-1001.dcm.png",
  "lateral_image": "3465_IM-1683-2001.dcm.png",
  "fusion_mode": "weighted_avg(f=0.65,l=0.35)",
  "predicted_classes": [
    "normal"
  ],
  "resolved_classes": [
    "normal"
  ],
  "kg_classes": [
    "Normal"
  ],
  "num_predicted": 1,
  "conflict_resolution": "no_conflict",
  "is_uncertain": false,
  "uncertainty_reason": "",
  "inference_time_s": 0.2788,
  "gt_labels": "normal",
  "probabilities": {
    "Airspace Disease": 0.028995,
    "Bronchiectasis": 0.000418,
    "Bronchiolitis": 6.9e-05,
    "Bullous Disease": 0.000595,
    "Calcified Granuloma": 0.094164,
    "Calcinosis": 0.082678,
    "Cardiac Shadow (abnormal)": 0.014633,
    "Cardiomegaly": 0.078099,
    "Consolidation": 0.012566,
    "Degenerative Change": 0.104792,
    "Edema": 0.024672,
    "Effusion": 0.002674,
    "Emphysema": 0.019631,
    "Fibrosis": 0.043305,
    "Fractures": 0.045678,
    "Hernia": 0.020331,
    "Hyperinflation": 0.064722,
    "Increased Lung Markings": 0.034075,
    "Interstitial Lung Disease": 0.023827,
    "Kyphosis": 0.006163,
    "Lesion": 0.064268,
    "Mass": 0.006775,
    "Nodule": 0.063467,
    "Osteophyte": 0.033837,
    "Pleural Effusion": 0.011074,
    "Pleural Thickening": 0.018083,
    "Pneumothorax": 0.011939,
    "Pulmonary Artery Enlargement": 0.014136,
    "Pulmonary Fibrosis": 0.002102,
    "Rib Fracture": 0.001312,
    "Scoliosis": 0.058799,
    "Subcutaneous Emphysema": 0.000677,
    "Thickening": 0.022609,
    "Volume Loss": 0.050103,
    "normal": 0.970464
  },
  "frontal_probs": {
    "Airspace Disease": 0.01926041767001152,
    "Bronchiectasis": 0.00021237076725810766,
    "Bronchiolitis": 7.630500476807356e-05,
    "Bullous Disease": 0.0006387033499777317,
    "Calcified Granuloma": 0.059902794659137726,
    "Calcinosis": 0.05904337018728256,
    "Cardiac Shadow (abnormal)": 0.008628390729427338,
    "Cardiomegaly": 0.09845834225416183,
    "Consolidation": 0.010499004274606705,
    "Degenerative Change": 0.05407586321234703,
    "Edema": 0.023795440793037415,
    "Effusion": 0.002671122783794999,
    "Emphysema": 0.01336551271378994,
    "Fibrosis": 0.044186122715473175,
    "Fractures": 0.03505948930978775,
    "Hernia": 0.01456944178789854,
    "Hyperinflation": 0.04517534375190735,
    "Increased Lung Markings": 0.026417093351483345,
    "Interstitial Lung Disease": 0.007923160679638386,
    "Kyphosis": 0.007122615817934275,
    "Lesion": 0.04705667123198509,
    "Mass": 0.002796401036903262,
    "Nodule": 0.057070933282375336,
    "Osteophyte": 0.021142346784472466,
    "Pleural Effusion": 0.009104293771088123,
    "Pleural Thickening": 0.017580052837729454,
    "Pneumothorax": 0.012865115888416767,
    "Pulmonary Artery Enlargement": 0.011291395872831345,
    "Pulmonary Fibrosis": 0.0009460651781409979,
    "Rib Fracture": 0.000772219558712095,
    "Scoliosis": 0.05698682740330696,
    "Subcutaneous Emphysema": 0.0004872251010965556,
    "Thickening": 0.021533038467168808,
    "Volume Loss": 0.037695251405239105,
    "normal": 0.9747384786605835
  },
  "lateral_probs": {
    "Airspace Disease": 0.04707366228103638,
    "Bronchiectasis": 0.0007993169710971415,
    "Bronchiolitis": 5.594357935478911e-05,
    "Bullous Disease": 0.0005130422068759799,
    "Calcified Granuloma": 0.15779337286949158,
    "Calcinosis": 0.12657147645950317,
    "Cardiac Shadow (abnormal)": 0.02578507363796234,
    "Cardiomegaly": 0.040288347750902176,
    "Consolidation": 0.016403386369347572,
    "Degenerative Change": 0.19897818565368652,
    "Edema": 0.026300663128495216,
    "Effusion": 0.0026803305372595787,
    "Emphysema": 0.031266748905181885,
    "Fibrosis": 0.04166784510016441,
    "Fractures": 0.06539735943078995,
    "Hernia": 0.031031277030706406,
    "Hyperinflation": 0.10102351754903793,
    "Increased Lung Markings": 0.04829558730125427,
    "Interstitial Lung Disease": 0.0533624142408371,
    "Kyphosis": 0.004381304606795311,
    "Lesion": 0.09623198211193085,
    "Mass": 0.014165212400257587,
    "Nodule": 0.0753466859459877,
    "Osteophyte": 0.05741259828209877,
    "Pleural Effusion": 0.014733251184225082,
    "Pleural Thickening": 0.019017886370420456,
    "Pneumothorax": 0.010219207033514977,
    "Pulmonary Artery Enlargement": 0.019418558105826378,
    "Pulmonary Fibrosis": 0.004249632358551025,
    "Rib Fracture": 0.002313115866854787,
    "Scoliosis": 0.062165673822164536,
    "Subcutaneous Emphysema": 0.0010284959571436048,
    "Thickening": 0.024606220424175262,
    "Volume Loss": 0.07314613461494446,
    "normal": 0.9625245332717896
  }
}