{
  "uid": "3643",
  "frontal_image": "3643_IM-1806-1001.dcm.png",
  "lateral_image": "3643_IM-1806-1002.dcm.png",
  "fusion_mode": "weighted_avg(f=0.65,l=0.35)",
  "predicted_classes": [
    "normal"
  ],
  "resolved_classes": [
    "normal"
  ],
  "kg_classes": [
    "Normal"
  ],
  "num_predicted": 1,
  "conflict_resolution": "no_conflict",
  "is_uncertain": false,
  "uncertainty_reason": "",
  "inference_time_s": 0.2643,
  "gt_labels": "normal",
  "probabilities": {
    "Airspace Disease": 0.078695,
    "Bronchiectasis": 0.014548,
    "Bronchiolitis": 0.002267,
    "Bullous Disease": 0.007357,
    "Calcified Granuloma": 0.267152,
    "Calcinosis": 0.186821,
    "Cardiac Shadow (abnormal)": 0.055293,
    "Cardiomegaly": 0.207832,
    "Consolidation": 0.054616,
    "Degenerative Change": 0.411911,
    "Edema": 0.071927,
    "Effusion": 0.01614,
    "Emphysema": 0.077501,
    "Fibrosis": 0.14853,
    "Fractures": 0.12381,
    "Hernia": 0.187972,
    "Hyperinflation": 0.247022,
    "Increased Lung Markings": 0.166074,
    "Interstitial Lung Disease": 0.05929,
    "Kyphosis": 0.076901,
    "Lesion": 0.191459,
    "Mass": 0.049762,
    "Nodule": 0.145331,
    "Osteophyte": 0.21335,
    "Pleural Effusion": 0.053416,
    "Pleural Thickening": 0.062155,
    "Pneumothorax": 0.022971,
    "Pulmonary Artery Enlargement": 0.045502,
    "Pulmonary Fibrosis": 0.024932,
    "Rib Fracture": 0.015784,
    "Scoliosis": 0.137354,
    "Subcutaneous Emphysema": 0.007667,
    "Thickening": 0.084329,
    "Volume Loss": 0.142985,
    "normal": 0.801228
  },
  "frontal_probs": {
    "Airspace Disease": 0.03451615199446678,
    "Bronchiectasis": 0.0010988577269017696,
    "Bronchiolitis": 0.002231733873486519,
    "Bullous Disease": 0.00495545007288456,
    "Calcified Granuloma": 0.23648002743721008,
    "Calcinosis": 0.1696295589208603,
    "Cardiac Shadow (abnormal)": 0.03207973390817642,
    "Cardiomegaly": 0.18996784090995789,
    "Consolidation": 0.019942928105592728,
    "Degenerative Change": 0.4105371832847595,
    "Edema": 0.02695132978260517,
    "Effusion": 0.0064200954511761665,
    "Emphysema": 0.031151557341217995,
    "Fibrosis": 0.11348873376846313,
    "Fractures": 0.11768997460603714,
    "Hernia": 0.18726100027561188,
    "Hyperinflation": 0.18396899104118347,
    "Increased Lung Markings": 0.1534605324268341,
    "Interstitial Lung Disease": 0.02433769218623638,
    "Kyphosis": 0.09119156748056412,
    "Lesion": 0.10065005719661713,
    "Mass": 0.009609515778720379,
    "Nodule": 0.12567098438739777,
    "Osteophyte": 0.22077320516109467,
    "Pleural Effusion": 0.02054617553949356,
    "Pleural Thickening": 0.0222015380859375,
    "Pneumothorax": 0.013368159532546997,
    "Pulmonary Artery Enlargement": 0.03660731017589569,
    "Pulmonary Fibrosis": 0.0062105231918394566,
    "Rib Fracture": 0.004653656389564276,
    "Scoliosis": 0.11838944256305695,
    "Subcutaneous Emphysema": 0.005185039713978767,
    "Thickening": 0.040271054953336716,
    "Volume Loss": 0.09864404797554016,
    "normal": 0.8172075748443604
  },
  "lateral_probs": {
    "Airspace Disease": 0.160742849111557,
    "Bronchiectasis": 0.039524275809526443,
    "Bronchiolitis": 0.00233205733820796,
    "Bullous Disease": 0.011816438287496567,
    "Calcified Granuloma": 0.3241131603717804,
    "Calcinosis": 0.21874850988388062,
    "Cardiac Shadow (abnormal)": 0.0984034538269043,
    "Cardiomegaly": 0.24100688099861145,
    "Consolidation": 0.11900889873504639,
    "Degenerative Change": 0.4144637882709503,
    "Edema": 0.15545201301574707,
    "Effusion": 0.03418988734483719,
    "Emphysema": 0.1635797917842865,
    "Fibrosis": 0.2136061191558838,
    "Fractures": 0.135174959897995,
    "Hernia": 0.1892911046743393,
    "Hyperinflation": 0.36411967873573303,
    "Increased Lung Markings": 0.18949775397777557,
    "Interstitial Lung Disease": 0.12420036643743515,
    "Kyphosis": 0.05036101117730141,
    "Lesion": 0.3601028025150299,
    "Mass": 0.12433115392923355,
    "Nodule": 0.1818416565656662,
    "Osteophyte": 0.19956445693969727,
    "Pleural Effusion": 0.11446066945791245,
    "Pleural Thickening": 0.13635534048080444,
    "Pneumothorax": 0.0408034510910511,
    "Pulmonary Artery Enlargement": 0.06202007457613945,
    "Pulmonary Fibrosis": 0.05970096215605736,
    "Rib Fracture": 0.0364556647837162,
    "Scoliosis": 0.17257435619831085,
    "Subcutaneous Emphysema": 0.01227673888206482,
    "Thickening": 0.16614948213100433,
    "Volume Loss": 0.22533245384693146,
    "normal": 0.7715507745742798
  }
}