{
  "uid": "3274",
  "frontal_image": "3274_IM-1555-0001-0001.dcm.png",
  "lateral_image": "3274_IM-1555-0001-0002.dcm.png",
  "fusion_mode": "weighted_avg(f=0.65,l=0.35)",
  "predicted_classes": [
    "Lesion",
    "Hyperinflation"
  ],
  "resolved_classes": [
    "Lesion",
    "Hyperinflation"
  ],
  "kg_classes": [
    "Lesion",
    "Hyperinflation"
  ],
  "num_predicted": 2,
  "conflict_resolution": "no_conflict",
  "is_uncertain": false,
  "uncertainty_reason": "",
  "inference_time_s": 0.2696,
  "gt_labels": "Hyperinflation;Volume Loss",
  "probabilities": {
    "Airspace Disease": 0.467111,
    "Bronchiectasis": 0.076658,
    "Bronchiolitis": 0.018611,
    "Bullous Disease": 0.054654,
    "Calcified Granuloma": 0.31477,
    "Calcinosis": 0.295742,
    "Cardiac Shadow (abnormal)": 0.249159,
    "Cardiomegaly": 0.477354,
    "Consolidation": 0.244099,
    "Degenerative Change": 0.436484,
    "Edema": 0.386358,
    "Effusion": 0.127278,
    "Emphysema": 0.188744,
    "Fibrosis": 0.31682,
    "Fractures": 0.209697,
    "Hernia": 0.283549,
    "Hyperinflation": 0.513299,
    "Increased Lung Markings": 0.386338,
    "Interstitial Lung Disease": 0.189249,
    "Kyphosis": 0.161048,
    "Lesion": 0.583343,
    "Mass": 0.099639,
    "Nodule": 0.210106,
    "Osteophyte": 0.215823,
    "Pleural Effusion": 0.497465,
    "Pleural Thickening": 0.304286,
    "Pneumothorax": 0.156391,
    "Pulmonary Artery Enlargement": 0.08404,
    "Pulmonary Fibrosis": 0.151775,
    "Rib Fracture": 0.051593,
    "Scoliosis": 0.184314,
    "Subcutaneous Emphysema": 0.076872,
    "Thickening": 0.21222,
    "Volume Loss": 0.445764,
    "normal": 0.441661
  },
  "frontal_probs": {
    "Airspace Disease": 0.5034570097923279,
    "Bronchiectasis": 0.07437056303024292,
    "Bronchiolitis": 0.01975955069065094,
    "Bullous Disease": 0.06186091899871826,
    "Calcified Granuloma": 0.3137400150299072,
    "Calcinosis": 0.2945847511291504,
    "Cardiac Shadow (abnormal)": 0.28028130531311035,
    "Cardiomegaly": 0.5224294662475586,
    "Consolidation": 0.23652665317058563,
    "Degenerative Change": 0.42697879672050476,
    "Edema": 0.4419405162334442,
    "Effusion": 0.1460418552160263,
    "Emphysema": 0.1619543731212616,
    "Fibrosis": 0.31904423236846924,
    "Fractures": 0.2000153809785843,
    "Hernia": 0.29104331135749817,
    "Hyperinflation": 0.5513348579406738,
    "Increased Lung Markings": 0.4202190339565277,
    "Interstitial Lung Disease": 0.19131869077682495,
    "Kyphosis": 0.16751644015312195,
    "Lesion": 0.6028808951377869,
    "Mass": 0.08352880924940109,
    "Nodule": 0.2124839574098587,
    "Osteophyte": 0.2007361203432083,
    "Pleural Effusion": 0.54343581199646,
    "Pleural Thickening": 0.3138236701488495,
    "Pneumothorax": 0.13575975596904755,
    "Pulmonary Artery Enlargement": 0.06834489852190018,
    "Pulmonary Fibrosis": 0.16823376715183258,
    "Rib Fracture": 0.04674921929836273,
    "Scoliosis": 0.1627858579158783,
    "Subcutaneous Emphysema": 0.0937662348151207,
    "Thickening": 0.19943825900554657,
    "Volume Loss": 0.4650972783565521,
    "normal": 0.40378135442733765
  },
  "lateral_probs": {
    "Airspace Disease": 0.3996115028858185,
    "Bronchiectasis": 0.08090750873088837,
    "Bronchiolitis": 0.01647835038602352,
    "Bullous Disease": 0.0412684790790081,
    "Calcified Granuloma": 0.31668341159820557,
    "Calcinosis": 0.2978920340538025,
    "Cardiac Shadow (abnormal)": 0.1913595199584961,
    "Cardiomegaly": 0.3936421275138855,
    "Consolidation": 0.2581629455089569,
    "Degenerative Change": 0.45413684844970703,
    "Edema": 0.2831341028213501,
    "Effusion": 0.09242953360080719,
    "Emphysema": 0.23849685490131378,
    "Fibrosis": 0.31268981099128723,
    "Fractures": 0.227676659822464,
    "Hernia": 0.2696296274662018,
    "Hyperinflation": 0.44266176223754883,
    "Increased Lung Markings": 0.32341715693473816,
    "Interstitial Lung Disease": 0.18540671467781067,
    "Kyphosis": 0.14903637766838074,
    "Lesion": 0.5470575094223022,
    "Mass": 0.12955792248249054,
    "Nodule": 0.20568886399269104,
    "Osteophyte": 0.2438420057296753,
    "Pleural Effusion": 0.41209179162979126,
    "Pleural Thickening": 0.2865731418132782,
    "Pneumothorax": 0.19470496475696564,
    "Pulmonary Artery Enlargement": 0.11318714171648026,
    "Pulmonary Fibrosis": 0.12120913714170456,
    "Rib Fracture": 0.06058773770928383,
    "Scoliosis": 0.22429446876049042,
    "Subcutaneous Emphysema": 0.0454956591129303,
    "Thickening": 0.2359585016965866,
    "Volume Loss": 0.4098593294620514,
    "normal": 0.5120102167129517
  }
}