{
  "uid": "3811",
  "frontal_image": "3811_IM-1921-1001.dcm.png",
  "lateral_image": "3811_IM-1921-2001.dcm.png",
  "fusion_mode": "weighted_avg(f=0.65,l=0.35)",
  "predicted_classes": [
    "normal"
  ],
  "resolved_classes": [
    "normal"
  ],
  "kg_classes": [
    "Normal"
  ],
  "num_predicted": 1,
  "conflict_resolution": "no_conflict",
  "is_uncertain": true,
  "uncertainty_reason": "normal_prob=0.546 (<0.73) with elevated disease scores: Cardiomegaly=0.499, Lesion=0.497, Edema=0.489",
  "inference_time_s": 0.2406,
  "gt_labels": "Cardiomegaly;Edema;Lesion",
  "probabilities": {
    "Airspace Disease": 0.396545,
    "Bronchiectasis": 0.063139,
    "Bronchiolitis": 0.008978,
    "Bullous Disease": 0.027891,
    "Calcified Granuloma": 0.236822,
    "Calcinosis": 0.254672,
    "Cardiac Shadow (abnormal)": 0.319101,
    "Cardiomegaly": 0.499012,
    "Consolidation": 0.261805,
    "Degenerative Change": 0.343196,
    "Edema": 0.489215,
    "Effusion": 0.146069,
    "Emphysema": 0.161448,
    "Fibrosis": 0.262707,
    "Fractures": 0.182016,
    "Hernia": 0.157319,
    "Hyperinflation": 0.460997,
    "Increased Lung Markings": 0.290171,
    "Interstitial Lung Disease": 0.169089,
    "Kyphosis": 0.088863,
    "Lesion": 0.496562,
    "Mass": 0.064884,
    "Nodule": 0.173977,
    "Osteophyte": 0.122837,
    "Pleural Effusion": 0.433908,
    "Pleural Thickening": 0.293714,
    "Pneumothorax": 0.070317,
    "Pulmonary Artery Enlargement": 0.107807,
    "Pulmonary Fibrosis": 0.162688,
    "Rib Fracture": 0.031495,
    "Scoliosis": 0.21087,
    "Subcutaneous Emphysema": 0.037013,
    "Thickening": 0.217704,
    "Volume Loss": 0.397568,
    "normal": 0.54551
  },
  "frontal_probs": {
    "Airspace Disease": 0.4543466567993164,
    "Bronchiectasis": 0.06665311753749847,
    "Bronchiolitis": 0.010086762718856335,
    "Bullous Disease": 0.025722483173012733,
    "Calcified Granuloma": 0.22962728142738342,
    "Calcinosis": 0.2323770821094513,
    "Cardiac Shadow (abnormal)": 0.3818848431110382,
    "Cardiomegaly": 0.5793704986572266,
    "Consolidation": 0.28753918409347534,
    "Degenerative Change": 0.35272425413131714,
    "Edema": 0.5767373442649841,
    "Effusion": 0.18123607337474823,
    "Emphysema": 0.15750369429588318,
    "Fibrosis": 0.2882288098335266,
    "Fractures": 0.1662154197692871,
    "Hernia": 0.17772068083286285,
    "Hyperinflation": 0.5087562203407288,
    "Increased Lung Markings": 0.28118452429771423,
    "Interstitial Lung Disease": 0.16923297941684723,
    "Kyphosis": 0.07480988651514053,
    "Lesion": 0.5566544532775879,
    "Mass": 0.03943412005901337,
    "Nodule": 0.16731707751750946,
    "Osteophyte": 0.12755358219146729,
    "Pleural Effusion": 0.547430157661438,
    "Pleural Thickening": 0.3079060912132263,
    "Pneumothorax": 0.04607405140995979,
    "Pulmonary Artery Enlargement": 0.11347948759794235,
    "Pulmonary Fibrosis": 0.22047306597232819,
    "Rib Fracture": 0.030584324151277542,
    "Scoliosis": 0.2005281299352646,
    "Subcutaneous Emphysema": 0.040607620030641556,
    "Thickening": 0.2019244283437729,
    "Volume Loss": 0.45662933588027954,
    "normal": 0.4691689610481262
  },
  "lateral_probs": {
    "Airspace Disease": 0.28919854760169983,
    "Bronchiectasis": 0.05661272257566452,
    "Bronchiolitis": 0.006917930208146572,
    "Bullous Disease": 0.03191753104329109,
    "Calcified Granuloma": 0.2501829266548157,
    "Calcinosis": 0.2960762083530426,
    "Cardiac Shadow (abnormal)": 0.20250175893306732,
    "Cardiomegaly": 0.3497742712497711,
    "Consolidation": 0.21401295065879822,
    "Degenerative Change": 0.32550016045570374,
    "Edema": 0.32667237520217896,
    "Effusion": 0.0807577520608902,
    "Emphysema": 0.1687726229429245,
    "Fibrosis": 0.21530866622924805,
    "Fractures": 0.21135957539081573,
    "Hernia": 0.11943084001541138,
    "Hyperinflation": 0.37230053544044495,
    "Increased Lung Markings": 0.3068609833717346,
    "Interstitial Lung Disease": 0.16882061958312988,
    "Kyphosis": 0.11496124416589737,
    "Lesion": 0.38496288657188416,
    "Mass": 0.11214745044708252,
    "Nodule": 0.18634462356567383,
    "Osteophyte": 0.11407667398452759,
    "Pleural Effusion": 0.22308020293712616,
    "Pleural Thickening": 0.26735684275627136,
    "Pneumothorax": 0.11534101516008377,
    "Pulmonary Artery Enlargement": 0.09727255254983902,
    "Pulmonary Fibrosis": 0.05537407100200653,
    "Rib Fracture": 0.03318491205573082,
    "Scoliosis": 0.23007678985595703,
    "Subcutaneous Emphysema": 0.03033706732094288,
    "Thickening": 0.24700872600078583,
    "Volume Loss": 0.2878839373588562,
    "normal": 0.6872869729995728
  }
}