{
  "uid": "3239",
  "frontal_image": "3239_IM-1534-1001.dcm.png",
  "lateral_image": "3239_IM-1534-2001.dcm.png",
  "fusion_mode": "weighted_avg(f=0.65,l=0.35)",
  "predicted_classes": [
    "normal"
  ],
  "resolved_classes": [
    "normal"
  ],
  "kg_classes": [
    "Normal"
  ],
  "num_predicted": 1,
  "conflict_resolution": "no_conflict",
  "is_uncertain": true,
  "uncertainty_reason": "normal_prob=0.683 (<0.73) with elevated disease scores: Degenerative Change=0.439, Lesion=0.385, Hyperinflation=0.322",
  "inference_time_s": 0.2696,
  "gt_labels": "normal",
  "probabilities": {
    "Airspace Disease": 0.252125,
    "Bronchiectasis": 0.01253,
    "Bronchiolitis": 0.008566,
    "Bullous Disease": 0.01209,
    "Calcified Granuloma": 0.305008,
    "Calcinosis": 0.224906,
    "Cardiac Shadow (abnormal)": 0.085229,
    "Cardiomegaly": 0.189598,
    "Consolidation": 0.155189,
    "Degenerative Change": 0.439244,
    "Edema": 0.118684,
    "Effusion": 0.015365,
    "Emphysema": 0.143388,
    "Fibrosis": 0.271884,
    "Fractures": 0.158068,
    "Hernia": 0.200113,
    "Hyperinflation": 0.322154,
    "Increased Lung Markings": 0.195049,
    "Interstitial Lung Disease": 0.080913,
    "Kyphosis": 0.068209,
    "Lesion": 0.384957,
    "Mass": 0.096832,
    "Nodule": 0.153067,
    "Osteophyte": 0.220361,
    "Pleural Effusion": 0.199319,
    "Pleural Thickening": 0.146105,
    "Pneumothorax": 0.048687,
    "Pulmonary Artery Enlargement": 0.062855,
    "Pulmonary Fibrosis": 0.036101,
    "Rib Fracture": 0.022329,
    "Scoliosis": 0.149982,
    "Subcutaneous Emphysema": 0.010562,
    "Thickening": 0.120381,
    "Volume Loss": 0.263173,
    "normal": 0.683256
  },
  "frontal_probs": {
    "Airspace Disease": 0.3123614192008972,
    "Bronchiectasis": 0.014385411515831947,
    "Bronchiolitis": 0.01259675808250904,
    "Bullous Disease": 0.011467776261270046,
    "Calcified Granuloma": 0.31482669711112976,
    "Calcinosis": 0.22211427986621857,
    "Cardiac Shadow (abnormal)": 0.08804843574762344,
    "Cardiomegaly": 0.20173104107379913,
    "Consolidation": 0.19967110455036163,
    "Degenerative Change": 0.46115678548812866,
    "Edema": 0.12961605191230774,
    "Effusion": 0.01594797521829605,
    "Emphysema": 0.14539359509944916,
    "Fibrosis": 0.29668477177619934,
    "Fractures": 0.17938698828220367,
    "Hernia": 0.24982042610645294,
    "Hyperinflation": 0.3329679071903229,
    "Increased Lung Markings": 0.20643556118011475,
    "Interstitial Lung Disease": 0.06790110468864441,
    "Kyphosis": 0.08292248845100403,
    "Lesion": 0.4425783157348633,
    "Mass": 0.12748996913433075,
    "Nodule": 0.15391476452350616,
    "Osteophyte": 0.22780293226242065,
    "Pleural Effusion": 0.2504880428314209,
    "Pleural Thickening": 0.1801873743534088,
    "Pneumothorax": 0.05020774528384209,
    "Pulmonary Artery Enlargement": 0.07854685187339783,
    "Pulmonary Fibrosis": 0.03641442582011223,
    "Rib Fracture": 0.02895383909344673,
    "Scoliosis": 0.14625418186187744,
    "Subcutaneous Emphysema": 0.011156527325510979,
    "Thickening": 0.11770527064800262,
    "Volume Loss": 0.2967669367790222,
    "normal": 0.6225176453590393
  },
  "lateral_probs": {
    "Airspace Disease": 0.14025673270225525,
    "Bronchiectasis": 0.009083281271159649,
    "Bronchiolitis": 0.001081339200027287,
    "Bullous Disease": 0.013246185146272182,
    "Calcified Granuloma": 0.2867741286754608,
    "Calcinosis": 0.23009160161018372,
    "Cardiac Shadow (abnormal)": 0.07999217510223389,
    "Cardiomegaly": 0.16706475615501404,
    "Consolidation": 0.07257843017578125,
    "Degenerative Change": 0.39854928851127625,
    "Edema": 0.09838109463453293,
    "Effusion": 0.014283477328717709,
    "Emphysema": 0.139662504196167,
    "Fibrosis": 0.2258249670267105,
    "Fractures": 0.11847483366727829,
    "Hernia": 0.1077980026602745,
    "Hyperinflation": 0.3020722568035126,
    "Increased Lung Markings": 0.1739027500152588,
    "Interstitial Lung Disease": 0.10507724434137344,
    "Kyphosis": 0.04088259115815163,
    "Lesion": 0.2779458463191986,
    "Mass": 0.03989570587873459,
    "Nodule": 0.15149138867855072,
    "Osteophyte": 0.20654131472110748,
    "Pleural Effusion": 0.10429219156503677,
    "Pleural Thickening": 0.08280956000089645,
    "Pneumothorax": 0.045861441642045975,
    "Pulmonary Artery Enlargement": 0.033711887896060944,
    "Pulmonary Fibrosis": 0.035519298166036606,
    "Rib Fracture": 0.010025755502283573,
    "Scoliosis": 0.1569051444530487,
    "Subcutaneous Emphysema": 0.009458860382437706,
    "Thickening": 0.12534914910793304,
    "Volume Loss": 0.20078527927398682,
    "normal": 0.7960572242736816
  }
}