{
  "uid": "3857",
  "frontal_image": "3857_IM-1952-1001.dcm.png",
  "lateral_image": "",
  "fusion_mode": "frontal_only",
  "predicted_classes": [
    "normal"
  ],
  "resolved_classes": [
    "normal"
  ],
  "kg_classes": [
    "Normal"
  ],
  "num_predicted": 1,
  "conflict_resolution": "no_conflict",
  "is_uncertain": false,
  "uncertainty_reason": "",
  "inference_time_s": 0.1356,
  "gt_labels": "normal",
  "probabilities": {
    "Airspace Disease": 0.05827682092785835,
    "Bronchiectasis": 0.0007629715837538242,
    "Bronchiolitis": 0.00029188720509409904,
    "Bullous Disease": 0.0024135238490998745,
    "Calcified Granuloma": 0.1334260106086731,
    "Calcinosis": 0.0837547555565834,
    "Cardiac Shadow (abnormal)": 0.012291173450648785,
    "Cardiomegaly": 0.06416992843151093,
    "Consolidation": 0.03042478859424591,
    "Degenerative Change": 0.12133956700563431,
    "Edema": 0.022546103224158287,
    "Effusion": 0.002644617110490799,
    "Emphysema": 0.01855931058526039,
    "Fibrosis": 0.06459750980138779,
    "Fractures": 0.059891004115343094,
    "Hernia": 0.04537845775485039,
    "Hyperinflation": 0.08336144685745239,
    "Increased Lung Markings": 0.08144595474004745,
    "Interstitial Lung Disease": 0.00942439679056406,
    "Kyphosis": 0.011529834941029549,
    "Lesion": 0.08577047288417816,
    "Mass": 0.009856029413640499,
    "Nodule": 0.06876432150602341,
    "Osteophyte": 0.05318572372198105,
    "Pleural Effusion": 0.017258645966649055,
    "Pleural Thickening": 0.018347423523664474,
    "Pneumothorax": 0.008174332790076733,
    "Pulmonary Artery Enlargement": 0.016923876479268074,
    "Pulmonary Fibrosis": 0.002574465237557888,
    "Rib Fracture": 0.0014141444116830826,
    "Scoliosis": 0.10241568088531494,
    "Subcutaneous Emphysema": 0.0006047050701454282,
    "Thickening": 0.018482033163309097,
    "Volume Loss": 0.058687228709459305,
    "normal": 0.955010175704956
  },
  "frontal_probs": {
    "Airspace Disease": 0.05827682092785835,
    "Bronchiectasis": 0.0007629715837538242,
    "Bronchiolitis": 0.00029188720509409904,
    "Bullous Disease": 0.0024135238490998745,
    "Calcified Granuloma": 0.1334260106086731,
    "Calcinosis": 0.0837547555565834,
    "Cardiac Shadow (abnormal)": 0.012291173450648785,
    "Cardiomegaly": 0.06416992843151093,
    "Consolidation": 0.03042478859424591,
    "Degenerative Change": 0.12133956700563431,
    "Edema": 0.022546103224158287,
    "Effusion": 0.002644617110490799,
    "Emphysema": 0.01855931058526039,
    "Fibrosis": 0.06459750980138779,
    "Fractures": 0.059891004115343094,
    "Hernia": 0.04537845775485039,
    "Hyperinflation": 0.08336144685745239,
    "Increased Lung Markings": 0.08144595474004745,
    "Interstitial Lung Disease": 0.00942439679056406,
    "Kyphosis": 0.011529834941029549,
    "Lesion": 0.08577047288417816,
    "Mass": 0.009856029413640499,
    "Nodule": 0.06876432150602341,
    "Osteophyte": 0.05318572372198105,
    "Pleural Effusion": 0.017258645966649055,
    "Pleural Thickening": 0.018347423523664474,
    "Pneumothorax": 0.008174332790076733,
    "Pulmonary Artery Enlargement": 0.016923876479268074,
    "Pulmonary Fibrosis": 0.002574465237557888,
    "Rib Fracture": 0.0014141444116830826,
    "Scoliosis": 0.10241568088531494,
    "Subcutaneous Emphysema": 0.0006047050701454282,
    "Thickening": 0.018482033163309097,
    "Volume Loss": 0.058687228709459305,
    "normal": 0.955010175704956
  },
  "lateral_probs": {
    "Airspace Disease": 0.0,
    "Bronchiectasis": 0.0,
    "Bronchiolitis": 0.0,
    "Bullous Disease": 0.0,
    "Calcified Granuloma": 0.0,
    "Calcinosis": 0.0,
    "Cardiac Shadow (abnormal)": 0.0,
    "Cardiomegaly": 0.0,
    "Consolidation": 0.0,
    "Degenerative Change": 0.0,
    "Edema": 0.0,
    "Effusion": 0.0,
    "Emphysema": 0.0,
    "Fibrosis": 0.0,
    "Fractures": 0.0,
    "Hernia": 0.0,
    "Hyperinflation": 0.0,
    "Increased Lung Markings": 0.0,
    "Interstitial Lung Disease": 0.0,
    "Kyphosis": 0.0,
    "Lesion": 0.0,
    "Mass": 0.0,
    "Nodule": 0.0,
    "Osteophyte": 0.0,
    "Pleural Effusion": 0.0,
    "Pleural Thickening": 0.0,
    "Pneumothorax": 0.0,
    "Pulmonary Artery Enlargement": 0.0,
    "Pulmonary Fibrosis": 0.0,
    "Rib Fracture": 0.0,
    "Scoliosis": 0.0,
    "Subcutaneous Emphysema": 0.0,
    "Thickening": 0.0,
    "Volume Loss": 0.0,
    "normal": 0.0
  }
}