{
  "uid": "3360",
  "frontal_image": "3360_IM-1613-1001.dcm.png",
  "lateral_image": "3360_IM-1613-1002.dcm.png",
  "fusion_mode": "weighted_avg(f=0.65,l=0.35)",
  "predicted_classes": [
    "normal"
  ],
  "resolved_classes": [
    "normal"
  ],
  "kg_classes": [
    "Normal"
  ],
  "num_predicted": 1,
  "conflict_resolution": "no_conflict",
  "is_uncertain": true,
  "uncertainty_reason": "normal_prob=0.658 (<0.73) with elevated disease scores: Degenerative Change=0.428, Calcified Granuloma=0.399, Hyperinflation=0.395",
  "inference_time_s": 0.2638,
  "gt_labels": "Fibrosis;Lesion;Volume Loss",
  "probabilities": {
    "Airspace Disease": 0.256263,
    "Bronchiectasis": 0.074484,
    "Bronchiolitis": 0.022605,
    "Bullous Disease": 0.0478,
    "Calcified Granuloma": 0.399143,
    "Calcinosis": 0.364923,
    "Cardiac Shadow (abnormal)": 0.087905,
    "Cardiomegaly": 0.19975,
    "Consolidation": 0.191864,
    "Degenerative Change": 0.427782,
    "Edema": 0.15678,
    "Effusion": 0.042507,
    "Emphysema": 0.340643,
    "Fibrosis": 0.346573,
    "Fractures": 0.212977,
    "Hernia": 0.192218,
    "Hyperinflation": 0.394948,
    "Increased Lung Markings": 0.238034,
    "Interstitial Lung Disease": 0.24206,
    "Kyphosis": 0.142333,
    "Lesion": 0.390792,
    "Mass": 0.095254,
    "Nodule": 0.219254,
    "Osteophyte": 0.193042,
    "Pleural Effusion": 0.18184,
    "Pleural Thickening": 0.220996,
    "Pneumothorax": 0.059681,
    "Pulmonary Artery Enlargement": 0.085339,
    "Pulmonary Fibrosis": 0.090209,
    "Rib Fracture": 0.046456,
    "Scoliosis": 0.273678,
    "Subcutaneous Emphysema": 0.041739,
    "Thickening": 0.222925,
    "Volume Loss": 0.244272,
    "normal": 0.657964
  },
  "frontal_probs": {
    "Airspace Disease": 0.24945324659347534,
    "Bronchiectasis": 0.09432858973741531,
    "Bronchiolitis": 0.0330711230635643,
    "Bullous Disease": 0.05683646723628044,
    "Calcified Granuloma": 0.4430980384349823,
    "Calcinosis": 0.4136756360530853,
    "Cardiac Shadow (abnormal)": 0.09171423316001892,
    "Cardiomegaly": 0.19634966552257538,
    "Consolidation": 0.22108927369117737,
    "Degenerative Change": 0.4523168206214905,
    "Edema": 0.17126396298408508,
    "Effusion": 0.035083454102277756,
    "Emphysema": 0.3914344012737274,
    "Fibrosis": 0.40701672434806824,
    "Fractures": 0.22516965866088867,
    "Hernia": 0.1954880654811859,
    "Hyperinflation": 0.44063082337379456,
    "Increased Lung Markings": 0.2548292577266693,
    "Interstitial Lung Disease": 0.2975272536277771,
    "Kyphosis": 0.18680568039417267,
    "Lesion": 0.4238205850124359,
    "Mass": 0.0951240137219429,
    "Nodule": 0.23677349090576172,
    "Osteophyte": 0.16778738796710968,
    "Pleural Effusion": 0.20701876282691956,
    "Pleural Thickening": 0.24131670594215393,
    "Pneumothorax": 0.0416194349527359,
    "Pulmonary Artery Enlargement": 0.0778919905424118,
    "Pulmonary Fibrosis": 0.10745725780725479,
    "Rib Fracture": 0.06109683960676193,
    "Scoliosis": 0.29806533455848694,
    "Subcutaneous Emphysema": 0.04962107911705971,
    "Thickening": 0.27774742245674133,
    "Volume Loss": 0.2636149823665619,
    "normal": 0.6004824042320251
  },
  "lateral_probs": {
    "Airspace Disease": 0.2689085602760315,
    "Bronchiectasis": 0.03762943670153618,
    "Bronchiolitis": 0.0031680655665695667,
    "Bullous Disease": 0.031017078086733818,
    "Calcified Granuloma": 0.3175116777420044,
    "Calcinosis": 0.27438145875930786,
    "Cardiac Shadow (abnormal)": 0.08083174377679825,
    "Cardiomegaly": 0.20606468617916107,
    "Consolidation": 0.1375894695520401,
    "Degenerative Change": 0.3822171986103058,
    "Edema": 0.12988023459911346,
    "Effusion": 0.05629405006766319,
    "Emphysema": 0.24631601572036743,
    "Fibrosis": 0.234319806098938,
    "Fractures": 0.19033271074295044,
    "Hernia": 0.18614602088928223,
    "Hyperinflation": 0.3101087808609009,
    "Increased Lung Markings": 0.20684289932250977,
    "Interstitial Lung Disease": 0.13905036449432373,
    "Kyphosis": 0.059740323573350906,
    "Lesion": 0.3294540345668793,
    "Mass": 0.09549635648727417,
    "Nodule": 0.1867186278104782,
    "Osteophyte": 0.23994283378124237,
    "Pleural Effusion": 0.13507819175720215,
    "Pleural Thickening": 0.18325655162334442,
    "Pneumothorax": 0.09322523325681686,
    "Pulmonary Artery Enlargement": 0.0991678237915039,
    "Pulmonary Fibrosis": 0.05817774310708046,
    "Rib Fracture": 0.019265875220298767,
    "Scoliosis": 0.22838683426380157,
    "Subcutaneous Emphysema": 0.02710013836622238,
    "Thickening": 0.1211123839020729,
    "Volume Loss": 0.2083483785390854,
    "normal": 0.7647148370742798
  }
}