{
  "uid": "3359",
  "frontal_image": "3359_IM-1612-3001.dcm.png|3359_IM-1612-4001.dcm.png",
  "lateral_image": "3359_IM-1612-2001.dcm.png|3359_IM-1612-6001.dcm.png",
  "fusion_mode": "weighted_avg(f=0.65,l=0.35)",
  "predicted_classes": [
    "normal"
  ],
  "resolved_classes": [
    "normal"
  ],
  "kg_classes": [
    "Normal"
  ],
  "num_predicted": 1,
  "conflict_resolution": "no_conflict",
  "is_uncertain": false,
  "uncertainty_reason": "",
  "inference_time_s": 0.5471,
  "gt_labels": "normal",
  "probabilities": {
    "Airspace Disease": 0.11708,
    "Bronchiectasis": 0.011646,
    "Bronchiolitis": 0.00112,
    "Bullous Disease": 0.007517,
    "Calcified Granuloma": 0.171669,
    "Calcinosis": 0.15512,
    "Cardiac Shadow (abnormal)": 0.049943,
    "Cardiomegaly": 0.099571,
    "Consolidation": 0.075095,
    "Degenerative Change": 0.171902,
    "Edema": 0.06165,
    "Effusion": 0.03202,
    "Emphysema": 0.115221,
    "Fibrosis": 0.123078,
    "Fractures": 0.103566,
    "Hernia": 0.051232,
    "Hyperinflation": 0.201942,
    "Increased Lung Markings": 0.10092,
    "Interstitial Lung Disease": 0.063748,
    "Kyphosis": 0.020799,
    "Lesion": 0.18775,
    "Mass": 0.034523,
    "Nodule": 0.116703,
    "Osteophyte": 0.100927,
    "Pleural Effusion": 0.053673,
    "Pleural Thickening": 0.091054,
    "Pneumothorax": 0.105354,
    "Pulmonary Artery Enlargement": 0.02507,
    "Pulmonary Fibrosis": 0.031059,
    "Rib Fracture": 0.012138,
    "Scoliosis": 0.121129,
    "Subcutaneous Emphysema": 0.007101,
    "Thickening": 0.065242,
    "Volume Loss": 0.127502,
    "normal": 0.876691
  },
  "frontal_probs": {
    "Airspace Disease": 0.06464000325649977,
    "Bronchiectasis": 0.0007291723231901415,
    "Bronchiolitis": 0.0002503818050172413,
    "Bullous Disease": 0.004940768674714491,
    "Calcified Granuloma": 0.08589542843401432,
    "Calcinosis": 0.07558441162109375,
    "Cardiac Shadow (abnormal)": 0.00840881618205458,
    "Cardiomegaly": 0.02817530371248722,
    "Consolidation": 0.019664845196530223,
    "Degenerative Change": 0.07538078911602497,
    "Edema": 0.018722024746239185,
    "Effusion": 0.01065814250614494,
    "Emphysema": 0.06458764104172587,
    "Fibrosis": 0.04903355706483126,
    "Fractures": 0.06195554882287979,
    "Hernia": 0.012288141530007124,
    "Hyperinflation": 0.1145933922380209,
    "Increased Lung Markings": 0.04291158076375723,
    "Interstitial Lung Disease": 0.01826487248763442,
    "Kyphosis": 0.007294903276488185,
    "Lesion": 0.09376923646777868,
    "Mass": 0.0018691795121412724,
    "Nodule": 0.05698176845908165,
    "Osteophyte": 0.04107127618044615,
    "Pleural Effusion": 0.020657699555158615,
    "Pleural Thickening": 0.06237231567502022,
    "Pneumothorax": 0.12878192774951458,
    "Pulmonary Artery Enlargement": 0.003835699986666441,
    "Pulmonary Fibrosis": 0.0029409095004666597,
    "Rib Fracture": 0.0015568662784062326,
    "Scoliosis": 0.0915821511298418,
    "Subcutaneous Emphysema": 0.003031386913789902,
    "Thickening": 0.03283898392692208,
    "Volume Loss": 0.06750684417784214,
    "normal": 0.9408277273178101
  },
  "lateral_probs": {
    "Airspace Disease": 0.21446720510721207,
    "Bronchiectasis": 0.0319206053391099,
    "Bronchiolitis": 0.0027341212844476104,
    "Bullous Disease": 0.012301895767450333,
    "Calcified Granuloma": 0.3309629112482071,
    "Calcinosis": 0.3028301000595093,
    "Cardiac Shadow (abnormal)": 0.1270788051187992,
    "Cardiomegaly": 0.23216352611780167,
    "Consolidation": 0.17803806066513062,
    "Degenerative Change": 0.3511545956134796,
    "Edema": 0.14137253165245056,
    "Effusion": 0.07169282250106335,
    "Emphysema": 0.2092534452676773,
    "Fibrosis": 0.2605883777141571,
    "Fractures": 0.18084387481212616,
    "Hernia": 0.12355509400367737,
    "Hyperinflation": 0.36416083574295044,
    "Increased Lung Markings": 0.2086504027247429,
    "Interstitial Lung Disease": 0.14821802824735641,
    "Kyphosis": 0.04587685130536556,
    "Lesion": 0.36228638887405396,
    "Mass": 0.09516513720154762,
    "Nodule": 0.22761349380016327,
    "Osteophyte": 0.21208897233009338,
    "Pleural Effusion": 0.1149861216545105,
    "Pleural Thickening": 0.14431928843259811,
    "Pneumothorax": 0.06184595078229904,
    "Pulmonary Artery Enlargement": 0.0645050797611475,
    "Pulmonary Fibrosis": 0.08327852934598923,
    "Rib Fracture": 0.03178802318871021,
    "Scoliosis": 0.17600146681070328,
    "Subcutaneous Emphysema": 0.014659106731414795,
    "Thickening": 0.125418558716774,
    "Volume Loss": 0.23892267048358917,
    "normal": 0.7575806379318237
  }
}