{
  "uid": "3709",
  "frontal_image": "3709_IM-1852-1001.dcm.png|3709_IM-1852-4001.dcm.png",
  "lateral_image": "3709_IM-1852-2001.dcm.png",
  "fusion_mode": "weighted_avg(f=0.65,l=0.35)",
  "predicted_classes": [
    "normal"
  ],
  "resolved_classes": [
    "normal"
  ],
  "kg_classes": [
    "Normal"
  ],
  "num_predicted": 1,
  "conflict_resolution": "no_conflict",
  "is_uncertain": true,
  "uncertainty_reason": "normal_prob=0.540 (<0.73) with elevated disease scores: Cardiomegaly=0.476, Lesion=0.472, Degenerative Change=0.444",
  "inference_time_s": 0.4135,
  "gt_labels": "Mass",
  "probabilities": {
    "Airspace Disease": 0.331561,
    "Bronchiectasis": 0.072489,
    "Bronchiolitis": 0.022418,
    "Bullous Disease": 0.082534,
    "Calcified Granuloma": 0.307612,
    "Calcinosis": 0.353591,
    "Cardiac Shadow (abnormal)": 0.287153,
    "Cardiomegaly": 0.476067,
    "Consolidation": 0.207857,
    "Degenerative Change": 0.443825,
    "Edema": 0.334875,
    "Effusion": 0.129657,
    "Emphysema": 0.200513,
    "Fibrosis": 0.309913,
    "Fractures": 0.264731,
    "Hernia": 0.246709,
    "Hyperinflation": 0.422444,
    "Increased Lung Markings": 0.329552,
    "Interstitial Lung Disease": 0.198722,
    "Kyphosis": 0.18258,
    "Lesion": 0.472385,
    "Mass": 0.122198,
    "Nodule": 0.253586,
    "Osteophyte": 0.250534,
    "Pleural Effusion": 0.29849,
    "Pleural Thickening": 0.266417,
    "Pneumothorax": 0.171864,
    "Pulmonary Artery Enlargement": 0.146511,
    "Pulmonary Fibrosis": 0.128685,
    "Rib Fracture": 0.065829,
    "Scoliosis": 0.285099,
    "Subcutaneous Emphysema": 0.060262,
    "Thickening": 0.239018,
    "Volume Loss": 0.386406,
    "normal": 0.539659
  },
  "frontal_probs": {
    "Airspace Disease": 0.33647070825099945,
    "Bronchiectasis": 0.06185922957956791,
    "Bronchiolitis": 0.02468075603246689,
    "Bullous Disease": 0.08307785913348198,
    "Calcified Granuloma": 0.31068968772888184,
    "Calcinosis": 0.3526446670293808,
    "Cardiac Shadow (abnormal)": 0.2977101057767868,
    "Cardiomegaly": 0.5073818564414978,
    "Consolidation": 0.20774315297603607,
    "Degenerative Change": 0.4229643791913986,
    "Edema": 0.3409622088074684,
    "Effusion": 0.13626794703304768,
    "Emphysema": 0.17662212252616882,
    "Fibrosis": 0.29804252833127975,
    "Fractures": 0.27806176245212555,
    "Hernia": 0.25051040202379227,
    "Hyperinflation": 0.4334932416677475,
    "Increased Lung Markings": 0.3399289548397064,
    "Interstitial Lung Disease": 0.17564959824085236,
    "Kyphosis": 0.20715997368097305,
    "Lesion": 0.516991913318634,
    "Mass": 0.11081426031887531,
    "Nodule": 0.26448293030261993,
    "Osteophyte": 0.22454052418470383,
    "Pleural Effusion": 0.30557700246572495,
    "Pleural Thickening": 0.2631519138813019,
    "Pneumothorax": 0.18949554488062859,
    "Pulmonary Artery Enlargement": 0.14598124474287033,
    "Pulmonary Fibrosis": 0.12546232342720032,
    "Rib Fracture": 0.06114879809319973,
    "Scoliosis": 0.2896624356508255,
    "Subcutaneous Emphysema": 0.06303489953279495,
    "Thickening": 0.2397352233529091,
    "Volume Loss": 0.4266827404499054,
    "normal": 0.5118855983018875
  },
  "lateral_probs": {
    "Airspace Disease": 0.32244324684143066,
    "Bronchiectasis": 0.09223093092441559,
    "Bronchiolitis": 0.018215185031294823,
    "Bullous Disease": 0.08152353763580322,
    "Calcified Granuloma": 0.3018953204154968,
    "Calcinosis": 0.3553483486175537,
    "Cardiac Shadow (abnormal)": 0.26754775643348694,
    "Cardiomegaly": 0.41790971159935,
    "Consolidation": 0.2080671787261963,
    "Degenerative Change": 0.4825659990310669,
    "Edema": 0.3235715329647064,
    "Effusion": 0.11737853288650513,
    "Emphysema": 0.24488036334514618,
    "Fibrosis": 0.331957072019577,
    "Fractures": 0.23997245728969574,
    "Hernia": 0.23965051770210266,
    "Hyperinflation": 0.4019227921962738,
    "Increased Lung Markings": 0.31027916073799133,
    "Interstitial Lung Disease": 0.24157027900218964,
    "Kyphosis": 0.13693179190158844,
    "Lesion": 0.38954389095306396,
    "Mass": 0.14334063231945038,
    "Nodule": 0.2333494871854782,
    "Osteophyte": 0.2988089323043823,
    "Pleural Effusion": 0.2853289246559143,
    "Pleural Thickening": 0.27248021960258484,
    "Pneumothorax": 0.13911877572536469,
    "Pulmonary Artery Enlargement": 0.14749494194984436,
    "Pulmonary Fibrosis": 0.1346701979637146,
    "Rib Fracture": 0.07451992481946945,
    "Scoliosis": 0.2766253352165222,
    "Subcutaneous Emphysema": 0.055113159120082855,
    "Thickening": 0.2376849204301834,
    "Volume Loss": 0.31160643696784973,
    "normal": 0.5912384986877441
  }
}