{
  "uid": "3509",
  "frontal_image": "3509_IM-1711-0001-0001.dcm.png|3509_IM-1711-0001-0003.dcm.png",
  "lateral_image": "3509_IM-1711-0001-0002.dcm.png",
  "fusion_mode": "weighted_avg(f=0.65,l=0.35)",
  "predicted_classes": [
    "Lesion",
    "Pleural Effusion",
    "Hyperinflation"
  ],
  "resolved_classes": [
    "Lesion",
    "Pleural Effusion",
    "Hyperinflation"
  ],
  "kg_classes": [
    "Lesion",
    "Pleural Effusion",
    "Hyperinflation"
  ],
  "num_predicted": 3,
  "conflict_resolution": "no_conflict",
  "is_uncertain": false,
  "uncertainty_reason": "",
  "inference_time_s": 0.3907,
  "gt_labels": "Pleural Effusion;Volume Loss",
  "probabilities": {
    "Airspace Disease": 0.467955,
    "Bronchiectasis": 0.191326,
    "Bronchiolitis": 0.040295,
    "Bullous Disease": 0.116987,
    "Calcified Granuloma": 0.372908,
    "Calcinosis": 0.363438,
    "Cardiac Shadow (abnormal)": 0.241924,
    "Cardiomegaly": 0.363805,
    "Consolidation": 0.322672,
    "Degenerative Change": 0.465477,
    "Edema": 0.285356,
    "Effusion": 0.216713,
    "Emphysema": 0.356198,
    "Fibrosis": 0.399202,
    "Fractures": 0.263596,
    "Hernia": 0.309477,
    "Hyperinflation": 0.501275,
    "Increased Lung Markings": 0.344045,
    "Interstitial Lung Disease": 0.277585,
    "Kyphosis": 0.150291,
    "Lesion": 0.573794,
    "Mass": 0.217224,
    "Nodule": 0.289366,
    "Osteophyte": 0.244176,
    "Pleural Effusion": 0.522586,
    "Pleural Thickening": 0.395185,
    "Pneumothorax": 0.288705,
    "Pulmonary Artery Enlargement": 0.103975,
    "Pulmonary Fibrosis": 0.220627,
    "Rib Fracture": 0.110994,
    "Scoliosis": 0.289266,
    "Subcutaneous Emphysema": 0.104786,
    "Thickening": 0.279559,
    "Volume Loss": 0.484996,
    "normal": 0.446522
  },
  "frontal_probs": {
    "Airspace Disease": 0.5252363383769989,
    "Bronchiectasis": 0.1638307124376297,
    "Bronchiolitis": 0.04266919381916523,
    "Bullous Disease": 0.1170976497232914,
    "Calcified Granuloma": 0.354906290769577,
    "Calcinosis": 0.35280467569828033,
    "Cardiac Shadow (abnormal)": 0.26580750942230225,
    "Cardiomegaly": 0.38424672186374664,
    "Consolidation": 0.3450199216604233,
    "Degenerative Change": 0.4615047425031662,
    "Edema": 0.2862280309200287,
    "Effusion": 0.2225649505853653,
    "Emphysema": 0.2920972928404808,
    "Fibrosis": 0.3894509971141815,
    "Fractures": 0.2666236460208893,
    "Hernia": 0.3116539269685745,
    "Hyperinflation": 0.4994615614414215,
    "Increased Lung Markings": 0.35846124589443207,
    "Interstitial Lung Disease": 0.2540302723646164,
    "Kyphosis": 0.13585158810019493,
    "Lesion": 0.6115672588348389,
    "Mass": 0.23749990016222,
    "Nodule": 0.2693188041448593,
    "Osteophyte": 0.23761752992868423,
    "Pleural Effusion": 0.6153939962387085,
    "Pleural Thickening": 0.4316736310720444,
    "Pneumothorax": 0.2700244039297104,
    "Pulmonary Artery Enlargement": 0.08887721970677376,
    "Pulmonary Fibrosis": 0.20942093431949615,
    "Rib Fracture": 0.11429260671138763,
    "Scoliosis": 0.28770314902067184,
    "Subcutaneous Emphysema": 0.09803082048892975,
    "Thickening": 0.28393642604351044,
    "Volume Loss": 0.49545980989933014,
    "normal": 0.39215895533561707
  },
  "lateral_probs": {
    "Airspace Disease": 0.36157649755477905,
    "Bronchiectasis": 0.2423892766237259,
    "Bronchiolitis": 0.03588620573282242,
    "Bullous Disease": 0.11678134649991989,
    "Calcified Granuloma": 0.40634024143218994,
    "Calcinosis": 0.3831864893436432,
    "Cardiac Shadow (abnormal)": 0.19756978750228882,
    "Cardiomegaly": 0.3258431553840637,
    "Consolidation": 0.28116846084594727,
    "Degenerative Change": 0.4728526771068573,
    "Edema": 0.28373509645462036,
    "Effusion": 0.20584407448768616,
    "Emphysema": 0.47524088621139526,
    "Fibrosis": 0.4173103868961334,
    "Fractures": 0.25797438621520996,
    "Hernia": 0.3054335117340088,
    "Hyperinflation": 0.5046421885490417,
    "Increased Lung Markings": 0.3172730505466461,
    "Interstitial Lung Disease": 0.32132941484451294,
    "Kyphosis": 0.1771078109741211,
    "Lesion": 0.5036429762840271,
    "Mass": 0.1795676052570343,
    "Nodule": 0.32659661769866943,
    "Osteophyte": 0.2563568651676178,
    "Pleural Effusion": 0.35022783279418945,
    "Pleural Thickening": 0.3274209797382355,
    "Pneumothorax": 0.32339799404144287,
    "Pulmonary Artery Enlargement": 0.13201458752155304,
    "Pulmonary Fibrosis": 0.24143870174884796,
    "Rib Fracture": 0.10486936569213867,
    "Scoliosis": 0.29216763377189636,
    "Subcutaneous Emphysema": 0.11733043193817139,
    "Thickening": 0.27142977714538574,
    "Volume Loss": 0.46556299924850464,
    "normal": 0.5474806427955627
  }
}