{
  "uid": "3956",
  "frontal_image": "3956_IM-2021-1001.dcm.png",
  "lateral_image": "3956_IM-2021-2001.dcm.png",
  "fusion_mode": "weighted_avg(f=0.65,l=0.35)",
  "predicted_classes": [
    "normal"
  ],
  "resolved_classes": [
    "normal"
  ],
  "kg_classes": [
    "Normal"
  ],
  "num_predicted": 1,
  "conflict_resolution": "no_conflict",
  "is_uncertain": true,
  "uncertainty_reason": "normal_prob=0.654 (<0.73) with elevated disease scores: Lesion=0.401, Cardiomegaly=0.382, Volume Loss=0.374",
  "inference_time_s": 0.2782,
  "gt_labels": "Hyperinflation",
  "probabilities": {
    "Airspace Disease": 0.248358,
    "Bronchiectasis": 0.019981,
    "Bronchiolitis": 0.006675,
    "Bullous Disease": 0.021618,
    "Calcified Granuloma": 0.294842,
    "Calcinosis": 0.228942,
    "Cardiac Shadow (abnormal)": 0.181343,
    "Cardiomegaly": 0.381582,
    "Consolidation": 0.079187,
    "Degenerative Change": 0.368891,
    "Edema": 0.31066,
    "Effusion": 0.09086,
    "Emphysema": 0.088682,
    "Fibrosis": 0.211801,
    "Fractures": 0.226153,
    "Hernia": 0.13342,
    "Hyperinflation": 0.372442,
    "Increased Lung Markings": 0.294608,
    "Interstitial Lung Disease": 0.082587,
    "Kyphosis": 0.107391,
    "Lesion": 0.401251,
    "Mass": 0.055529,
    "Nodule": 0.174167,
    "Osteophyte": 0.160998,
    "Pleural Effusion": 0.158809,
    "Pleural Thickening": 0.176084,
    "Pneumothorax": 0.089029,
    "Pulmonary Artery Enlargement": 0.083766,
    "Pulmonary Fibrosis": 0.047501,
    "Rib Fracture": 0.040355,
    "Scoliosis": 0.129821,
    "Subcutaneous Emphysema": 0.016371,
    "Thickening": 0.16119,
    "Volume Loss": 0.373639,
    "normal": 0.653551
  },
  "frontal_probs": {
    "Airspace Disease": 0.30691230297088623,
    "Bronchiectasis": 0.023844927549362183,
    "Bronchiolitis": 0.00961315631866455,
    "Bullous Disease": 0.029579149559140205,
    "Calcified Granuloma": 0.2816711366176605,
    "Calcinosis": 0.23680968582630157,
    "Cardiac Shadow (abnormal)": 0.22902260720729828,
    "Cardiomegaly": 0.46341803669929504,
    "Consolidation": 0.07742087543010712,
    "Degenerative Change": 0.3707384169101715,
    "Edema": 0.4150826632976532,
    "Effusion": 0.1221172884106636,
    "Emphysema": 0.0849713459610939,
    "Fibrosis": 0.2229011356830597,
    "Fractures": 0.2686639428138733,
    "Hernia": 0.13411451876163483,
    "Hyperinflation": 0.3996520936489105,
    "Increased Lung Markings": 0.3606553375720978,
    "Interstitial Lung Disease": 0.07662462443113327,
    "Kyphosis": 0.13215918838977814,
    "Lesion": 0.43554335832595825,
    "Mass": 0.04747184365987778,
    "Nodule": 0.17862793803215027,
    "Osteophyte": 0.16161853075027466,
    "Pleural Effusion": 0.1889965832233429,
    "Pleural Thickening": 0.21308527886867523,
    "Pneumothorax": 0.12242938578128815,
    "Pulmonary Artery Enlargement": 0.1006847694516182,
    "Pulmonary Fibrosis": 0.0529186949133873,
    "Rib Fracture": 0.050067562609910965,
    "Scoliosis": 0.13807854056358337,
    "Subcutaneous Emphysema": 0.02183871529996395,
    "Thickening": 0.1799686998128891,
    "Volume Loss": 0.4257700443267822,
    "normal": 0.5962470173835754
  },
  "lateral_probs": {
    "Airspace Disease": 0.1396155208349228,
    "Bronchiectasis": 0.012803922407329082,
    "Bronchiolitis": 0.0012193385045975447,
    "Bullous Disease": 0.0068341027945280075,
    "Calcified Granuloma": 0.31930166482925415,
    "Calcinosis": 0.21432945132255554,
    "Cardiac Shadow (abnormal)": 0.09279414266347885,
    "Cardiomegaly": 0.22960107028484344,
    "Consolidation": 0.0824662446975708,
    "Degenerative Change": 0.3654593527317047,
    "Edema": 0.11673236638307571,
    "Effusion": 0.032811008393764496,
    "Emphysema": 0.09557423740625381,
    "Fibrosis": 0.19118565320968628,
    "Fractures": 0.1472034603357315,
    "Hernia": 0.13212993741035461,
    "Hyperinflation": 0.3219078779220581,
    "Increased Lung Markings": 0.17194902896881104,
    "Interstitial Lung Disease": 0.09365956485271454,
    "Kyphosis": 0.06139377877116203,
    "Lesion": 0.3375661373138428,
    "Mass": 0.07049254328012466,
    "Nodule": 0.16588345170021057,
    "Osteophyte": 0.1598454862833023,
    "Pleural Effusion": 0.10274495929479599,
    "Pleural Thickening": 0.1073666587471962,
    "Pneumothorax": 0.026999622583389282,
    "Pulmonary Artery Enlargement": 0.052346110343933105,
    "Pulmonary Fibrosis": 0.037439942359924316,
    "Rib Fracture": 0.02231687866151333,
    "Scoliosis": 0.11448691040277481,
    "Subcutaneous Emphysema": 0.006216651294380426,
    "Thickening": 0.12631414830684662,
    "Volume Loss": 0.2768232524394989,
    "normal": 0.759972870349884
  }
}