{
  "uid": "3477",
  "frontal_image": "3477_IM-1690-3001.dcm.png",
  "lateral_image": "3477_IM-1690-2001.dcm.png",
  "fusion_mode": "weighted_avg(f=0.65,l=0.35)",
  "predicted_classes": [
    "normal"
  ],
  "resolved_classes": [
    "normal"
  ],
  "kg_classes": [
    "Normal"
  ],
  "num_predicted": 1,
  "conflict_resolution": "no_conflict",
  "is_uncertain": false,
  "uncertainty_reason": "",
  "inference_time_s": 0.2697,
  "gt_labels": "normal",
  "probabilities": {
    "Airspace Disease": 0.047911,
    "Bronchiectasis": 0.003189,
    "Bronchiolitis": 0.00011,
    "Bullous Disease": 0.000899,
    "Calcified Granuloma": 0.111062,
    "Calcinosis": 0.062519,
    "Cardiac Shadow (abnormal)": 0.015013,
    "Cardiomegaly": 0.045721,
    "Consolidation": 0.038154,
    "Degenerative Change": 0.106832,
    "Edema": 0.024096,
    "Effusion": 0.003907,
    "Emphysema": 0.016612,
    "Fibrosis": 0.046371,
    "Fractures": 0.029798,
    "Hernia": 0.02585,
    "Hyperinflation": 0.073901,
    "Increased Lung Markings": 0.044573,
    "Interstitial Lung Disease": 0.013676,
    "Kyphosis": 0.004358,
    "Lesion": 0.092111,
    "Mass": 0.010485,
    "Nodule": 0.055631,
    "Osteophyte": 0.035414,
    "Pleural Effusion": 0.022851,
    "Pleural Thickening": 0.025391,
    "Pneumothorax": 0.004204,
    "Pulmonary Artery Enlargement": 0.008707,
    "Pulmonary Fibrosis": 0.009051,
    "Rib Fracture": 0.002613,
    "Scoliosis": 0.05515,
    "Subcutaneous Emphysema": 0.001002,
    "Thickening": 0.044289,
    "Volume Loss": 0.048423,
    "normal": 0.959049
  },
  "frontal_probs": {
    "Airspace Disease": 0.0020501737017184496,
    "Bronchiectasis": 6.21154640612076e-07,
    "Bronchiolitis": 2.0657994070916175e-07,
    "Bullous Disease": 2.915330696851015e-06,
    "Calcified Granuloma": 0.031747862696647644,
    "Calcinosis": 0.006856965366750956,
    "Cardiac Shadow (abnormal)": 5.8815014199353755e-05,
    "Cardiomegaly": 0.0032153732609003782,
    "Consolidation": 0.0006776713416911662,
    "Degenerative Change": 0.0135183809325099,
    "Edema": 0.00024787368602119386,
    "Effusion": 1.4792831279919483e-05,
    "Emphysema": 0.0002600408624857664,
    "Fibrosis": 0.004667791537940502,
    "Fractures": 0.002828393829986453,
    "Hernia": 0.0010218648239970207,
    "Hyperinflation": 0.004922206979244947,
    "Increased Lung Markings": 0.0037393493112176657,
    "Interstitial Lung Disease": 7.640461262781173e-05,
    "Kyphosis": 0.0003777582023758441,
    "Lesion": 0.004253241699188948,
    "Mass": 3.3107400668086484e-05,
    "Nodule": 0.008014359511435032,
    "Osteophyte": 0.008669385686516762,
    "Pleural Effusion": 0.0003700708912219852,
    "Pleural Thickening": 0.0009655369794927537,
    "Pneumothorax": 0.0016889675753191113,
    "Pulmonary Artery Enlargement": 0.0006558366003446281,
    "Pulmonary Fibrosis": 2.5275151074310998e-06,
    "Rib Fracture": 2.7282362680125516e-06,
    "Scoliosis": 0.010085229761898518,
    "Subcutaneous Emphysema": 1.4400856116481009e-06,
    "Thickening": 0.00039221206679940224,
    "Volume Loss": 0.004223132971674204,
    "normal": 0.9982607960700989
  },
  "lateral_probs": {
    "Airspace Disease": 0.1330823451280594,
    "Bronchiectasis": 0.009109332226216793,
    "Bronchiolitis": 0.0003152658464387059,
    "Bullous Disease": 0.002562273293733597,
    "Calcified Granuloma": 0.2583584189414978,
    "Calcinosis": 0.16589109599590302,
    "Cardiac Shadow (abnormal)": 0.042784154415130615,
    "Cardiomegaly": 0.12465875595808029,
    "Consolidation": 0.10775147378444672,
    "Degenerative Change": 0.28012827038764954,
    "Edema": 0.06838453561067581,
    "Effusion": 0.011136564426124096,
    "Emphysema": 0.04697946459054947,
    "Fibrosis": 0.12381849437952042,
    "Fractures": 0.07988443970680237,
    "Hernia": 0.07195818424224854,
    "Hyperinflation": 0.20200398564338684,
    "Increased Lung Markings": 0.12040731310844421,
    "Interstitial Lung Disease": 0.03893313929438591,
    "Kyphosis": 0.0117495721206069,
    "Lesion": 0.2552762031555176,
    "Mass": 0.029895218089222908,
    "Nodule": 0.14406071603298187,
    "Osteophyte": 0.08508282154798508,
    "Pleural Effusion": 0.06460264325141907,
    "Pleural Thickening": 0.07075150310993195,
    "Pneumothorax": 0.00887597631663084,
    "Pulmonary Artery Enlargement": 0.02365924045443535,
    "Pulmonary Fibrosis": 0.02585507556796074,
    "Rib Fracture": 0.0074602519161999226,
    "Scoliosis": 0.13884292542934418,
    "Subcutaneous Emphysema": 0.0028592462185770273,
    "Thickening": 0.12581266462802887,
    "Volume Loss": 0.13050927221775055,
    "normal": 0.8862272500991821
  }
}