{
  "uid": "3615",
  "frontal_image": "3615_IM-1788-1001.dcm.png",
  "lateral_image": "3615_IM-1788-2001.dcm.png",
  "fusion_mode": "weighted_avg(f=0.65,l=0.35)",
  "predicted_classes": [
    "normal",
    "Degenerative Change"
  ],
  "resolved_classes": [
    "Degenerative Change"
  ],
  "kg_classes": [
    "Degenerative Change"
  ],
  "num_predicted": 1,
  "conflict_resolution": "disease_dominates",
  "is_uncertain": false,
  "uncertainty_reason": "",
  "inference_time_s": 0.2583,
  "gt_labels": "normal",
  "probabilities": {
    "Airspace Disease": 0.148364,
    "Bronchiectasis": 0.030504,
    "Bronchiolitis": 0.032101,
    "Bullous Disease": 0.034516,
    "Calcified Granuloma": 0.322502,
    "Calcinosis": 0.396814,
    "Cardiac Shadow (abnormal)": 0.110623,
    "Cardiomegaly": 0.258534,
    "Consolidation": 0.078777,
    "Degenerative Change": 0.513865,
    "Edema": 0.153969,
    "Effusion": 0.042375,
    "Emphysema": 0.216532,
    "Fibrosis": 0.245435,
    "Fractures": 0.245881,
    "Hernia": 0.237374,
    "Hyperinflation": 0.392384,
    "Increased Lung Markings": 0.265762,
    "Interstitial Lung Disease": 0.208324,
    "Kyphosis": 0.11484,
    "Lesion": 0.346581,
    "Mass": 0.149528,
    "Nodule": 0.259326,
    "Osteophyte": 0.27696,
    "Pleural Effusion": 0.123954,
    "Pleural Thickening": 0.121526,
    "Pneumothorax": 0.072335,
    "Pulmonary Artery Enlargement": 0.087617,
    "Pulmonary Fibrosis": 0.118189,
    "Rib Fracture": 0.040581,
    "Scoliosis": 0.260923,
    "Subcutaneous Emphysema": 0.043281,
    "Thickening": 0.18002,
    "Volume Loss": 0.28563,
    "normal": 0.68221
  },
  "frontal_probs": {
    "Airspace Disease": 0.10669583827257156,
    "Bronchiectasis": 0.02689681202173233,
    "Bronchiolitis": 0.04717067629098892,
    "Bullous Disease": 0.03948179632425308,
    "Calcified Granuloma": 0.2950829565525055,
    "Calcinosis": 0.4559774398803711,
    "Cardiac Shadow (abnormal)": 0.0949724093079567,
    "Cardiomegaly": 0.26098188757896423,
    "Consolidation": 0.04884717985987663,
    "Degenerative Change": 0.5361706614494324,
    "Edema": 0.14171326160430908,
    "Effusion": 0.023360135033726692,
    "Emphysema": 0.16799992322921753,
    "Fibrosis": 0.22383373975753784,
    "Fractures": 0.2747228145599365,
    "Hernia": 0.23763638734817505,
    "Hyperinflation": 0.4018927216529846,
    "Increased Lung Markings": 0.29260578751564026,
    "Interstitial Lung Disease": 0.1813627928495407,
    "Kyphosis": 0.131242573261261,
    "Lesion": 0.338157594203949,
    "Mass": 0.1929219663143158,
    "Nodule": 0.28479862213134766,
    "Osteophyte": 0.26914456486701965,
    "Pleural Effusion": 0.11108902841806412,
    "Pleural Thickening": 0.0983893945813179,
    "Pneumothorax": 0.05798356607556343,
    "Pulmonary Artery Enlargement": 0.09168718755245209,
    "Pulmonary Fibrosis": 0.12941069900989532,
    "Rib Fracture": 0.03815974295139313,
    "Scoliosis": 0.30273550748825073,
    "Subcutaneous Emphysema": 0.052699845284223557,
    "Thickening": 0.21047957241535187,
    "Volume Loss": 0.27736830711364746,
    "normal": 0.6805359721183777
  },
  "lateral_probs": {
    "Airspace Disease": 0.22574803233146667,
    "Bronchiectasis": 0.0372040756046772,
    "Bronchiolitis": 0.004115868825465441,
    "Bullous Disease": 0.02529272995889187,
    "Calcified Granuloma": 0.37342384457588196,
    "Calcinosis": 0.2869376838207245,
    "Cardiac Shadow (abnormal)": 0.13968852162361145,
    "Cardiomegaly": 0.2539874315261841,
    "Consolidation": 0.1343601495027542,
    "Degenerative Change": 0.4724390506744385,
    "Edema": 0.1767290085554123,
    "Effusion": 0.07768814265727997,
    "Emphysema": 0.306663453578949,
    "Fibrosis": 0.2855515778064728,
    "Fractures": 0.1923162192106247,
    "Hernia": 0.23688755929470062,
    "Hyperinflation": 0.37472617626190186,
    "Increased Lung Markings": 0.21590901911258698,
    "Interstitial Lung Disease": 0.25839489698410034,
    "Kyphosis": 0.08437719196081161,
    "Lesion": 0.3622254431247711,
    "Mass": 0.06894037872552872,
    "Nodule": 0.21202075481414795,
    "Osteophyte": 0.2914748191833496,
    "Pleural Effusion": 0.1478453278541565,
    "Pleural Thickening": 0.16449515521526337,
    "Pneumothorax": 0.09898748993873596,
    "Pulmonary Artery Enlargement": 0.08005809783935547,
    "Pulmonary Fibrosis": 0.09734742343425751,
    "Rib Fracture": 0.045077335089445114,
    "Scoliosis": 0.1832706332206726,
    "Subcutaneous Emphysema": 0.025789715349674225,
    "Thickening": 0.12345129251480103,
    "Volume Loss": 0.3009728789329529,
    "normal": 0.6853179931640625
  }
}