{
  "uid": "3616",
  "frontal_image": "3616_IM-1789-2002.dcm.png",
  "lateral_image": "3616_IM-1789-3003.dcm.png",
  "fusion_mode": "weighted_avg(f=0.65,l=0.35)",
  "predicted_classes": [
    "Lesion"
  ],
  "resolved_classes": [
    "Lesion"
  ],
  "kg_classes": [
    "Lesion"
  ],
  "num_predicted": 1,
  "conflict_resolution": "no_conflict",
  "is_uncertain": false,
  "uncertainty_reason": "",
  "inference_time_s": 0.2605,
  "gt_labels": "Degenerative Change;Emphysema;Increased Lung Markings",
  "probabilities": {
    "Airspace Disease": 0.448952,
    "Bronchiectasis": 0.140165,
    "Bronchiolitis": 0.046572,
    "Bullous Disease": 0.094994,
    "Calcified Granuloma": 0.377897,
    "Calcinosis": 0.374458,
    "Cardiac Shadow (abnormal)": 0.260609,
    "Cardiomegaly": 0.402766,
    "Consolidation": 0.315197,
    "Degenerative Change": 0.47092,
    "Edema": 0.336908,
    "Effusion": 0.111208,
    "Emphysema": 0.413217,
    "Fibrosis": 0.394102,
    "Fractures": 0.287797,
    "Hernia": 0.269478,
    "Hyperinflation": 0.479366,
    "Increased Lung Markings": 0.309994,
    "Interstitial Lung Disease": 0.324905,
    "Kyphosis": 0.192102,
    "Lesion": 0.570236,
    "Mass": 0.143399,
    "Nodule": 0.29319,
    "Osteophyte": 0.231165,
    "Pleural Effusion": 0.408678,
    "Pleural Thickening": 0.372333,
    "Pneumothorax": 0.141451,
    "Pulmonary Artery Enlargement": 0.127786,
    "Pulmonary Fibrosis": 0.178884,
    "Rib Fracture": 0.075179,
    "Scoliosis": 0.245432,
    "Subcutaneous Emphysema": 0.087705,
    "Thickening": 0.294001,
    "Volume Loss": 0.433214,
    "normal": 0.495674
  },
  "frontal_probs": {
    "Airspace Disease": 0.5037548542022705,
    "Bronchiectasis": 0.12605971097946167,
    "Bronchiolitis": 0.04884282499551773,
    "Bullous Disease": 0.09243519604206085,
    "Calcified Granuloma": 0.36694785952568054,
    "Calcinosis": 0.36427026987075806,
    "Cardiac Shadow (abnormal)": 0.27625197172164917,
    "Cardiomegaly": 0.3967547118663788,
    "Consolidation": 0.35376331210136414,
    "Degenerative Change": 0.45129045844078064,
    "Edema": 0.35537827014923096,
    "Effusion": 0.09123105555772781,
    "Emphysema": 0.4208599030971527,
    "Fibrosis": 0.39584603905677795,
    "Fractures": 0.29434314370155334,
    "Hernia": 0.25557756423950195,
    "Hyperinflation": 0.4708058536052704,
    "Increased Lung Markings": 0.3060282766819,
    "Interstitial Lung Disease": 0.3163304030895233,
    "Kyphosis": 0.1776224821805954,
    "Lesion": 0.6244837641716003,
    "Mass": 0.09076076745986938,
    "Nodule": 0.28503963351249695,
    "Osteophyte": 0.21352621912956238,
    "Pleural Effusion": 0.4395463168621063,
    "Pleural Thickening": 0.39983123540878296,
    "Pneumothorax": 0.10981900244951248,
    "Pulmonary Artery Enlargement": 0.1129787266254425,
    "Pulmonary Fibrosis": 0.1592683494091034,
    "Rib Fracture": 0.07159852236509323,
    "Scoliosis": 0.22435642778873444,
    "Subcutaneous Emphysema": 0.07561081647872925,
    "Thickening": 0.30518054962158203,
    "Volume Loss": 0.46387478709220886,
    "normal": 0.46897655725479126
  },
  "lateral_probs": {
    "Airspace Disease": 0.34717443585395813,
    "Bronchiectasis": 0.1663605123758316,
    "Bronchiolitis": 0.04235364869236946,
    "Bullous Disease": 0.09974530339241028,
    "Calcified Granuloma": 0.3982313275337219,
    "Calcinosis": 0.39337682723999023,
    "Cardiac Shadow (abnormal)": 0.2315591424703598,
    "Cardiomegaly": 0.41393035650253296,
    "Consolidation": 0.2435731291770935,
    "Degenerative Change": 0.5073737502098083,
    "Edema": 0.30260512232780457,
    "Effusion": 0.14830945432186127,
    "Emphysema": 0.39902254939079285,
    "Fibrosis": 0.3908628523349762,
    "Fractures": 0.2756407558917999,
    "Hernia": 0.29529330134391785,
    "Hyperinflation": 0.4952629804611206,
    "Increased Lung Markings": 0.3173595666885376,
    "Interstitial Lung Disease": 0.34082984924316406,
    "Kyphosis": 0.21899138391017914,
    "Lesion": 0.4694902300834656,
    "Mass": 0.24115478992462158,
    "Nodule": 0.30832505226135254,
    "Osteophyte": 0.2639213800430298,
    "Pleural Effusion": 0.3513523042201996,
    "Pleural Thickening": 0.3212660551071167,
    "Pneumothorax": 0.200195774435997,
    "Pulmonary Artery Enlargement": 0.15528546273708344,
    "Pulmonary Fibrosis": 0.215311661362648,
    "Rib Fracture": 0.08182768523693085,
    "Scoliosis": 0.28457313776016235,
    "Subcutaneous Emphysema": 0.11016544699668884,
    "Thickening": 0.2732388973236084,
    "Volume Loss": 0.3762727975845337,
    "normal": 0.5452553629875183
  }
}