{
  "uid": "3884",
  "frontal_image": "3884_IM-1971-1001.dcm.png",
  "lateral_image": "3884_IM-1971-2001.dcm.png",
  "fusion_mode": "weighted_avg(f=0.65,l=0.35)",
  "predicted_classes": [
    "normal"
  ],
  "resolved_classes": [
    "normal"
  ],
  "kg_classes": [
    "Normal"
  ],
  "num_predicted": 1,
  "conflict_resolution": "no_conflict",
  "is_uncertain": true,
  "uncertainty_reason": "normal_prob=0.674 (<0.73) with elevated disease scores: Lesion=0.467, Volume Loss=0.398, Degenerative Change=0.375",
  "inference_time_s": 0.2688,
  "gt_labels": "Edema;Lesion",
  "probabilities": {
    "Airspace Disease": 0.348518,
    "Bronchiectasis": 0.054374,
    "Bronchiolitis": 0.012692,
    "Bullous Disease": 0.053854,
    "Calcified Granuloma": 0.308506,
    "Calcinosis": 0.322315,
    "Cardiac Shadow (abnormal)": 0.166074,
    "Cardiomegaly": 0.323748,
    "Consolidation": 0.198778,
    "Degenerative Change": 0.375041,
    "Edema": 0.300745,
    "Effusion": 0.129198,
    "Emphysema": 0.19381,
    "Fibrosis": 0.274171,
    "Fractures": 0.294482,
    "Hernia": 0.155805,
    "Hyperinflation": 0.335777,
    "Increased Lung Markings": 0.255848,
    "Interstitial Lung Disease": 0.121716,
    "Kyphosis": 0.07759,
    "Lesion": 0.467456,
    "Mass": 0.078497,
    "Nodule": 0.268707,
    "Osteophyte": 0.194288,
    "Pleural Effusion": 0.2145,
    "Pleural Thickening": 0.278708,
    "Pneumothorax": 0.240035,
    "Pulmonary Artery Enlargement": 0.142491,
    "Pulmonary Fibrosis": 0.122653,
    "Rib Fracture": 0.040445,
    "Scoliosis": 0.20159,
    "Subcutaneous Emphysema": 0.039471,
    "Thickening": 0.155044,
    "Volume Loss": 0.39771,
    "normal": 0.674302
  },
  "frontal_probs": {
    "Airspace Disease": 0.39782002568244934,
    "Bronchiectasis": 0.0628741979598999,
    "Bronchiolitis": 0.017420155927538872,
    "Bullous Disease": 0.07451357692480087,
    "Calcified Granuloma": 0.29343485832214355,
    "Calcinosis": 0.35236749053001404,
    "Cardiac Shadow (abnormal)": 0.17309460043907166,
    "Cardiomegaly": 0.3378385305404663,
    "Consolidation": 0.2197176218032837,
    "Degenerative Change": 0.35803937911987305,
    "Edema": 0.3038291931152344,
    "Effusion": 0.13813206553459167,
    "Emphysema": 0.17822274565696716,
    "Fibrosis": 0.2883510887622833,
    "Fractures": 0.34542950987815857,
    "Hernia": 0.14921154081821442,
    "Hyperinflation": 0.33742591738700867,
    "Increased Lung Markings": 0.2806438207626343,
    "Interstitial Lung Disease": 0.09545225650072098,
    "Kyphosis": 0.08976728469133377,
    "Lesion": 0.5313048362731934,
    "Mass": 0.08036384731531143,
    "Nodule": 0.29695332050323486,
    "Osteophyte": 0.18203726410865784,
    "Pleural Effusion": 0.25277000665664673,
    "Pleural Thickening": 0.27870360016822815,
    "Pneumothorax": 0.32346293330192566,
    "Pulmonary Artery Enlargement": 0.11736521124839783,
    "Pulmonary Fibrosis": 0.15258049964904785,
    "Rib Fracture": 0.045605551451444626,
    "Scoliosis": 0.21665027737617493,
    "Subcutaneous Emphysema": 0.04975951090455055,
    "Thickening": 0.1833685040473938,
    "Volume Loss": 0.4360024929046631,
    "normal": 0.6318837404251099
  },
  "lateral_probs": {
    "Airspace Disease": 0.25695765018463135,
    "Bronchiectasis": 0.038586847484111786,
    "Bronchiolitis": 0.003911723382771015,
    "Bullous Disease": 0.015485281124711037,
    "Calcified Granuloma": 0.33649593591690063,
    "Calcinosis": 0.2665031850337982,
    "Cardiac Shadow (abnormal)": 0.15303613245487213,
    "Cardiomegaly": 0.29758015275001526,
    "Consolidation": 0.159890815615654,
    "Degenerative Change": 0.4066164791584015,
    "Edema": 0.29501664638519287,
    "Effusion": 0.11260558664798737,
    "Emphysema": 0.22275784611701965,
    "Fibrosis": 0.24783675372600555,
    "Fractures": 0.1998646855354309,
    "Hernia": 0.16805124282836914,
    "Hyperinflation": 0.3327159285545349,
    "Increased Lung Markings": 0.2097988724708557,
    "Interstitial Lung Disease": 0.170492485165596,
    "Kyphosis": 0.05497461557388306,
    "Lesion": 0.34887954592704773,
    "Mass": 0.07502982020378113,
    "Nodule": 0.21624836325645447,
    "Osteophyte": 0.2170386016368866,
    "Pleural Effusion": 0.14342786371707916,
    "Pleural Thickening": 0.27871739864349365,
    "Pneumothorax": 0.08509767055511475,
    "Pulmonary Artery Enlargement": 0.1891527622938156,
    "Pulmonary Fibrosis": 0.06707478314638138,
    "Rib Fracture": 0.03085988014936447,
    "Scoliosis": 0.17362052202224731,
    "Subcutaneous Emphysema": 0.020362645387649536,
    "Thickening": 0.10244210064411163,
    "Volume Loss": 0.3265959918498993,
    "normal": 0.7530777454376221
  }
}