{
  "uid": "3895",
  "frontal_image": "3895_IM-1977-1001.dcm.png",
  "lateral_image": "3895_IM-1977-2001.dcm.png",
  "fusion_mode": "weighted_avg(f=0.65,l=0.35)",
  "predicted_classes": [
    "Lesion"
  ],
  "resolved_classes": [
    "Lesion"
  ],
  "kg_classes": [
    "Lesion"
  ],
  "num_predicted": 1,
  "conflict_resolution": "no_conflict",
  "is_uncertain": false,
  "uncertainty_reason": "",
  "inference_time_s": 0.3484,
  "gt_labels": "Airspace Disease;Consolidation;Hyperinflation;Lesion;Pulmonary Artery Enlargement",
  "probabilities": {
    "Airspace Disease": 0.423897,
    "Bronchiectasis": 0.063552,
    "Bronchiolitis": 0.026313,
    "Bullous Disease": 0.055235,
    "Calcified Granuloma": 0.370644,
    "Calcinosis": 0.326417,
    "Cardiac Shadow (abnormal)": 0.240949,
    "Cardiomegaly": 0.39072,
    "Consolidation": 0.283331,
    "Degenerative Change": 0.451427,
    "Edema": 0.269601,
    "Effusion": 0.080439,
    "Emphysema": 0.296595,
    "Fibrosis": 0.333795,
    "Fractures": 0.286649,
    "Hernia": 0.254405,
    "Hyperinflation": 0.42682,
    "Increased Lung Markings": 0.306707,
    "Interstitial Lung Disease": 0.225472,
    "Kyphosis": 0.217341,
    "Lesion": 0.54101,
    "Mass": 0.088316,
    "Nodule": 0.239223,
    "Osteophyte": 0.243847,
    "Pleural Effusion": 0.391675,
    "Pleural Thickening": 0.299335,
    "Pneumothorax": 0.221301,
    "Pulmonary Artery Enlargement": 0.122109,
    "Pulmonary Fibrosis": 0.125295,
    "Rib Fracture": 0.054013,
    "Scoliosis": 0.259733,
    "Subcutaneous Emphysema": 0.056849,
    "Thickening": 0.29189,
    "Volume Loss": 0.408586,
    "normal": 0.49611
  },
  "frontal_probs": {
    "Airspace Disease": 0.49785324931144714,
    "Bronchiectasis": 0.07837947458028793,
    "Bronchiolitis": 0.038085807114839554,
    "Bullous Disease": 0.07299130409955978,
    "Calcified Granuloma": 0.38927263021469116,
    "Calcinosis": 0.3371005356311798,
    "Cardiac Shadow (abnormal)": 0.29792988300323486,
    "Cardiomegaly": 0.44497472047805786,
    "Consolidation": 0.31117740273475647,
    "Degenerative Change": 0.4627556800842285,
    "Edema": 0.31739065051078796,
    "Effusion": 0.0961347371339798,
    "Emphysema": 0.317139595746994,
    "Fibrosis": 0.3869157135486603,
    "Fractures": 0.3372184932231903,
    "Hernia": 0.3352750241756439,
    "Hyperinflation": 0.4419255554676056,
    "Increased Lung Markings": 0.33561015129089355,
    "Interstitial Lung Disease": 0.24104370176792145,
    "Kyphosis": 0.3020913302898407,
    "Lesion": 0.6223592758178711,
    "Mass": 0.09637989103794098,
    "Nodule": 0.23750357329845428,
    "Osteophyte": 0.2846854329109192,
    "Pleural Effusion": 0.49531176686286926,
    "Pleural Thickening": 0.35818547010421753,
    "Pneumothorax": 0.28720778226852417,
    "Pulmonary Artery Enlargement": 0.1562282294034958,
    "Pulmonary Fibrosis": 0.13502325117588043,
    "Rib Fracture": 0.07478728145360947,
    "Scoliosis": 0.29499900341033936,
    "Subcutaneous Emphysema": 0.07394742220640182,
    "Thickening": 0.3248656094074249,
    "Volume Loss": 0.4898870289325714,
    "normal": 0.4246115982532501
  },
  "lateral_probs": {
    "Airspace Disease": 0.28655052185058594,
    "Bronchiectasis": 0.036014944314956665,
    "Bronchiolitis": 0.004449634347110987,
    "Bullous Disease": 0.022258488461375237,
    "Calcified Granuloma": 0.33604687452316284,
    "Calcinosis": 0.30657723546028137,
    "Cardiac Shadow (abnormal)": 0.13512806594371796,
    "Cardiomegaly": 0.28996044397354126,
    "Consolidation": 0.23161680996418,
    "Degenerative Change": 0.4303891062736511,
    "Edema": 0.18085013329982758,
    "Effusion": 0.05128989741206169,
    "Emphysema": 0.25844213366508484,
    "Fibrosis": 0.23514358699321747,
    "Fractures": 0.19273369014263153,
    "Hernia": 0.10421755909919739,
    "Hyperinflation": 0.39876627922058105,
    "Increased Lung Markings": 0.2530290484428406,
    "Interstitial Lung Disease": 0.19655199348926544,
    "Kyphosis": 0.05994893237948418,
    "Lesion": 0.38993218541145325,
    "Mass": 0.07333937287330627,
    "Nodule": 0.24241648614406586,
    "Osteophyte": 0.16800428926944733,
    "Pleural Effusion": 0.19920562207698822,
    "Pleural Thickening": 0.1900417059659958,
    "Pneumothorax": 0.09890146553516388,
    "Pulmonary Artery Enlargement": 0.05874604359269142,
    "Pulmonary Fibrosis": 0.10722842812538147,
    "Rib Fracture": 0.015430962666869164,
    "Scoliosis": 0.19423826038837433,
    "Subcutaneous Emphysema": 0.025095202028751373,
    "Thickening": 0.23064863681793213,
    "Volume Loss": 0.2575988471508026,
    "normal": 0.6288918256759644
  }
}