{
  "uid": "3812",
  "frontal_image": "3812_IM-1922-2001.dcm.png",
  "lateral_image": "",
  "fusion_mode": "frontal_only",
  "predicted_classes": [
    "normal"
  ],
  "resolved_classes": [
    "normal"
  ],
  "kg_classes": [
    "Normal"
  ],
  "num_predicted": 1,
  "conflict_resolution": "no_conflict",
  "is_uncertain": true,
  "uncertainty_reason": "normal_prob=0.507 (<0.73) with elevated disease scores: Volume Loss=0.478, Lesion=0.430, Degenerative Change=0.427",
  "inference_time_s": 0.1314,
  "gt_labels": "Degenerative Change;Emphysema;Fibrosis;Lesion",
  "probabilities": {
    "Airspace Disease": 0.2598172426223755,
    "Bronchiectasis": 0.03325451537966728,
    "Bronchiolitis": 0.05722334235906601,
    "Bullous Disease": 0.06522186845541,
    "Calcified Granuloma": 0.29120421409606934,
    "Calcinosis": 0.37741634249687195,
    "Cardiac Shadow (abnormal)": 0.15674033761024475,
    "Cardiomegaly": 0.31798821687698364,
    "Consolidation": 0.13473285734653473,
    "Degenerative Change": 0.42723679542541504,
    "Edema": 0.24638092517852783,
    "Effusion": 0.044603753834962845,
    "Emphysema": 0.2540009915828705,
    "Fibrosis": 0.3139919340610504,
    "Fractures": 0.3165875971317291,
    "Hernia": 0.20061089098453522,
    "Hyperinflation": 0.40750032663345337,
    "Increased Lung Markings": 0.33354389667510986,
    "Interstitial Lung Disease": 0.2022201120853424,
    "Kyphosis": 0.22902077436447144,
    "Lesion": 0.4304465651512146,
    "Mass": 0.08569055795669556,
    "Nodule": 0.23650366067886353,
    "Osteophyte": 0.28745782375335693,
    "Pleural Effusion": 0.23775789141654968,
    "Pleural Thickening": 0.22259514033794403,
    "Pneumothorax": 0.15513092279434204,
    "Pulmonary Artery Enlargement": 0.05573367327451706,
    "Pulmonary Fibrosis": 0.11730899661779404,
    "Rib Fracture": 0.0649261623620987,
    "Scoliosis": 0.1472802758216858,
    "Subcutaneous Emphysema": 0.07670282572507858,
    "Thickening": 0.24945877492427826,
    "Volume Loss": 0.47767373919487,
    "normal": 0.5066576600074768
  },
  "frontal_probs": {
    "Airspace Disease": 0.2598172426223755,
    "Bronchiectasis": 0.03325451537966728,
    "Bronchiolitis": 0.05722334235906601,
    "Bullous Disease": 0.06522186845541,
    "Calcified Granuloma": 0.29120421409606934,
    "Calcinosis": 0.37741634249687195,
    "Cardiac Shadow (abnormal)": 0.15674033761024475,
    "Cardiomegaly": 0.31798821687698364,
    "Consolidation": 0.13473285734653473,
    "Degenerative Change": 0.42723679542541504,
    "Edema": 0.24638092517852783,
    "Effusion": 0.044603753834962845,
    "Emphysema": 0.2540009915828705,
    "Fibrosis": 0.3139919340610504,
    "Fractures": 0.3165875971317291,
    "Hernia": 0.20061089098453522,
    "Hyperinflation": 0.40750032663345337,
    "Increased Lung Markings": 0.33354389667510986,
    "Interstitial Lung Disease": 0.2022201120853424,
    "Kyphosis": 0.22902077436447144,
    "Lesion": 0.4304465651512146,
    "Mass": 0.08569055795669556,
    "Nodule": 0.23650366067886353,
    "Osteophyte": 0.28745782375335693,
    "Pleural Effusion": 0.23775789141654968,
    "Pleural Thickening": 0.22259514033794403,
    "Pneumothorax": 0.15513092279434204,
    "Pulmonary Artery Enlargement": 0.05573367327451706,
    "Pulmonary Fibrosis": 0.11730899661779404,
    "Rib Fracture": 0.0649261623620987,
    "Scoliosis": 0.1472802758216858,
    "Subcutaneous Emphysema": 0.07670282572507858,
    "Thickening": 0.24945877492427826,
    "Volume Loss": 0.47767373919487,
    "normal": 0.5066576600074768
  },
  "lateral_probs": {
    "Airspace Disease": 0.0,
    "Bronchiectasis": 0.0,
    "Bronchiolitis": 0.0,
    "Bullous Disease": 0.0,
    "Calcified Granuloma": 0.0,
    "Calcinosis": 0.0,
    "Cardiac Shadow (abnormal)": 0.0,
    "Cardiomegaly": 0.0,
    "Consolidation": 0.0,
    "Degenerative Change": 0.0,
    "Edema": 0.0,
    "Effusion": 0.0,
    "Emphysema": 0.0,
    "Fibrosis": 0.0,
    "Fractures": 0.0,
    "Hernia": 0.0,
    "Hyperinflation": 0.0,
    "Increased Lung Markings": 0.0,
    "Interstitial Lung Disease": 0.0,
    "Kyphosis": 0.0,
    "Lesion": 0.0,
    "Mass": 0.0,
    "Nodule": 0.0,
    "Osteophyte": 0.0,
    "Pleural Effusion": 0.0,
    "Pleural Thickening": 0.0,
    "Pneumothorax": 0.0,
    "Pulmonary Artery Enlargement": 0.0,
    "Pulmonary Fibrosis": 0.0,
    "Rib Fracture": 0.0,
    "Scoliosis": 0.0,
    "Subcutaneous Emphysema": 0.0,
    "Thickening": 0.0,
    "Volume Loss": 0.0,
    "normal": 0.0
  }
}