{
  "uid": "3312",
  "frontal_image": "3312_IM-1586-1001.dcm.png",
  "lateral_image": "3312_IM-1586-1002.dcm.png",
  "fusion_mode": "weighted_avg(f=0.65,l=0.35)",
  "predicted_classes": [
    "normal"
  ],
  "resolved_classes": [
    "normal"
  ],
  "kg_classes": [
    "Normal"
  ],
  "num_predicted": 1,
  "conflict_resolution": "no_conflict",
  "is_uncertain": true,
  "uncertainty_reason": "normal_prob=0.544 (<0.73) with elevated disease scores: Cardiomegaly=0.484, Lesion=0.469, Hyperinflation=0.455",
  "inference_time_s": 0.2698,
  "gt_labels": "Airspace Disease;Consolidation;Lesion",
  "probabilities": {
    "Airspace Disease": 0.337328,
    "Bronchiectasis": 0.082955,
    "Bronchiolitis": 0.034054,
    "Bullous Disease": 0.048913,
    "Calcified Granuloma": 0.327138,
    "Calcinosis": 0.389617,
    "Cardiac Shadow (abnormal)": 0.332744,
    "Cardiomegaly": 0.483569,
    "Consolidation": 0.233429,
    "Degenerative Change": 0.434448,
    "Edema": 0.377284,
    "Effusion": 0.123887,
    "Emphysema": 0.239761,
    "Fibrosis": 0.29035,
    "Fractures": 0.275907,
    "Hernia": 0.310907,
    "Hyperinflation": 0.455124,
    "Increased Lung Markings": 0.357125,
    "Interstitial Lung Disease": 0.234517,
    "Kyphosis": 0.177826,
    "Lesion": 0.469375,
    "Mass": 0.170076,
    "Nodule": 0.242819,
    "Osteophyte": 0.248432,
    "Pleural Effusion": 0.292097,
    "Pleural Thickening": 0.244682,
    "Pneumothorax": 0.167081,
    "Pulmonary Artery Enlargement": 0.176591,
    "Pulmonary Fibrosis": 0.164657,
    "Rib Fracture": 0.066245,
    "Scoliosis": 0.273028,
    "Subcutaneous Emphysema": 0.055723,
    "Thickening": 0.238104,
    "Volume Loss": 0.376391,
    "normal": 0.543898
  },
  "frontal_probs": {
    "Airspace Disease": 0.39220529794692993,
    "Bronchiectasis": 0.1019187644124031,
    "Bronchiolitis": 0.048301469534635544,
    "Bullous Disease": 0.056192830204963684,
    "Calcified Granuloma": 0.31286856532096863,
    "Calcinosis": 0.3913763165473938,
    "Cardiac Shadow (abnormal)": 0.42747312784194946,
    "Cardiomegaly": 0.5875552296638489,
    "Consolidation": 0.29037511348724365,
    "Degenerative Change": 0.4415125250816345,
    "Edema": 0.48269763588905334,
    "Effusion": 0.14353930950164795,
    "Emphysema": 0.23101475834846497,
    "Fibrosis": 0.3182695508003235,
    "Fractures": 0.2870234549045563,
    "Hernia": 0.33352750539779663,
    "Hyperinflation": 0.47413480281829834,
    "Increased Lung Markings": 0.382309228181839,
    "Interstitial Lung Disease": 0.23933354020118713,
    "Kyphosis": 0.20488330721855164,
    "Lesion": 0.5230644941329956,
    "Mass": 0.2066531628370285,
    "Nodule": 0.2576657831668854,
    "Osteophyte": 0.2217646986246109,
    "Pleural Effusion": 0.34535276889801025,
    "Pleural Thickening": 0.29559341073036194,
    "Pneumothorax": 0.17522457242012024,
    "Pulmonary Artery Enlargement": 0.23047859966754913,
    "Pulmonary Fibrosis": 0.18890419602394104,
    "Rib Fracture": 0.08014815300703049,
    "Scoliosis": 0.2912496328353882,
    "Subcutaneous Emphysema": 0.05544699728488922,
    "Thickening": 0.2896449863910675,
    "Volume Loss": 0.4181116819381714,
    "normal": 0.47167426347732544
  },
  "lateral_probs": {
    "Airspace Disease": 0.23541371524333954,
    "Bronchiectasis": 0.047735799103975296,
    "Bronchiolitis": 0.007595342118293047,
    "Bullous Disease": 0.035394053906202316,
    "Calcified Granuloma": 0.3536396324634552,
    "Calcinosis": 0.3863491117954254,
    "Cardiac Shadow (abnormal)": 0.1568179428577423,
    "Cardiomegaly": 0.2904512584209442,
    "Consolidation": 0.12767285108566284,
    "Degenerative Change": 0.4213283956050873,
    "Edema": 0.18151527643203735,
    "Effusion": 0.08738978207111359,
    "Emphysema": 0.25600284337997437,
    "Fibrosis": 0.23849935829639435,
    "Fractures": 0.25526243448257446,
    "Hernia": 0.26889872550964355,
    "Hyperinflation": 0.4198182225227356,
    "Increased Lung Markings": 0.3103555738925934,
    "Interstitial Lung Disease": 0.22557222843170166,
    "Kyphosis": 0.12757600843906403,
    "Lesion": 0.36966636776924133,
    "Mass": 0.10214659571647644,
    "Nodule": 0.2152455449104309,
    "Osteophyte": 0.2979566156864166,
    "Pleural Effusion": 0.19319409132003784,
    "Pleural Thickening": 0.15013116598129272,
    "Pneumothorax": 0.15195776522159576,
    "Pulmonary Artery Enlargement": 0.07651316374540329,
    "Pulmonary Fibrosis": 0.11962791532278061,
    "Rib Fracture": 0.040425855666399,
    "Scoliosis": 0.2391890287399292,
    "Subcutaneous Emphysema": 0.056236106902360916,
    "Thickening": 0.14238464832305908,
    "Volume Loss": 0.2989092171192169,
    "normal": 0.6780267357826233
  }
}