{
  "uid": "3683",
  "frontal_image": "3683_IM-1835-3001.dcm.png",
  "lateral_image": "3683_IM-1835-4001.dcm.png",
  "fusion_mode": "weighted_avg(f=0.65,l=0.35)",
  "predicted_classes": [
    "normal"
  ],
  "resolved_classes": [
    "normal"
  ],
  "kg_classes": [
    "Normal"
  ],
  "num_predicted": 1,
  "conflict_resolution": "no_conflict",
  "is_uncertain": false,
  "uncertainty_reason": "",
  "inference_time_s": 0.2322,
  "gt_labels": "normal",
  "probabilities": {
    "Airspace Disease": 0.130179,
    "Bronchiectasis": 0.017962,
    "Bronchiolitis": 0.001662,
    "Bullous Disease": 0.006984,
    "Calcified Granuloma": 0.20211,
    "Calcinosis": 0.15389,
    "Cardiac Shadow (abnormal)": 0.0233,
    "Cardiomegaly": 0.085488,
    "Consolidation": 0.07242,
    "Degenerative Change": 0.178583,
    "Edema": 0.050351,
    "Effusion": 0.017448,
    "Emphysema": 0.096366,
    "Fibrosis": 0.179001,
    "Fractures": 0.103271,
    "Hernia": 0.072121,
    "Hyperinflation": 0.211947,
    "Increased Lung Markings": 0.106975,
    "Interstitial Lung Disease": 0.050788,
    "Kyphosis": 0.024232,
    "Lesion": 0.207205,
    "Mass": 0.030681,
    "Nodule": 0.111963,
    "Osteophyte": 0.086826,
    "Pleural Effusion": 0.112591,
    "Pleural Thickening": 0.114916,
    "Pneumothorax": 0.059695,
    "Pulmonary Artery Enlargement": 0.01711,
    "Pulmonary Fibrosis": 0.022667,
    "Rib Fracture": 0.010612,
    "Scoliosis": 0.141736,
    "Subcutaneous Emphysema": 0.007388,
    "Thickening": 0.066372,
    "Volume Loss": 0.140946,
    "normal": 0.869745
  },
  "frontal_probs": {
    "Airspace Disease": 0.0451447069644928,
    "Bronchiectasis": 0.000625067506916821,
    "Bronchiolitis": 6.453125388361514e-05,
    "Bullous Disease": 0.000691266730427742,
    "Calcified Granuloma": 0.1414814591407776,
    "Calcinosis": 0.08144814521074295,
    "Cardiac Shadow (abnormal)": 0.002225042087957263,
    "Cardiomegaly": 0.013205965049564838,
    "Consolidation": 0.020949477329850197,
    "Degenerative Change": 0.06082042679190636,
    "Edema": 0.004526697564870119,
    "Effusion": 0.001188045833259821,
    "Emphysema": 0.02991407737135887,
    "Fibrosis": 0.1365361511707306,
    "Fractures": 0.05911266803741455,
    "Hernia": 0.022960541769862175,
    "Hyperinflation": 0.10290256142616272,
    "Increased Lung Markings": 0.06088665500283241,
    "Interstitial Lung Disease": 0.011715369299054146,
    "Kyphosis": 0.006727760657668114,
    "Lesion": 0.08432620018720627,
    "Mass": 0.0042318906635046005,
    "Nodule": 0.05817551165819168,
    "Osteophyte": 0.04686325043439865,
    "Pleural Effusion": 0.013676079921424389,
    "Pleural Thickening": 0.05950320139527321,
    "Pneumothorax": 0.037085145711898804,
    "Pulmonary Artery Enlargement": 0.004372619092464447,
    "Pulmonary Fibrosis": 0.0010586577700451016,
    "Rib Fracture": 0.0004025873204227537,
    "Scoliosis": 0.11031732708215714,
    "Subcutaneous Emphysema": 0.0009235910256393254,
    "Thickening": 0.010362076573073864,
    "Volume Loss": 0.0629722997546196,
    "normal": 0.9687162637710571
  },
  "lateral_probs": {
    "Airspace Disease": 0.28809988498687744,
    "Bronchiectasis": 0.05015992745757103,
    "Bronchiolitis": 0.004627876915037632,
    "Bullous Disease": 0.01866926997900009,
    "Calcified Granuloma": 0.31470605731010437,
    "Calcinosis": 0.28842610120773315,
    "Cardiac Shadow (abnormal)": 0.06243808567523956,
    "Cardiomegaly": 0.21972645819187164,
    "Consolidation": 0.1680077761411667,
    "Degenerative Change": 0.39728569984436035,
    "Edema": 0.13545359671115875,
    "Effusion": 0.04764634743332863,
    "Emphysema": 0.219777449965477,
    "Fibrosis": 0.2578652501106262,
    "Fractures": 0.18528012931346893,
    "Hernia": 0.16342031955718994,
    "Hyperinflation": 0.41445717215538025,
    "Increased Lung Markings": 0.19256900250911713,
    "Interstitial Lung Disease": 0.12335049360990524,
    "Kyphosis": 0.05673963949084282,
    "Lesion": 0.4354071319103241,
    "Mass": 0.0798017755150795,
    "Nodule": 0.21185316145420074,
    "Osteophyte": 0.16104350984096527,
    "Pleural Effusion": 0.29628971219062805,
    "Pleural Thickening": 0.21782554686069489,
    "Pneumothorax": 0.10168471187353134,
    "Pulmonary Artery Enlargement": 0.04076632112264633,
    "Pulmonary Fibrosis": 0.06279674172401428,
    "Rib Fracture": 0.029573634266853333,
    "Scoliosis": 0.20008528232574463,
    "Subcutaneous Emphysema": 0.019392013549804688,
    "Thickening": 0.17039018869400024,
    "Volume Loss": 0.28575536608695984,
    "normal": 0.6859399676322937
  }
}