{
  "uid": "3675",
  "frontal_image": "3675_IM-1829-0001-0001.dcm.png",
  "lateral_image": "3675_IM-1829-0001-0002.dcm.png",
  "fusion_mode": "weighted_avg(f=0.65,l=0.35)",
  "predicted_classes": [
    "normal"
  ],
  "resolved_classes": [
    "normal"
  ],
  "kg_classes": [
    "Normal"
  ],
  "num_predicted": 1,
  "conflict_resolution": "no_conflict",
  "is_uncertain": false,
  "uncertainty_reason": "",
  "inference_time_s": 0.2684,
  "gt_labels": "normal",
  "probabilities": {
    "Airspace Disease": 0.082747,
    "Bronchiectasis": 0.018615,
    "Bronchiolitis": 0.001403,
    "Bullous Disease": 0.007932,
    "Calcified Granuloma": 0.155166,
    "Calcinosis": 0.114265,
    "Cardiac Shadow (abnormal)": 0.027272,
    "Cardiomegaly": 0.0895,
    "Consolidation": 0.061745,
    "Degenerative Change": 0.178676,
    "Edema": 0.043016,
    "Effusion": 0.019443,
    "Emphysema": 0.07029,
    "Fibrosis": 0.090018,
    "Fractures": 0.062601,
    "Hernia": 0.085821,
    "Hyperinflation": 0.139705,
    "Increased Lung Markings": 0.079387,
    "Interstitial Lung Disease": 0.039914,
    "Kyphosis": 0.013185,
    "Lesion": 0.146049,
    "Mass": 0.048469,
    "Nodule": 0.096619,
    "Osteophyte": 0.134414,
    "Pleural Effusion": 0.053593,
    "Pleural Thickening": 0.071923,
    "Pneumothorax": 0.034816,
    "Pulmonary Artery Enlargement": 0.039322,
    "Pulmonary Fibrosis": 0.029868,
    "Rib Fracture": 0.012143,
    "Scoliosis": 0.08282,
    "Subcutaneous Emphysema": 0.005358,
    "Thickening": 0.049947,
    "Volume Loss": 0.093972,
    "normal": 0.899768
  },
  "frontal_probs": {
    "Airspace Disease": 0.013225515373051167,
    "Bronchiectasis": 0.00014177116099745035,
    "Bronchiolitis": 3.679233850562014e-05,
    "Bullous Disease": 0.0004862600762862712,
    "Calcified Granuloma": 0.0791621059179306,
    "Calcinosis": 0.04432086646556854,
    "Cardiac Shadow (abnormal)": 0.005888229701668024,
    "Cardiomegaly": 0.02292398363351822,
    "Consolidation": 0.004588095471262932,
    "Degenerative Change": 0.08856114745140076,
    "Edema": 0.007307896390557289,
    "Effusion": 0.0006203374941833317,
    "Emphysema": 0.0060081020928919315,
    "Fibrosis": 0.016659008339047432,
    "Fractures": 0.01813415065407753,
    "Hernia": 0.021961545571684837,
    "Hyperinflation": 0.0520411878824234,
    "Increased Lung Markings": 0.033752474933862686,
    "Interstitial Lung Disease": 0.003647022880613804,
    "Kyphosis": 0.0030968987848609686,
    "Lesion": 0.04210091754794121,
    "Mass": 0.0005406097625382245,
    "Nodule": 0.06955103576183319,
    "Osteophyte": 0.07461009919643402,
    "Pleural Effusion": 0.007975013926625252,
    "Pleural Thickening": 0.021036474034190178,
    "Pneumothorax": 0.007535011041909456,
    "Pulmonary Artery Enlargement": 0.0023860104847699404,
    "Pulmonary Fibrosis": 0.0002146407641703263,
    "Rib Fracture": 0.000657221011351794,
    "Scoliosis": 0.03946962580084801,
    "Subcutaneous Emphysema": 0.00010061934881377965,
    "Thickening": 0.01200918946415186,
    "Volume Loss": 0.02554336003959179,
    "normal": 0.9630306959152222
  },
  "lateral_probs": {
    "Airspace Disease": 0.2118585705757141,
    "Bronchiectasis": 0.05292113125324249,
    "Bronchiolitis": 0.0039388276636600494,
    "Bullous Disease": 0.02176053076982498,
    "Calcified Granuloma": 0.29631689190864563,
    "Calcinosis": 0.2441611886024475,
    "Cardiac Shadow (abnormal)": 0.06698495149612427,
    "Cardiomegaly": 0.21314089000225067,
    "Consolidation": 0.16789430379867554,
    "Degenerative Change": 0.34603288769721985,
    "Edema": 0.10933127999305725,
    "Effusion": 0.05440022796392441,
    "Emphysema": 0.18966931104660034,
    "Fibrosis": 0.22625744342803955,
    "Fractures": 0.14518146216869354,
    "Hernia": 0.20441778004169464,
    "Hyperinflation": 0.30250871181488037,
    "Increased Lung Markings": 0.16413728892803192,
    "Interstitial Lung Disease": 0.10726740211248398,
    "Kyphosis": 0.03192118555307388,
    "Lesion": 0.3390963077545166,
    "Mass": 0.1374795138835907,
    "Nodule": 0.14688937366008759,
    "Osteophyte": 0.24547778069972992,
    "Pleural Effusion": 0.1383107751607895,
    "Pleural Thickening": 0.1664261519908905,
    "Pneumothorax": 0.08548147231340408,
    "Pulmonary Artery Enlargement": 0.10791650414466858,
    "Pulmonary Fibrosis": 0.08493932336568832,
    "Rib Fracture": 0.0334729366004467,
    "Scoliosis": 0.16332805156707764,
    "Subcutaneous Emphysema": 0.015122168697416782,
    "Thickening": 0.12040333449840546,
    "Volume Loss": 0.22105498611927032,
    "normal": 0.7822793126106262
  }
}