{
  "uid": "3524",
  "frontal_image": "3524_IM-1721-1001.dcm.png",
  "lateral_image": "3524_IM-1721-2001.dcm.png",
  "fusion_mode": "weighted_avg(f=0.65,l=0.35)",
  "predicted_classes": [
    "normal"
  ],
  "resolved_classes": [
    "normal"
  ],
  "kg_classes": [
    "Normal"
  ],
  "num_predicted": 1,
  "conflict_resolution": "no_conflict",
  "is_uncertain": false,
  "uncertainty_reason": "",
  "inference_time_s": 0.2703,
  "gt_labels": "normal",
  "probabilities": {
    "Airspace Disease": 0.178893,
    "Bronchiectasis": 0.009526,
    "Bronchiolitis": 0.00375,
    "Bullous Disease": 0.016666,
    "Calcified Granuloma": 0.220787,
    "Calcinosis": 0.229094,
    "Cardiac Shadow (abnormal)": 0.100262,
    "Cardiomegaly": 0.306918,
    "Consolidation": 0.123992,
    "Degenerative Change": 0.28887,
    "Edema": 0.191351,
    "Effusion": 0.056924,
    "Emphysema": 0.129075,
    "Fibrosis": 0.16449,
    "Fractures": 0.193817,
    "Hernia": 0.103055,
    "Hyperinflation": 0.335682,
    "Increased Lung Markings": 0.23918,
    "Interstitial Lung Disease": 0.09561,
    "Kyphosis": 0.037773,
    "Lesion": 0.313597,
    "Mass": 0.135836,
    "Nodule": 0.257978,
    "Osteophyte": 0.149702,
    "Pleural Effusion": 0.097334,
    "Pleural Thickening": 0.08619,
    "Pneumothorax": 0.110758,
    "Pulmonary Artery Enlargement": 0.07789,
    "Pulmonary Fibrosis": 0.03089,
    "Rib Fracture": 0.027041,
    "Scoliosis": 0.176227,
    "Subcutaneous Emphysema": 0.022527,
    "Thickening": 0.102632,
    "Volume Loss": 0.281224,
    "normal": 0.826959
  },
  "frontal_probs": {
    "Airspace Disease": 0.22432434558868408,
    "Bronchiectasis": 0.011029074899852276,
    "Bronchiolitis": 0.005322621203958988,
    "Bullous Disease": 0.022274484857916832,
    "Calcified Granuloma": 0.21172788739204407,
    "Calcinosis": 0.2350863814353943,
    "Cardiac Shadow (abnormal)": 0.10586299002170563,
    "Cardiomegaly": 0.36189529299736023,
    "Consolidation": 0.1725158989429474,
    "Degenerative Change": 0.3091898560523987,
    "Edema": 0.21865442395210266,
    "Effusion": 0.06133533641695976,
    "Emphysema": 0.09346131235361099,
    "Fibrosis": 0.21377666294574738,
    "Fractures": 0.24177856743335724,
    "Hernia": 0.10436268150806427,
    "Hyperinflation": 0.3371427059173584,
    "Increased Lung Markings": 0.2884967029094696,
    "Interstitial Lung Disease": 0.06110535189509392,
    "Kyphosis": 0.03918910026550293,
    "Lesion": 0.35648632049560547,
    "Mass": 0.18675775825977325,
    "Nodule": 0.2818075120449066,
    "Osteophyte": 0.12864148616790771,
    "Pleural Effusion": 0.11134616285562515,
    "Pleural Thickening": 0.08995233476161957,
    "Pneumothorax": 0.12925763428211212,
    "Pulmonary Artery Enlargement": 0.05755666643381119,
    "Pulmonary Fibrosis": 0.036517951637506485,
    "Rib Fracture": 0.033440809696912766,
    "Scoliosis": 0.21774224936962128,
    "Subcutaneous Emphysema": 0.028707824647426605,
    "Thickening": 0.1301403045654297,
    "Volume Loss": 0.31764841079711914,
    "normal": 0.7930649518966675
  },
  "lateral_probs": {
    "Airspace Disease": 0.09452009946107864,
    "Bronchiectasis": 0.006735543254762888,
    "Bronchiolitis": 0.0008304544608108699,
    "Bullous Disease": 0.006251130253076553,
    "Calcified Granuloma": 0.2376106083393097,
    "Calcinosis": 0.2179657518863678,
    "Cardiac Shadow (abnormal)": 0.08986087888479233,
    "Cardiomegaly": 0.20481623709201813,
    "Consolidation": 0.03387496992945671,
    "Degenerative Change": 0.25113236904144287,
    "Edema": 0.14064478874206543,
    "Effusion": 0.048732690513134,
    "Emphysema": 0.1952134668827057,
    "Fibrosis": 0.07295732200145721,
    "Fractures": 0.10474549233913422,
    "Hernia": 0.10062636435031891,
    "Hyperinflation": 0.332968145608902,
    "Increased Lung Markings": 0.14759103953838348,
    "Interstitial Lung Disease": 0.15969008207321167,
    "Kyphosis": 0.03514314070343971,
    "Lesion": 0.23394641280174255,
    "Mass": 0.04126598685979843,
    "Nodule": 0.21372279524803162,
    "Osteophyte": 0.1888151615858078,
    "Pleural Effusion": 0.07131191343069077,
    "Pleural Thickening": 0.07920229434967041,
    "Pneumothorax": 0.0764002799987793,
    "Pulmonary Artery Enlargement": 0.11565236002206802,
    "Pulmonary Fibrosis": 0.020436694845557213,
    "Rib Fracture": 0.01515524834394455,
    "Scoliosis": 0.09912758320569992,
    "Subcutaneous Emphysema": 0.011049481108784676,
    "Thickening": 0.05154385045170784,
    "Volume Loss": 0.2135782092809677,
    "normal": 0.8899058103561401
  }
}