{
  "uid": "3955",
  "frontal_image": "3955_IM-2021-1001.dcm.png|3955_IM-2021-1003.dcm.png",
  "lateral_image": "3955_IM-2021-1002.dcm.png",
  "fusion_mode": "weighted_avg(f=0.65,l=0.35)",
  "predicted_classes": [
    "normal"
  ],
  "resolved_classes": [
    "normal"
  ],
  "kg_classes": [
    "Normal"
  ],
  "num_predicted": 1,
  "conflict_resolution": "no_conflict",
  "is_uncertain": false,
  "uncertainty_reason": "",
  "inference_time_s": 0.4417,
  "gt_labels": "normal",
  "probabilities": {
    "Airspace Disease": 0.133879,
    "Bronchiectasis": 0.031643,
    "Bronchiolitis": 0.004781,
    "Bullous Disease": 0.014803,
    "Calcified Granuloma": 0.231235,
    "Calcinosis": 0.218607,
    "Cardiac Shadow (abnormal)": 0.090146,
    "Cardiomegaly": 0.16608,
    "Consolidation": 0.104041,
    "Degenerative Change": 0.292313,
    "Edema": 0.082435,
    "Effusion": 0.03365,
    "Emphysema": 0.091302,
    "Fibrosis": 0.156892,
    "Fractures": 0.113369,
    "Hernia": 0.117497,
    "Hyperinflation": 0.224718,
    "Increased Lung Markings": 0.181552,
    "Interstitial Lung Disease": 0.065434,
    "Kyphosis": 0.043524,
    "Lesion": 0.215815,
    "Mass": 0.041674,
    "Nodule": 0.134124,
    "Osteophyte": 0.185028,
    "Pleural Effusion": 0.112912,
    "Pleural Thickening": 0.102461,
    "Pneumothorax": 0.052342,
    "Pulmonary Artery Enlargement": 0.042801,
    "Pulmonary Fibrosis": 0.044202,
    "Rib Fracture": 0.024703,
    "Scoliosis": 0.150111,
    "Subcutaneous Emphysema": 0.010382,
    "Thickening": 0.113226,
    "Volume Loss": 0.172368,
    "normal": 0.811374
  },
  "frontal_probs": {
    "Airspace Disease": 0.09883675817400217,
    "Bronchiectasis": 0.010661326319677755,
    "Bronchiolitis": 0.005375037479097955,
    "Bullous Disease": 0.01409467903431505,
    "Calcified Granuloma": 0.1882614642381668,
    "Calcinosis": 0.2127528078854084,
    "Cardiac Shadow (abnormal)": 0.0731335342861712,
    "Cardiomegaly": 0.1308876946568489,
    "Consolidation": 0.06215888634324074,
    "Degenerative Change": 0.2505202442407608,
    "Edema": 0.04446134064346552,
    "Effusion": 0.023459367861505598,
    "Emphysema": 0.06446599401533604,
    "Fibrosis": 0.09677144512534142,
    "Fractures": 0.09101273864507675,
    "Hernia": 0.08191704750061035,
    "Hyperinflation": 0.18764664232730865,
    "Increased Lung Markings": 0.16407761350274086,
    "Interstitial Lung Disease": 0.04766848869621754,
    "Kyphosis": 0.04981987364590168,
    "Lesion": 0.13314252719283104,
    "Mass": 0.010683013242669404,
    "Nodule": 0.10434454679489136,
    "Osteophyte": 0.179560124874115,
    "Pleural Effusion": 0.09231038857251406,
    "Pleural Thickening": 0.06924786884337664,
    "Pneumothorax": 0.05309962201863527,
    "Pulmonary Artery Enlargement": 0.025553776882588863,
    "Pulmonary Fibrosis": 0.01930798910325393,
    "Rib Fracture": 0.018181861843913794,
    "Scoliosis": 0.1425175815820694,
    "Subcutaneous Emphysema": 0.008035598730202764,
    "Thickening": 0.07856676075607538,
    "Volume Loss": 0.1401025429368019,
    "normal": 0.8388206660747528
  },
  "lateral_probs": {
    "Airspace Disease": 0.1989573985338211,
    "Bronchiectasis": 0.07060834765434265,
    "Bronchiolitis": 0.0036774047184735537,
    "Bullous Disease": 0.016117416322231293,
    "Calcified Granuloma": 0.3110419809818268,
    "Calcinosis": 0.22947873175144196,
    "Cardiac Shadow (abnormal)": 0.12174058705568314,
    "Cardiomegaly": 0.23143766820430756,
    "Consolidation": 0.18182314932346344,
    "Degenerative Change": 0.3699279725551605,
    "Edema": 0.15295860171318054,
    "Effusion": 0.05257477983832359,
    "Emphysema": 0.14113903045654297,
    "Fibrosis": 0.2685431241989136,
    "Fractures": 0.15488842129707336,
    "Hernia": 0.18357357382774353,
    "Hyperinflation": 0.2935653328895569,
    "Increased Lung Markings": 0.21400564908981323,
    "Interstitial Lung Disease": 0.09842833131551743,
    "Kyphosis": 0.031830452382564545,
    "Lesion": 0.3693486452102661,
    "Mass": 0.09922850877046585,
    "Nodule": 0.18942740559577942,
    "Osteophyte": 0.19518262147903442,
    "Pleural Effusion": 0.1511734127998352,
    "Pleural Thickening": 0.16414111852645874,
    "Pneumothorax": 0.05093409866094589,
    "Pulmonary Artery Enlargement": 0.07483066618442535,
    "Pulmonary Fibrosis": 0.09043475240468979,
    "Rib Fracture": 0.03681478649377823,
    "Scoliosis": 0.16421398520469666,
    "Subcutaneous Emphysema": 0.014739073812961578,
    "Thickening": 0.17759306728839874,
    "Volume Loss": 0.2322903424501419,
    "normal": 0.7604004144668579
  }
}