{
  "uid": "3769",
  "frontal_image": "3769_IM-1888-4001.dcm.png",
  "lateral_image": "",
  "fusion_mode": "frontal_only",
  "predicted_classes": [
    "normal",
    "Cardiomegaly",
    "Degenerative Change"
  ],
  "resolved_classes": [
    "Cardiomegaly",
    "Degenerative Change"
  ],
  "kg_classes": [
    "Cardiomegaly",
    "Degenerative Change"
  ],
  "num_predicted": 2,
  "conflict_resolution": "disease_dominates",
  "is_uncertain": false,
  "uncertainty_reason": "",
  "inference_time_s": 0.1335,
  "gt_labels": "Hyperinflation;Lesion;Scoliosis",
  "probabilities": {
    "Airspace Disease": 0.36981451511383057,
    "Bronchiectasis": 0.04255068302154541,
    "Bronchiolitis": 0.022004324942827225,
    "Bullous Disease": 0.08349350094795227,
    "Calcified Granuloma": 0.29625749588012695,
    "Calcinosis": 0.3109186589717865,
    "Cardiac Shadow (abnormal)": 0.28169575333595276,
    "Cardiomegaly": 0.5180357098579407,
    "Consolidation": 0.25692275166511536,
    "Degenerative Change": 0.5009204745292664,
    "Edema": 0.3310892879962921,
    "Effusion": 0.20859824120998383,
    "Emphysema": 0.2167745977640152,
    "Fibrosis": 0.2906632721424103,
    "Fractures": 0.23189665377140045,
    "Hernia": 0.26865532994270325,
    "Hyperinflation": 0.46836885809898376,
    "Increased Lung Markings": 0.3456818759441376,
    "Interstitial Lung Disease": 0.16965575516223907,
    "Kyphosis": 0.23407846689224243,
    "Lesion": 0.4912990629673004,
    "Mass": 0.28500956296920776,
    "Nodule": 0.23386190831661224,
    "Osteophyte": 0.2476448267698288,
    "Pleural Effusion": 0.37689441442489624,
    "Pleural Thickening": 0.206154465675354,
    "Pneumothorax": 0.335665762424469,
    "Pulmonary Artery Enlargement": 0.13722175359725952,
    "Pulmonary Fibrosis": 0.16915498673915863,
    "Rib Fracture": 0.05721678584814072,
    "Scoliosis": 0.2752155065536499,
    "Subcutaneous Emphysema": 0.11130255460739136,
    "Thickening": 0.23590032756328583,
    "Volume Loss": 0.37641409039497375,
    "normal": 0.5384922027587891
  },
  "frontal_probs": {
    "Airspace Disease": 0.36981451511383057,
    "Bronchiectasis": 0.04255068302154541,
    "Bronchiolitis": 0.022004324942827225,
    "Bullous Disease": 0.08349350094795227,
    "Calcified Granuloma": 0.29625749588012695,
    "Calcinosis": 0.3109186589717865,
    "Cardiac Shadow (abnormal)": 0.28169575333595276,
    "Cardiomegaly": 0.5180357098579407,
    "Consolidation": 0.25692275166511536,
    "Degenerative Change": 0.5009204745292664,
    "Edema": 0.3310892879962921,
    "Effusion": 0.20859824120998383,
    "Emphysema": 0.2167745977640152,
    "Fibrosis": 0.2906632721424103,
    "Fractures": 0.23189665377140045,
    "Hernia": 0.26865532994270325,
    "Hyperinflation": 0.46836885809898376,
    "Increased Lung Markings": 0.3456818759441376,
    "Interstitial Lung Disease": 0.16965575516223907,
    "Kyphosis": 0.23407846689224243,
    "Lesion": 0.4912990629673004,
    "Mass": 0.28500956296920776,
    "Nodule": 0.23386190831661224,
    "Osteophyte": 0.2476448267698288,
    "Pleural Effusion": 0.37689441442489624,
    "Pleural Thickening": 0.206154465675354,
    "Pneumothorax": 0.335665762424469,
    "Pulmonary Artery Enlargement": 0.13722175359725952,
    "Pulmonary Fibrosis": 0.16915498673915863,
    "Rib Fracture": 0.05721678584814072,
    "Scoliosis": 0.2752155065536499,
    "Subcutaneous Emphysema": 0.11130255460739136,
    "Thickening": 0.23590032756328583,
    "Volume Loss": 0.37641409039497375,
    "normal": 0.5384922027587891
  },
  "lateral_probs": {
    "Airspace Disease": 0.0,
    "Bronchiectasis": 0.0,
    "Bronchiolitis": 0.0,
    "Bullous Disease": 0.0,
    "Calcified Granuloma": 0.0,
    "Calcinosis": 0.0,
    "Cardiac Shadow (abnormal)": 0.0,
    "Cardiomegaly": 0.0,
    "Consolidation": 0.0,
    "Degenerative Change": 0.0,
    "Edema": 0.0,
    "Effusion": 0.0,
    "Emphysema": 0.0,
    "Fibrosis": 0.0,
    "Fractures": 0.0,
    "Hernia": 0.0,
    "Hyperinflation": 0.0,
    "Increased Lung Markings": 0.0,
    "Interstitial Lung Disease": 0.0,
    "Kyphosis": 0.0,
    "Lesion": 0.0,
    "Mass": 0.0,
    "Nodule": 0.0,
    "Osteophyte": 0.0,
    "Pleural Effusion": 0.0,
    "Pleural Thickening": 0.0,
    "Pneumothorax": 0.0,
    "Pulmonary Artery Enlargement": 0.0,
    "Pulmonary Fibrosis": 0.0,
    "Rib Fracture": 0.0,
    "Scoliosis": 0.0,
    "Subcutaneous Emphysema": 0.0,
    "Thickening": 0.0,
    "Volume Loss": 0.0,
    "normal": 0.0
  }
}