{
  "uid": "3981",
  "frontal_image": "3981_IM-2039-1001.dcm.png",
  "lateral_image": "3981_IM-2039-2001.dcm.png",
  "fusion_mode": "weighted_avg(f=0.65,l=0.35)",
  "predicted_classes": [
    "normal"
  ],
  "resolved_classes": [
    "normal"
  ],
  "kg_classes": [
    "Normal"
  ],
  "num_predicted": 1,
  "conflict_resolution": "no_conflict",
  "is_uncertain": false,
  "uncertainty_reason": "",
  "inference_time_s": 0.2386,
  "gt_labels": "normal",
  "probabilities": {
    "Airspace Disease": 0.165052,
    "Bronchiectasis": 0.022257,
    "Bronchiolitis": 0.004174,
    "Bullous Disease": 0.025724,
    "Calcified Granuloma": 0.215945,
    "Calcinosis": 0.162898,
    "Cardiac Shadow (abnormal)": 0.072675,
    "Cardiomegaly": 0.151492,
    "Consolidation": 0.067703,
    "Degenerative Change": 0.190009,
    "Edema": 0.080029,
    "Effusion": 0.07555,
    "Emphysema": 0.118337,
    "Fibrosis": 0.148544,
    "Fractures": 0.11747,
    "Hernia": 0.101727,
    "Hyperinflation": 0.241488,
    "Increased Lung Markings": 0.197109,
    "Interstitial Lung Disease": 0.081084,
    "Kyphosis": 0.089469,
    "Lesion": 0.224387,
    "Mass": 0.037241,
    "Nodule": 0.18708,
    "Osteophyte": 0.128775,
    "Pleural Effusion": 0.1117,
    "Pleural Thickening": 0.122029,
    "Pneumothorax": 0.124143,
    "Pulmonary Artery Enlargement": 0.061184,
    "Pulmonary Fibrosis": 0.037501,
    "Rib Fracture": 0.01003,
    "Scoliosis": 0.193619,
    "Subcutaneous Emphysema": 0.026291,
    "Thickening": 0.087723,
    "Volume Loss": 0.163915,
    "normal": 0.861573
  },
  "frontal_probs": {
    "Airspace Disease": 0.05282646045088768,
    "Bronchiectasis": 0.0009860744467005134,
    "Bronchiolitis": 0.0002533174119889736,
    "Bullous Disease": 0.00174680445343256,
    "Calcified Granuloma": 0.1209414005279541,
    "Calcinosis": 0.10848195105791092,
    "Cardiac Shadow (abnormal)": 0.008189230225980282,
    "Cardiomegaly": 0.04695560410618782,
    "Consolidation": 0.01872280053794384,
    "Degenerative Change": 0.10576993972063065,
    "Edema": 0.012667561881244183,
    "Effusion": 0.00479622557759285,
    "Emphysema": 0.053898885846138,
    "Fibrosis": 0.07303961366415024,
    "Fractures": 0.057410430163145065,
    "Hernia": 0.031176161020994186,
    "Hyperinflation": 0.11263054609298706,
    "Increased Lung Markings": 0.08713196218013763,
    "Interstitial Lung Disease": 0.03229530528187752,
    "Kyphosis": 0.015666751191020012,
    "Lesion": 0.10092797875404358,
    "Mass": 0.010063592344522476,
    "Nodule": 0.08722661435604095,
    "Osteophyte": 0.044953592121601105,
    "Pleural Effusion": 0.015639258548617363,
    "Pleural Thickening": 0.038426388055086136,
    "Pneumothorax": 0.03165441006422043,
    "Pulmonary Artery Enlargement": 0.015343253500759602,
    "Pulmonary Fibrosis": 0.001899711787700653,
    "Rib Fracture": 0.0008973958319984376,
    "Scoliosis": 0.13819049298763275,
    "Subcutaneous Emphysema": 0.0016397521831095219,
    "Thickening": 0.03388892859220505,
    "Volume Loss": 0.0639430359005928,
    "normal": 0.9554139375686646
  },
  "lateral_probs": {
    "Airspace Disease": 0.37346982955932617,
    "Bronchiectasis": 0.06175951287150383,
    "Bronchiolitis": 0.011454884894192219,
    "Bullous Disease": 0.07025421410799026,
    "Calcified Granuloma": 0.3923790752887726,
    "Calcinosis": 0.2639576196670532,
    "Cardiac Shadow (abnormal)": 0.19243372976779938,
    "Cardiomegaly": 0.3456324338912964,
    "Consolidation": 0.1586671769618988,
    "Degenerative Change": 0.346452534198761,
    "Edema": 0.20512935519218445,
    "Effusion": 0.20695088803768158,
    "Emphysema": 0.23800666630268097,
    "Fibrosis": 0.2887652814388275,
    "Fractures": 0.22900880873203278,
    "Hernia": 0.23275119066238403,
    "Hyperinflation": 0.48079460859298706,
    "Increased Lung Markings": 0.40135329961776733,
    "Interstitial Lung Disease": 0.17169027030467987,
    "Kyphosis": 0.22653058171272278,
    "Lesion": 0.4536689817905426,
    "Mass": 0.08771205693483353,
    "Nodule": 0.3725212812423706,
    "Osteophyte": 0.28444260358810425,
    "Pleural Effusion": 0.2900997996330261,
    "Pleural Thickening": 0.27729225158691406,
    "Pneumothorax": 0.2959077060222626,
    "Pulmonary Artery Enlargement": 0.146316796541214,
    "Pulmonary Fibrosis": 0.10361723601818085,
    "Rib Fracture": 0.02699151821434498,
    "Scoliosis": 0.29655879735946655,
    "Subcutaneous Emphysema": 0.07207061350345612,
    "Thickening": 0.1877003163099289,
    "Volume Loss": 0.349577933549881,
    "normal": 0.6872981190681458
  }
}