{
  "uid": "3725",
  "frontal_image": "3725_IM-1861-1001.dcm.png",
  "lateral_image": "3725_IM-1861-2001.dcm.png",
  "fusion_mode": "weighted_avg(f=0.65,l=0.35)",
  "predicted_classes": [
    "normal"
  ],
  "resolved_classes": [
    "normal"
  ],
  "kg_classes": [
    "Normal"
  ],
  "num_predicted": 1,
  "conflict_resolution": "no_conflict",
  "is_uncertain": false,
  "uncertainty_reason": "",
  "inference_time_s": 0.2417,
  "gt_labels": "Calcified Granuloma",
  "probabilities": {
    "Airspace Disease": 0.056615,
    "Bronchiectasis": 0.003714,
    "Bronchiolitis": 0.000445,
    "Bullous Disease": 0.004031,
    "Calcified Granuloma": 0.230943,
    "Calcinosis": 0.154013,
    "Cardiac Shadow (abnormal)": 0.015955,
    "Cardiomegaly": 0.070465,
    "Consolidation": 0.030021,
    "Degenerative Change": 0.231353,
    "Edema": 0.026798,
    "Effusion": 0.003459,
    "Emphysema": 0.075329,
    "Fibrosis": 0.151657,
    "Fractures": 0.118515,
    "Hernia": 0.044884,
    "Hyperinflation": 0.178843,
    "Increased Lung Markings": 0.075591,
    "Interstitial Lung Disease": 0.068828,
    "Kyphosis": 0.038574,
    "Lesion": 0.12237,
    "Mass": 0.009878,
    "Nodule": 0.137782,
    "Osteophyte": 0.095889,
    "Pleural Effusion": 0.026802,
    "Pleural Thickening": 0.033223,
    "Pneumothorax": 0.020959,
    "Pulmonary Artery Enlargement": 0.013141,
    "Pulmonary Fibrosis": 0.0089,
    "Rib Fracture": 0.002181,
    "Scoliosis": 0.093869,
    "Subcutaneous Emphysema": 0.004628,
    "Thickening": 0.058525,
    "Volume Loss": 0.07639,
    "normal": 0.905344
  },
  "frontal_probs": {
    "Airspace Disease": 0.031448353081941605,
    "Bronchiectasis": 0.0003903261967934668,
    "Bronchiolitis": 0.00015577605518046767,
    "Bullous Disease": 0.001161050982773304,
    "Calcified Granuloma": 0.18220572173595428,
    "Calcinosis": 0.09422895312309265,
    "Cardiac Shadow (abnormal)": 0.006614706479012966,
    "Cardiomegaly": 0.04260287433862686,
    "Consolidation": 0.01812729239463806,
    "Degenerative Change": 0.15068106353282928,
    "Edema": 0.00753729697316885,
    "Effusion": 0.0015504490584135056,
    "Emphysema": 0.04129333421587944,
    "Fibrosis": 0.11559677124023438,
    "Fractures": 0.09528550505638123,
    "Hernia": 0.04706936329603195,
    "Hyperinflation": 0.09967061132192612,
    "Increased Lung Markings": 0.04073783755302429,
    "Interstitial Lung Disease": 0.025911932811141014,
    "Kyphosis": 0.029312528669834137,
    "Lesion": 0.05626107379794121,
    "Mass": 0.002878595842048526,
    "Nodule": 0.10891581326723099,
    "Osteophyte": 0.0948738157749176,
    "Pleural Effusion": 0.011795342899858952,
    "Pleural Thickening": 0.019852187484502792,
    "Pneumothorax": 0.013567476533353329,
    "Pulmonary Artery Enlargement": 0.003698590910062194,
    "Pulmonary Fibrosis": 0.0023803997319191694,
    "Rib Fracture": 0.0012123453198000789,
    "Scoliosis": 0.0738559290766716,
    "Subcutaneous Emphysema": 0.0008001243695616722,
    "Thickening": 0.016182180494070053,
    "Volume Loss": 0.051775988191366196,
    "normal": 0.9456771016120911
  },
  "lateral_probs": {
    "Airspace Disease": 0.10335220396518707,
    "Bronchiectasis": 0.009885855950415134,
    "Bronchiolitis": 0.0009810008341446519,
    "Bullous Disease": 0.009362083859741688,
    "Calcified Granuloma": 0.3214562237262726,
    "Calcinosis": 0.26504096388816833,
    "Cardiac Shadow (abnormal)": 0.033300384879112244,
    "Cardiomegaly": 0.12220797687768936,
    "Consolidation": 0.05211062729358673,
    "Degenerative Change": 0.38117191195487976,
    "Edema": 0.06256750226020813,
    "Effusion": 0.007002783939242363,
    "Emphysema": 0.13853782415390015,
    "Fibrosis": 0.21862700581550598,
    "Fractures": 0.16165457665920258,
    "Hernia": 0.04082413390278816,
    "Hyperinflation": 0.3258764147758484,
    "Increased Lung Markings": 0.1403195708990097,
    "Interstitial Lung Disease": 0.14852921664714813,
    "Kyphosis": 0.05577477812767029,
    "Lesion": 0.24514296650886536,
    "Mass": 0.02287548966705799,
    "Nodule": 0.19139079749584198,
    "Osteophyte": 0.09777475893497467,
    "Pleural Effusion": 0.05467179790139198,
    "Pleural Thickening": 0.05805419385433197,
    "Pneumothorax": 0.03468594327569008,
    "Pulmonary Artery Enlargement": 0.03067805804312229,
    "Pulmonary Fibrosis": 0.021008851006627083,
    "Rib Fracture": 0.003979297820478678,
    "Scoliosis": 0.1310350000858307,
    "Subcutaneous Emphysema": 0.011737928725779057,
    "Thickening": 0.13716231286525726,
    "Volume Loss": 0.1221030130982399,
    "normal": 0.8304395079612732
  }
}