{
  "uid": "3429",
  "frontal_image": "3429_IM-1657-1001.dcm.png",
  "lateral_image": "3429_IM-1657-2001.dcm.png",
  "fusion_mode": "weighted_avg(f=0.65,l=0.35)",
  "predicted_classes": [
    "normal"
  ],
  "resolved_classes": [
    "normal"
  ],
  "kg_classes": [
    "Normal"
  ],
  "num_predicted": 1,
  "conflict_resolution": "no_conflict",
  "is_uncertain": false,
  "uncertainty_reason": "",
  "inference_time_s": 0.2799,
  "gt_labels": "Hyperinflation",
  "probabilities": {
    "Airspace Disease": 0.065217,
    "Bronchiectasis": 0.002625,
    "Bronchiolitis": 0.000173,
    "Bullous Disease": 0.001942,
    "Calcified Granuloma": 0.178868,
    "Calcinosis": 0.10973,
    "Cardiac Shadow (abnormal)": 0.022757,
    "Cardiomegaly": 0.076106,
    "Consolidation": 0.035376,
    "Degenerative Change": 0.187574,
    "Edema": 0.022155,
    "Effusion": 0.004552,
    "Emphysema": 0.047174,
    "Fibrosis": 0.081845,
    "Fractures": 0.069971,
    "Hernia": 0.062166,
    "Hyperinflation": 0.115319,
    "Increased Lung Markings": 0.062186,
    "Interstitial Lung Disease": 0.035603,
    "Kyphosis": 0.01988,
    "Lesion": 0.095557,
    "Mass": 0.015441,
    "Nodule": 0.096254,
    "Osteophyte": 0.067694,
    "Pleural Effusion": 0.018795,
    "Pleural Thickening": 0.024761,
    "Pneumothorax": 0.010527,
    "Pulmonary Artery Enlargement": 0.031037,
    "Pulmonary Fibrosis": 0.012511,
    "Rib Fracture": 0.003371,
    "Scoliosis": 0.094491,
    "Subcutaneous Emphysema": 0.001745,
    "Thickening": 0.045625,
    "Volume Loss": 0.062843,
    "normal": 0.942071
  },
  "frontal_probs": {
    "Airspace Disease": 0.032191723585128784,
    "Bronchiectasis": 0.0007275107782334089,
    "Bronchiolitis": 0.00011429706501075998,
    "Bullous Disease": 0.0017852383898571134,
    "Calcified Granuloma": 0.1532670110464096,
    "Calcinosis": 0.09622041136026382,
    "Cardiac Shadow (abnormal)": 0.010531590320169926,
    "Cardiomegaly": 0.06699895858764648,
    "Consolidation": 0.01616773195564747,
    "Degenerative Change": 0.1438487321138382,
    "Edema": 0.012432154268026352,
    "Effusion": 0.0016367502976208925,
    "Emphysema": 0.04145168140530586,
    "Fibrosis": 0.07224398851394653,
    "Fractures": 0.06966433674097061,
    "Hernia": 0.06304460763931274,
    "Hyperinflation": 0.08682045340538025,
    "Increased Lung Markings": 0.04035280644893646,
    "Interstitial Lung Disease": 0.027111083269119263,
    "Kyphosis": 0.02665127068758011,
    "Lesion": 0.044623445719480515,
    "Mass": 0.006208834704011679,
    "Nodule": 0.06226972118020058,
    "Osteophyte": 0.04858448728919029,
    "Pleural Effusion": 0.009350310079753399,
    "Pleural Thickening": 0.01555034052580595,
    "Pneumothorax": 0.012441378086805344,
    "Pulmonary Artery Enlargement": 0.03121071867644787,
    "Pulmonary Fibrosis": 0.0026980885304510593,
    "Rib Fracture": 0.0007233931683003902,
    "Scoliosis": 0.09503412991762161,
    "Subcutaneous Emphysema": 0.0016018189489841461,
    "Thickening": 0.022790908813476562,
    "Volume Loss": 0.030996788293123245,
    "normal": 0.9517238140106201
  },
  "lateral_probs": {
    "Airspace Disease": 0.126549631357193,
    "Bronchiectasis": 0.006148640066385269,
    "Bronchiolitis": 0.0002821550879161805,
    "Bullous Disease": 0.002233223058283329,
    "Calcified Granuloma": 0.2264135181903839,
    "Calcinosis": 0.13481910526752472,
    "Cardiac Shadow (abnormal)": 0.04546211287379265,
    "Cardiomegaly": 0.09301913529634476,
    "Consolidation": 0.07104966789484024,
    "Degenerative Change": 0.26877930760383606,
    "Edema": 0.04021036624908447,
    "Effusion": 0.00996665470302105,
    "Emphysema": 0.057800885289907455,
    "Fibrosis": 0.09967625886201859,
    "Fractures": 0.07054095715284348,
    "Hernia": 0.060533810406923294,
    "Hyperinflation": 0.16824497282505035,
    "Increased Lung Markings": 0.10273335129022598,
    "Interstitial Lung Disease": 0.0513727106153965,
    "Kyphosis": 0.007305367849767208,
    "Lesion": 0.19014805555343628,
    "Mass": 0.032586514949798584,
    "Nodule": 0.15936718881130219,
    "Osteophyte": 0.10318218171596527,
    "Pleural Effusion": 0.03633476793766022,
    "Pleural Thickening": 0.04186638072133064,
    "Pneumothorax": 0.0069709280505776405,
    "Pulmonary Artery Enlargement": 0.030714094638824463,
    "Pulmonary Fibrosis": 0.030734270811080933,
    "Rib Fracture": 0.008286706171929836,
    "Scoliosis": 0.0934833362698555,
    "Subcutaneous Emphysema": 0.0020113401114940643,
    "Thickening": 0.0880313590168953,
    "Volume Loss": 0.12198707461357117,
    "normal": 0.9241439700126648
  }
}