{
  "uid": "3325",
  "frontal_image": "3325_IM-1591-1001.dcm.png",
  "lateral_image": "3325_IM-1591-1002.dcm.png",
  "fusion_mode": "weighted_avg(f=0.65,l=0.35)",
  "predicted_classes": [
    "normal"
  ],
  "resolved_classes": [
    "normal"
  ],
  "kg_classes": [
    "Normal"
  ],
  "num_predicted": 1,
  "conflict_resolution": "no_conflict",
  "is_uncertain": true,
  "uncertainty_reason": "normal_prob=0.725 (<0.73) with elevated disease scores: Emphysema=0.411, Hyperinflation=0.400, Lesion=0.389",
  "inference_time_s": 0.2782,
  "gt_labels": "normal",
  "probabilities": {
    "Airspace Disease": 0.206831,
    "Bronchiectasis": 0.202146,
    "Bronchiolitis": 0.009701,
    "Bullous Disease": 0.07725,
    "Calcified Granuloma": 0.333019,
    "Calcinosis": 0.324643,
    "Cardiac Shadow (abnormal)": 0.070918,
    "Cardiomegaly": 0.121615,
    "Consolidation": 0.204962,
    "Degenerative Change": 0.328852,
    "Edema": 0.115756,
    "Effusion": 0.033904,
    "Emphysema": 0.411141,
    "Fibrosis": 0.281516,
    "Fractures": 0.178582,
    "Hernia": 0.144835,
    "Hyperinflation": 0.400479,
    "Increased Lung Markings": 0.195078,
    "Interstitial Lung Disease": 0.24827,
    "Kyphosis": 0.044175,
    "Lesion": 0.388991,
    "Mass": 0.113838,
    "Nodule": 0.288447,
    "Osteophyte": 0.153953,
    "Pleural Effusion": 0.140856,
    "Pleural Thickening": 0.180158,
    "Pneumothorax": 0.054353,
    "Pulmonary Artery Enlargement": 0.05083,
    "Pulmonary Fibrosis": 0.093338,
    "Rib Fracture": 0.043064,
    "Scoliosis": 0.221417,
    "Subcutaneous Emphysema": 0.028273,
    "Thickening": 0.179019,
    "Volume Loss": 0.22038,
    "normal": 0.724952
  },
  "frontal_probs": {
    "Airspace Disease": 0.2536792755126953,
    "Bronchiectasis": 0.2972261607646942,
    "Bronchiolitis": 0.014279812574386597,
    "Bullous Disease": 0.11257509887218475,
    "Calcified Granuloma": 0.3316687047481537,
    "Calcinosis": 0.34169235825538635,
    "Cardiac Shadow (abnormal)": 0.09112006425857544,
    "Cardiomegaly": 0.1258613020181656,
    "Consolidation": 0.263414591550827,
    "Degenerative Change": 0.28114479780197144,
    "Edema": 0.14378882944583893,
    "Effusion": 0.043956127017736435,
    "Emphysema": 0.5239612460136414,
    "Fibrosis": 0.3193698525428772,
    "Fractures": 0.2038431465625763,
    "Hernia": 0.1553676575422287,
    "Hyperinflation": 0.438445508480072,
    "Increased Lung Markings": 0.24259592592716217,
    "Interstitial Lung Disease": 0.2889423072338104,
    "Kyphosis": 0.05367043986916542,
    "Lesion": 0.43543463945388794,
    "Mass": 0.15082967281341553,
    "Nodule": 0.3313979506492615,
    "Osteophyte": 0.14985479414463043,
    "Pleural Effusion": 0.16627949476242065,
    "Pleural Thickening": 0.22019553184509277,
    "Pneumothorax": 0.06762287765741348,
    "Pulmonary Artery Enlargement": 0.06523510813713074,
    "Pulmonary Fibrosis": 0.11586275696754456,
    "Rib Fracture": 0.058006901293992996,
    "Scoliosis": 0.23641595244407654,
    "Subcutaneous Emphysema": 0.040192462503910065,
    "Thickening": 0.2030312418937683,
    "Volume Loss": 0.23702256381511688,
    "normal": 0.676452100276947
  },
  "lateral_probs": {
    "Airspace Disease": 0.1198275089263916,
    "Bronchiectasis": 0.0255693718791008,
    "Bronchiolitis": 0.0011972527718171477,
    "Bullous Disease": 0.011645978316664696,
    "Calcified Granuloma": 0.335527241230011,
    "Calcinosis": 0.29297909140586853,
    "Cardiac Shadow (abnormal)": 0.03340056166052818,
    "Cardiomegaly": 0.11372984945774078,
    "Consolidation": 0.09640726447105408,
    "Degenerative Change": 0.41745156049728394,
    "Edema": 0.06369565427303314,
    "Effusion": 0.015234701335430145,
    "Emphysema": 0.20161902904510498,
    "Fibrosis": 0.21121466159820557,
    "Fractures": 0.1316671073436737,
    "Hernia": 0.12527409195899963,
    "Hyperinflation": 0.32997098565101624,
    "Increased Lung Markings": 0.1068299263715744,
    "Interstitial Lung Disease": 0.17273500561714172,
    "Kyphosis": 0.02654177136719227,
    "Lesion": 0.30273905396461487,
    "Mass": 0.04514022544026375,
    "Nodule": 0.20868180692195892,
    "Osteophyte": 0.16156530380249023,
    "Pleural Effusion": 0.09363958984613419,
    "Pleural Thickening": 0.1058037281036377,
    "Pneumothorax": 0.029708493500947952,
    "Pulmonary Artery Enlargement": 0.024077093228697777,
    "Pulmonary Fibrosis": 0.0515051931142807,
    "Rib Fracture": 0.015313607640564442,
    "Scoliosis": 0.19356264173984528,
    "Subcutaneous Emphysema": 0.006136734038591385,
    "Thickening": 0.1344238817691803,
    "Volume Loss": 0.1894710808992386,
    "normal": 0.8150228261947632
  }
}