{
  "uid": "3233",
  "frontal_image": "3233_IM-1530-1001.dcm.png",
  "lateral_image": "3233_IM-1530-2001.dcm.png",
  "fusion_mode": "weighted_avg(f=0.65,l=0.35)",
  "predicted_classes": [
    "Degenerative Change",
    "Lesion"
  ],
  "resolved_classes": [
    "Degenerative Change",
    "Lesion"
  ],
  "kg_classes": [
    "Degenerative Change",
    "Lesion"
  ],
  "num_predicted": 2,
  "conflict_resolution": "no_conflict",
  "is_uncertain": false,
  "uncertainty_reason": "",
  "inference_time_s": 0.2621,
  "gt_labels": "Emphysema;Fibrosis;Hyperinflation;Lesion;Volume Loss",
  "probabilities": {
    "Airspace Disease": 0.327523,
    "Bronchiectasis": 0.130403,
    "Bronchiolitis": 0.079715,
    "Bullous Disease": 0.069493,
    "Calcified Granuloma": 0.441058,
    "Calcinosis": 0.424245,
    "Cardiac Shadow (abnormal)": 0.183285,
    "Cardiomegaly": 0.343979,
    "Consolidation": 0.177051,
    "Degenerative Change": 0.543641,
    "Edema": 0.234302,
    "Effusion": 0.074454,
    "Emphysema": 0.39261,
    "Fibrosis": 0.383292,
    "Fractures": 0.261971,
    "Hernia": 0.312073,
    "Hyperinflation": 0.477975,
    "Increased Lung Markings": 0.322505,
    "Interstitial Lung Disease": 0.293108,
    "Kyphosis": 0.227623,
    "Lesion": 0.535217,
    "Mass": 0.151513,
    "Nodule": 0.30626,
    "Osteophyte": 0.252601,
    "Pleural Effusion": 0.322028,
    "Pleural Thickening": 0.328594,
    "Pneumothorax": 0.108084,
    "Pulmonary Artery Enlargement": 0.157891,
    "Pulmonary Fibrosis": 0.172211,
    "Rib Fracture": 0.095479,
    "Scoliosis": 0.256703,
    "Subcutaneous Emphysema": 0.064372,
    "Thickening": 0.24158,
    "Volume Loss": 0.407019,
    "normal": 0.49143
  },
  "frontal_probs": {
    "Airspace Disease": 0.35054126381874084,
    "Bronchiectasis": 0.1468701958656311,
    "Bronchiolitis": 0.11681342124938965,
    "Bullous Disease": 0.08337362855672836,
    "Calcified Granuloma": 0.44665682315826416,
    "Calcinosis": 0.4722125828266144,
    "Cardiac Shadow (abnormal)": 0.20909123122692108,
    "Cardiomegaly": 0.35647857189178467,
    "Consolidation": 0.16385185718536377,
    "Degenerative Change": 0.5226389765739441,
    "Edema": 0.2555374503135681,
    "Effusion": 0.08268707245588303,
    "Emphysema": 0.4154232144355774,
    "Fibrosis": 0.3774147033691406,
    "Fractures": 0.2861103415489197,
    "Hernia": 0.34544795751571655,
    "Hyperinflation": 0.5202728509902954,
    "Increased Lung Markings": 0.38977882266044617,
    "Interstitial Lung Disease": 0.27293431758880615,
    "Kyphosis": 0.2538972795009613,
    "Lesion": 0.5578027963638306,
    "Mass": 0.167657732963562,
    "Nodule": 0.3520094156265259,
    "Osteophyte": 0.2436320185661316,
    "Pleural Effusion": 0.3762584924697876,
    "Pleural Thickening": 0.36081662774086,
    "Pneumothorax": 0.10780825465917587,
    "Pulmonary Artery Enlargement": 0.15858043730258942,
    "Pulmonary Fibrosis": 0.20162317156791687,
    "Rib Fracture": 0.1128983348608017,
    "Scoliosis": 0.2580306828022003,
    "Subcutaneous Emphysema": 0.07891564071178436,
    "Thickening": 0.27663999795913696,
    "Volume Loss": 0.44255897402763367,
    "normal": 0.45485714077949524
  },
  "lateral_probs": {
    "Airspace Disease": 0.28477445244789124,
    "Bronchiectasis": 0.09982169419527054,
    "Bronchiolitis": 0.010818234644830227,
    "Bullous Disease": 0.043713901191949844,
    "Calcified Granuloma": 0.43066075444221497,
    "Calcinosis": 0.3351633548736572,
    "Cardiac Shadow (abnormal)": 0.135358065366745,
    "Cardiomegaly": 0.32076454162597656,
    "Consolidation": 0.20156387984752655,
    "Degenerative Change": 0.5826438069343567,
    "Edema": 0.19486428797245026,
    "Effusion": 0.059162724763154984,
    "Emphysema": 0.35024380683898926,
    "Fibrosis": 0.3942072093486786,
    "Fractures": 0.21714206039905548,
    "Hernia": 0.25009027123451233,
    "Hyperinflation": 0.39942091703414917,
    "Increased Lung Markings": 0.19756768643856049,
    "Interstitial Lung Disease": 0.33057212829589844,
    "Kyphosis": 0.17882850766181946,
    "Lesion": 0.4932725131511688,
    "Mass": 0.12152983993291855,
    "Nodule": 0.22129817306995392,
    "Osteophyte": 0.26925867795944214,
    "Pleural Effusion": 0.2213154435157776,
    "Pleural Thickening": 0.26875272393226624,
    "Pneumothorax": 0.10859651118516922,
    "Pulmonary Artery Enlargement": 0.15660996735095978,
    "Pulmonary Fibrosis": 0.11758850514888763,
    "Rib Fracture": 0.06312891840934753,
    "Scoliosis": 0.25423723459243774,
    "Subcutaneous Emphysema": 0.037361565977334976,
    "Thickening": 0.17646807432174683,
    "Volume Loss": 0.34101513028144836,
    "normal": 0.5593520402908325
  }
}