{
  "uid": "3266",
  "frontal_image": "3266_IM-1551-1001.dcm.png",
  "lateral_image": "3266_IM-1551-2001.dcm.png",
  "fusion_mode": "weighted_avg(f=0.65,l=0.35)",
  "predicted_classes": [
    "normal"
  ],
  "resolved_classes": [
    "normal"
  ],
  "kg_classes": [
    "Normal"
  ],
  "num_predicted": 1,
  "conflict_resolution": "no_conflict",
  "is_uncertain": false,
  "uncertainty_reason": "",
  "inference_time_s": 0.2522,
  "gt_labels": "normal",
  "probabilities": {
    "Airspace Disease": 0.084438,
    "Bronchiectasis": 0.015673,
    "Bronchiolitis": 0.000959,
    "Bullous Disease": 0.007582,
    "Calcified Granuloma": 0.167819,
    "Calcinosis": 0.105372,
    "Cardiac Shadow (abnormal)": 0.036779,
    "Cardiomegaly": 0.089403,
    "Consolidation": 0.050324,
    "Degenerative Change": 0.148595,
    "Edema": 0.063152,
    "Effusion": 0.017426,
    "Emphysema": 0.061041,
    "Fibrosis": 0.114164,
    "Fractures": 0.078351,
    "Hernia": 0.063752,
    "Hyperinflation": 0.151469,
    "Increased Lung Markings": 0.097557,
    "Interstitial Lung Disease": 0.037491,
    "Kyphosis": 0.016074,
    "Lesion": 0.15117,
    "Mass": 0.022142,
    "Nodule": 0.115836,
    "Osteophyte": 0.087017,
    "Pleural Effusion": 0.051713,
    "Pleural Thickening": 0.068584,
    "Pneumothorax": 0.023357,
    "Pulmonary Artery Enlargement": 0.025285,
    "Pulmonary Fibrosis": 0.019832,
    "Rib Fracture": 0.007073,
    "Scoliosis": 0.08595,
    "Subcutaneous Emphysema": 0.006655,
    "Thickening": 0.057509,
    "Volume Loss": 0.093021,
    "normal": 0.907293
  },
  "frontal_probs": {
    "Airspace Disease": 0.013720893301069736,
    "Bronchiectasis": 0.00025791689404286444,
    "Bronchiolitis": 1.6542226148885675e-05,
    "Bullous Disease": 0.0003005659382324666,
    "Calcified Granuloma": 0.08980880677700043,
    "Calcinosis": 0.03896862268447876,
    "Cardiac Shadow (abnormal)": 0.0030365155544131994,
    "Cardiomegaly": 0.017185041680932045,
    "Consolidation": 0.005202603992074728,
    "Degenerative Change": 0.04996021091938019,
    "Edema": 0.00443885987624526,
    "Effusion": 0.0007157315849326551,
    "Emphysema": 0.023994140326976776,
    "Fibrosis": 0.04268521070480347,
    "Fractures": 0.01723632961511612,
    "Hernia": 0.020629271864891052,
    "Hyperinflation": 0.036924611777067184,
    "Increased Lung Markings": 0.02748260460793972,
    "Interstitial Lung Disease": 0.006546902470290661,
    "Kyphosis": 0.0018180825281888247,
    "Lesion": 0.038022324442863464,
    "Mass": 0.0017164781456813216,
    "Nodule": 0.05405150353908539,
    "Osteophyte": 0.03469274565577507,
    "Pleural Effusion": 0.002830943325534463,
    "Pleural Thickening": 0.016773303970694542,
    "Pneumothorax": 0.008485648781061172,
    "Pulmonary Artery Enlargement": 0.0052650910802185535,
    "Pulmonary Fibrosis": 0.00034988613333553076,
    "Rib Fracture": 0.0004907198599539697,
    "Scoliosis": 0.03447868302464485,
    "Subcutaneous Emphysema": 0.0002119019191013649,
    "Thickening": 0.0065094116143882275,
    "Volume Loss": 0.02428438887000084,
    "normal": 0.9852541089057922
  },
  "lateral_probs": {
    "Airspace Disease": 0.21576890349388123,
    "Bronchiectasis": 0.04430188238620758,
    "Bronchiolitis": 0.0027105221524834633,
    "Bullous Disease": 0.021105889230966568,
    "Calcified Granuloma": 0.31269460916519165,
    "Calcinosis": 0.22869154810905457,
    "Cardiac Shadow (abnormal)": 0.09944377839565277,
    "Cardiomegaly": 0.22352193295955658,
    "Consolidation": 0.1341208666563034,
    "Degenerative Change": 0.331773579120636,
    "Edema": 0.17219063639640808,
    "Effusion": 0.04846019670367241,
    "Emphysema": 0.12984201312065125,
    "Fibrosis": 0.24691106379032135,
    "Fractures": 0.19185011088848114,
    "Hernia": 0.1438366323709488,
    "Hyperinflation": 0.3641943037509918,
    "Increased Lung Markings": 0.22769425809383392,
    "Interstitial Lung Disease": 0.09495782107114792,
    "Kyphosis": 0.04254947975277901,
    "Lesion": 0.3613022565841675,
    "Mass": 0.0600765161216259,
    "Nodule": 0.2305794060230255,
    "Osteophyte": 0.18419149518013,
    "Pleural Effusion": 0.14249330759048462,
    "Pleural Thickening": 0.16480284929275513,
    "Pneumothorax": 0.05097414180636406,
    "Pulmonary Artery Enlargement": 0.06246399134397507,
    "Pulmonary Fibrosis": 0.05601324513554573,
    "Rib Fracture": 0.01929657720029354,
    "Scoliosis": 0.18153861165046692,
    "Subcutaneous Emphysema": 0.018621260300278664,
    "Thickening": 0.15222330391407013,
    "Volume Loss": 0.22067534923553467,
    "normal": 0.7625068426132202
  }
}