{
  "uid": "3909",
  "frontal_image": "3909_IM-1986-1001.dcm.png",
  "lateral_image": "3909_IM-1986-2001.dcm.png",
  "fusion_mode": "weighted_avg(f=0.65,l=0.35)",
  "predicted_classes": [
    "normal"
  ],
  "resolved_classes": [
    "normal"
  ],
  "kg_classes": [
    "Normal"
  ],
  "num_predicted": 1,
  "conflict_resolution": "no_conflict",
  "is_uncertain": true,
  "uncertainty_reason": "normal_prob=0.618 (<0.73) with elevated disease scores: Degenerative Change=0.444, Lesion=0.415, Hyperinflation=0.402",
  "inference_time_s": 0.2448,
  "gt_labels": "Calcified Granuloma",
  "probabilities": {
    "Airspace Disease": 0.266978,
    "Bronchiectasis": 0.046806,
    "Bronchiolitis": 0.019961,
    "Bullous Disease": 0.048275,
    "Calcified Granuloma": 0.335802,
    "Calcinosis": 0.371367,
    "Cardiac Shadow (abnormal)": 0.188142,
    "Cardiomegaly": 0.365752,
    "Consolidation": 0.220259,
    "Degenerative Change": 0.444418,
    "Edema": 0.198997,
    "Effusion": 0.210699,
    "Emphysema": 0.190013,
    "Fibrosis": 0.304327,
    "Fractures": 0.271002,
    "Hernia": 0.332209,
    "Hyperinflation": 0.4017,
    "Increased Lung Markings": 0.238082,
    "Interstitial Lung Disease": 0.216164,
    "Kyphosis": 0.158184,
    "Lesion": 0.415446,
    "Mass": 0.256088,
    "Nodule": 0.195819,
    "Osteophyte": 0.284694,
    "Pleural Effusion": 0.280521,
    "Pleural Thickening": 0.17823,
    "Pneumothorax": 0.217251,
    "Pulmonary Artery Enlargement": 0.131277,
    "Pulmonary Fibrosis": 0.195802,
    "Rib Fracture": 0.056302,
    "Scoliosis": 0.213852,
    "Subcutaneous Emphysema": 0.084286,
    "Thickening": 0.211966,
    "Volume Loss": 0.324325,
    "normal": 0.618468
  },
  "frontal_probs": {
    "Airspace Disease": 0.270939439535141,
    "Bronchiectasis": 0.049850136041641235,
    "Bronchiolitis": 0.0268190186470747,
    "Bullous Disease": 0.0651383027434349,
    "Calcified Granuloma": 0.32787027955055237,
    "Calcinosis": 0.3991800844669342,
    "Cardiac Shadow (abnormal)": 0.21465365588665009,
    "Cardiomegaly": 0.42001473903656006,
    "Consolidation": 0.24193590879440308,
    "Degenerative Change": 0.43321311473846436,
    "Edema": 0.23647648096084595,
    "Effusion": 0.2813573181629181,
    "Emphysema": 0.18957741558551788,
    "Fibrosis": 0.31031617522239685,
    "Fractures": 0.3184848129749298,
    "Hernia": 0.36021673679351807,
    "Hyperinflation": 0.4218691289424896,
    "Increased Lung Markings": 0.22774390876293182,
    "Interstitial Lung Disease": 0.22654710710048676,
    "Kyphosis": 0.18943414092063904,
    "Lesion": 0.45146432518959045,
    "Mass": 0.3051035404205322,
    "Nodule": 0.209526926279068,
    "Osteophyte": 0.31210580468177795,
    "Pleural Effusion": 0.3459043502807617,
    "Pleural Thickening": 0.2045961618423462,
    "Pneumothorax": 0.30064165592193604,
    "Pulmonary Artery Enlargement": 0.14544719457626343,
    "Pulmonary Fibrosis": 0.22360548377037048,
    "Rib Fracture": 0.06814941018819809,
    "Scoliosis": 0.23043514788150787,
    "Subcutaneous Emphysema": 0.11500527709722519,
    "Thickening": 0.2593616545200348,
    "Volume Loss": 0.3518497943878174,
    "normal": 0.5718554258346558
  },
  "lateral_probs": {
    "Airspace Disease": 0.25962114334106445,
    "Bronchiectasis": 0.04115152359008789,
    "Bronchiolitis": 0.007223785389214754,
    "Bullous Disease": 0.01695697382092476,
    "Calcified Granuloma": 0.3505333960056305,
    "Calcinosis": 0.31971463561058044,
    "Cardiac Shadow (abnormal)": 0.13890668749809265,
    "Cardiomegaly": 0.2649777829647064,
    "Consolidation": 0.18000100553035736,
    "Degenerative Change": 0.4652279019355774,
    "Edema": 0.12939141690731049,
    "Effusion": 0.0794769823551178,
    "Emphysema": 0.19082072377204895,
    "Fibrosis": 0.29320549964904785,
    "Fractures": 0.18281978368759155,
    "Hernia": 0.28019583225250244,
    "Hyperinflation": 0.3642420470714569,
    "Increased Lung Markings": 0.25728273391723633,
    "Interstitial Lung Disease": 0.19688060879707336,
    "Kyphosis": 0.10014677792787552,
    "Lesion": 0.3485560715198517,
    "Mass": 0.16505880653858185,
    "Nodule": 0.17036065459251404,
    "Osteophyte": 0.23378758132457733,
    "Pleural Effusion": 0.15909413993358612,
    "Pleural Thickening": 0.12926499545574188,
    "Pneumothorax": 0.0623839795589447,
    "Pulmonary Artery Enlargement": 0.10496187955141068,
    "Pulmonary Fibrosis": 0.14416654407978058,
    "Rib Fracture": 0.034299395978450775,
    "Scoliosis": 0.18305431306362152,
    "Subcutaneous Emphysema": 0.027235399931669235,
    "Thickening": 0.12394597381353378,
    "Volume Loss": 0.27320629358291626,
    "normal": 0.7050352692604065
  }
}