{
  "uid": "3461",
  "frontal_image": "3461_IM-1682-1001.dcm.png",
  "lateral_image": "",
  "fusion_mode": "frontal_only",
  "predicted_classes": [
    "normal"
  ],
  "resolved_classes": [
    "normal"
  ],
  "kg_classes": [
    "Normal"
  ],
  "num_predicted": 1,
  "conflict_resolution": "no_conflict",
  "is_uncertain": true,
  "uncertainty_reason": "normal_prob=0.512 (<0.73) with elevated disease scores: Lesion=0.478, Degenerative Change=0.455, Hyperinflation=0.427",
  "inference_time_s": 0.1392,
  "gt_labels": "normal",
  "probabilities": {
    "Airspace Disease": 0.3143755793571472,
    "Bronchiectasis": 0.026561470702290535,
    "Bronchiolitis": 0.027153274044394493,
    "Bullous Disease": 0.050532951951026917,
    "Calcified Granuloma": 0.33056744933128357,
    "Calcinosis": 0.31100693345069885,
    "Cardiac Shadow (abnormal)": 0.23615437746047974,
    "Cardiomegaly": 0.37065795063972473,
    "Consolidation": 0.15214642882347107,
    "Degenerative Change": 0.4550173878669739,
    "Edema": 0.2893199920654297,
    "Effusion": 0.033585917204618454,
    "Emphysema": 0.22029875218868256,
    "Fibrosis": 0.3294914960861206,
    "Fractures": 0.23660489916801453,
    "Hernia": 0.23487167060375214,
    "Hyperinflation": 0.42732149362564087,
    "Increased Lung Markings": 0.29226091504096985,
    "Interstitial Lung Disease": 0.1487647145986557,
    "Kyphosis": 0.1859177201986313,
    "Lesion": 0.47817376255989075,
    "Mass": 0.061322472989559174,
    "Nodule": 0.19929175078868866,
    "Osteophyte": 0.2036019265651703,
    "Pleural Effusion": 0.25283733010292053,
    "Pleural Thickening": 0.26712334156036377,
    "Pneumothorax": 0.07800327241420746,
    "Pulmonary Artery Enlargement": 0.15637315809726715,
    "Pulmonary Fibrosis": 0.07149124145507812,
    "Rib Fracture": 0.05857465788722038,
    "Scoliosis": 0.17052531242370605,
    "Subcutaneous Emphysema": 0.032474033534526825,
    "Thickening": 0.2339095175266266,
    "Volume Loss": 0.4120164215564728,
    "normal": 0.5121344923973083
  },
  "frontal_probs": {
    "Airspace Disease": 0.3143755793571472,
    "Bronchiectasis": 0.026561470702290535,
    "Bronchiolitis": 0.027153274044394493,
    "Bullous Disease": 0.050532951951026917,
    "Calcified Granuloma": 0.33056744933128357,
    "Calcinosis": 0.31100693345069885,
    "Cardiac Shadow (abnormal)": 0.23615437746047974,
    "Cardiomegaly": 0.37065795063972473,
    "Consolidation": 0.15214642882347107,
    "Degenerative Change": 0.4550173878669739,
    "Edema": 0.2893199920654297,
    "Effusion": 0.033585917204618454,
    "Emphysema": 0.22029875218868256,
    "Fibrosis": 0.3294914960861206,
    "Fractures": 0.23660489916801453,
    "Hernia": 0.23487167060375214,
    "Hyperinflation": 0.42732149362564087,
    "Increased Lung Markings": 0.29226091504096985,
    "Interstitial Lung Disease": 0.1487647145986557,
    "Kyphosis": 0.1859177201986313,
    "Lesion": 0.47817376255989075,
    "Mass": 0.061322472989559174,
    "Nodule": 0.19929175078868866,
    "Osteophyte": 0.2036019265651703,
    "Pleural Effusion": 0.25283733010292053,
    "Pleural Thickening": 0.26712334156036377,
    "Pneumothorax": 0.07800327241420746,
    "Pulmonary Artery Enlargement": 0.15637315809726715,
    "Pulmonary Fibrosis": 0.07149124145507812,
    "Rib Fracture": 0.05857465788722038,
    "Scoliosis": 0.17052531242370605,
    "Subcutaneous Emphysema": 0.032474033534526825,
    "Thickening": 0.2339095175266266,
    "Volume Loss": 0.4120164215564728,
    "normal": 0.5121344923973083
  },
  "lateral_probs": {
    "Airspace Disease": 0.0,
    "Bronchiectasis": 0.0,
    "Bronchiolitis": 0.0,
    "Bullous Disease": 0.0,
    "Calcified Granuloma": 0.0,
    "Calcinosis": 0.0,
    "Cardiac Shadow (abnormal)": 0.0,
    "Cardiomegaly": 0.0,
    "Consolidation": 0.0,
    "Degenerative Change": 0.0,
    "Edema": 0.0,
    "Effusion": 0.0,
    "Emphysema": 0.0,
    "Fibrosis": 0.0,
    "Fractures": 0.0,
    "Hernia": 0.0,
    "Hyperinflation": 0.0,
    "Increased Lung Markings": 0.0,
    "Interstitial Lung Disease": 0.0,
    "Kyphosis": 0.0,
    "Lesion": 0.0,
    "Mass": 0.0,
    "Nodule": 0.0,
    "Osteophyte": 0.0,
    "Pleural Effusion": 0.0,
    "Pleural Thickening": 0.0,
    "Pneumothorax": 0.0,
    "Pulmonary Artery Enlargement": 0.0,
    "Pulmonary Fibrosis": 0.0,
    "Rib Fracture": 0.0,
    "Scoliosis": 0.0,
    "Subcutaneous Emphysema": 0.0,
    "Thickening": 0.0,
    "Volume Loss": 0.0,
    "normal": 0.0
  }
}