{
  "uid": "3314",
  "frontal_image": "3314_IM-1586-1001.dcm.png",
  "lateral_image": "3314_IM-1586-1002.dcm.png",
  "fusion_mode": "weighted_avg(f=0.65,l=0.35)",
  "predicted_classes": [
    "normal"
  ],
  "resolved_classes": [
    "normal"
  ],
  "kg_classes": [
    "Normal"
  ],
  "num_predicted": 1,
  "conflict_resolution": "no_conflict",
  "is_uncertain": true,
  "uncertainty_reason": "normal_prob=0.719 (<0.73) with elevated disease scores: Emphysema=0.471, Degenerative Change=0.415, Hyperinflation=0.393",
  "inference_time_s": 0.2747,
  "gt_labels": "normal",
  "probabilities": {
    "Airspace Disease": 0.16525,
    "Bronchiectasis": 0.049901,
    "Bronchiolitis": 0.005967,
    "Bullous Disease": 0.038141,
    "Calcified Granuloma": 0.382655,
    "Calcinosis": 0.347508,
    "Cardiac Shadow (abnormal)": 0.070708,
    "Cardiomegaly": 0.156358,
    "Consolidation": 0.11006,
    "Degenerative Change": 0.415134,
    "Edema": 0.095279,
    "Effusion": 0.027533,
    "Emphysema": 0.470894,
    "Fibrosis": 0.31032,
    "Fractures": 0.171715,
    "Hernia": 0.150113,
    "Hyperinflation": 0.392659,
    "Increased Lung Markings": 0.144076,
    "Interstitial Lung Disease": 0.293024,
    "Kyphosis": 0.089938,
    "Lesion": 0.309393,
    "Mass": 0.081758,
    "Nodule": 0.192648,
    "Osteophyte": 0.169501,
    "Pleural Effusion": 0.108836,
    "Pleural Thickening": 0.141786,
    "Pneumothorax": 0.04091,
    "Pulmonary Artery Enlargement": 0.066834,
    "Pulmonary Fibrosis": 0.066126,
    "Rib Fracture": 0.025867,
    "Scoliosis": 0.177727,
    "Subcutaneous Emphysema": 0.024134,
    "Thickening": 0.14688,
    "Volume Loss": 0.204262,
    "normal": 0.719339
  },
  "frontal_probs": {
    "Airspace Disease": 0.13114985823631287,
    "Bronchiectasis": 0.031069839373230934,
    "Bronchiolitis": 0.0059824478812515736,
    "Bullous Disease": 0.04219341650605202,
    "Calcified Granuloma": 0.3889663517475128,
    "Calcinosis": 0.35333001613616943,
    "Cardiac Shadow (abnormal)": 0.04036726802587509,
    "Cardiomegaly": 0.07899677008390427,
    "Consolidation": 0.10302068293094635,
    "Degenerative Change": 0.4006271958351135,
    "Edema": 0.0655556172132492,
    "Effusion": 0.007615380454808474,
    "Emphysema": 0.5749797224998474,
    "Fibrosis": 0.2830062210559845,
    "Fractures": 0.1578570455312729,
    "Hernia": 0.12589043378829956,
    "Hyperinflation": 0.3734930157661438,
    "Increased Lung Markings": 0.11130576580762863,
    "Interstitial Lung Disease": 0.37056782841682434,
    "Kyphosis": 0.09314935654401779,
    "Lesion": 0.2762627899646759,
    "Mass": 0.07537362724542618,
    "Nodule": 0.16493159532546997,
    "Osteophyte": 0.1492949277162552,
    "Pleural Effusion": 0.06819608062505722,
    "Pleural Thickening": 0.14135566353797913,
    "Pneumothorax": 0.022783221676945686,
    "Pulmonary Artery Enlargement": 0.06590019911527634,
    "Pulmonary Fibrosis": 0.055208515375852585,
    "Rib Fracture": 0.021214891225099564,
    "Scoliosis": 0.1847536563873291,
    "Subcutaneous Emphysema": 0.016256187111139297,
    "Thickening": 0.1388275921344757,
    "Volume Loss": 0.1736796796321869,
    "normal": 0.741073727607727
  },
  "lateral_probs": {
    "Airspace Disease": 0.22857962548732758,
    "Bronchiectasis": 0.08487390726804733,
    "Bronchiolitis": 0.005938262213021517,
    "Bullous Disease": 0.030613677576184273,
    "Calcified Granuloma": 0.3709335923194885,
    "Calcinosis": 0.33669620752334595,
    "Cardiac Shadow (abnormal)": 0.12705640494823456,
    "Cardiomegaly": 0.30003026127815247,
    "Consolidation": 0.12313265353441238,
    "Degenerative Change": 0.4420749247074127,
    "Edema": 0.1504797488451004,
    "Effusion": 0.06452304124832153,
    "Emphysema": 0.2775912284851074,
    "Fibrosis": 0.3610450327396393,
    "Fractures": 0.1974513977766037,
    "Hernia": 0.19509850442409515,
    "Hyperinflation": 0.42825183272361755,
    "Increased Lung Markings": 0.20493601262569427,
    "Interstitial Lung Disease": 0.14901508390903473,
    "Kyphosis": 0.0839739441871643,
    "Lesion": 0.37092089653015137,
    "Mass": 0.09361391514539719,
    "Nodule": 0.244121253490448,
    "Osteophyte": 0.20702619850635529,
    "Pleural Effusion": 0.18430958688259125,
    "Pleural Thickening": 0.1425856351852417,
    "Pneumothorax": 0.07457417249679565,
    "Pulmonary Artery Enlargement": 0.06856894493103027,
    "Pulmonary Fibrosis": 0.08640100061893463,
    "Rib Fracture": 0.0345071442425251,
    "Scoliosis": 0.16467861831188202,
    "Subcutaneous Emphysema": 0.03876393288373947,
    "Thickening": 0.16183555126190186,
    "Volume Loss": 0.2610577642917633,
    "normal": 0.6789731979370117
  }
}