{
  "uid": "3984",
  "frontal_image": "3984_IM-2040-1001.dcm.png",
  "lateral_image": "3984_IM-2040-3003.dcm.png",
  "fusion_mode": "weighted_avg(f=0.65,l=0.35)",
  "predicted_classes": [
    "normal",
    "Degenerative Change"
  ],
  "resolved_classes": [
    "Degenerative Change"
  ],
  "kg_classes": [
    "Degenerative Change"
  ],
  "num_predicted": 1,
  "conflict_resolution": "disease_dominates",
  "is_uncertain": false,
  "uncertainty_reason": "",
  "inference_time_s": 0.2548,
  "gt_labels": "Calcinosis",
  "probabilities": {
    "Airspace Disease": 0.228632,
    "Bronchiectasis": 0.061689,
    "Bronchiolitis": 0.038807,
    "Bullous Disease": 0.046441,
    "Calcified Granuloma": 0.421447,
    "Calcinosis": 0.444198,
    "Cardiac Shadow (abnormal)": 0.189963,
    "Cardiomegaly": 0.381343,
    "Consolidation": 0.183528,
    "Degenerative Change": 0.544676,
    "Edema": 0.193876,
    "Effusion": 0.05813,
    "Emphysema": 0.340451,
    "Fibrosis": 0.332974,
    "Fractures": 0.285413,
    "Hernia": 0.297306,
    "Hyperinflation": 0.41656,
    "Increased Lung Markings": 0.275753,
    "Interstitial Lung Disease": 0.240734,
    "Kyphosis": 0.217806,
    "Lesion": 0.477218,
    "Mass": 0.107076,
    "Nodule": 0.255201,
    "Osteophyte": 0.2383,
    "Pleural Effusion": 0.214445,
    "Pleural Thickening": 0.251446,
    "Pneumothorax": 0.093164,
    "Pulmonary Artery Enlargement": 0.163337,
    "Pulmonary Fibrosis": 0.125043,
    "Rib Fracture": 0.057833,
    "Scoliosis": 0.29504,
    "Subcutaneous Emphysema": 0.053912,
    "Thickening": 0.223288,
    "Volume Loss": 0.34898,
    "normal": 0.548087
  },
  "frontal_probs": {
    "Airspace Disease": 0.22396264970302582,
    "Bronchiectasis": 0.053633444011211395,
    "Bronchiolitis": 0.05643432214856148,
    "Bullous Disease": 0.05571933463215828,
    "Calcified Granuloma": 0.4395746886730194,
    "Calcinosis": 0.5084967017173767,
    "Cardiac Shadow (abnormal)": 0.23539485037326813,
    "Cardiomegaly": 0.43899866938591003,
    "Consolidation": 0.15832045674324036,
    "Degenerative Change": 0.5808658599853516,
    "Edema": 0.1862076073884964,
    "Effusion": 0.0558459535241127,
    "Emphysema": 0.3403976559638977,
    "Fibrosis": 0.3371211886405945,
    "Fractures": 0.3363417685031891,
    "Hernia": 0.37621650099754333,
    "Hyperinflation": 0.4179384708404541,
    "Increased Lung Markings": 0.3136085271835327,
    "Interstitial Lung Disease": 0.24564319849014282,
    "Kyphosis": 0.2941194474697113,
    "Lesion": 0.5060640573501587,
    "Mass": 0.09856367856264114,
    "Nodule": 0.2776997685432434,
    "Osteophyte": 0.258358895778656,
    "Pleural Effusion": 0.2282877266407013,
    "Pleural Thickening": 0.24274961650371552,
    "Pneumothorax": 0.09672600030899048,
    "Pulmonary Artery Enlargement": 0.20132115483283997,
    "Pulmonary Fibrosis": 0.13910464942455292,
    "Rib Fracture": 0.06570074707269669,
    "Scoliosis": 0.3543001413345337,
    "Subcutaneous Emphysema": 0.06700281798839569,
    "Thickening": 0.24773575365543365,
    "Volume Loss": 0.38015589118003845,
    "normal": 0.5009912252426147
  },
  "lateral_probs": {
    "Airspace Disease": 0.2373032420873642,
    "Bronchiectasis": 0.0766482949256897,
    "Bronchiolitis": 0.006070567294955254,
    "Bullous Disease": 0.029209192842245102,
    "Calcified Granuloma": 0.38778260350227356,
    "Calcinosis": 0.32478711009025574,
    "Cardiac Shadow (abnormal)": 0.10558939725160599,
    "Cardiomegaly": 0.2742675840854645,
    "Consolidation": 0.23034271597862244,
    "Degenerative Change": 0.47746580839157104,
    "Edema": 0.2081175446510315,
    "Effusion": 0.062370412051677704,
    "Emphysema": 0.3405511677265167,
    "Fibrosis": 0.32527223229408264,
    "Fractures": 0.19083167612552643,
    "Hernia": 0.15075872838497162,
    "Hyperinflation": 0.4140011966228485,
    "Increased Lung Markings": 0.2054508626461029,
    "Interstitial Lung Disease": 0.23161640763282776,
    "Kyphosis": 0.07608121633529663,
    "Lesion": 0.4236454963684082,
    "Mass": 0.12288350611925125,
    "Nodule": 0.21341626346111298,
    "Osteophyte": 0.2010473608970642,
    "Pleural Effusion": 0.18873804807662964,
    "Pleural Thickening": 0.267597496509552,
    "Pneumothorax": 0.0865493044257164,
    "Pulmonary Artery Enlargement": 0.0927942618727684,
    "Pulmonary Fibrosis": 0.09892728179693222,
    "Rib Fracture": 0.0432218499481678,
    "Scoliosis": 0.1849854290485382,
    "Subcutaneous Emphysema": 0.02960166521370411,
    "Thickening": 0.17788401246070862,
    "Volume Loss": 0.29108157753944397,
    "normal": 0.6355510354042053
  }
}