{
  "uid": "3589",
  "frontal_image": "3589_IM-1767-1001.dcm.png",
  "lateral_image": "3589_IM-1767-1002.dcm.png",
  "fusion_mode": "weighted_avg(f=0.65,l=0.35)",
  "predicted_classes": [
    "Lesion",
    "normal"
  ],
  "resolved_classes": [
    "Lesion"
  ],
  "kg_classes": [
    "Lesion"
  ],
  "num_predicted": 1,
  "conflict_resolution": "disease_dominates",
  "is_uncertain": false,
  "uncertainty_reason": "",
  "inference_time_s": 0.234,
  "gt_labels": "Hyperinflation;Lesion",
  "probabilities": {
    "Airspace Disease": 0.46641,
    "Bronchiectasis": 0.043232,
    "Bronchiolitis": 0.011982,
    "Bullous Disease": 0.026935,
    "Calcified Granuloma": 0.310726,
    "Calcinosis": 0.265079,
    "Cardiac Shadow (abnormal)": 0.205219,
    "Cardiomegaly": 0.359197,
    "Consolidation": 0.220124,
    "Degenerative Change": 0.419192,
    "Edema": 0.196744,
    "Effusion": 0.048632,
    "Emphysema": 0.16334,
    "Fibrosis": 0.293702,
    "Fractures": 0.264074,
    "Hernia": 0.273096,
    "Hyperinflation": 0.47119,
    "Increased Lung Markings": 0.33493,
    "Interstitial Lung Disease": 0.123872,
    "Kyphosis": 0.169323,
    "Lesion": 0.53353,
    "Mass": 0.07663,
    "Nodule": 0.179252,
    "Osteophyte": 0.237002,
    "Pleural Effusion": 0.434374,
    "Pleural Thickening": 0.292811,
    "Pneumothorax": 0.138119,
    "Pulmonary Artery Enlargement": 0.090111,
    "Pulmonary Fibrosis": 0.05819,
    "Rib Fracture": 0.02493,
    "Scoliosis": 0.293642,
    "Subcutaneous Emphysema": 0.042219,
    "Thickening": 0.159066,
    "Volume Loss": 0.443385,
    "normal": 0.528212
  },
  "frontal_probs": {
    "Airspace Disease": 0.5246514678001404,
    "Bronchiectasis": 0.040820568799972534,
    "Bronchiolitis": 0.012928648851811886,
    "Bullous Disease": 0.020484747365117073,
    "Calcified Granuloma": 0.30707502365112305,
    "Calcinosis": 0.25831472873687744,
    "Cardiac Shadow (abnormal)": 0.22661618888378143,
    "Cardiomegaly": 0.37405261397361755,
    "Consolidation": 0.25747406482696533,
    "Degenerative Change": 0.4461173713207245,
    "Edema": 0.18365007638931274,
    "Effusion": 0.0409119538962841,
    "Emphysema": 0.17644591629505157,
    "Fibrosis": 0.329841673374176,
    "Fractures": 0.2561827003955841,
    "Hernia": 0.28167805075645447,
    "Hyperinflation": 0.5032832026481628,
    "Increased Lung Markings": 0.3352135121822357,
    "Interstitial Lung Disease": 0.12478294223546982,
    "Kyphosis": 0.15076591074466705,
    "Lesion": 0.5985479950904846,
    "Mass": 0.07381986081600189,
    "Nodule": 0.15147550404071808,
    "Osteophyte": 0.20523801445960999,
    "Pleural Effusion": 0.4892936646938324,
    "Pleural Thickening": 0.3093753159046173,
    "Pneumothorax": 0.10526387393474579,
    "Pulmonary Artery Enlargement": 0.07368435710668564,
    "Pulmonary Fibrosis": 0.05545419082045555,
    "Rib Fracture": 0.025197381153702736,
    "Scoliosis": 0.2967531383037567,
    "Subcutaneous Emphysema": 0.029370026662945747,
    "Thickening": 0.17833654582500458,
    "Volume Loss": 0.5112093687057495,
    "normal": 0.46948933601379395
  },
  "lateral_probs": {
    "Airspace Disease": 0.35824763774871826,
    "Bronchiectasis": 0.0477113202214241,
    "Bronchiolitis": 0.01022488996386528,
    "Bullous Disease": 0.0389140322804451,
    "Calcified Granuloma": 0.317506343126297,
    "Calcinosis": 0.27764150500297546,
    "Cardiac Shadow (abnormal)": 0.16548138856887817,
    "Cardiomegaly": 0.33160701394081116,
    "Consolidation": 0.15076056122779846,
    "Degenerative Change": 0.3691885769367218,
    "Edema": 0.22106143832206726,
    "Effusion": 0.06296855211257935,
    "Emphysema": 0.1389990895986557,
    "Fibrosis": 0.22658489644527435,
    "Fractures": 0.27872928977012634,
    "Hernia": 0.257157564163208,
    "Hyperinflation": 0.411588191986084,
    "Increased Lung Markings": 0.3344044089317322,
    "Interstitial Lung Disease": 0.12218129634857178,
    "Kyphosis": 0.2037852704524994,
    "Lesion": 0.4127831757068634,
    "Mass": 0.08184903860092163,
    "Nodule": 0.230838343501091,
    "Osteophyte": 0.2959924042224884,
    "Pleural Effusion": 0.3323791027069092,
    "Pleural Thickening": 0.2620476186275482,
    "Pneumothorax": 0.1991347372531891,
    "Pulmonary Artery Enlargement": 0.12061691284179688,
    "Pulmonary Fibrosis": 0.06327017396688461,
    "Rib Fracture": 0.024433540180325508,
    "Scoliosis": 0.2878628969192505,
    "Subcutaneous Emphysema": 0.06608205288648605,
    "Thickening": 0.12327870726585388,
    "Volume Loss": 0.31742602586746216,
    "normal": 0.6372693181037903
  }
}