{
  "uid": "3917",
  "frontal_image": "3917_IM-1992-1001.dcm.png",
  "lateral_image": "3917_IM-1992-2001.dcm.png",
  "fusion_mode": "weighted_avg(f=0.65,l=0.35)",
  "predicted_classes": [
    "Cardiomegaly",
    "Lesion"
  ],
  "resolved_classes": [
    "Cardiomegaly",
    "Lesion"
  ],
  "kg_classes": [
    "Cardiomegaly",
    "Lesion"
  ],
  "num_predicted": 2,
  "conflict_resolution": "no_conflict",
  "is_uncertain": false,
  "uncertainty_reason": "",
  "inference_time_s": 0.2603,
  "gt_labels": "Cardiomegaly",
  "probabilities": {
    "Airspace Disease": 0.337937,
    "Bronchiectasis": 0.042116,
    "Bronchiolitis": 0.012786,
    "Bullous Disease": 0.046746,
    "Calcified Granuloma": 0.315164,
    "Calcinosis": 0.353113,
    "Cardiac Shadow (abnormal)": 0.342263,
    "Cardiomegaly": 0.564558,
    "Consolidation": 0.132421,
    "Degenerative Change": 0.425108,
    "Edema": 0.38256,
    "Effusion": 0.155792,
    "Emphysema": 0.162388,
    "Fibrosis": 0.276371,
    "Fractures": 0.247028,
    "Hernia": 0.247856,
    "Hyperinflation": 0.463376,
    "Increased Lung Markings": 0.386769,
    "Interstitial Lung Disease": 0.157032,
    "Kyphosis": 0.208827,
    "Lesion": 0.511074,
    "Mass": 0.104409,
    "Nodule": 0.199895,
    "Osteophyte": 0.184443,
    "Pleural Effusion": 0.322899,
    "Pleural Thickening": 0.251662,
    "Pneumothorax": 0.156949,
    "Pulmonary Artery Enlargement": 0.141275,
    "Pulmonary Fibrosis": 0.141361,
    "Rib Fracture": 0.037262,
    "Scoliosis": 0.234199,
    "Subcutaneous Emphysema": 0.064942,
    "Thickening": 0.24212,
    "Volume Loss": 0.406139,
    "normal": 0.494449
  },
  "frontal_probs": {
    "Airspace Disease": 0.3234185576438904,
    "Bronchiectasis": 0.04649486392736435,
    "Bronchiolitis": 0.01409110613167286,
    "Bullous Disease": 0.04555528983473778,
    "Calcified Granuloma": 0.32098445296287537,
    "Calcinosis": 0.34214314818382263,
    "Cardiac Shadow (abnormal)": 0.372560977935791,
    "Cardiomegaly": 0.6542920470237732,
    "Consolidation": 0.1388731151819229,
    "Degenerative Change": 0.42401057481765747,
    "Edema": 0.4621458053588867,
    "Effusion": 0.19040946662425995,
    "Emphysema": 0.11646191030740738,
    "Fibrosis": 0.2762272357940674,
    "Fractures": 0.23059262335300446,
    "Hernia": 0.26163485646247864,
    "Hyperinflation": 0.45266449451446533,
    "Increased Lung Markings": 0.3536013066768646,
    "Interstitial Lung Disease": 0.12413690239191055,
    "Kyphosis": 0.20631708204746246,
    "Lesion": 0.5171768069267273,
    "Mass": 0.08116485923528671,
    "Nodule": 0.18110686540603638,
    "Osteophyte": 0.14660334587097168,
    "Pleural Effusion": 0.33094173669815063,
    "Pleural Thickening": 0.2335524559020996,
    "Pneumothorax": 0.09443853050470352,
    "Pulmonary Artery Enlargement": 0.16077105700969696,
    "Pulmonary Fibrosis": 0.1716751605272293,
    "Rib Fracture": 0.04018157720565796,
    "Scoliosis": 0.22417783737182617,
    "Subcutaneous Emphysema": 0.06444097310304642,
    "Thickening": 0.28143855929374695,
    "Volume Loss": 0.3926425278186798,
    "normal": 0.4586910605430603
  },
  "lateral_probs": {
    "Airspace Disease": 0.36489978432655334,
    "Bronchiectasis": 0.033984895795583725,
    "Bronchiolitis": 0.01036343164741993,
    "Bullous Disease": 0.04895738884806633,
    "Calcified Granuloma": 0.3043545186519623,
    "Calcinosis": 0.3734845221042633,
    "Cardiac Shadow (abnormal)": 0.2859939932823181,
    "Cardiomegaly": 0.3979094922542572,
    "Consolidation": 0.12043978273868561,
    "Degenerative Change": 0.4271467924118042,
    "Edema": 0.23475879430770874,
    "Effusion": 0.0915030762553215,
    "Emphysema": 0.24768027663230896,
    "Fibrosis": 0.276638925075531,
    "Fractures": 0.2775508761405945,
    "Hernia": 0.22226746380329132,
    "Hyperinflation": 0.48326751589775085,
    "Increased Lung Markings": 0.4483652114868164,
    "Interstitial Lung Disease": 0.21812324225902557,
    "Kyphosis": 0.2134879231452942,
    "Lesion": 0.49973973631858826,
    "Mass": 0.14757554233074188,
    "Nodule": 0.234788179397583,
    "Osteophyte": 0.25471562147140503,
    "Pleural Effusion": 0.3079618215560913,
    "Pleural Thickening": 0.2852953374385834,
    "Pneumothorax": 0.273039847612381,
    "Pulmonary Artery Enlargement": 0.10506746917963028,
    "Pulmonary Fibrosis": 0.08506297320127487,
    "Rib Fracture": 0.0318402424454689,
    "Scoliosis": 0.25280845165252686,
    "Subcutaneous Emphysema": 0.06587289273738861,
    "Thickening": 0.169100821018219,
    "Volume Loss": 0.4312047064304352,
    "normal": 0.5608565211296082
  }
}