{
  "uid": "3402",
  "frontal_image": "3402_IM-1646-1001.dcm.png",
  "lateral_image": "3402_IM-1646-2001.dcm.png",
  "fusion_mode": "weighted_avg(f=0.65,l=0.35)",
  "predicted_classes": [
    "normal"
  ],
  "resolved_classes": [
    "normal"
  ],
  "kg_classes": [
    "Normal"
  ],
  "num_predicted": 1,
  "conflict_resolution": "no_conflict",
  "is_uncertain": false,
  "uncertainty_reason": "",
  "inference_time_s": 0.3023,
  "gt_labels": "Calcified Granuloma",
  "probabilities": {
    "Airspace Disease": 0.067868,
    "Bronchiectasis": 0.00496,
    "Bronchiolitis": 0.00062,
    "Bullous Disease": 0.004716,
    "Calcified Granuloma": 0.271348,
    "Calcinosis": 0.150543,
    "Cardiac Shadow (abnormal)": 0.033646,
    "Cardiomegaly": 0.093795,
    "Consolidation": 0.039209,
    "Degenerative Change": 0.299271,
    "Edema": 0.054248,
    "Effusion": 0.005292,
    "Emphysema": 0.085615,
    "Fibrosis": 0.134897,
    "Fractures": 0.071418,
    "Hernia": 0.082577,
    "Hyperinflation": 0.171585,
    "Increased Lung Markings": 0.107072,
    "Interstitial Lung Disease": 0.05492,
    "Kyphosis": 0.03316,
    "Lesion": 0.155393,
    "Mass": 0.015137,
    "Nodule": 0.109413,
    "Osteophyte": 0.140357,
    "Pleural Effusion": 0.0214,
    "Pleural Thickening": 0.052863,
    "Pneumothorax": 0.011431,
    "Pulmonary Artery Enlargement": 0.038421,
    "Pulmonary Fibrosis": 0.012118,
    "Rib Fracture": 0.005577,
    "Scoliosis": 0.076242,
    "Subcutaneous Emphysema": 0.002078,
    "Thickening": 0.05434,
    "Volume Loss": 0.111993,
    "normal": 0.881303
  },
  "frontal_probs": {
    "Airspace Disease": 0.040433429181575775,
    "Bronchiectasis": 0.0011770529672503471,
    "Bronchiolitis": 0.0007035672897472978,
    "Bullous Disease": 0.005097916815429926,
    "Calcified Granuloma": 0.2561829090118408,
    "Calcinosis": 0.13943953812122345,
    "Cardiac Shadow (abnormal)": 0.013078236021101475,
    "Cardiomegaly": 0.052027925848960876,
    "Consolidation": 0.021507328376173973,
    "Degenerative Change": 0.2903602421283722,
    "Edema": 0.01442898903042078,
    "Effusion": 0.0012119602179154754,
    "Emphysema": 0.07451187074184418,
    "Fibrosis": 0.1395542323589325,
    "Fractures": 0.06829941272735596,
    "Hernia": 0.09342986345291138,
    "Hyperinflation": 0.12138902395963669,
    "Increased Lung Markings": 0.07972881197929382,
    "Interstitial Lung Disease": 0.03901944309473038,
    "Kyphosis": 0.03864966332912445,
    "Lesion": 0.100624680519104,
    "Mass": 0.00472240848466754,
    "Nodule": 0.07960634678602219,
    "Osteophyte": 0.13693030178546906,
    "Pleural Effusion": 0.012243847362697124,
    "Pleural Thickening": 0.04393697530031204,
    "Pneumothorax": 0.009887779131531715,
    "Pulmonary Artery Enlargement": 0.035395700484514236,
    "Pulmonary Fibrosis": 0.004810868762433529,
    "Rib Fracture": 0.0032322495244443417,
    "Scoliosis": 0.06063256785273552,
    "Subcutaneous Emphysema": 0.0011150642530992627,
    "Thickening": 0.02027440257370472,
    "Volume Loss": 0.08819069713354111,
    "normal": 0.8843660354614258
  },
  "lateral_probs": {
    "Airspace Disease": 0.11881840974092484,
    "Bronchiectasis": 0.011985027231276035,
    "Bronchiolitis": 0.00046356499660760164,
    "Bullous Disease": 0.004005454480648041,
    "Calcified Granuloma": 0.2995113134384155,
    "Calcinosis": 0.1711629331111908,
    "Cardiac Shadow (abnormal)": 0.07184309512376785,
    "Cardiomegaly": 0.17136250436306,
    "Consolidation": 0.07208333164453506,
    "Degenerative Change": 0.3158199191093445,
    "Edema": 0.12819766998291016,
    "Effusion": 0.012868738733232021,
    "Emphysema": 0.10623396933078766,
    "Fibrosis": 0.12624695897102356,
    "Fractures": 0.07720869779586792,
    "Hernia": 0.06242189556360245,
    "Hyperinflation": 0.2648047208786011,
    "Increased Lung Markings": 0.15785281360149384,
    "Interstitial Lung Disease": 0.08444982767105103,
    "Kyphosis": 0.022965796291828156,
    "Lesion": 0.25710558891296387,
    "Mass": 0.034479524940252304,
    "Nodule": 0.16476860642433167,
    "Osteophyte": 0.14672139286994934,
    "Pleural Effusion": 0.038405146449804306,
    "Pleural Thickening": 0.06943919509649277,
    "Pneumothorax": 0.014298041351139545,
    "Pulmonary Artery Enlargement": 0.04404064640402794,
    "Pulmonary Fibrosis": 0.025687314569950104,
    "Rib Fracture": 0.009930162690579891,
    "Scoliosis": 0.10523107647895813,
    "Subcutaneous Emphysema": 0.00386645901016891,
    "Thickening": 0.11760446429252625,
    "Volume Loss": 0.1561986207962036,
    "normal": 0.8756133317947388
  }
}