{
  "uid": "3876",
  "frontal_image": "3876_IM-1967-1001.dcm.png",
  "lateral_image": "3876_IM-1967-2001.dcm.png",
  "fusion_mode": "weighted_avg(f=0.65,l=0.35)",
  "predicted_classes": [
    "normal"
  ],
  "resolved_classes": [
    "normal"
  ],
  "kg_classes": [
    "Normal"
  ],
  "num_predicted": 1,
  "conflict_resolution": "no_conflict",
  "is_uncertain": false,
  "uncertainty_reason": "",
  "inference_time_s": 0.2629,
  "gt_labels": "Degenerative Change",
  "probabilities": {
    "Airspace Disease": 0.093008,
    "Bronchiectasis": 0.004213,
    "Bronchiolitis": 0.000291,
    "Bullous Disease": 0.002144,
    "Calcified Granuloma": 0.120726,
    "Calcinosis": 0.080704,
    "Cardiac Shadow (abnormal)": 0.06279,
    "Cardiomegaly": 0.130692,
    "Consolidation": 0.056519,
    "Degenerative Change": 0.123014,
    "Edema": 0.072491,
    "Effusion": 0.011453,
    "Emphysema": 0.029521,
    "Fibrosis": 0.074259,
    "Fractures": 0.065575,
    "Hernia": 0.026035,
    "Hyperinflation": 0.127551,
    "Increased Lung Markings": 0.099247,
    "Interstitial Lung Disease": 0.020146,
    "Kyphosis": 0.015151,
    "Lesion": 0.144918,
    "Mass": 0.022427,
    "Nodule": 0.072034,
    "Osteophyte": 0.047152,
    "Pleural Effusion": 0.044599,
    "Pleural Thickening": 0.055867,
    "Pneumothorax": 0.023134,
    "Pulmonary Artery Enlargement": 0.044887,
    "Pulmonary Fibrosis": 0.010457,
    "Rib Fracture": 0.004889,
    "Scoliosis": 0.059543,
    "Subcutaneous Emphysema": 0.002891,
    "Thickening": 0.033856,
    "Volume Loss": 0.127051,
    "normal": 0.918759
  },
  "frontal_probs": {
    "Airspace Disease": 0.004878146108239889,
    "Bronchiectasis": 7.905719030532055e-06,
    "Bronchiolitis": 2.6958987291436642e-06,
    "Bullous Disease": 8.410183363594115e-05,
    "Calcified Granuloma": 0.061582986265420914,
    "Calcinosis": 0.02946004830300808,
    "Cardiac Shadow (abnormal)": 0.00028859596932306886,
    "Cardiomegaly": 0.0083590904250741,
    "Consolidation": 0.0023236111737787724,
    "Degenerative Change": 0.035353612154722214,
    "Edema": 0.0005349324783310294,
    "Effusion": 0.00022524746600538492,
    "Emphysema": 0.0021877288818359375,
    "Fibrosis": 0.015150479972362518,
    "Fractures": 0.019331760704517365,
    "Hernia": 0.004373742267489433,
    "Hyperinflation": 0.017643123865127563,
    "Increased Lung Markings": 0.009311393834650517,
    "Interstitial Lung Disease": 0.0009712775936350226,
    "Kyphosis": 0.0014068144373595715,
    "Lesion": 0.014398100785911083,
    "Mass": 0.00025767061742953956,
    "Nodule": 0.01415832806378603,
    "Osteophyte": 0.024220645427703857,
    "Pleural Effusion": 0.0026617113035172224,
    "Pleural Thickening": 0.006650430150330067,
    "Pneumothorax": 0.014639106579124928,
    "Pulmonary Artery Enlargement": 0.0005357912741601467,
    "Pulmonary Fibrosis": 6.543386552948505e-05,
    "Rib Fracture": 4.575971615849994e-05,
    "Scoliosis": 0.034391533583402634,
    "Subcutaneous Emphysema": 2.9720604288741015e-05,
    "Thickening": 0.0020103114657104015,
    "Volume Loss": 0.01233693677932024,
    "normal": 0.9938913583755493
  },
  "lateral_probs": {
    "Airspace Disease": 0.25667867064476013,
    "Bronchiectasis": 0.012021036818623543,
    "Bronchiolitis": 0.0008259521564468741,
    "Bullous Disease": 0.00597004359588027,
    "Calcified Granuloma": 0.23056410253047943,
    "Calcinosis": 0.17587025463581085,
    "Cardiac Shadow (abnormal)": 0.17886292934417725,
    "Cardiomegaly": 0.3578815162181854,
    "Consolidation": 0.15716806054115295,
    "Degenerative Change": 0.2858109772205353,
    "Edema": 0.20612283051013947,
    "Effusion": 0.03230474889278412,
    "Emphysema": 0.08028360456228256,
    "Fibrosis": 0.184031680226326,
    "Fractures": 0.15145519375801086,
    "Hernia": 0.06626376509666443,
    "Hyperinflation": 0.3316662609577179,
    "Increased Lung Markings": 0.26627057790756226,
    "Interstitial Lung Disease": 0.055756427347660065,
    "Kyphosis": 0.04067505896091461,
    "Lesion": 0.3873126804828644,
    "Mass": 0.06359747052192688,
    "Nodule": 0.1795159876346588,
    "Osteophyte": 0.08973846584558487,
    "Pleural Effusion": 0.12248257547616959,
    "Pleural Thickening": 0.1472698152065277,
    "Pneumothorax": 0.03890959173440933,
    "Pulmonary Artery Enlargement": 0.12725451588630676,
    "Pulmonary Fibrosis": 0.029754657298326492,
    "Rib Fracture": 0.013883036561310291,
    "Scoliosis": 0.10625253617763519,
    "Subcutaneous Emphysema": 0.008204410783946514,
    "Thickening": 0.09299813956022263,
    "Volume Loss": 0.34009021520614624,
    "normal": 0.7792271971702576
  }
}