{
  "uid": "3703",
  "frontal_image": "3703_IM-1850-1001.dcm.png",
  "lateral_image": "3703_IM-1850-2001.dcm.png",
  "fusion_mode": "weighted_avg(f=0.65,l=0.35)",
  "predicted_classes": [
    "normal"
  ],
  "resolved_classes": [
    "normal"
  ],
  "kg_classes": [
    "Normal"
  ],
  "num_predicted": 1,
  "conflict_resolution": "no_conflict",
  "is_uncertain": false,
  "uncertainty_reason": "",
  "inference_time_s": 0.2436,
  "gt_labels": "normal",
  "probabilities": {
    "Airspace Disease": 0.077308,
    "Bronchiectasis": 0.008839,
    "Bronchiolitis": 0.000679,
    "Bullous Disease": 0.007957,
    "Calcified Granuloma": 0.236889,
    "Calcinosis": 0.25535,
    "Cardiac Shadow (abnormal)": 0.026946,
    "Cardiomegaly": 0.071771,
    "Consolidation": 0.05004,
    "Degenerative Change": 0.24837,
    "Edema": 0.025944,
    "Effusion": 0.00739,
    "Emphysema": 0.149311,
    "Fibrosis": 0.200134,
    "Fractures": 0.102278,
    "Hernia": 0.081702,
    "Hyperinflation": 0.198188,
    "Increased Lung Markings": 0.08574,
    "Interstitial Lung Disease": 0.071698,
    "Kyphosis": 0.024165,
    "Lesion": 0.218952,
    "Mass": 0.030319,
    "Nodule": 0.1337,
    "Osteophyte": 0.101496,
    "Pleural Effusion": 0.032984,
    "Pleural Thickening": 0.07541,
    "Pneumothorax": 0.028144,
    "Pulmonary Artery Enlargement": 0.039976,
    "Pulmonary Fibrosis": 0.021109,
    "Rib Fracture": 0.004355,
    "Scoliosis": 0.133324,
    "Subcutaneous Emphysema": 0.00576,
    "Thickening": 0.06572,
    "Volume Loss": 0.101513,
    "normal": 0.89029
  },
  "frontal_probs": {
    "Airspace Disease": 0.07364039868116379,
    "Bronchiectasis": 0.006879849825054407,
    "Bronchiolitis": 0.0007649510516785085,
    "Bullous Disease": 0.006761160679161549,
    "Calcified Granuloma": 0.21914345026016235,
    "Calcinosis": 0.27498626708984375,
    "Cardiac Shadow (abnormal)": 0.027953239157795906,
    "Cardiomegaly": 0.08361101895570755,
    "Consolidation": 0.05268730968236923,
    "Degenerative Change": 0.22056631743907928,
    "Edema": 0.01960647664964199,
    "Effusion": 0.007594292052090168,
    "Emphysema": 0.1504090130329132,
    "Fibrosis": 0.21590662002563477,
    "Fractures": 0.10869168490171432,
    "Hernia": 0.095791757106781,
    "Hyperinflation": 0.17427971959114075,
    "Increased Lung Markings": 0.08136643469333649,
    "Interstitial Lung Disease": 0.05486707016825676,
    "Kyphosis": 0.027175256982445717,
    "Lesion": 0.2389039397239685,
    "Mass": 0.034626152366399765,
    "Nodule": 0.10697146505117416,
    "Osteophyte": 0.08631592243909836,
    "Pleural Effusion": 0.03566431254148483,
    "Pleural Thickening": 0.08855825662612915,
    "Pneumothorax": 0.032145604491233826,
    "Pulmonary Artery Enlargement": 0.04807309806346893,
    "Pulmonary Fibrosis": 0.021197838708758354,
    "Rib Fracture": 0.005010360386222601,
    "Scoliosis": 0.14241433143615723,
    "Subcutaneous Emphysema": 0.006162876263260841,
    "Thickening": 0.04542499780654907,
    "Volume Loss": 0.11181291937828064,
    "normal": 0.8794375061988831
  },
  "lateral_probs": {
    "Airspace Disease": 0.08411943167448044,
    "Bronchiectasis": 0.012477749027311802,
    "Bronchiolitis": 0.0005195561097934842,
    "Bullous Disease": 0.010179147124290466,
    "Calcified Granuloma": 0.2698464095592499,
    "Calcinosis": 0.21888160705566406,
    "Cardiac Shadow (abnormal)": 0.025076178833842278,
    "Cardiomegaly": 0.049781329929828644,
    "Consolidation": 0.0451221838593483,
    "Degenerative Change": 0.30000683665275574,
    "Edema": 0.03771315515041351,
    "Effusion": 0.0070093655958771706,
    "Emphysema": 0.1472715437412262,
    "Fibrosis": 0.17084121704101562,
    "Fractures": 0.09036813676357269,
    "Hernia": 0.055535294115543365,
    "Hyperinflation": 0.24258798360824585,
    "Increased Lung Markings": 0.0938614010810852,
    "Interstitial Lung Disease": 0.1029561460018158,
    "Kyphosis": 0.01857449859380722,
    "Lesion": 0.18189916014671326,
    "Mass": 0.022320030257105827,
    "Nodule": 0.18334005773067474,
    "Osteophyte": 0.12968768179416656,
    "Pleural Effusion": 0.02800493687391281,
    "Pleural Thickening": 0.05099176988005638,
    "Pneumothorax": 0.020711958408355713,
    "Pulmonary Artery Enlargement": 0.024937761947512627,
    "Pulmonary Fibrosis": 0.02094375155866146,
    "Rib Fracture": 0.0031370732467621565,
    "Scoliosis": 0.11644238233566284,
    "Subcutaneous Emphysema": 0.005011506378650665,
    "Thickening": 0.103410504758358,
    "Volume Loss": 0.08238450437784195,
    "normal": 0.9104440808296204
  }
}