{
  "uid": "3665",
  "frontal_image": "3665_IM-1823-1001.dcm.png",
  "lateral_image": "3665_IM-1823-2001.dcm.png",
  "fusion_mode": "weighted_avg(f=0.65,l=0.35)",
  "predicted_classes": [
    "normal"
  ],
  "resolved_classes": [
    "normal"
  ],
  "kg_classes": [
    "Normal"
  ],
  "num_predicted": 1,
  "conflict_resolution": "no_conflict",
  "is_uncertain": false,
  "uncertainty_reason": "",
  "inference_time_s": 0.2623,
  "gt_labels": "normal",
  "probabilities": {
    "Airspace Disease": 0.012068,
    "Bronchiectasis": 0.000209,
    "Bronchiolitis": 8.5e-05,
    "Bullous Disease": 0.000664,
    "Calcified Granuloma": 0.097356,
    "Calcinosis": 0.093765,
    "Cardiac Shadow (abnormal)": 0.004552,
    "Cardiomegaly": 0.037473,
    "Consolidation": 0.009339,
    "Degenerative Change": 0.097175,
    "Edema": 0.003798,
    "Effusion": 0.000679,
    "Emphysema": 0.012176,
    "Fibrosis": 0.052412,
    "Fractures": 0.047259,
    "Hernia": 0.021061,
    "Hyperinflation": 0.041594,
    "Increased Lung Markings": 0.021806,
    "Interstitial Lung Disease": 0.010073,
    "Kyphosis": 0.013921,
    "Lesion": 0.034667,
    "Mass": 0.00601,
    "Nodule": 0.033121,
    "Osteophyte": 0.055057,
    "Pleural Effusion": 0.004538,
    "Pleural Thickening": 0.01198,
    "Pneumothorax": 0.007141,
    "Pulmonary Artery Enlargement": 0.018708,
    "Pulmonary Fibrosis": 0.001494,
    "Rib Fracture": 0.000273,
    "Scoliosis": 0.095174,
    "Subcutaneous Emphysema": 0.000605,
    "Thickening": 0.010223,
    "Volume Loss": 0.030871,
    "normal": 0.982386
  },
  "frontal_probs": {
    "Airspace Disease": 0.01058220025151968,
    "Bronchiectasis": 0.0002495868247933686,
    "Bronchiolitis": 0.00012482941383495927,
    "Bullous Disease": 0.0009508401271887124,
    "Calcified Granuloma": 0.09514737129211426,
    "Calcinosis": 0.11631600558757782,
    "Cardiac Shadow (abnormal)": 0.003878263523802161,
    "Cardiomegaly": 0.05043086037039757,
    "Consolidation": 0.010763898491859436,
    "Degenerative Change": 0.10408154875040054,
    "Edema": 0.0038032655138522387,
    "Effusion": 0.0007966252160258591,
    "Emphysema": 0.013636828400194645,
    "Fibrosis": 0.06821870058774948,
    "Fractures": 0.057017166167497635,
    "Hernia": 0.02822216972708702,
    "Hyperinflation": 0.039477501064538956,
    "Increased Lung Markings": 0.026750747114419937,
    "Interstitial Lung Disease": 0.00974298920482397,
    "Kyphosis": 0.020270857959985733,
    "Lesion": 0.038371771574020386,
    "Mass": 0.0055601587519049644,
    "Nodule": 0.02797629125416279,
    "Osteophyte": 0.059616267681121826,
    "Pleural Effusion": 0.005145270377397537,
    "Pleural Thickening": 0.014985974878072739,
    "Pneumothorax": 0.009592010639607906,
    "Pulmonary Artery Enlargement": 0.024270327761769295,
    "Pulmonary Fibrosis": 0.0017472858307883143,
    "Rib Fracture": 0.0003608116530813277,
    "Scoliosis": 0.12594136595726013,
    "Subcutaneous Emphysema": 0.000836688035633415,
    "Thickening": 0.00976553000509739,
    "Volume Loss": 0.0367443785071373,
    "normal": 0.9769406318664551
  },
  "lateral_probs": {
    "Airspace Disease": 0.014826987870037556,
    "Bronchiectasis": 0.0001335810375167057,
    "Bronchiolitis": 1.0317655323888175e-05,
    "Bullous Disease": 0.00013065998791716993,
    "Calcified Granuloma": 0.10145700722932816,
    "Calcinosis": 0.05188369005918503,
    "Cardiac Shadow (abnormal)": 0.005804059095680714,
    "Cardiomegaly": 0.013407588005065918,
    "Consolidation": 0.006693320348858833,
    "Degenerative Change": 0.08434976637363434,
    "Edema": 0.00378765189088881,
    "Effusion": 0.00046119047328829765,
    "Emphysema": 0.009463194757699966,
    "Fibrosis": 0.023057740181684494,
    "Fractures": 0.029137661680579185,
    "Hernia": 0.007761439774185419,
    "Hyperinflation": 0.045523930341005325,
    "Increased Lung Markings": 0.012622388079762459,
    "Interstitial Lung Disease": 0.010685457848012447,
    "Kyphosis": 0.0021285617258399725,
    "Lesion": 0.027788104489445686,
    "Mass": 0.006845712661743164,
    "Nodule": 0.04267634451389313,
    "Osteophyte": 0.04658951237797737,
    "Pleural Effusion": 0.003410677658393979,
    "Pleural Thickening": 0.006398125551640987,
    "Pneumothorax": 0.002590008545666933,
    "Pulmonary Artery Enlargement": 0.00837806798517704,
    "Pulmonary Fibrosis": 0.0010247534373775125,
    "Rib Fracture": 0.00011063036799896508,
    "Scoliosis": 0.03803493455052376,
    "Subcutaneous Emphysema": 0.00017500596004538238,
    "Thickening": 0.011073935776948929,
    "Volume Loss": 0.01996225118637085,
    "normal": 0.992497444152832
  }
}