{
  "uid": "3641",
  "frontal_image": "3641_IM-1805-1001.dcm.png",
  "lateral_image": "3641_IM-1805-2001.dcm.png",
  "fusion_mode": "weighted_avg(f=0.65,l=0.35)",
  "predicted_classes": [
    "normal"
  ],
  "resolved_classes": [
    "normal"
  ],
  "kg_classes": [
    "Normal"
  ],
  "num_predicted": 1,
  "conflict_resolution": "no_conflict",
  "is_uncertain": true,
  "uncertainty_reason": "normal_prob=0.618 (<0.73) with elevated disease scores: Cardiomegaly=0.436, Lesion=0.418, Degenerative Change=0.365",
  "inference_time_s": 0.2378,
  "gt_labels": "Degenerative Change;Fibrosis;Lesion",
  "probabilities": {
    "Airspace Disease": 0.266465,
    "Bronchiectasis": 0.039384,
    "Bronchiolitis": 0.008527,
    "Bullous Disease": 0.034837,
    "Calcified Granuloma": 0.287314,
    "Calcinosis": 0.265112,
    "Cardiac Shadow (abnormal)": 0.233607,
    "Cardiomegaly": 0.436036,
    "Consolidation": 0.123461,
    "Degenerative Change": 0.364801,
    "Edema": 0.319306,
    "Effusion": 0.085572,
    "Emphysema": 0.150673,
    "Fibrosis": 0.250925,
    "Fractures": 0.188586,
    "Hernia": 0.191431,
    "Hyperinflation": 0.360048,
    "Increased Lung Markings": 0.297521,
    "Interstitial Lung Disease": 0.137576,
    "Kyphosis": 0.133982,
    "Lesion": 0.417784,
    "Mass": 0.074206,
    "Nodule": 0.229031,
    "Osteophyte": 0.145396,
    "Pleural Effusion": 0.268922,
    "Pleural Thickening": 0.17254,
    "Pneumothorax": 0.088648,
    "Pulmonary Artery Enlargement": 0.133624,
    "Pulmonary Fibrosis": 0.093735,
    "Rib Fracture": 0.031747,
    "Scoliosis": 0.241613,
    "Subcutaneous Emphysema": 0.027558,
    "Thickening": 0.201412,
    "Volume Loss": 0.314209,
    "normal": 0.618183
  },
  "frontal_probs": {
    "Airspace Disease": 0.20502087473869324,
    "Bronchiectasis": 0.01942540518939495,
    "Bronchiolitis": 0.007002170197665691,
    "Bullous Disease": 0.026687141507864,
    "Calcified Granuloma": 0.28601402044296265,
    "Calcinosis": 0.2538300156593323,
    "Cardiac Shadow (abnormal)": 0.23561249673366547,
    "Cardiomegaly": 0.410033255815506,
    "Consolidation": 0.0808427482843399,
    "Degenerative Change": 0.31796786189079285,
    "Edema": 0.3072839379310608,
    "Effusion": 0.0678214579820633,
    "Emphysema": 0.10533030331134796,
    "Fibrosis": 0.22744770348072052,
    "Fractures": 0.1543843150138855,
    "Hernia": 0.1728355884552002,
    "Hyperinflation": 0.2807362377643585,
    "Increased Lung Markings": 0.2471403032541275,
    "Interstitial Lung Disease": 0.0646446943283081,
    "Kyphosis": 0.10189539194107056,
    "Lesion": 0.3678387999534607,
    "Mass": 0.042498938739299774,
    "Nodule": 0.20771747827529907,
    "Osteophyte": 0.12523676455020905,
    "Pleural Effusion": 0.1842593252658844,
    "Pleural Thickening": 0.13273072242736816,
    "Pneumothorax": 0.0775507390499115,
    "Pulmonary Artery Enlargement": 0.1491973102092743,
    "Pulmonary Fibrosis": 0.05214156210422516,
    "Rib Fracture": 0.022238243371248245,
    "Scoliosis": 0.2561435103416443,
    "Subcutaneous Emphysema": 0.0128422100096941,
    "Thickening": 0.17122316360473633,
    "Volume Loss": 0.26543325185775757,
    "normal": 0.6834574937820435
  },
  "lateral_probs": {
    "Airspace Disease": 0.3805752396583557,
    "Bronchiectasis": 0.07644867897033691,
    "Bronchiolitis": 0.011359128169715405,
    "Bullous Disease": 0.04997316747903824,
    "Calcified Granuloma": 0.28972741961479187,
    "Calcinosis": 0.2860642075538635,
    "Cardiac Shadow (abnormal)": 0.22988373041152954,
    "Cardiomegaly": 0.4843265116214752,
    "Consolidation": 0.20260870456695557,
    "Degenerative Change": 0.4517773985862732,
    "Edema": 0.34163352847099304,
    "Effusion": 0.11853702366352081,
    "Emphysema": 0.23488132655620575,
    "Fibrosis": 0.2945249080657959,
    "Fractures": 0.25210341811180115,
    "Hernia": 0.22596459090709686,
    "Hyperinflation": 0.5073412656784058,
    "Increased Lung Markings": 0.3910852372646332,
    "Interstitial Lung Disease": 0.27301859855651855,
    "Kyphosis": 0.19357235729694366,
    "Lesion": 0.5105383992195129,
    "Mass": 0.13309000432491302,
    "Nodule": 0.2686133086681366,
    "Osteophyte": 0.182834193110466,
    "Pleural Effusion": 0.4261535406112671,
    "Pleural Thickening": 0.2464728206396103,
    "Pneumothorax": 0.10925719887018204,
    "Pulmonary Artery Enlargement": 0.1047009751200676,
    "Pulmonary Fibrosis": 0.1709790676832199,
    "Rib Fracture": 0.04940473288297653,
    "Scoliosis": 0.2146289199590683,
    "Subcutaneous Emphysema": 0.054887957870960236,
    "Thickening": 0.25747647881507874,
    "Volume Loss": 0.40479159355163574,
    "normal": 0.49695804715156555
  }
}