{
  "uid": "3448",
  "frontal_image": "3448_IM-1671-3001.dcm.png",
  "lateral_image": "3448_IM-1671-2001.dcm.png",
  "fusion_mode": "weighted_avg(f=0.65,l=0.35)",
  "predicted_classes": [
    "normal"
  ],
  "resolved_classes": [
    "normal"
  ],
  "kg_classes": [
    "Normal"
  ],
  "num_predicted": 1,
  "conflict_resolution": "no_conflict",
  "is_uncertain": false,
  "uncertainty_reason": "",
  "inference_time_s": 0.2634,
  "gt_labels": "Calcified Granuloma;Calcinosis;Hyperinflation;Lesion",
  "probabilities": {
    "Airspace Disease": 0.098411,
    "Bronchiectasis": 0.008623,
    "Bronchiolitis": 0.00063,
    "Bullous Disease": 0.016391,
    "Calcified Granuloma": 0.230574,
    "Calcinosis": 0.216132,
    "Cardiac Shadow (abnormal)": 0.017506,
    "Cardiomegaly": 0.053169,
    "Consolidation": 0.057244,
    "Degenerative Change": 0.237773,
    "Edema": 0.038019,
    "Effusion": 0.01125,
    "Emphysema": 0.34238,
    "Fibrosis": 0.188795,
    "Fractures": 0.140065,
    "Hernia": 0.045087,
    "Hyperinflation": 0.264138,
    "Increased Lung Markings": 0.050993,
    "Interstitial Lung Disease": 0.146873,
    "Kyphosis": 0.0207,
    "Lesion": 0.195425,
    "Mass": 0.013819,
    "Nodule": 0.123443,
    "Osteophyte": 0.081038,
    "Pleural Effusion": 0.049897,
    "Pleural Thickening": 0.141869,
    "Pneumothorax": 0.103114,
    "Pulmonary Artery Enlargement": 0.017565,
    "Pulmonary Fibrosis": 0.020202,
    "Rib Fracture": 0.004674,
    "Scoliosis": 0.121882,
    "Subcutaneous Emphysema": 0.006173,
    "Thickening": 0.056921,
    "Volume Loss": 0.137767,
    "normal": 0.880344
  },
  "frontal_probs": {
    "Airspace Disease": 0.06855938583612442,
    "Bronchiectasis": 0.005207285284996033,
    "Bronchiolitis": 0.0003476182755548507,
    "Bullous Disease": 0.01907125487923622,
    "Calcified Granuloma": 0.1809060424566269,
    "Calcinosis": 0.18763183057308197,
    "Cardiac Shadow (abnormal)": 0.0037717046216130257,
    "Cardiomegaly": 0.020268794149160385,
    "Consolidation": 0.02491345815360546,
    "Degenerative Change": 0.13853438198566437,
    "Edema": 0.01168755628168583,
    "Effusion": 0.004781641997396946,
    "Emphysema": 0.3787471354007721,
    "Fibrosis": 0.1560729593038559,
    "Fractures": 0.11706402897834778,
    "Hernia": 0.025443507358431816,
    "Hyperinflation": 0.2214943766593933,
    "Increased Lung Markings": 0.01901349425315857,
    "Interstitial Lung Disease": 0.12120690941810608,
    "Kyphosis": 0.011589394882321358,
    "Lesion": 0.13781768083572388,
    "Mass": 0.004096953198313713,
    "Nodule": 0.08907661586999893,
    "Osteophyte": 0.03422734513878822,
    "Pleural Effusion": 0.02671816013753414,
    "Pleural Thickening": 0.14011336863040924,
    "Pneumothorax": 0.12511758506298065,
    "Pulmonary Artery Enlargement": 0.005343947559595108,
    "Pulmonary Fibrosis": 0.005249176640063524,
    "Rib Fracture": 0.0017792017897590995,
    "Scoliosis": 0.1162089854478836,
    "Subcutaneous Emphysema": 0.0040926868095994,
    "Thickening": 0.0268299151211977,
    "Volume Loss": 0.10497108101844788,
    "normal": 0.9280146360397339
  },
  "lateral_probs": {
    "Airspace Disease": 0.15384869277477264,
    "Bronchiectasis": 0.014967488124966621,
    "Bronchiolitis": 0.001155284931883216,
    "Bullous Disease": 0.011413458734750748,
    "Calcified Granuloma": 0.32281437516212463,
    "Calcinosis": 0.26906222105026245,
    "Cardiac Shadow (abnormal)": 0.04301156476140022,
    "Cardiomegaly": 0.11426949501037598,
    "Consolidation": 0.11728723347187042,
    "Degenerative Change": 0.42207443714141846,
    "Edema": 0.08692067116498947,
    "Effusion": 0.02326270192861557,
    "Emphysema": 0.2748396396636963,
    "Fibrosis": 0.24956516921520233,
    "Fractures": 0.18278200924396515,
    "Hernia": 0.0815683975815773,
    "Hyperinflation": 0.34333309531211853,
    "Increased Lung Markings": 0.11038447171449661,
    "Interstitial Lung Disease": 0.19453851878643036,
    "Kyphosis": 0.03761938959360123,
    "Lesion": 0.3024097979068756,
    "Mass": 0.03187374398112297,
    "Nodule": 0.1872655302286148,
    "Osteophyte": 0.16797176003456116,
    "Pleural Effusion": 0.09294480085372925,
    "Pleural Thickening": 0.1451285481452942,
    "Pneumothorax": 0.06225131079554558,
    "Pulmonary Artery Enlargement": 0.04026051610708237,
    "Pulmonary Fibrosis": 0.047970935702323914,
    "Rib Fracture": 0.010049787349998951,
    "Scoliosis": 0.13241678476333618,
    "Subcutaneous Emphysema": 0.010037323459982872,
    "Thickening": 0.11280316114425659,
    "Volume Loss": 0.19867335259914398,
    "normal": 0.7918131351470947
  }
}