{
  "uid": "3571",
  "frontal_image": "3571_IM-1754-3001.dcm.png",
  "lateral_image": "3571_IM-1754-2001.dcm.png",
  "fusion_mode": "weighted_avg(f=0.65,l=0.35)",
  "predicted_classes": [
    "normal"
  ],
  "resolved_classes": [
    "normal"
  ],
  "kg_classes": [
    "Normal"
  ],
  "num_predicted": 1,
  "conflict_resolution": "no_conflict",
  "is_uncertain": false,
  "uncertainty_reason": "",
  "inference_time_s": 0.2433,
  "gt_labels": "Degenerative Change",
  "probabilities": {
    "Airspace Disease": 0.143507,
    "Bronchiectasis": 0.010005,
    "Bronchiolitis": 0.003918,
    "Bullous Disease": 0.012918,
    "Calcified Granuloma": 0.30219,
    "Calcinosis": 0.198835,
    "Cardiac Shadow (abnormal)": 0.06349,
    "Cardiomegaly": 0.2244,
    "Consolidation": 0.097123,
    "Degenerative Change": 0.493748,
    "Edema": 0.079303,
    "Effusion": 0.024021,
    "Emphysema": 0.101171,
    "Fibrosis": 0.187757,
    "Fractures": 0.183002,
    "Hernia": 0.229943,
    "Hyperinflation": 0.300681,
    "Increased Lung Markings": 0.240699,
    "Interstitial Lung Disease": 0.100163,
    "Kyphosis": 0.134897,
    "Lesion": 0.251721,
    "Mass": 0.048228,
    "Nodule": 0.119053,
    "Osteophyte": 0.291192,
    "Pleural Effusion": 0.147716,
    "Pleural Thickening": 0.089342,
    "Pneumothorax": 0.055039,
    "Pulmonary Artery Enlargement": 0.063561,
    "Pulmonary Fibrosis": 0.038369,
    "Rib Fracture": 0.013311,
    "Scoliosis": 0.164155,
    "Subcutaneous Emphysema": 0.012406,
    "Thickening": 0.070245,
    "Volume Loss": 0.228983,
    "normal": 0.750709
  },
  "frontal_probs": {
    "Airspace Disease": 0.07392824441194534,
    "Bronchiectasis": 0.0012421392602846026,
    "Bronchiolitis": 0.0026633040979504585,
    "Bullous Disease": 0.0020443459507077932,
    "Calcified Granuloma": 0.2821691930294037,
    "Calcinosis": 0.1297910064458847,
    "Cardiac Shadow (abnormal)": 0.0298907570540905,
    "Cardiomegaly": 0.18327075242996216,
    "Consolidation": 0.0723678395152092,
    "Degenerative Change": 0.49041610956192017,
    "Edema": 0.014585374854505062,
    "Effusion": 0.0068764593452215195,
    "Emphysema": 0.016644876450300217,
    "Fibrosis": 0.1518765687942505,
    "Fractures": 0.14212767779827118,
    "Hernia": 0.2255934625864029,
    "Hyperinflation": 0.24849194288253784,
    "Increased Lung Markings": 0.23416617512702942,
    "Interstitial Lung Disease": 0.014941778033971786,
    "Kyphosis": 0.10945337265729904,
    "Lesion": 0.182745561003685,
    "Mass": 0.025554286316037178,
    "Nodule": 0.08318863064050674,
    "Osteophyte": 0.3043581247329712,
    "Pleural Effusion": 0.07142262905836105,
    "Pleural Thickening": 0.02822924591600895,
    "Pneumothorax": 0.025447137653827667,
    "Pulmonary Artery Enlargement": 0.03604354336857796,
    "Pulmonary Fibrosis": 0.0073412624187767506,
    "Rib Fracture": 0.004685345571488142,
    "Scoliosis": 0.12674768269062042,
    "Subcutaneous Emphysema": 0.0040248362347483635,
    "Thickening": 0.035279277712106705,
    "Volume Loss": 0.19024616479873657,
    "normal": 0.8154167532920837
  },
  "lateral_probs": {
    "Airspace Disease": 0.2727240324020386,
    "Bronchiectasis": 0.026279302313923836,
    "Bronchiolitis": 0.006248127203434706,
    "Bullous Disease": 0.033113058656454086,
    "Calcified Granuloma": 0.3393711447715759,
    "Calcinosis": 0.3270593583583832,
    "Cardiac Shadow (abnormal)": 0.1258888989686966,
    "Cardiomegaly": 0.300781786441803,
    "Consolidation": 0.14309558272361755,
    "Degenerative Change": 0.49993568658828735,
    "Edema": 0.19949370622634888,
    "Effusion": 0.055859483778476715,
    "Emphysema": 0.258147656917572,
    "Fibrosis": 0.2543928623199463,
    "Fractures": 0.25891003012657166,
    "Hernia": 0.23802031576633453,
    "Hyperinflation": 0.3976045250892639,
    "Increased Lung Markings": 0.2528327405452728,
    "Interstitial Lung Disease": 0.2584317922592163,
    "Kyphosis": 0.18215008080005646,
    "Lesion": 0.3798185884952545,
    "Mass": 0.090334951877594,
    "Nodule": 0.18565863370895386,
    "Osteophyte": 0.2667402923107147,
    "Pleural Effusion": 0.28940460085868835,
    "Pleural Thickening": 0.20283760130405426,
    "Pneumothorax": 0.10999425500631332,
    "Pulmonary Artery Enlargement": 0.11466536670923233,
    "Pulmonary Fibrosis": 0.0959906056523323,
    "Rib Fracture": 0.029329819604754448,
    "Scoliosis": 0.23362696170806885,
    "Subcutaneous Emphysema": 0.027970043942332268,
    "Thickening": 0.13518020510673523,
    "Volume Loss": 0.30092206597328186,
    "normal": 0.6305384635925293
  }
}