{
  "uid": "3361",
  "frontal_image": "3361_IM-1614-1001.dcm.png",
  "lateral_image": "3361_IM-1614-2001.dcm.png",
  "fusion_mode": "weighted_avg(f=0.65,l=0.35)",
  "predicted_classes": [
    "normal"
  ],
  "resolved_classes": [
    "normal"
  ],
  "kg_classes": [
    "Normal"
  ],
  "num_predicted": 1,
  "conflict_resolution": "no_conflict",
  "is_uncertain": false,
  "uncertainty_reason": "",
  "inference_time_s": 0.2742,
  "gt_labels": "normal",
  "probabilities": {
    "Airspace Disease": 0.04721,
    "Bronchiectasis": 0.001758,
    "Bronchiolitis": 0.000263,
    "Bullous Disease": 0.00262,
    "Calcified Granuloma": 0.188108,
    "Calcinosis": 0.118612,
    "Cardiac Shadow (abnormal)": 0.013475,
    "Cardiomegaly": 0.058315,
    "Consolidation": 0.032743,
    "Degenerative Change": 0.175802,
    "Edema": 0.020305,
    "Effusion": 0.003127,
    "Emphysema": 0.019474,
    "Fibrosis": 0.080909,
    "Fractures": 0.051134,
    "Hernia": 0.05286,
    "Hyperinflation": 0.09612,
    "Increased Lung Markings": 0.075125,
    "Interstitial Lung Disease": 0.012778,
    "Kyphosis": 0.016414,
    "Lesion": 0.119903,
    "Mass": 0.021716,
    "Nodule": 0.139755,
    "Osteophyte": 0.110938,
    "Pleural Effusion": 0.015135,
    "Pleural Thickening": 0.024676,
    "Pneumothorax": 0.011156,
    "Pulmonary Artery Enlargement": 0.020291,
    "Pulmonary Fibrosis": 0.006242,
    "Rib Fracture": 0.002504,
    "Scoliosis": 0.069754,
    "Subcutaneous Emphysema": 0.00074,
    "Thickening": 0.029059,
    "Volume Loss": 0.094965,
    "normal": 0.942151
  },
  "frontal_probs": {
    "Airspace Disease": 0.03018142282962799,
    "Bronchiectasis": 0.0009139246540144086,
    "Bronchiolitis": 0.0003429532516747713,
    "Bullous Disease": 0.003616149304434657,
    "Calcified Granuloma": 0.17852221429347992,
    "Calcinosis": 0.11752503365278244,
    "Cardiac Shadow (abnormal)": 0.010896945372223854,
    "Cardiomegaly": 0.061498261988162994,
    "Consolidation": 0.0195632241666317,
    "Degenerative Change": 0.1510571986436844,
    "Edema": 0.01769399084150791,
    "Effusion": 0.0013573089381679893,
    "Emphysema": 0.014503790065646172,
    "Fibrosis": 0.07431861758232117,
    "Fractures": 0.03504600748419762,
    "Hernia": 0.039800096303224564,
    "Hyperinflation": 0.06596244126558304,
    "Increased Lung Markings": 0.07114516198635101,
    "Interstitial Lung Disease": 0.007461321074515581,
    "Kyphosis": 0.021899811923503876,
    "Lesion": 0.08183415234088898,
    "Mass": 0.00682444591075182,
    "Nodule": 0.15508417785167694,
    "Osteophyte": 0.13776427507400513,
    "Pleural Effusion": 0.009496700949966908,
    "Pleural Thickening": 0.02059662900865078,
    "Pneumothorax": 0.011853919364511967,
    "Pulmonary Artery Enlargement": 0.02072000317275524,
    "Pulmonary Fibrosis": 0.0029883133247494698,
    "Rib Fracture": 0.0011907898588106036,
    "Scoliosis": 0.05908733978867531,
    "Subcutaneous Emphysema": 0.0004624228458851576,
    "Thickening": 0.017537090927362442,
    "Volume Loss": 0.09498858451843262,
    "normal": 0.9407491087913513
  },
  "lateral_probs": {
    "Airspace Disease": 0.07883459329605103,
    "Bronchiectasis": 0.003326006233692169,
    "Bronchiolitis": 0.00011473714403109625,
    "Bullous Disease": 0.0007704099407419562,
    "Calcified Granuloma": 0.20590946078300476,
    "Calcinosis": 0.12063105404376984,
    "Cardiac Shadow (abnormal)": 0.018261563032865524,
    "Cardiomegaly": 0.05240410193800926,
    "Consolidation": 0.05722068250179291,
    "Degenerative Change": 0.22175681591033936,
    "Edema": 0.025154707953333855,
    "Effusion": 0.006414473056793213,
    "Emphysema": 0.02870478481054306,
    "Fibrosis": 0.09314734488725662,
    "Fractures": 0.08101300150156021,
    "Hernia": 0.07711374014616013,
    "Hyperinflation": 0.1521259844303131,
    "Increased Lung Markings": 0.08251586556434631,
    "Interstitial Lung Disease": 0.022650986909866333,
    "Kyphosis": 0.0062264068983495235,
    "Lesion": 0.19060355424880981,
    "Mass": 0.049371685832738876,
    "Nodule": 0.11128785461187363,
    "Osteophyte": 0.06111873686313629,
    "Pleural Effusion": 0.025606125593185425,
    "Pleural Thickening": 0.03225284442305565,
    "Pneumothorax": 0.009858445264399052,
    "Pulmonary Artery Enlargement": 0.019495686516165733,
    "Pulmonary Fibrosis": 0.01228581927716732,
    "Rib Fracture": 0.00494402227923274,
    "Scoliosis": 0.0895630270242691,
    "Subcutaneous Emphysema": 0.0012563714990392327,
    "Thickening": 0.05045690760016441,
    "Volume Loss": 0.09491989761590958,
    "normal": 0.9447537064552307
  }
}