{
  "uid": "3324",
  "frontal_image": "3324_IM-1590-1001.dcm.png",
  "lateral_image": "3324_IM-1590-2001.dcm.png|3324_IM-1590-3001.dcm.png",
  "fusion_mode": "weighted_avg(f=0.65,l=0.35)",
  "predicted_classes": [
    "normal",
    "Lesion"
  ],
  "resolved_classes": [
    "Lesion"
  ],
  "kg_classes": [
    "Lesion"
  ],
  "num_predicted": 1,
  "conflict_resolution": "disease_dominates",
  "is_uncertain": false,
  "uncertainty_reason": "",
  "inference_time_s": 0.3546,
  "gt_labels": "Degenerative Change;Lesion;Mass",
  "probabilities": {
    "Airspace Disease": 0.421904,
    "Bronchiectasis": 0.105967,
    "Bronchiolitis": 0.020941,
    "Bullous Disease": 0.060671,
    "Calcified Granuloma": 0.307057,
    "Calcinosis": 0.31408,
    "Cardiac Shadow (abnormal)": 0.212784,
    "Cardiomegaly": 0.459021,
    "Consolidation": 0.363658,
    "Degenerative Change": 0.433321,
    "Edema": 0.266478,
    "Effusion": 0.220371,
    "Emphysema": 0.230418,
    "Fibrosis": 0.313345,
    "Fractures": 0.219894,
    "Hernia": 0.282566,
    "Hyperinflation": 0.443126,
    "Increased Lung Markings": 0.287421,
    "Interstitial Lung Disease": 0.242379,
    "Kyphosis": 0.171097,
    "Lesion": 0.516854,
    "Mass": 0.33482,
    "Nodule": 0.220676,
    "Osteophyte": 0.242158,
    "Pleural Effusion": 0.473564,
    "Pleural Thickening": 0.263684,
    "Pneumothorax": 0.282136,
    "Pulmonary Artery Enlargement": 0.170828,
    "Pulmonary Fibrosis": 0.231807,
    "Rib Fracture": 0.070561,
    "Scoliosis": 0.259944,
    "Subcutaneous Emphysema": 0.08037,
    "Thickening": 0.23878,
    "Volume Loss": 0.387435,
    "normal": 0.524833
  },
  "frontal_probs": {
    "Airspace Disease": 0.47835657000541687,
    "Bronchiectasis": 0.11317833513021469,
    "Bronchiolitis": 0.023032216355204582,
    "Bullous Disease": 0.06157691404223442,
    "Calcified Granuloma": 0.3045400381088257,
    "Calcinosis": 0.3081240952014923,
    "Cardiac Shadow (abnormal)": 0.18206462264060974,
    "Cardiomegaly": 0.43622419238090515,
    "Consolidation": 0.44684144854545593,
    "Degenerative Change": 0.4365009069442749,
    "Edema": 0.22593055665493011,
    "Effusion": 0.25876298546791077,
    "Emphysema": 0.23306649923324585,
    "Fibrosis": 0.3182285726070404,
    "Fractures": 0.23139342665672302,
    "Hernia": 0.29081428050994873,
    "Hyperinflation": 0.43459343910217285,
    "Increased Lung Markings": 0.2557206451892853,
    "Interstitial Lung Disease": 0.23463429510593414,
    "Kyphosis": 0.1515360027551651,
    "Lesion": 0.5441417694091797,
    "Mass": 0.38647645711898804,
    "Nodule": 0.20068086683750153,
    "Osteophyte": 0.2425222545862198,
    "Pleural Effusion": 0.5468499064445496,
    "Pleural Thickening": 0.2785128951072693,
    "Pneumothorax": 0.3467804491519928,
    "Pulmonary Artery Enlargement": 0.17993038892745972,
    "Pulmonary Fibrosis": 0.27185916900634766,
    "Rib Fracture": 0.07986626029014587,
    "Scoliosis": 0.26995065808296204,
    "Subcutaneous Emphysema": 0.08571761101484299,
    "Thickening": 0.23487521708011627,
    "Volume Loss": 0.42341846227645874,
    "normal": 0.4850838780403137
  },
  "lateral_probs": {
    "Airspace Disease": 0.31706319749355316,
    "Bronchiectasis": 0.09257448837161064,
    "Bronchiolitis": 0.017057095654308796,
    "Bullous Disease": 0.05898722819983959,
    "Calcified Granuloma": 0.31173211336135864,
    "Calcinosis": 0.3251412361860275,
    "Cardiac Shadow (abnormal)": 0.269833967089653,
    "Cardiomegaly": 0.5013585537672043,
    "Consolidation": 0.2091740071773529,
    "Degenerative Change": 0.42741578817367554,
    "Edema": 0.3417806923389435,
    "Effusion": 0.1490708887577057,
    "Emphysema": 0.22549863159656525,
    "Fibrosis": 0.30427494645118713,
    "Fractures": 0.1985369473695755,
    "Hernia": 0.26724813878536224,
    "Hyperinflation": 0.45897144079208374,
    "Increased Lung Markings": 0.3462938666343689,
    "Interstitial Lung Disease": 0.25676238536834717,
    "Kyphosis": 0.2074255645275116,
    "Lesion": 0.4661767929792404,
    "Mass": 0.23888663202524185,
    "Nodule": 0.25780850648880005,
    "Osteophyte": 0.24148128926753998,
    "Pleural Effusion": 0.33746111392974854,
    "Pleural Thickening": 0.236143596470356,
    "Pneumothorax": 0.16208148002624512,
    "Pulmonary Artery Enlargement": 0.15392393618822098,
    "Pulmonary Fibrosis": 0.15742377191781998,
    "Rib Fracture": 0.05327850393950939,
    "Scoliosis": 0.24135908484458923,
    "Subcutaneous Emphysema": 0.07043776661157608,
    "Thickening": 0.24603289365768433,
    "Volume Loss": 0.3206077963113785,
    "normal": 0.5986538231372833
  }
}