{
  "uid": "3749",
  "frontal_image": "3749_IM-1874-1001.dcm.png",
  "lateral_image": "3749_IM-1874-2001.dcm.png",
  "fusion_mode": "weighted_avg(f=0.65,l=0.35)",
  "predicted_classes": [
    "normal"
  ],
  "resolved_classes": [
    "normal"
  ],
  "kg_classes": [
    "Normal"
  ],
  "num_predicted": 1,
  "conflict_resolution": "no_conflict",
  "is_uncertain": false,
  "uncertainty_reason": "",
  "inference_time_s": 0.2673,
  "gt_labels": "normal",
  "probabilities": {
    "Airspace Disease": 0.107641,
    "Bronchiectasis": 0.011156,
    "Bronchiolitis": 0.002893,
    "Bullous Disease": 0.00577,
    "Calcified Granuloma": 0.262524,
    "Calcinosis": 0.300281,
    "Cardiac Shadow (abnormal)": 0.081924,
    "Cardiomegaly": 0.290796,
    "Consolidation": 0.077364,
    "Degenerative Change": 0.259494,
    "Edema": 0.096817,
    "Effusion": 0.038382,
    "Emphysema": 0.10582,
    "Fibrosis": 0.148615,
    "Fractures": 0.153871,
    "Hernia": 0.065413,
    "Hyperinflation": 0.224956,
    "Increased Lung Markings": 0.142915,
    "Interstitial Lung Disease": 0.086296,
    "Kyphosis": 0.072541,
    "Lesion": 0.214501,
    "Mass": 0.056623,
    "Nodule": 0.204657,
    "Osteophyte": 0.113128,
    "Pleural Effusion": 0.065147,
    "Pleural Thickening": 0.075296,
    "Pneumothorax": 0.041859,
    "Pulmonary Artery Enlargement": 0.062916,
    "Pulmonary Fibrosis": 0.036486,
    "Rib Fracture": 0.009053,
    "Scoliosis": 0.226374,
    "Subcutaneous Emphysema": 0.012981,
    "Thickening": 0.113817,
    "Volume Loss": 0.152788,
    "normal": 0.840198
  },
  "frontal_probs": {
    "Airspace Disease": 0.05263862758874893,
    "Bronchiectasis": 0.004926062189042568,
    "Bronchiolitis": 0.0030780478846281767,
    "Bullous Disease": 0.004967870656400919,
    "Calcified Granuloma": 0.2026340365409851,
    "Calcinosis": 0.2639234960079193,
    "Cardiac Shadow (abnormal)": 0.04482512176036835,
    "Cardiomegaly": 0.28136149048805237,
    "Consolidation": 0.05209913104772568,
    "Degenerative Change": 0.1867205947637558,
    "Edema": 0.034279704093933105,
    "Effusion": 0.030196841806173325,
    "Emphysema": 0.06080816686153412,
    "Fibrosis": 0.11833712458610535,
    "Fractures": 0.14355707168579102,
    "Hernia": 0.048162538558244705,
    "Hyperinflation": 0.13981123268604279,
    "Increased Lung Markings": 0.08343569934368134,
    "Interstitial Lung Disease": 0.052855778485536575,
    "Kyphosis": 0.07895854860544205,
    "Lesion": 0.14397414028644562,
    "Mass": 0.04455722123384476,
    "Nodule": 0.1999434381723404,
    "Osteophyte": 0.08253005892038345,
    "Pleural Effusion": 0.033648934215307236,
    "Pleural Thickening": 0.04238284379243851,
    "Pneumothorax": 0.0397510901093483,
    "Pulmonary Artery Enlargement": 0.06416957080364227,
    "Pulmonary Fibrosis": 0.0188603438436985,
    "Rib Fracture": 0.003580336691811681,
    "Scoliosis": 0.2650216519832611,
    "Subcutaneous Emphysema": 0.010719096288084984,
    "Thickening": 0.0949101522564888,
    "Volume Loss": 0.09532586485147476,
    "normal": 0.9316297173500061
  },
  "lateral_probs": {
    "Airspace Disease": 0.20978783071041107,
    "Bronchiectasis": 0.02272702194750309,
    "Bronchiolitis": 0.00254996120929718,
    "Bullous Disease": 0.007258780300617218,
    "Calcified Granuloma": 0.3737472593784332,
    "Calcinosis": 0.3678024709224701,
    "Cardiac Shadow (abnormal)": 0.1508219838142395,
    "Cardiomegaly": 0.30831801891326904,
    "Consolidation": 0.12428442388772964,
    "Degenerative Change": 0.39464372396469116,
    "Edema": 0.2129586935043335,
    "Effusion": 0.05358351022005081,
    "Emphysema": 0.18941344320774078,
    "Fibrosis": 0.20484675467014313,
    "Fractures": 0.17302457988262177,
    "Hernia": 0.09744901955127716,
    "Hyperinflation": 0.3830821216106415,
    "Increased Lung Markings": 0.25337621569633484,
    "Interstitial Lung Disease": 0.14839968085289001,
    "Kyphosis": 0.06062208116054535,
    "Lesion": 0.34548071026802063,
    "Mass": 0.07902996987104416,
    "Nodule": 0.2134103626012802,
    "Osteophyte": 0.16995136439800262,
    "Pleural Effusion": 0.12364335358142853,
    "Pleural Thickening": 0.13642044365406036,
    "Pneumothorax": 0.045774150639772415,
    "Pulmonary Artery Enlargement": 0.060587793588638306,
    "Pulmonary Fibrosis": 0.06921906024217606,
    "Rib Fracture": 0.019216271117329597,
    "Scoliosis": 0.1546003520488739,
    "Subcutaneous Emphysema": 0.017181869596242905,
    "Thickening": 0.14892998337745667,
    "Volume Loss": 0.25950250029563904,
    "normal": 0.6703971028327942
  }
}