{
  "uid": "3717",
  "frontal_image": "3717_IM-1856-1001.dcm.png",
  "lateral_image": "3717_IM-1856-2001.dcm.png",
  "fusion_mode": "weighted_avg(f=0.65,l=0.35)",
  "predicted_classes": [
    "normal"
  ],
  "resolved_classes": [
    "normal"
  ],
  "kg_classes": [
    "Normal"
  ],
  "num_predicted": 1,
  "conflict_resolution": "no_conflict",
  "is_uncertain": true,
  "uncertainty_reason": "normal_prob=0.690 (<0.73) with elevated disease scores: Degenerative Change=0.398, Lesion=0.378, Hyperinflation=0.349",
  "inference_time_s": 0.2572,
  "gt_labels": "Hyperinflation",
  "probabilities": {
    "Airspace Disease": 0.295007,
    "Bronchiectasis": 0.032559,
    "Bronchiolitis": 0.010612,
    "Bullous Disease": 0.045478,
    "Calcified Granuloma": 0.330857,
    "Calcinosis": 0.263418,
    "Cardiac Shadow (abnormal)": 0.15738,
    "Cardiomegaly": 0.283568,
    "Consolidation": 0.181734,
    "Degenerative Change": 0.398109,
    "Edema": 0.224913,
    "Effusion": 0.046891,
    "Emphysema": 0.149471,
    "Fibrosis": 0.23399,
    "Fractures": 0.201834,
    "Hernia": 0.153404,
    "Hyperinflation": 0.349336,
    "Increased Lung Markings": 0.200217,
    "Interstitial Lung Disease": 0.164595,
    "Kyphosis": 0.077347,
    "Lesion": 0.377894,
    "Mass": 0.104912,
    "Nodule": 0.287502,
    "Osteophyte": 0.186621,
    "Pleural Effusion": 0.16234,
    "Pleural Thickening": 0.168504,
    "Pneumothorax": 0.067894,
    "Pulmonary Artery Enlargement": 0.081084,
    "Pulmonary Fibrosis": 0.099792,
    "Rib Fracture": 0.04271,
    "Scoliosis": 0.13058,
    "Subcutaneous Emphysema": 0.021951,
    "Thickening": 0.159024,
    "Volume Loss": 0.285851,
    "normal": 0.690458
  },
  "frontal_probs": {
    "Airspace Disease": 0.38378000259399414,
    "Bronchiectasis": 0.04394475370645523,
    "Bronchiolitis": 0.015851356089115143,
    "Bullous Disease": 0.06737950444221497,
    "Calcified Granuloma": 0.3694968819618225,
    "Calcinosis": 0.30227652192115784,
    "Cardiac Shadow (abnormal)": 0.20523597300052643,
    "Cardiomegaly": 0.3700663149356842,
    "Consolidation": 0.24319526553153992,
    "Degenerative Change": 0.44170111417770386,
    "Edema": 0.3048539459705353,
    "Effusion": 0.056524381041526794,
    "Emphysema": 0.1813533753156662,
    "Fibrosis": 0.277046263217926,
    "Fractures": 0.23578616976737976,
    "Hernia": 0.17925260961055756,
    "Hyperinflation": 0.41137903928756714,
    "Increased Lung Markings": 0.23140455782413483,
    "Interstitial Lung Disease": 0.20486387610435486,
    "Kyphosis": 0.10713215172290802,
    "Lesion": 0.4598279297351837,
    "Mass": 0.12580765783786774,
    "Nodule": 0.35618844628334045,
    "Osteophyte": 0.18841704726219177,
    "Pleural Effusion": 0.22027398645877838,
    "Pleural Thickening": 0.22472773492336273,
    "Pneumothorax": 0.0919630154967308,
    "Pulmonary Artery Enlargement": 0.10394028574228287,
    "Pulmonary Fibrosis": 0.12944963574409485,
    "Rib Fracture": 0.058100584894418716,
    "Scoliosis": 0.14215821027755737,
    "Subcutaneous Emphysema": 0.02974226325750351,
    "Thickening": 0.1951044499874115,
    "Volume Loss": 0.33566606044769287,
    "normal": 0.5932062864303589
  },
  "lateral_probs": {
    "Airspace Disease": 0.13014192879199982,
    "Bronchiectasis": 0.01141341496258974,
    "Bronchiolitis": 0.0008805697434581816,
    "Bullous Disease": 0.004804330412298441,
    "Calcified Granuloma": 0.2590979337692261,
    "Calcinosis": 0.19125263392925262,
    "Cardiac Shadow (abnormal)": 0.06850560009479523,
    "Cardiomegaly": 0.1229274719953537,
    "Consolidation": 0.06759031116962433,
    "Degenerative Change": 0.3171531856060028,
    "Edema": 0.07645253092050552,
    "Effusion": 0.028999267145991325,
    "Emphysema": 0.09026174992322922,
    "Fibrosis": 0.15402746200561523,
    "Fractures": 0.13878123462200165,
    "Hernia": 0.1054004356265068,
    "Hyperinflation": 0.23411187529563904,
    "Increased Lung Markings": 0.1422978639602661,
    "Interstitial Lung Disease": 0.08980929851531982,
    "Kyphosis": 0.02203180082142353,
    "Lesion": 0.2257312685251236,
    "Mass": 0.06610651314258575,
    "Nodule": 0.15994171798229218,
    "Osteophyte": 0.18328674137592316,
    "Pleural Effusion": 0.05474859103560448,
    "Pleural Thickening": 0.06408873945474625,
    "Pneumothorax": 0.023194553330540657,
    "Pulmonary Artery Enlargement": 0.038636863231658936,
    "Pulmonary Fibrosis": 0.044713426381349564,
    "Rib Fracture": 0.014126497320830822,
    "Scoliosis": 0.10907674580812454,
    "Subcutaneous Emphysema": 0.007481359876692295,
    "Thickening": 0.09201619029045105,
    "Volume Loss": 0.1933370977640152,
    "normal": 0.8710694909095764
  }
}