{
  "uid": "3992",
  "frontal_image": "3992_IM-2044-1001.dcm.png",
  "lateral_image": "3992_IM-2044-2001.dcm.png",
  "fusion_mode": "weighted_avg(f=0.65,l=0.35)",
  "predicted_classes": [
    "normal",
    "Lesion"
  ],
  "resolved_classes": [
    "Lesion"
  ],
  "kg_classes": [
    "Lesion"
  ],
  "num_predicted": 1,
  "conflict_resolution": "disease_dominates",
  "is_uncertain": false,
  "uncertainty_reason": "",
  "inference_time_s": 0.237,
  "gt_labels": "Edema",
  "probabilities": {
    "Airspace Disease": 0.331766,
    "Bronchiectasis": 0.100782,
    "Bronchiolitis": 0.066345,
    "Bullous Disease": 0.086541,
    "Calcified Granuloma": 0.442886,
    "Calcinosis": 0.386734,
    "Cardiac Shadow (abnormal)": 0.218395,
    "Cardiomegaly": 0.398124,
    "Consolidation": 0.258631,
    "Degenerative Change": 0.499872,
    "Edema": 0.282724,
    "Effusion": 0.070778,
    "Emphysema": 0.35329,
    "Fibrosis": 0.364787,
    "Fractures": 0.246279,
    "Hernia": 0.307899,
    "Hyperinflation": 0.456985,
    "Increased Lung Markings": 0.306911,
    "Interstitial Lung Disease": 0.265348,
    "Kyphosis": 0.219204,
    "Lesion": 0.51352,
    "Mass": 0.140494,
    "Nodule": 0.304403,
    "Osteophyte": 0.26505,
    "Pleural Effusion": 0.249525,
    "Pleural Thickening": 0.219571,
    "Pneumothorax": 0.109371,
    "Pulmonary Artery Enlargement": 0.1532,
    "Pulmonary Fibrosis": 0.196325,
    "Rib Fracture": 0.090444,
    "Scoliosis": 0.243453,
    "Subcutaneous Emphysema": 0.051388,
    "Thickening": 0.220701,
    "Volume Loss": 0.37493,
    "normal": 0.532676
  },
  "frontal_probs": {
    "Airspace Disease": 0.32471752166748047,
    "Bronchiectasis": 0.13040998578071594,
    "Bronchiolitis": 0.09667964279651642,
    "Bullous Disease": 0.11837434023618698,
    "Calcified Granuloma": 0.4653739929199219,
    "Calcinosis": 0.4007672667503357,
    "Cardiac Shadow (abnormal)": 0.25492069125175476,
    "Cardiomegaly": 0.4313710927963257,
    "Consolidation": 0.26326367259025574,
    "Degenerative Change": 0.5266499519348145,
    "Edema": 0.3457745611667633,
    "Effusion": 0.06873081624507904,
    "Emphysema": 0.3969421982765198,
    "Fibrosis": 0.3714023530483246,
    "Fractures": 0.26656338572502136,
    "Hernia": 0.33853280544281006,
    "Hyperinflation": 0.48318469524383545,
    "Increased Lung Markings": 0.3215474486351013,
    "Interstitial Lung Disease": 0.27834552526474,
    "Kyphosis": 0.2552858591079712,
    "Lesion": 0.5581139326095581,
    "Mass": 0.14015747606754303,
    "Nodule": 0.3504910171031952,
    "Osteophyte": 0.24968662858009338,
    "Pleural Effusion": 0.2701297998428345,
    "Pleural Thickening": 0.23784905672073364,
    "Pneumothorax": 0.08612550050020218,
    "Pulmonary Artery Enlargement": 0.17720343172550201,
    "Pulmonary Fibrosis": 0.23243263363838196,
    "Rib Fracture": 0.11771642416715622,
    "Scoliosis": 0.24999156594276428,
    "Subcutaneous Emphysema": 0.052889905869960785,
    "Thickening": 0.2680736184120178,
    "Volume Loss": 0.4058821499347687,
    "normal": 0.46823713183403015
  },
  "lateral_probs": {
    "Airspace Disease": 0.34485509991645813,
    "Bronchiectasis": 0.04575946927070618,
    "Bronchiolitis": 0.010008192621171474,
    "Bullous Disease": 0.027421507984399796,
    "Calcified Granuloma": 0.4011237621307373,
    "Calcinosis": 0.3606736361980438,
    "Cardiac Shadow (abnormal)": 0.15056078135967255,
    "Cardiomegaly": 0.3363795578479767,
    "Consolidation": 0.25002676248550415,
    "Degenerative Change": 0.45014166831970215,
    "Edema": 0.1656312644481659,
    "Effusion": 0.0745805874466896,
    "Emphysema": 0.27222052216529846,
    "Fibrosis": 0.352500855922699,
    "Fractures": 0.2086082547903061,
    "Hernia": 0.25100770592689514,
    "Hyperinflation": 0.4083271622657776,
    "Increased Lung Markings": 0.27972880005836487,
    "Interstitial Lung Disease": 0.24120832979679108,
    "Kyphosis": 0.15219536423683167,
    "Lesion": 0.4307037591934204,
    "Mass": 0.14111995697021484,
    "Nodule": 0.218811497092247,
    "Osteophyte": 0.2935817539691925,
    "Pleural Effusion": 0.2112579494714737,
    "Pleural Thickening": 0.1856246292591095,
    "Pneumothorax": 0.15254218876361847,
    "Pulmonary Artery Enlargement": 0.10862192511558533,
    "Pulmonary Fibrosis": 0.12926903367042542,
    "Rib Fracture": 0.039794113487005234,
    "Scoliosis": 0.23130890727043152,
    "Subcutaneous Emphysema": 0.04859735071659088,
    "Thickening": 0.1327236443758011,
    "Volume Loss": 0.3174460232257843,
    "normal": 0.6523479223251343
  }
}