{
  "uid": "3537",
  "frontal_image": "3537_IM-1730-1001.dcm.png",
  "lateral_image": "3537_IM-1730-2001.dcm.png",
  "fusion_mode": "weighted_avg(f=0.65,l=0.35)",
  "predicted_classes": [
    "normal"
  ],
  "resolved_classes": [
    "normal"
  ],
  "kg_classes": [
    "Normal"
  ],
  "num_predicted": 1,
  "conflict_resolution": "no_conflict",
  "is_uncertain": false,
  "uncertainty_reason": "",
  "inference_time_s": 0.267,
  "gt_labels": "normal",
  "probabilities": {
    "Airspace Disease": 0.130438,
    "Bronchiectasis": 0.004758,
    "Bronchiolitis": 0.001517,
    "Bullous Disease": 0.02011,
    "Calcified Granuloma": 0.282855,
    "Calcinosis": 0.192504,
    "Cardiac Shadow (abnormal)": 0.033593,
    "Cardiomegaly": 0.072321,
    "Consolidation": 0.047702,
    "Degenerative Change": 0.283093,
    "Edema": 0.060091,
    "Effusion": 0.011383,
    "Emphysema": 0.148723,
    "Fibrosis": 0.159046,
    "Fractures": 0.114277,
    "Hernia": 0.063783,
    "Hyperinflation": 0.224843,
    "Increased Lung Markings": 0.100538,
    "Interstitial Lung Disease": 0.088143,
    "Kyphosis": 0.0424,
    "Lesion": 0.236448,
    "Mass": 0.016287,
    "Nodule": 0.138746,
    "Osteophyte": 0.140798,
    "Pleural Effusion": 0.067601,
    "Pleural Thickening": 0.12487,
    "Pneumothorax": 0.051979,
    "Pulmonary Artery Enlargement": 0.022489,
    "Pulmonary Fibrosis": 0.017927,
    "Rib Fracture": 0.008354,
    "Scoliosis": 0.087798,
    "Subcutaneous Emphysema": 0.003852,
    "Thickening": 0.069503,
    "Volume Loss": 0.169247,
    "normal": 0.817439
  },
  "frontal_probs": {
    "Airspace Disease": 0.15137609839439392,
    "Bronchiectasis": 0.004762770142406225,
    "Bronchiolitis": 0.0021887284237891436,
    "Bullous Disease": 0.02919016219675541,
    "Calcified Granuloma": 0.28761258721351624,
    "Calcinosis": 0.1883912980556488,
    "Cardiac Shadow (abnormal)": 0.031219318509101868,
    "Cardiomegaly": 0.06492261588573456,
    "Consolidation": 0.05087950825691223,
    "Degenerative Change": 0.25105950236320496,
    "Edema": 0.05965057760477066,
    "Effusion": 0.008230638690292835,
    "Emphysema": 0.14934316277503967,
    "Fibrosis": 0.17364853620529175,
    "Fractures": 0.10126085579395294,
    "Hernia": 0.0709972083568573,
    "Hyperinflation": 0.2288522869348526,
    "Increased Lung Markings": 0.10878165811300278,
    "Interstitial Lung Disease": 0.0675187036395073,
    "Kyphosis": 0.05828898772597313,
    "Lesion": 0.2378331422805786,
    "Mass": 0.009186681360006332,
    "Nodule": 0.1417740285396576,
    "Osteophyte": 0.13887397944927216,
    "Pleural Effusion": 0.08217199891805649,
    "Pleural Thickening": 0.15507946908473969,
    "Pneumothorax": 0.05443688482046127,
    "Pulmonary Artery Enlargement": 0.010602949187159538,
    "Pulmonary Fibrosis": 0.018517063930630684,
    "Rib Fracture": 0.009831679984927177,
    "Scoliosis": 0.08735223114490509,
    "Subcutaneous Emphysema": 0.003135925391688943,
    "Thickening": 0.07967384904623032,
    "Volume Loss": 0.16113100945949554,
    "normal": 0.7850832343101501
  },
  "lateral_probs": {
    "Airspace Disease": 0.09155284613370895,
    "Bronchiectasis": 0.004750170279294252,
    "Bronchiolitis": 0.0002704755461309105,
    "Bullous Disease": 0.003247270593419671,
    "Calcified Granuloma": 0.27402085065841675,
    "Calcinosis": 0.20014047622680664,
    "Cardiac Shadow (abnormal)": 0.03800005838274956,
    "Cardiomegaly": 0.0860622450709343,
    "Consolidation": 0.041800983250141144,
    "Degenerative Change": 0.34258362650871277,
    "Edema": 0.0609084777534008,
    "Effusion": 0.017237694934010506,
    "Emphysema": 0.14757266640663147,
    "Fibrosis": 0.13192571699619293,
    "Fractures": 0.13845112919807434,
    "Hernia": 0.05038556456565857,
    "Hyperinflation": 0.21739695966243744,
    "Increased Lung Markings": 0.08522824198007584,
    "Interstitial Lung Disease": 0.12644445896148682,
    "Kyphosis": 0.01289306953549385,
    "Lesion": 0.23387619853019714,
    "Mass": 0.0294719897210598,
    "Nodule": 0.1331232339143753,
    "Osteophyte": 0.1443716287612915,
    "Pleural Effusion": 0.04053996130824089,
    "Pleural Thickening": 0.0687662810087204,
    "Pneumothorax": 0.04741314426064491,
    "Pulmonary Artery Enlargement": 0.04456326365470886,
    "Pulmonary Fibrosis": 0.016831746324896812,
    "Rib Fracture": 0.005610666703432798,
    "Scoliosis": 0.08862444758415222,
    "Subcutaneous Emphysema": 0.005183077417314053,
    "Thickening": 0.05061419680714607,
    "Volume Loss": 0.1843196451663971,
    "normal": 0.8775292038917542
  }
}