{
  "uid": "3580",
  "frontal_image": "3580_IM-1760-1001.dcm.png",
  "lateral_image": "3580_IM-1760-2001.dcm.png",
  "fusion_mode": "weighted_avg(f=0.65,l=0.35)",
  "predicted_classes": [
    "normal"
  ],
  "resolved_classes": [
    "normal"
  ],
  "kg_classes": [
    "Normal"
  ],
  "num_predicted": 1,
  "conflict_resolution": "no_conflict",
  "is_uncertain": false,
  "uncertainty_reason": "",
  "inference_time_s": 0.2364,
  "gt_labels": "normal",
  "probabilities": {
    "Airspace Disease": 0.077728,
    "Bronchiectasis": 0.006362,
    "Bronchiolitis": 0.000532,
    "Bullous Disease": 0.002897,
    "Calcified Granuloma": 0.131323,
    "Calcinosis": 0.109188,
    "Cardiac Shadow (abnormal)": 0.047507,
    "Cardiomegaly": 0.109434,
    "Consolidation": 0.040987,
    "Degenerative Change": 0.120571,
    "Edema": 0.061152,
    "Effusion": 0.008484,
    "Emphysema": 0.044398,
    "Fibrosis": 0.078634,
    "Fractures": 0.070236,
    "Hernia": 0.024907,
    "Hyperinflation": 0.152213,
    "Increased Lung Markings": 0.129743,
    "Interstitial Lung Disease": 0.031359,
    "Kyphosis": 0.014114,
    "Lesion": 0.140325,
    "Mass": 0.013297,
    "Nodule": 0.104068,
    "Osteophyte": 0.042181,
    "Pleural Effusion": 0.044296,
    "Pleural Thickening": 0.050875,
    "Pneumothorax": 0.020245,
    "Pulmonary Artery Enlargement": 0.013139,
    "Pulmonary Fibrosis": 0.010214,
    "Rib Fracture": 0.00294,
    "Scoliosis": 0.103492,
    "Subcutaneous Emphysema": 0.004404,
    "Thickening": 0.079393,
    "Volume Loss": 0.101313,
    "normal": 0.901928
  },
  "frontal_probs": {
    "Airspace Disease": 0.01613224297761917,
    "Bronchiectasis": 6.924811168573797e-05,
    "Bronchiolitis": 5.836861419084016e-06,
    "Bullous Disease": 0.00013763757306151092,
    "Calcified Granuloma": 0.030422547832131386,
    "Calcinosis": 0.01573651097714901,
    "Cardiac Shadow (abnormal)": 0.00104984559584409,
    "Cardiomegaly": 0.006695343181490898,
    "Consolidation": 0.010388500057160854,
    "Degenerative Change": 0.011999829672276974,
    "Edema": 0.004320372361689806,
    "Effusion": 0.0005343601806089282,
    "Emphysema": 0.0055301981046795845,
    "Fibrosis": 0.015606265515089035,
    "Fractures": 0.015235459432005882,
    "Hernia": 0.003707411466166377,
    "Hyperinflation": 0.028857098892331123,
    "Increased Lung Markings": 0.04340583458542824,
    "Interstitial Lung Disease": 0.0010457290336489677,
    "Kyphosis": 0.0008022758411243558,
    "Lesion": 0.029067259281873703,
    "Mass": 0.0007343229954130948,
    "Nodule": 0.033879853785037994,
    "Osteophyte": 0.010622631758451462,
    "Pleural Effusion": 0.002714764792472124,
    "Pleural Thickening": 0.008175184018909931,
    "Pneumothorax": 0.016375144943594933,
    "Pulmonary Artery Enlargement": 0.0006811548373661935,
    "Pulmonary Fibrosis": 9.539881284581497e-05,
    "Rib Fracture": 5.084069198346697e-05,
    "Scoliosis": 0.0693124458193779,
    "Subcutaneous Emphysema": 0.00011819771316368133,
    "Thickening": 0.006379552185535431,
    "Volume Loss": 0.02122372016310692,
    "normal": 0.9912644624710083
  },
  "lateral_probs": {
    "Airspace Disease": 0.1921198070049286,
    "Bronchiectasis": 0.01804947666823864,
    "Bronchiolitis": 0.0015100640011951327,
    "Bullous Disease": 0.008022051304578781,
    "Calcified Granuloma": 0.31870996952056885,
    "Calcinosis": 0.28274208307266235,
    "Cardiac Shadow (abnormal)": 0.1337837427854538,
    "Cardiomegaly": 0.300235390663147,
    "Consolidation": 0.09781317412853241,
    "Degenerative Change": 0.32220277190208435,
    "Edema": 0.16669629514217377,
    "Effusion": 0.02324656955897808,
    "Emphysema": 0.11658019572496414,
    "Fibrosis": 0.19568458199501038,
    "Fractures": 0.1723790168762207,
    "Hernia": 0.06427662074565887,
    "Hyperinflation": 0.38130155205726624,
    "Increased Lung Markings": 0.290082186460495,
    "Interstitial Lung Disease": 0.0876556932926178,
    "Kyphosis": 0.03883660212159157,
    "Lesion": 0.34694620966911316,
    "Mass": 0.03662741184234619,
    "Nodule": 0.2344171404838562,
    "Osteophyte": 0.10078884661197662,
    "Pleural Effusion": 0.12151744961738586,
    "Pleural Thickening": 0.13017456233501434,
    "Pneumothorax": 0.027431773021817207,
    "Pulmonary Artery Enlargement": 0.03627394139766693,
    "Pulmonary Fibrosis": 0.029004845768213272,
    "Rib Fracture": 0.008306370116770267,
    "Scoliosis": 0.16696934401988983,
    "Subcutaneous Emphysema": 0.012363377027213573,
    "Thickening": 0.21498927474021912,
    "Volume Loss": 0.25004884600639343,
    "normal": 0.7360177636146545
  }
}