{
  "uid": "3294",
  "frontal_image": "3294_IM-1573-1001.dcm.png",
  "lateral_image": "3294_IM-1573-2001.dcm.png",
  "fusion_mode": "weighted_avg(f=0.65,l=0.35)",
  "predicted_classes": [
    "normal"
  ],
  "resolved_classes": [
    "normal"
  ],
  "kg_classes": [
    "Normal"
  ],
  "num_predicted": 1,
  "conflict_resolution": "no_conflict",
  "is_uncertain": true,
  "uncertainty_reason": "normal_prob=0.592 (<0.73) with elevated disease scores: Degenerative Change=0.494, Lesion=0.406, Hyperinflation=0.394",
  "inference_time_s": 0.2788,
  "gt_labels": "Calcified Granuloma",
  "probabilities": {
    "Airspace Disease": 0.240952,
    "Bronchiectasis": 0.026126,
    "Bronchiolitis": 0.01689,
    "Bullous Disease": 0.055631,
    "Calcified Granuloma": 0.383766,
    "Calcinosis": 0.375777,
    "Cardiac Shadow (abnormal)": 0.137335,
    "Cardiomegaly": 0.274864,
    "Consolidation": 0.16349,
    "Degenerative Change": 0.493902,
    "Edema": 0.170211,
    "Effusion": 0.043314,
    "Emphysema": 0.28192,
    "Fibrosis": 0.315179,
    "Fractures": 0.234092,
    "Hernia": 0.213701,
    "Hyperinflation": 0.394437,
    "Increased Lung Markings": 0.200184,
    "Interstitial Lung Disease": 0.253303,
    "Kyphosis": 0.211754,
    "Lesion": 0.406239,
    "Mass": 0.064495,
    "Nodule": 0.213835,
    "Osteophyte": 0.205306,
    "Pleural Effusion": 0.199243,
    "Pleural Thickening": 0.195258,
    "Pneumothorax": 0.092786,
    "Pulmonary Artery Enlargement": 0.09652,
    "Pulmonary Fibrosis": 0.092828,
    "Rib Fracture": 0.036056,
    "Scoliosis": 0.253871,
    "Subcutaneous Emphysema": 0.031067,
    "Thickening": 0.217281,
    "Volume Loss": 0.303586,
    "normal": 0.591825
  },
  "frontal_probs": {
    "Airspace Disease": 0.22600392997264862,
    "Bronchiectasis": 0.02049192413687706,
    "Bronchiolitis": 0.023872612044215202,
    "Bullous Disease": 0.07079467922449112,
    "Calcified Granuloma": 0.4061327278614044,
    "Calcinosis": 0.40522170066833496,
    "Cardiac Shadow (abnormal)": 0.14793278276920319,
    "Cardiomegaly": 0.26177120208740234,
    "Consolidation": 0.13012908399105072,
    "Degenerative Change": 0.5126635432243347,
    "Edema": 0.16667430102825165,
    "Effusion": 0.042632777243852615,
    "Emphysema": 0.30386796593666077,
    "Fibrosis": 0.35692912340164185,
    "Fractures": 0.25671306252479553,
    "Hernia": 0.24009455740451813,
    "Hyperinflation": 0.4231070280075073,
    "Increased Lung Markings": 0.18473821878433228,
    "Interstitial Lung Disease": 0.23021496832370758,
    "Kyphosis": 0.25807222723960876,
    "Lesion": 0.4114797115325928,
    "Mass": 0.05801406502723694,
    "Nodule": 0.22910720109939575,
    "Osteophyte": 0.21678929030895233,
    "Pleural Effusion": 0.17209748923778534,
    "Pleural Thickening": 0.21060676872730255,
    "Pneumothorax": 0.08957572281360626,
    "Pulmonary Artery Enlargement": 0.11990316957235336,
    "Pulmonary Fibrosis": 0.085001640021801,
    "Rib Fracture": 0.04292738065123558,
    "Scoliosis": 0.2798812687397003,
    "Subcutaneous Emphysema": 0.03472570329904556,
    "Thickening": 0.22118046879768372,
    "Volume Loss": 0.31041455268859863,
    "normal": 0.5546028017997742
  },
  "lateral_probs": {
    "Airspace Disease": 0.26871246099472046,
    "Bronchiectasis": 0.036588381975889206,
    "Bronchiolitis": 0.003921310883015394,
    "Bullous Disease": 0.027470804750919342,
    "Calcified Granuloma": 0.34222689270973206,
    "Calcinosis": 0.32109522819519043,
    "Cardiac Shadow (abnormal)": 0.11765366047620773,
    "Cardiomegaly": 0.2991790473461151,
    "Consolidation": 0.2254466861486435,
    "Degenerative Change": 0.4590582251548767,
    "Edema": 0.1767801195383072,
    "Effusion": 0.04457872733473778,
    "Emphysema": 0.2411591112613678,
    "Fibrosis": 0.23764322698116302,
    "Fractures": 0.1920803189277649,
    "Hernia": 0.16468380391597748,
    "Hyperinflation": 0.34119296073913574,
    "Increased Lung Markings": 0.22886821627616882,
    "Interstitial Lung Disease": 0.29618117213249207,
    "Kyphosis": 0.12573522329330444,
    "Lesion": 0.39650702476501465,
    "Mass": 0.07652992755174637,
    "Nodule": 0.18547174334526062,
    "Osteophyte": 0.18398025631904602,
    "Pleural Effusion": 0.249656081199646,
    "Pleural Thickening": 0.16675224900245667,
    "Pneumothorax": 0.09874880313873291,
    "Pulmonary Artery Enlargement": 0.05309362709522247,
    "Pulmonary Fibrosis": 0.10736197978258133,
    "Rib Fracture": 0.023294197395443916,
    "Scoliosis": 0.20556621253490448,
    "Subcutaneous Emphysema": 0.024272821843624115,
    "Thickening": 0.2100384533405304,
    "Volume Loss": 0.2909049689769745,
    "normal": 0.6609525680541992
  }
}