{
  "uid": "3762",
  "frontal_image": "3762_IM-1883-1001.dcm.png",
  "lateral_image": "3762_IM-1883-2001.dcm.png",
  "fusion_mode": "weighted_avg(f=0.65,l=0.35)",
  "predicted_classes": [
    "normal"
  ],
  "resolved_classes": [
    "normal"
  ],
  "kg_classes": [
    "Normal"
  ],
  "num_predicted": 1,
  "conflict_resolution": "no_conflict",
  "is_uncertain": true,
  "uncertainty_reason": "normal_prob=0.664 (<0.73) with elevated disease scores: Degenerative Change=0.422, Lesion=0.407, Cardiomegaly=0.373",
  "inference_time_s": 0.2504,
  "gt_labels": "Calcinosis",
  "probabilities": {
    "Airspace Disease": 0.155157,
    "Bronchiectasis": 0.021102,
    "Bronchiolitis": 0.008511,
    "Bullous Disease": 0.025457,
    "Calcified Granuloma": 0.366249,
    "Calcinosis": 0.342515,
    "Cardiac Shadow (abnormal)": 0.155222,
    "Cardiomegaly": 0.372716,
    "Consolidation": 0.083747,
    "Degenerative Change": 0.421683,
    "Edema": 0.148321,
    "Effusion": 0.0471,
    "Emphysema": 0.165064,
    "Fibrosis": 0.223466,
    "Fractures": 0.231363,
    "Hernia": 0.237201,
    "Hyperinflation": 0.319523,
    "Increased Lung Markings": 0.215613,
    "Interstitial Lung Disease": 0.140383,
    "Kyphosis": 0.216834,
    "Lesion": 0.406923,
    "Mass": 0.095717,
    "Nodule": 0.267589,
    "Osteophyte": 0.226354,
    "Pleural Effusion": 0.104775,
    "Pleural Thickening": 0.104624,
    "Pneumothorax": 0.051756,
    "Pulmonary Artery Enlargement": 0.115766,
    "Pulmonary Fibrosis": 0.053412,
    "Rib Fracture": 0.03627,
    "Scoliosis": 0.13797,
    "Subcutaneous Emphysema": 0.017527,
    "Thickening": 0.139237,
    "Volume Loss": 0.260824,
    "normal": 0.663876
  },
  "frontal_probs": {
    "Airspace Disease": 0.16418759524822235,
    "Bronchiectasis": 0.02255811169743538,
    "Bronchiolitis": 0.01227776799350977,
    "Bullous Disease": 0.03491140902042389,
    "Calcified Granuloma": 0.3761325776576996,
    "Calcinosis": 0.35144904255867004,
    "Cardiac Shadow (abnormal)": 0.1941676288843155,
    "Cardiomegaly": 0.48870763182640076,
    "Consolidation": 0.08474143594503403,
    "Degenerative Change": 0.42267003655433655,
    "Edema": 0.18363608419895172,
    "Effusion": 0.058589909225702286,
    "Emphysema": 0.1337965726852417,
    "Fibrosis": 0.22903789579868317,
    "Fractures": 0.26853522658348083,
    "Hernia": 0.30428546667099,
    "Hyperinflation": 0.3195500671863556,
    "Increased Lung Markings": 0.2393476665019989,
    "Interstitial Lung Disease": 0.12055527418851852,
    "Kyphosis": 0.30796751379966736,
    "Lesion": 0.44718196988105774,
    "Mass": 0.09798386693000793,
    "Nodule": 0.30363065004348755,
    "Osteophyte": 0.2322334349155426,
    "Pleural Effusion": 0.10340442508459091,
    "Pleural Thickening": 0.10544010251760483,
    "Pneumothorax": 0.046701278537511826,
    "Pulmonary Artery Enlargement": 0.15040406584739685,
    "Pulmonary Fibrosis": 0.04997779056429863,
    "Rib Fracture": 0.04799420386552811,
    "Scoliosis": 0.13371674716472626,
    "Subcutaneous Emphysema": 0.019393635913729668,
    "Thickening": 0.1469365954399109,
    "Volume Loss": 0.27079007029533386,
    "normal": 0.6223724484443665
  },
  "lateral_probs": {
    "Airspace Disease": 0.1383858025074005,
    "Bronchiectasis": 0.018397856503725052,
    "Bronchiolitis": 0.001515894546173513,
    "Bullous Disease": 0.007897892966866493,
    "Calcified Granuloma": 0.3478950560092926,
    "Calcinosis": 0.32592225074768066,
    "Cardiac Shadow (abnormal)": 0.08289302885532379,
    "Cardiomegaly": 0.15730348229408264,
    "Consolidation": 0.08190052956342697,
    "Degenerative Change": 0.41984865069389343,
    "Edema": 0.08273663371801376,
    "Effusion": 0.025760570541024208,
    "Emphysema": 0.22313109040260315,
    "Fibrosis": 0.21311762928962708,
    "Fractures": 0.16232982277870178,
    "Hernia": 0.11261649429798126,
    "Hyperinflation": 0.31947359442710876,
    "Increased Lung Markings": 0.17153531312942505,
    "Interstitial Lung Disease": 0.17720690369606018,
    "Kyphosis": 0.04758475720882416,
    "Lesion": 0.3321564793586731,
    "Mass": 0.09150747209787369,
    "Nodule": 0.20065449178218842,
    "Osteophyte": 0.2154356688261032,
    "Pleural Effusion": 0.10732060670852661,
    "Pleural Thickening": 0.10310884565114975,
    "Pneumothorax": 0.06114225462079048,
    "Pulmonary Artery Enlargement": 0.0514393076300621,
    "Pulmonary Fibrosis": 0.05979015305638313,
    "Rib Fracture": 0.014496996998786926,
    "Scoliosis": 0.14586922526359558,
    "Subcutaneous Emphysema": 0.014060473069548607,
    "Thickening": 0.12493845820426941,
    "Volume Loss": 0.2423160970211029,
    "normal": 0.7409537434577942
  }
}