{
  "uid": "3531",
  "frontal_image": "3531_IM-1726-1001.dcm.png",
  "lateral_image": "3531_IM-1726-1002.dcm.png",
  "fusion_mode": "weighted_avg(f=0.65,l=0.35)",
  "predicted_classes": [
    "normal"
  ],
  "resolved_classes": [
    "normal"
  ],
  "kg_classes": [
    "Normal"
  ],
  "num_predicted": 1,
  "conflict_resolution": "no_conflict",
  "is_uncertain": true,
  "uncertainty_reason": "normal_prob=0.570 (<0.73) with elevated disease scores: Lesion=0.474, Hyperinflation=0.428, Volume Loss=0.411",
  "inference_time_s": 0.2605,
  "gt_labels": "normal",
  "probabilities": {
    "Airspace Disease": 0.317243,
    "Bronchiectasis": 0.075756,
    "Bronchiolitis": 0.023696,
    "Bullous Disease": 0.040976,
    "Calcified Granuloma": 0.357185,
    "Calcinosis": 0.285163,
    "Cardiac Shadow (abnormal)": 0.196839,
    "Cardiomegaly": 0.408823,
    "Consolidation": 0.233717,
    "Degenerative Change": 0.395316,
    "Edema": 0.281894,
    "Effusion": 0.073264,
    "Emphysema": 0.176866,
    "Fibrosis": 0.289296,
    "Fractures": 0.211741,
    "Hernia": 0.302651,
    "Hyperinflation": 0.427597,
    "Increased Lung Markings": 0.341532,
    "Interstitial Lung Disease": 0.144462,
    "Kyphosis": 0.110308,
    "Lesion": 0.47372,
    "Mass": 0.107577,
    "Nodule": 0.198079,
    "Osteophyte": 0.216502,
    "Pleural Effusion": 0.272603,
    "Pleural Thickening": 0.242143,
    "Pneumothorax": 0.080343,
    "Pulmonary Artery Enlargement": 0.145424,
    "Pulmonary Fibrosis": 0.134763,
    "Rib Fracture": 0.044293,
    "Scoliosis": 0.215269,
    "Subcutaneous Emphysema": 0.035503,
    "Thickening": 0.171896,
    "Volume Loss": 0.410776,
    "normal": 0.569636
  },
  "frontal_probs": {
    "Airspace Disease": 0.3640783131122589,
    "Bronchiectasis": 0.0478723980486393,
    "Bronchiolitis": 0.03221156820654869,
    "Bullous Disease": 0.047052159905433655,
    "Calcified Granuloma": 0.366600900888443,
    "Calcinosis": 0.31088200211524963,
    "Cardiac Shadow (abnormal)": 0.21572411060333252,
    "Cardiomegaly": 0.4284611642360687,
    "Consolidation": 0.19582071900367737,
    "Degenerative Change": 0.38785654306411743,
    "Edema": 0.29261544346809387,
    "Effusion": 0.06927210092544556,
    "Emphysema": 0.14804567396640778,
    "Fibrosis": 0.2723506689071655,
    "Fractures": 0.23971232771873474,
    "Hernia": 0.3343909680843353,
    "Hyperinflation": 0.44717681407928467,
    "Increased Lung Markings": 0.40978333353996277,
    "Interstitial Lung Disease": 0.11367517709732056,
    "Kyphosis": 0.11931217461824417,
    "Lesion": 0.5158541202545166,
    "Mass": 0.09405076503753662,
    "Nodule": 0.2007478028535843,
    "Osteophyte": 0.2150687724351883,
    "Pleural Effusion": 0.2897988259792328,
    "Pleural Thickening": 0.26454177498817444,
    "Pneumothorax": 0.08917772769927979,
    "Pulmonary Artery Enlargement": 0.15935929119586945,
    "Pulmonary Fibrosis": 0.12457504123449326,
    "Rib Fracture": 0.03974969685077667,
    "Scoliosis": 0.21673700213432312,
    "Subcutaneous Emphysema": 0.042591653764247894,
    "Thickening": 0.16876988112926483,
    "Volume Loss": 0.476887971162796,
    "normal": 0.511999249458313
  },
  "lateral_probs": {
    "Airspace Disease": 0.23026394844055176,
    "Bronchiectasis": 0.12754081189632416,
    "Bronchiolitis": 0.007881575264036655,
    "Bullous Disease": 0.02969125472009182,
    "Calcified Granuloma": 0.33969950675964355,
    "Calcinosis": 0.23739974200725555,
    "Cardiac Shadow (abnormal)": 0.1617671251296997,
    "Cardiomegaly": 0.3723519444465637,
    "Consolidation": 0.3040948808193207,
    "Degenerative Change": 0.409168541431427,
    "Edema": 0.26198405027389526,
    "Effusion": 0.08067727088928223,
    "Emphysema": 0.23038911819458008,
    "Fibrosis": 0.3207668364048004,
    "Fractures": 0.15979337692260742,
    "Hernia": 0.2437065839767456,
    "Hyperinflation": 0.3912343382835388,
    "Increased Lung Markings": 0.21477878093719482,
    "Interstitial Lung Disease": 0.20163825154304504,
    "Kyphosis": 0.09358670562505722,
    "Lesion": 0.3954711854457855,
    "Mass": 0.13269773125648499,
    "Nodule": 0.1931222677230835,
    "Osteophyte": 0.21916455030441284,
    "Pleural Effusion": 0.24066674709320068,
    "Pleural Thickening": 0.20054388046264648,
    "Pneumothorax": 0.06393523514270782,
    "Pulmonary Artery Enlargement": 0.11954324692487717,
    "Pulmonary Fibrosis": 0.15368439257144928,
    "Rib Fracture": 0.05273042991757393,
    "Scoliosis": 0.21254366636276245,
    "Subcutaneous Emphysema": 0.022337019443511963,
    "Thickening": 0.17770135402679443,
    "Volume Loss": 0.28799566626548767,
    "normal": 0.67667555809021
  }
}