{
  "uid": "3611",
  "frontal_image": "3611_IM-1784-0001-0001.dcm.png",
  "lateral_image": "",
  "fusion_mode": "frontal_only",
  "predicted_classes": [
    "Cardiomegaly",
    "normal"
  ],
  "resolved_classes": [
    "Cardiomegaly"
  ],
  "kg_classes": [
    "Cardiomegaly"
  ],
  "num_predicted": 1,
  "conflict_resolution": "disease_dominates",
  "is_uncertain": false,
  "uncertainty_reason": "",
  "inference_time_s": 0.1398,
  "gt_labels": "Airspace Disease;Calcinosis;Consolidation;Degenerative Change;Scoliosis",
  "probabilities": {
    "Airspace Disease": 0.39145103096961975,
    "Bronchiectasis": 0.14128835499286652,
    "Bronchiolitis": 0.09401464462280273,
    "Bullous Disease": 0.13081777095794678,
    "Calcified Granuloma": 0.3589406907558441,
    "Calcinosis": 0.4203517735004425,
    "Cardiac Shadow (abnormal)": 0.32195964455604553,
    "Cardiomegaly": 0.5706321597099304,
    "Consolidation": 0.3634631633758545,
    "Degenerative Change": 0.4999779462814331,
    "Edema": 0.40604209899902344,
    "Effusion": 0.22590796649456024,
    "Emphysema": 0.34306541085243225,
    "Fibrosis": 0.36276355385780334,
    "Fractures": 0.23966558277606964,
    "Hernia": 0.3228661119937897,
    "Hyperinflation": 0.4846193492412567,
    "Increased Lung Markings": 0.39695489406585693,
    "Interstitial Lung Disease": 0.2799023985862732,
    "Kyphosis": 0.26899558305740356,
    "Lesion": 0.4804665744304657,
    "Mass": 0.1695241928100586,
    "Nodule": 0.36912858486175537,
    "Osteophyte": 0.2229982167482376,
    "Pleural Effusion": 0.4362948536872864,
    "Pleural Thickening": 0.3285207152366638,
    "Pneumothorax": 0.18470098078250885,
    "Pulmonary Artery Enlargement": 0.17841288447380066,
    "Pulmonary Fibrosis": 0.2476375699043274,
    "Rib Fracture": 0.0984896644949913,
    "Scoliosis": 0.4041162431240082,
    "Subcutaneous Emphysema": 0.10916056483983994,
    "Thickening": 0.4011650085449219,
    "Volume Loss": 0.4171205163002014,
    "normal": 0.5071209073066711
  },
  "frontal_probs": {
    "Airspace Disease": 0.39145103096961975,
    "Bronchiectasis": 0.14128835499286652,
    "Bronchiolitis": 0.09401464462280273,
    "Bullous Disease": 0.13081777095794678,
    "Calcified Granuloma": 0.3589406907558441,
    "Calcinosis": 0.4203517735004425,
    "Cardiac Shadow (abnormal)": 0.32195964455604553,
    "Cardiomegaly": 0.5706321597099304,
    "Consolidation": 0.3634631633758545,
    "Degenerative Change": 0.4999779462814331,
    "Edema": 0.40604209899902344,
    "Effusion": 0.22590796649456024,
    "Emphysema": 0.34306541085243225,
    "Fibrosis": 0.36276355385780334,
    "Fractures": 0.23966558277606964,
    "Hernia": 0.3228661119937897,
    "Hyperinflation": 0.4846193492412567,
    "Increased Lung Markings": 0.39695489406585693,
    "Interstitial Lung Disease": 0.2799023985862732,
    "Kyphosis": 0.26899558305740356,
    "Lesion": 0.4804665744304657,
    "Mass": 0.1695241928100586,
    "Nodule": 0.36912858486175537,
    "Osteophyte": 0.2229982167482376,
    "Pleural Effusion": 0.4362948536872864,
    "Pleural Thickening": 0.3285207152366638,
    "Pneumothorax": 0.18470098078250885,
    "Pulmonary Artery Enlargement": 0.17841288447380066,
    "Pulmonary Fibrosis": 0.2476375699043274,
    "Rib Fracture": 0.0984896644949913,
    "Scoliosis": 0.4041162431240082,
    "Subcutaneous Emphysema": 0.10916056483983994,
    "Thickening": 0.4011650085449219,
    "Volume Loss": 0.4171205163002014,
    "normal": 0.5071209073066711
  },
  "lateral_probs": {
    "Airspace Disease": 0.0,
    "Bronchiectasis": 0.0,
    "Bronchiolitis": 0.0,
    "Bullous Disease": 0.0,
    "Calcified Granuloma": 0.0,
    "Calcinosis": 0.0,
    "Cardiac Shadow (abnormal)": 0.0,
    "Cardiomegaly": 0.0,
    "Consolidation": 0.0,
    "Degenerative Change": 0.0,
    "Edema": 0.0,
    "Effusion": 0.0,
    "Emphysema": 0.0,
    "Fibrosis": 0.0,
    "Fractures": 0.0,
    "Hernia": 0.0,
    "Hyperinflation": 0.0,
    "Increased Lung Markings": 0.0,
    "Interstitial Lung Disease": 0.0,
    "Kyphosis": 0.0,
    "Lesion": 0.0,
    "Mass": 0.0,
    "Nodule": 0.0,
    "Osteophyte": 0.0,
    "Pleural Effusion": 0.0,
    "Pleural Thickening": 0.0,
    "Pneumothorax": 0.0,
    "Pulmonary Artery Enlargement": 0.0,
    "Pulmonary Fibrosis": 0.0,
    "Rib Fracture": 0.0,
    "Scoliosis": 0.0,
    "Subcutaneous Emphysema": 0.0,
    "Thickening": 0.0,
    "Volume Loss": 0.0,
    "normal": 0.0
  }
}