{
  "uid": "3737",
  "frontal_image": "3737_IM-1867-2001.dcm.png",
  "lateral_image": "3737_IM-1867-1001.dcm.png",
  "fusion_mode": "weighted_avg(f=0.65,l=0.35)",
  "predicted_classes": [
    "normal"
  ],
  "resolved_classes": [
    "normal"
  ],
  "kg_classes": [
    "Normal"
  ],
  "num_predicted": 1,
  "conflict_resolution": "no_conflict",
  "is_uncertain": true,
  "uncertainty_reason": "normal_prob=0.547 (<0.73) with elevated disease scores: Lesion=0.482, Degenerative Change=0.470, Hyperinflation=0.470",
  "inference_time_s": 0.2665,
  "gt_labels": "normal",
  "probabilities": {
    "Airspace Disease": 0.318634,
    "Bronchiectasis": 0.022165,
    "Bronchiolitis": 0.017063,
    "Bullous Disease": 0.050394,
    "Calcified Granuloma": 0.33025,
    "Calcinosis": 0.324334,
    "Cardiac Shadow (abnormal)": 0.24081,
    "Cardiomegaly": 0.400731,
    "Consolidation": 0.161034,
    "Degenerative Change": 0.470335,
    "Edema": 0.260386,
    "Effusion": 0.089438,
    "Emphysema": 0.17401,
    "Fibrosis": 0.267535,
    "Fractures": 0.290868,
    "Hernia": 0.251585,
    "Hyperinflation": 0.469653,
    "Increased Lung Markings": 0.339958,
    "Interstitial Lung Disease": 0.150637,
    "Kyphosis": 0.277848,
    "Lesion": 0.482481,
    "Mass": 0.077866,
    "Nodule": 0.183114,
    "Osteophyte": 0.23313,
    "Pleural Effusion": 0.244618,
    "Pleural Thickening": 0.186885,
    "Pneumothorax": 0.174535,
    "Pulmonary Artery Enlargement": 0.099267,
    "Pulmonary Fibrosis": 0.102794,
    "Rib Fracture": 0.029575,
    "Scoliosis": 0.195396,
    "Subcutaneous Emphysema": 0.080362,
    "Thickening": 0.171222,
    "Volume Loss": 0.39362,
    "normal": 0.546518
  },
  "frontal_probs": {
    "Airspace Disease": 0.35441985726356506,
    "Bronchiectasis": 0.01981387846171856,
    "Bronchiolitis": 0.021896589547395706,
    "Bullous Disease": 0.0534970760345459,
    "Calcified Granuloma": 0.288463294506073,
    "Calcinosis": 0.320613831281662,
    "Cardiac Shadow (abnormal)": 0.18635541200637817,
    "Cardiomegaly": 0.3608120083808899,
    "Consolidation": 0.17139266431331635,
    "Degenerative Change": 0.45347562432289124,
    "Edema": 0.253578782081604,
    "Effusion": 0.08141037821769714,
    "Emphysema": 0.118915855884552,
    "Fibrosis": 0.24626654386520386,
    "Fractures": 0.3358438313007355,
    "Hernia": 0.27575212717056274,
    "Hyperinflation": 0.4764069616794586,
    "Increased Lung Markings": 0.37781381607055664,
    "Interstitial Lung Disease": 0.10110794752836227,
    "Kyphosis": 0.2973380982875824,
    "Lesion": 0.4897943437099457,
    "Mass": 0.0746830403804779,
    "Nodule": 0.1687334179878235,
    "Osteophyte": 0.25710976123809814,
    "Pleural Effusion": 0.2521924078464508,
    "Pleural Thickening": 0.18097050487995148,
    "Pneumothorax": 0.20082353055477142,
    "Pulmonary Artery Enlargement": 0.08775005489587784,
    "Pulmonary Fibrosis": 0.09697128087282181,
    "Rib Fracture": 0.028970057144761086,
    "Scoliosis": 0.21707019209861755,
    "Subcutaneous Emphysema": 0.09715002030134201,
    "Thickening": 0.1817326694726944,
    "Volume Loss": 0.42594072222709656,
    "normal": 0.5454381704330444
  },
  "lateral_probs": {
    "Airspace Disease": 0.25217586755752563,
    "Bronchiectasis": 0.02653161995112896,
    "Bronchiolitis": 0.008087106049060822,
    "Bullous Disease": 0.04462987929582596,
    "Calcified Granuloma": 0.40785470604896545,
    "Calcinosis": 0.3312418460845947,
    "Cardiac Shadow (abnormal)": 0.34194034337997437,
    "Cardiomegaly": 0.4748668968677521,
    "Consolidation": 0.14179706573486328,
    "Degenerative Change": 0.5016452074050903,
    "Edema": 0.2730274200439453,
    "Effusion": 0.10434723645448685,
    "Emphysema": 0.2763271629810333,
    "Fibrosis": 0.30703234672546387,
    "Fractures": 0.20734024047851562,
    "Hernia": 0.20670254528522491,
    "Hyperinflation": 0.4571094810962677,
    "Increased Lung Markings": 0.269655704498291,
    "Interstitial Lung Disease": 0.24262067675590515,
    "Kyphosis": 0.24165292084217072,
    "Lesion": 0.46889790892601013,
    "Mass": 0.08377841114997864,
    "Nodule": 0.2098216414451599,
    "Osteophyte": 0.1885959506034851,
    "Pleural Effusion": 0.23055249452590942,
    "Pleural Thickening": 0.19786955416202545,
    "Pneumothorax": 0.12571246922016144,
    "Pulmonary Artery Enlargement": 0.12065482884645462,
    "Pulmonary Fibrosis": 0.1136070191860199,
    "Rib Fracture": 0.03069850243628025,
    "Scoliosis": 0.15514522790908813,
    "Subcutaneous Emphysema": 0.049184903502464294,
    "Thickening": 0.1517016440629959,
    "Volume Loss": 0.3335961699485779,
    "normal": 0.5485226511955261
  }
}