{
  "uid": "3738",
  "frontal_image": "3738_IM-1867-1001.dcm.png",
  "lateral_image": "3738_IM-1867-2001.dcm.png",
  "fusion_mode": "weighted_avg(f=0.65,l=0.35)",
  "predicted_classes": [
    "normal"
  ],
  "resolved_classes": [
    "normal"
  ],
  "kg_classes": [
    "Normal"
  ],
  "num_predicted": 1,
  "conflict_resolution": "no_conflict",
  "is_uncertain": false,
  "uncertainty_reason": "",
  "inference_time_s": 0.2753,
  "gt_labels": "normal",
  "probabilities": {
    "Airspace Disease": 0.102068,
    "Bronchiectasis": 0.006642,
    "Bronchiolitis": 0.001091,
    "Bullous Disease": 0.00971,
    "Calcified Granuloma": 0.243418,
    "Calcinosis": 0.169512,
    "Cardiac Shadow (abnormal)": 0.051071,
    "Cardiomegaly": 0.123532,
    "Consolidation": 0.043588,
    "Degenerative Change": 0.272056,
    "Edema": 0.059764,
    "Effusion": 0.013947,
    "Emphysema": 0.124553,
    "Fibrosis": 0.129625,
    "Fractures": 0.095021,
    "Hernia": 0.071731,
    "Hyperinflation": 0.205387,
    "Increased Lung Markings": 0.103545,
    "Interstitial Lung Disease": 0.100235,
    "Kyphosis": 0.041952,
    "Lesion": 0.187571,
    "Mass": 0.02322,
    "Nodule": 0.110445,
    "Osteophyte": 0.128456,
    "Pleural Effusion": 0.056067,
    "Pleural Thickening": 0.077355,
    "Pneumothorax": 0.046148,
    "Pulmonary Artery Enlargement": 0.02142,
    "Pulmonary Fibrosis": 0.025127,
    "Rib Fracture": 0.009411,
    "Scoliosis": 0.091966,
    "Subcutaneous Emphysema": 0.006544,
    "Thickening": 0.069371,
    "Volume Loss": 0.137961,
    "normal": 0.832005
  },
  "frontal_probs": {
    "Airspace Disease": 0.04735570773482323,
    "Bronchiectasis": 0.00035427723196335137,
    "Bronchiolitis": 0.00028958157054148614,
    "Bullous Disease": 0.005472356453537941,
    "Calcified Granuloma": 0.1595519483089447,
    "Calcinosis": 0.09286382794380188,
    "Cardiac Shadow (abnormal)": 0.015751022845506668,
    "Cardiomegaly": 0.08018432557582855,
    "Consolidation": 0.014470473863184452,
    "Degenerative Change": 0.1536765694618225,
    "Edema": 0.019591541960835457,
    "Effusion": 0.0040832809172570705,
    "Emphysema": 0.031714148819446564,
    "Fibrosis": 0.0550207793712616,
    "Fractures": 0.05148767679929733,
    "Hernia": 0.04504413902759552,
    "Hyperinflation": 0.1105319932103157,
    "Increased Lung Markings": 0.050112441182136536,
    "Interstitial Lung Disease": 0.016603196039795876,
    "Kyphosis": 0.030644046142697334,
    "Lesion": 0.08569186925888062,
    "Mass": 0.003988476470112801,
    "Nodule": 0.07087071985006332,
    "Osteophyte": 0.09177025407552719,
    "Pleural Effusion": 0.02433168888092041,
    "Pleural Thickening": 0.027897678315639496,
    "Pneumothorax": 0.02159346081316471,
    "Pulmonary Artery Enlargement": 0.011406691744923592,
    "Pulmonary Fibrosis": 0.003122711554169655,
    "Rib Fracture": 0.002119894605129957,
    "Scoliosis": 0.05711352080106735,
    "Subcutaneous Emphysema": 0.0007341564632952213,
    "Thickening": 0.02939821407198906,
    "Volume Loss": 0.07177069783210754,
    "normal": 0.9163947701454163
  },
  "lateral_probs": {
    "Airspace Disease": 0.20367597043514252,
    "Bronchiectasis": 0.018320133909583092,
    "Bronchiolitis": 0.00258059473708272,
    "Bullous Disease": 0.017581116408109665,
    "Calcified Granuloma": 0.3991687595844269,
    "Calcinosis": 0.31185901165008545,
    "Cardiac Shadow (abnormal)": 0.11666636168956757,
    "Cardiomegaly": 0.20403605699539185,
    "Consolidation": 0.09766203910112381,
    "Degenerative Change": 0.4919036030769348,
    "Edema": 0.13436949253082275,
    "Effusion": 0.03226479887962341,
    "Emphysema": 0.2969675362110138,
    "Fibrosis": 0.26817587018013,
    "Fractures": 0.17586743831634521,
    "Hernia": 0.12129299342632294,
    "Hyperinflation": 0.38154739141464233,
    "Increased Lung Markings": 0.20277561247348785,
    "Interstitial Lung Disease": 0.255550354719162,
    "Kyphosis": 0.06295294314622879,
    "Lesion": 0.3767754137516022,
    "Mass": 0.058936707675457,
    "Nodule": 0.18393923342227936,
    "Osteophyte": 0.19658774137496948,
    "Pleural Effusion": 0.11500508338212967,
    "Pleural Thickening": 0.16920334100723267,
    "Pneumothorax": 0.09175020456314087,
    "Pulmonary Artery Enlargement": 0.04001724347472191,
    "Pulmonary Fibrosis": 0.06599095463752747,
    "Rib Fracture": 0.022951917722821236,
    "Scoliosis": 0.15669205784797668,
    "Subcutaneous Emphysema": 0.01733272150158882,
    "Thickening": 0.14360587298870087,
    "Volume Loss": 0.2608853280544281,
    "normal": 0.6752804517745972
  }
}