{
  "uid": "3603",
  "frontal_image": "3603_IM-1779-1001.dcm.png",
  "lateral_image": "3603_IM-1779-2001.dcm.png",
  "fusion_mode": "weighted_avg(f=0.65,l=0.35)",
  "predicted_classes": [
    "normal"
  ],
  "resolved_classes": [
    "normal"
  ],
  "kg_classes": [
    "Normal"
  ],
  "num_predicted": 1,
  "conflict_resolution": "no_conflict",
  "is_uncertain": true,
  "uncertainty_reason": "normal_prob=0.687 (<0.73) with elevated disease scores: Degenerative Change=0.426, Calcified Granuloma=0.364, Hyperinflation=0.352",
  "inference_time_s": 0.257,
  "gt_labels": "normal",
  "probabilities": {
    "Airspace Disease": 0.139388,
    "Bronchiectasis": 0.038339,
    "Bronchiolitis": 0.006953,
    "Bullous Disease": 0.018793,
    "Calcified Granuloma": 0.363953,
    "Calcinosis": 0.308364,
    "Cardiac Shadow (abnormal)": 0.080313,
    "Cardiomegaly": 0.254071,
    "Consolidation": 0.090446,
    "Degenerative Change": 0.425816,
    "Edema": 0.130463,
    "Effusion": 0.031511,
    "Emphysema": 0.16228,
    "Fibrosis": 0.22632,
    "Fractures": 0.177508,
    "Hernia": 0.153825,
    "Hyperinflation": 0.352033,
    "Increased Lung Markings": 0.247266,
    "Interstitial Lung Disease": 0.12506,
    "Kyphosis": 0.091145,
    "Lesion": 0.28372,
    "Mass": 0.039755,
    "Nodule": 0.182367,
    "Osteophyte": 0.222865,
    "Pleural Effusion": 0.14034,
    "Pleural Thickening": 0.174105,
    "Pneumothorax": 0.054712,
    "Pulmonary Artery Enlargement": 0.058498,
    "Pulmonary Fibrosis": 0.054664,
    "Rib Fracture": 0.025424,
    "Scoliosis": 0.280775,
    "Subcutaneous Emphysema": 0.016348,
    "Thickening": 0.127268,
    "Volume Loss": 0.226387,
    "normal": 0.687116
  },
  "frontal_probs": {
    "Airspace Disease": 0.06286459416151047,
    "Bronchiectasis": 0.009377353824675083,
    "Bronchiolitis": 0.00631678244099021,
    "Bullous Disease": 0.011645620688796043,
    "Calcified Granuloma": 0.3738289475440979,
    "Calcinosis": 0.2967149317264557,
    "Cardiac Shadow (abnormal)": 0.04708903655409813,
    "Cardiomegaly": 0.2113974541425705,
    "Consolidation": 0.029728785157203674,
    "Degenerative Change": 0.4240122437477112,
    "Edema": 0.06040956825017929,
    "Effusion": 0.01010754331946373,
    "Emphysema": 0.08788786828517914,
    "Fibrosis": 0.19749198853969574,
    "Fractures": 0.1716368943452835,
    "Hernia": 0.14412562549114227,
    "Hyperinflation": 0.3174757659435272,
    "Increased Lung Markings": 0.2517646551132202,
    "Interstitial Lung Disease": 0.0538732148706913,
    "Kyphosis": 0.09848299622535706,
    "Lesion": 0.21140608191490173,
    "Mass": 0.01616521365940571,
    "Nodule": 0.14388178288936615,
    "Osteophyte": 0.23457451164722443,
    "Pleural Effusion": 0.061893563717603683,
    "Pleural Thickening": 0.0904347226023674,
    "Pneumothorax": 0.03913626819849014,
    "Pulmonary Artery Enlargement": 0.059552356600761414,
    "Pulmonary Fibrosis": 0.021420422941446304,
    "Rib Fracture": 0.012856865301728249,
    "Scoliosis": 0.31868821382522583,
    "Subcutaneous Emphysema": 0.008694118820130825,
    "Thickening": 0.07130247354507446,
    "Volume Loss": 0.18590481579303741,
    "normal": 0.7136276960372925
  },
  "lateral_probs": {
    "Airspace Disease": 0.28150373697280884,
    "Bronchiectasis": 0.09212550520896912,
    "Bronchiolitis": 0.00813494436442852,
    "Bullous Disease": 0.032065656036138535,
    "Calcified Granuloma": 0.3456130027770996,
    "Calcinosis": 0.3299974203109741,
    "Cardiac Shadow (abnormal)": 0.14201578497886658,
    "Cardiomegaly": 0.3333229422569275,
    "Consolidation": 0.2032058835029602,
    "Degenerative Change": 0.429164856672287,
    "Edema": 0.2605611979961395,
    "Effusion": 0.07126149535179138,
    "Emphysema": 0.30043554306030273,
    "Fibrosis": 0.27985793352127075,
    "Fractures": 0.18841160833835602,
    "Hernia": 0.17183884978294373,
    "Hyperinflation": 0.4162103831768036,
    "Increased Lung Markings": 0.23891115188598633,
    "Interstitial Lung Disease": 0.25726398825645447,
    "Kyphosis": 0.07751782238483429,
    "Lesion": 0.41801774501800537,
    "Mass": 0.08356453478336334,
    "Nodule": 0.2538395822048187,
    "Osteophyte": 0.20111742615699768,
    "Pleural Effusion": 0.286027193069458,
    "Pleural Thickening": 0.32949385046958923,
    "Pneumothorax": 0.0836390033364296,
    "Pulmonary Artery Enlargement": 0.056540146470069885,
    "Pulmonary Fibrosis": 0.11640080064535141,
    "Rib Fracture": 0.048762738704681396,
    "Scoliosis": 0.21036392450332642,
    "Subcutaneous Emphysema": 0.030562616884708405,
    "Thickening": 0.23120485246181488,
    "Volume Loss": 0.30156856775283813,
    "normal": 0.637879490852356
  }
}