{
  "uid": "3297",
  "frontal_image": "3297_IM-1575-1001.dcm.png",
  "lateral_image": "3297_IM-1575-1002.dcm.png",
  "fusion_mode": "weighted_avg(f=0.65,l=0.35)",
  "predicted_classes": [
    "normal"
  ],
  "resolved_classes": [
    "normal"
  ],
  "kg_classes": [
    "Normal"
  ],
  "num_predicted": 1,
  "conflict_resolution": "no_conflict",
  "is_uncertain": false,
  "uncertainty_reason": "",
  "inference_time_s": 0.2915,
  "gt_labels": "Emphysema",
  "probabilities": {
    "Airspace Disease": 0.070696,
    "Bronchiectasis": 0.014027,
    "Bronchiolitis": 0.001009,
    "Bullous Disease": 0.009631,
    "Calcified Granuloma": 0.168203,
    "Calcinosis": 0.156534,
    "Cardiac Shadow (abnormal)": 0.018442,
    "Cardiomegaly": 0.072094,
    "Consolidation": 0.060198,
    "Degenerative Change": 0.187486,
    "Edema": 0.032703,
    "Effusion": 0.011071,
    "Emphysema": 0.155951,
    "Fibrosis": 0.123626,
    "Fractures": 0.096219,
    "Hernia": 0.053998,
    "Hyperinflation": 0.18363,
    "Increased Lung Markings": 0.065535,
    "Interstitial Lung Disease": 0.126244,
    "Kyphosis": 0.026889,
    "Lesion": 0.150114,
    "Mass": 0.023387,
    "Nodule": 0.081295,
    "Osteophyte": 0.082938,
    "Pleural Effusion": 0.056155,
    "Pleural Thickening": 0.050262,
    "Pneumothorax": 0.038105,
    "Pulmonary Artery Enlargement": 0.018972,
    "Pulmonary Fibrosis": 0.035438,
    "Rib Fracture": 0.005568,
    "Scoliosis": 0.111858,
    "Subcutaneous Emphysema": 0.008168,
    "Thickening": 0.059097,
    "Volume Loss": 0.095932,
    "normal": 0.900067
  },
  "frontal_probs": {
    "Airspace Disease": 0.019039897248148918,
    "Bronchiectasis": 0.0003075559507124126,
    "Bronchiolitis": 1.9785005861194804e-05,
    "Bullous Disease": 0.0005887754377909005,
    "Calcified Granuloma": 0.07210760563611984,
    "Calcinosis": 0.05537300929427147,
    "Cardiac Shadow (abnormal)": 0.0009359451942145824,
    "Cardiomegaly": 0.0053926436230540276,
    "Consolidation": 0.022728880867362022,
    "Degenerative Change": 0.03505703806877136,
    "Edema": 0.002725494559854269,
    "Effusion": 0.00021441373974084854,
    "Emphysema": 0.047837547957897186,
    "Fibrosis": 0.04783617705106735,
    "Fractures": 0.02578773908317089,
    "Hernia": 0.009871630929410458,
    "Hyperinflation": 0.060691554099321365,
    "Increased Lung Markings": 0.01893826201558113,
    "Interstitial Lung Disease": 0.01776563934981823,
    "Kyphosis": 0.002474743640050292,
    "Lesion": 0.028317606076598167,
    "Mass": 0.0053431191481649876,
    "Nodule": 0.023396071046590805,
    "Osteophyte": 0.013961473479866982,
    "Pleural Effusion": 0.0021931889932602644,
    "Pleural Thickening": 0.01855902373790741,
    "Pneumothorax": 0.006450819317251444,
    "Pulmonary Artery Enlargement": 0.009568694978952408,
    "Pulmonary Fibrosis": 0.0003464978071860969,
    "Rib Fracture": 0.00016141461674124002,
    "Scoliosis": 0.06937699764966965,
    "Subcutaneous Emphysema": 0.00036327700945548713,
    "Thickening": 0.0076648336835205555,
    "Volume Loss": 0.01919287070631981,
    "normal": 0.9902030229568481
  },
  "lateral_probs": {
    "Airspace Disease": 0.1666301041841507,
    "Bronchiectasis": 0.03950715437531471,
    "Bronchiolitis": 0.0028452437836676836,
    "Bullous Disease": 0.02642301842570305,
    "Calcified Granuloma": 0.34666529297828674,
    "Calcinosis": 0.3444046676158905,
    "Cardiac Shadow (abnormal)": 0.05095415562391281,
    "Cardiomegaly": 0.195967435836792,
    "Consolidation": 0.1297834813594818,
    "Degenerative Change": 0.4705677628517151,
    "Edema": 0.08837411552667618,
    "Effusion": 0.031234443187713623,
    "Emphysema": 0.3567337989807129,
    "Fibrosis": 0.2643791735172272,
    "Fractures": 0.2270209938287735,
    "Hernia": 0.13594667613506317,
    "Hyperinflation": 0.41194528341293335,
    "Increased Lung Markings": 0.15207263827323914,
    "Interstitial Lung Disease": 0.32770416140556335,
    "Kyphosis": 0.07223021984100342,
    "Lesion": 0.3763069808483124,
    "Mass": 0.05689828097820282,
    "Nodule": 0.1888224482536316,
    "Osteophyte": 0.21103790402412415,
    "Pleural Effusion": 0.15636993944644928,
    "Pleural Thickening": 0.10913848131895065,
    "Pneumothorax": 0.09689166396856308,
    "Pulmonary Artery Enlargement": 0.036434970796108246,
    "Pulmonary Fibrosis": 0.10060806572437286,
    "Rib Fracture": 0.015608692541718483,
    "Scoliosis": 0.1907501220703125,
    "Subcutaneous Emphysema": 0.022662503644824028,
    "Thickening": 0.15461422502994537,
    "Volume Loss": 0.23844660818576813,
    "normal": 0.7326704859733582
  }
}