{
  "uid": "3543",
  "frontal_image": "3543_IM-1735-2001.dcm.png",
  "lateral_image": "3543_IM-1735-3001.dcm.png",
  "fusion_mode": "weighted_avg(f=0.65,l=0.35)",
  "predicted_classes": [
    "normal"
  ],
  "resolved_classes": [
    "normal"
  ],
  "kg_classes": [
    "Normal"
  ],
  "num_predicted": 1,
  "conflict_resolution": "no_conflict",
  "is_uncertain": true,
  "uncertainty_reason": "normal_prob=0.659 (<0.73) with elevated disease scores: Degenerative Change=0.465, Hyperinflation=0.415, Lesion=0.400",
  "inference_time_s": 0.2651,
  "gt_labels": "Calcified Granuloma",
  "probabilities": {
    "Airspace Disease": 0.226577,
    "Bronchiectasis": 0.025453,
    "Bronchiolitis": 0.011757,
    "Bullous Disease": 0.056863,
    "Calcified Granuloma": 0.357703,
    "Calcinosis": 0.328609,
    "Cardiac Shadow (abnormal)": 0.130631,
    "Cardiomegaly": 0.22585,
    "Consolidation": 0.124383,
    "Degenerative Change": 0.465275,
    "Edema": 0.14408,
    "Effusion": 0.067841,
    "Emphysema": 0.307444,
    "Fibrosis": 0.301063,
    "Fractures": 0.261341,
    "Hernia": 0.155535,
    "Hyperinflation": 0.415184,
    "Increased Lung Markings": 0.239719,
    "Interstitial Lung Disease": 0.190698,
    "Kyphosis": 0.115846,
    "Lesion": 0.400008,
    "Mass": 0.087432,
    "Nodule": 0.253827,
    "Osteophyte": 0.237791,
    "Pleural Effusion": 0.186591,
    "Pleural Thickening": 0.207278,
    "Pneumothorax": 0.153756,
    "Pulmonary Artery Enlargement": 0.057437,
    "Pulmonary Fibrosis": 0.086561,
    "Rib Fracture": 0.036892,
    "Scoliosis": 0.244627,
    "Subcutaneous Emphysema": 0.050685,
    "Thickening": 0.162511,
    "Volume Loss": 0.274944,
    "normal": 0.658592
  },
  "frontal_probs": {
    "Airspace Disease": 0.2670263350009918,
    "Bronchiectasis": 0.03178837150335312,
    "Bronchiolitis": 0.01731722429394722,
    "Bullous Disease": 0.07878720015287399,
    "Calcified Granuloma": 0.34185871481895447,
    "Calcinosis": 0.36815008521080017,
    "Cardiac Shadow (abnormal)": 0.15948565304279327,
    "Cardiomegaly": 0.2570667266845703,
    "Consolidation": 0.1529742181301117,
    "Degenerative Change": 0.48598530888557434,
    "Edema": 0.15736903250217438,
    "Effusion": 0.08835192769765854,
    "Emphysema": 0.35024458169937134,
    "Fibrosis": 0.3464347720146179,
    "Fractures": 0.32413485646247864,
    "Hernia": 0.1887534260749817,
    "Hyperinflation": 0.4600874185562134,
    "Increased Lung Markings": 0.29076406359672546,
    "Interstitial Lung Disease": 0.22488203644752502,
    "Kyphosis": 0.14705364406108856,
    "Lesion": 0.46190333366394043,
    "Mass": 0.1145133525133133,
    "Nodule": 0.283601313829422,
    "Osteophyte": 0.23823757469654083,
    "Pleural Effusion": 0.25023597478866577,
    "Pleural Thickening": 0.24259676039218903,
    "Pneumothorax": 0.21736641228199005,
    "Pulmonary Artery Enlargement": 0.05194034427404404,
    "Pulmonary Fibrosis": 0.11191849410533905,
    "Rib Fracture": 0.05206172913312912,
    "Scoliosis": 0.3074045479297638,
    "Subcutaneous Emphysema": 0.06710778921842575,
    "Thickening": 0.18147943913936615,
    "Volume Loss": 0.31412118673324585,
    "normal": 0.5929799675941467
  },
  "lateral_probs": {
    "Airspace Disease": 0.15145602822303772,
    "Bronchiectasis": 0.013688202947378159,
    "Bronchiolitis": 0.0014315206790342927,
    "Bullous Disease": 0.016147613525390625,
    "Calcified Granuloma": 0.38712841272354126,
    "Calcinosis": 0.255174458026886,
    "Cardiac Shadow (abnormal)": 0.07704520225524902,
    "Cardiomegaly": 0.1678759604692459,
    "Consolidation": 0.07128621637821198,
    "Degenerative Change": 0.4268127679824829,
    "Edema": 0.11940159648656845,
    "Effusion": 0.02974870428442955,
    "Emphysema": 0.22795693576335907,
    "Fibrosis": 0.2168017327785492,
    "Fractures": 0.1447233110666275,
    "Hernia": 0.09384322911500931,
    "Hyperinflation": 0.3317925035953522,
    "Increased Lung Markings": 0.1449224352836609,
    "Interstitial Lung Disease": 0.12721295654773712,
    "Kyphosis": 0.057889096438884735,
    "Lesion": 0.28506043553352356,
    "Mass": 0.037139009684324265,
    "Nodule": 0.19853179156780243,
    "Osteophyte": 0.23696142435073853,
    "Pleural Effusion": 0.06839413195848465,
    "Pleural Thickening": 0.14168545603752136,
    "Pneumothorax": 0.03562116622924805,
    "Pulmonary Artery Enlargement": 0.06764508783817291,
    "Pulmonary Fibrosis": 0.03946767747402191,
    "Rib Fracture": 0.008719549514353275,
    "Scoliosis": 0.1280389279127121,
    "Subcutaneous Emphysema": 0.020186210051178932,
    "Thickening": 0.12728355824947357,
    "Volume Loss": 0.20218680799007416,
    "normal": 0.7804436087608337
  }
}