{
  "uid": "3254",
  "frontal_image": "3254_IM-1543-1001.dcm.png",
  "lateral_image": "3254_IM-1543-2001.dcm.png",
  "fusion_mode": "weighted_avg(f=0.65,l=0.35)",
  "predicted_classes": [
    "normal"
  ],
  "resolved_classes": [
    "normal"
  ],
  "kg_classes": [
    "Normal"
  ],
  "num_predicted": 1,
  "conflict_resolution": "no_conflict",
  "is_uncertain": false,
  "uncertainty_reason": "",
  "inference_time_s": 0.276,
  "gt_labels": "normal",
  "probabilities": {
    "Airspace Disease": 0.077473,
    "Bronchiectasis": 0.008829,
    "Bronchiolitis": 0.000747,
    "Bullous Disease": 0.006254,
    "Calcified Granuloma": 0.133909,
    "Calcinosis": 0.140788,
    "Cardiac Shadow (abnormal)": 0.036063,
    "Cardiomegaly": 0.091406,
    "Consolidation": 0.043679,
    "Degenerative Change": 0.155572,
    "Edema": 0.067399,
    "Effusion": 0.010053,
    "Emphysema": 0.078855,
    "Fibrosis": 0.085543,
    "Fractures": 0.087584,
    "Hernia": 0.037606,
    "Hyperinflation": 0.163368,
    "Increased Lung Markings": 0.087757,
    "Interstitial Lung Disease": 0.072685,
    "Kyphosis": 0.0264,
    "Lesion": 0.136117,
    "Mass": 0.029777,
    "Nodule": 0.065905,
    "Osteophyte": 0.047101,
    "Pleural Effusion": 0.052447,
    "Pleural Thickening": 0.075333,
    "Pneumothorax": 0.041165,
    "Pulmonary Artery Enlargement": 0.021778,
    "Pulmonary Fibrosis": 0.01358,
    "Rib Fracture": 0.00623,
    "Scoliosis": 0.089916,
    "Subcutaneous Emphysema": 0.007002,
    "Thickening": 0.057882,
    "Volume Loss": 0.112661,
    "normal": 0.879405
  },
  "frontal_probs": {
    "Airspace Disease": 0.007643454242497683,
    "Bronchiectasis": 5.230630995356478e-05,
    "Bronchiolitis": 5.493851404025918e-06,
    "Bullous Disease": 0.00039888444007374346,
    "Calcified Granuloma": 0.051849957555532455,
    "Calcinosis": 0.029371952638030052,
    "Cardiac Shadow (abnormal)": 0.00030020452686585486,
    "Cardiomegaly": 0.005528986919671297,
    "Consolidation": 0.006444886326789856,
    "Degenerative Change": 0.023963140323758125,
    "Edema": 0.0013138777576386929,
    "Effusion": 0.0002478845417499542,
    "Emphysema": 0.016040703281760216,
    "Fibrosis": 0.019254963845014572,
    "Fractures": 0.020132794976234436,
    "Hernia": 0.0055146352387964725,
    "Hyperinflation": 0.031855031847953796,
    "Increased Lung Markings": 0.007615978829562664,
    "Interstitial Lung Disease": 0.009050832130014896,
    "Kyphosis": 0.0012139232130721211,
    "Lesion": 0.014554115012288094,
    "Mass": 0.0013970008585602045,
    "Nodule": 0.014722228050231934,
    "Osteophyte": 0.008154092356562614,
    "Pleural Effusion": 0.0016687607858330011,
    "Pleural Thickening": 0.010819933377206326,
    "Pneumothorax": 0.004503563046455383,
    "Pulmonary Artery Enlargement": 0.0007668713806197047,
    "Pulmonary Fibrosis": 0.000132094239233993,
    "Rib Fracture": 5.668282028636895e-05,
    "Scoliosis": 0.03729282319545746,
    "Subcutaneous Emphysema": 5.460156171466224e-05,
    "Thickening": 0.004821393173187971,
    "Volume Loss": 0.014303808100521564,
    "normal": 0.992797315120697
  },
  "lateral_probs": {
    "Airspace Disease": 0.20715530216693878,
    "Bronchiectasis": 0.02512865699827671,
    "Bronchiolitis": 0.0021247428376227617,
    "Bullous Disease": 0.017127810046076775,
    "Calcified Granuloma": 0.2863031029701233,
    "Calcinosis": 0.3477034866809845,
    "Cardiac Shadow (abnormal)": 0.10248075425624847,
    "Cardiomegaly": 0.2508930265903473,
    "Consolidation": 0.11282673478126526,
    "Degenerative Change": 0.3999873101711273,
    "Edema": 0.19012896716594696,
    "Effusion": 0.028261614963412285,
    "Emphysema": 0.19550977647304535,
    "Fibrosis": 0.20865033566951752,
    "Fractures": 0.2128511518239975,
    "Hernia": 0.09720302373170853,
    "Hyperinflation": 0.4076068699359894,
    "Increased Lung Markings": 0.23658911883831024,
    "Interstitial Lung Disease": 0.19086185097694397,
    "Kyphosis": 0.07317281514406204,
    "Lesion": 0.36187753081321716,
    "Mass": 0.0824831873178482,
    "Nodule": 0.160957470536232,
    "Osteophyte": 0.11943186074495316,
    "Pleural Effusion": 0.14674890041351318,
    "Pleural Thickening": 0.19514349102973938,
    "Pneumothorax": 0.10925126075744629,
    "Pulmonary Artery Enlargement": 0.060800082981586456,
    "Pulmonary Fibrosis": 0.03855486214160919,
    "Rib Fracture": 0.01769340969622135,
    "Scoliosis": 0.18764398992061615,
    "Subcutaneous Emphysema": 0.019903039559721947,
    "Thickening": 0.15642420947551727,
    "Volume Loss": 0.2953251898288727,
    "normal": 0.6688189506530762
  }
}