{
  "uid": "3503",
  "frontal_image": "3503_IM-1707-3001.dcm.png",
  "lateral_image": "",
  "fusion_mode": "frontal_only",
  "predicted_classes": [
    "normal"
  ],
  "resolved_classes": [
    "normal"
  ],
  "kg_classes": [
    "Normal"
  ],
  "num_predicted": 1,
  "conflict_resolution": "no_conflict",
  "is_uncertain": false,
  "uncertainty_reason": "",
  "inference_time_s": 0.1367,
  "gt_labels": "normal",
  "probabilities": {
    "Airspace Disease": 0.04829254746437073,
    "Bronchiectasis": 0.001971801742911339,
    "Bronchiolitis": 0.002037580357864499,
    "Bullous Disease": 0.004379341844469309,
    "Calcified Granuloma": 0.21511954069137573,
    "Calcinosis": 0.23521731793880463,
    "Cardiac Shadow (abnormal)": 0.04834911972284317,
    "Cardiomegaly": 0.2615213096141815,
    "Consolidation": 0.02036464400589466,
    "Degenerative Change": 0.3245648741722107,
    "Edema": 0.0302171241492033,
    "Effusion": 0.012267710641026497,
    "Emphysema": 0.04524324834346771,
    "Fibrosis": 0.12612977623939514,
    "Fractures": 0.1452692300081253,
    "Hernia": 0.1730581820011139,
    "Hyperinflation": 0.17567044496536255,
    "Increased Lung Markings": 0.12577195465564728,
    "Interstitial Lung Disease": 0.03627995029091835,
    "Kyphosis": 0.14870773255825043,
    "Lesion": 0.11696966737508774,
    "Mass": 0.020962772890925407,
    "Nodule": 0.07999779284000397,
    "Osteophyte": 0.1369244009256363,
    "Pleural Effusion": 0.021095307543873787,
    "Pleural Thickening": 0.039597075432538986,
    "Pneumothorax": 0.042631860822439194,
    "Pulmonary Artery Enlargement": 0.1404610425233841,
    "Pulmonary Fibrosis": 0.0075218467973172665,
    "Rib Fracture": 0.003094354411587119,
    "Scoliosis": 0.1711406707763672,
    "Subcutaneous Emphysema": 0.007873409427702427,
    "Thickening": 0.036388374865055084,
    "Volume Loss": 0.11787885427474976,
    "normal": 0.8536084294319153
  },
  "frontal_probs": {
    "Airspace Disease": 0.04829254746437073,
    "Bronchiectasis": 0.001971801742911339,
    "Bronchiolitis": 0.002037580357864499,
    "Bullous Disease": 0.004379341844469309,
    "Calcified Granuloma": 0.21511954069137573,
    "Calcinosis": 0.23521731793880463,
    "Cardiac Shadow (abnormal)": 0.04834911972284317,
    "Cardiomegaly": 0.2615213096141815,
    "Consolidation": 0.02036464400589466,
    "Degenerative Change": 0.3245648741722107,
    "Edema": 0.0302171241492033,
    "Effusion": 0.012267710641026497,
    "Emphysema": 0.04524324834346771,
    "Fibrosis": 0.12612977623939514,
    "Fractures": 0.1452692300081253,
    "Hernia": 0.1730581820011139,
    "Hyperinflation": 0.17567044496536255,
    "Increased Lung Markings": 0.12577195465564728,
    "Interstitial Lung Disease": 0.03627995029091835,
    "Kyphosis": 0.14870773255825043,
    "Lesion": 0.11696966737508774,
    "Mass": 0.020962772890925407,
    "Nodule": 0.07999779284000397,
    "Osteophyte": 0.1369244009256363,
    "Pleural Effusion": 0.021095307543873787,
    "Pleural Thickening": 0.039597075432538986,
    "Pneumothorax": 0.042631860822439194,
    "Pulmonary Artery Enlargement": 0.1404610425233841,
    "Pulmonary Fibrosis": 0.0075218467973172665,
    "Rib Fracture": 0.003094354411587119,
    "Scoliosis": 0.1711406707763672,
    "Subcutaneous Emphysema": 0.007873409427702427,
    "Thickening": 0.036388374865055084,
    "Volume Loss": 0.11787885427474976,
    "normal": 0.8536084294319153
  },
  "lateral_probs": {
    "Airspace Disease": 0.0,
    "Bronchiectasis": 0.0,
    "Bronchiolitis": 0.0,
    "Bullous Disease": 0.0,
    "Calcified Granuloma": 0.0,
    "Calcinosis": 0.0,
    "Cardiac Shadow (abnormal)": 0.0,
    "Cardiomegaly": 0.0,
    "Consolidation": 0.0,
    "Degenerative Change": 0.0,
    "Edema": 0.0,
    "Effusion": 0.0,
    "Emphysema": 0.0,
    "Fibrosis": 0.0,
    "Fractures": 0.0,
    "Hernia": 0.0,
    "Hyperinflation": 0.0,
    "Increased Lung Markings": 0.0,
    "Interstitial Lung Disease": 0.0,
    "Kyphosis": 0.0,
    "Lesion": 0.0,
    "Mass": 0.0,
    "Nodule": 0.0,
    "Osteophyte": 0.0,
    "Pleural Effusion": 0.0,
    "Pleural Thickening": 0.0,
    "Pneumothorax": 0.0,
    "Pulmonary Artery Enlargement": 0.0,
    "Pulmonary Fibrosis": 0.0,
    "Rib Fracture": 0.0,
    "Scoliosis": 0.0,
    "Subcutaneous Emphysema": 0.0,
    "Thickening": 0.0,
    "Volume Loss": 0.0,
    "normal": 0.0
  }
}