{
  "uid": "3760",
  "frontal_image": "3760_IM-1883-1001.dcm.png",
  "lateral_image": "3760_IM-1883-2001.dcm.png",
  "fusion_mode": "weighted_avg(f=0.65,l=0.35)",
  "predicted_classes": [
    "normal"
  ],
  "resolved_classes": [
    "normal"
  ],
  "kg_classes": [
    "Normal"
  ],
  "num_predicted": 1,
  "conflict_resolution": "no_conflict",
  "is_uncertain": true,
  "uncertainty_reason": "normal_prob=0.722 (<0.73) with elevated disease scores: Degenerative Change=0.427",
  "inference_time_s": 0.2871,
  "gt_labels": "Degenerative Change",
  "probabilities": {
    "Airspace Disease": 0.165559,
    "Bronchiectasis": 0.018703,
    "Bronchiolitis": 0.004265,
    "Bullous Disease": 0.02788,
    "Calcified Granuloma": 0.312687,
    "Calcinosis": 0.304863,
    "Cardiac Shadow (abnormal)": 0.045319,
    "Cardiomegaly": 0.145543,
    "Consolidation": 0.103932,
    "Degenerative Change": 0.427048,
    "Edema": 0.082662,
    "Effusion": 0.03449,
    "Emphysema": 0.171339,
    "Fibrosis": 0.256887,
    "Fractures": 0.208231,
    "Hernia": 0.123971,
    "Hyperinflation": 0.316915,
    "Increased Lung Markings": 0.184395,
    "Interstitial Lung Disease": 0.092711,
    "Kyphosis": 0.068255,
    "Lesion": 0.301317,
    "Mass": 0.053283,
    "Nodule": 0.200211,
    "Osteophyte": 0.200354,
    "Pleural Effusion": 0.141765,
    "Pleural Thickening": 0.138299,
    "Pneumothorax": 0.109319,
    "Pulmonary Artery Enlargement": 0.049326,
    "Pulmonary Fibrosis": 0.04773,
    "Rib Fracture": 0.023564,
    "Scoliosis": 0.214801,
    "Subcutaneous Emphysema": 0.015265,
    "Thickening": 0.100148,
    "Volume Loss": 0.247752,
    "normal": 0.722128
  },
  "frontal_probs": {
    "Airspace Disease": 0.12663283944129944,
    "Bronchiectasis": 0.008452985435724258,
    "Bronchiolitis": 0.0051033636555075645,
    "Bullous Disease": 0.032476041465997696,
    "Calcified Granuloma": 0.3119370937347412,
    "Calcinosis": 0.32842111587524414,
    "Cardiac Shadow (abnormal)": 0.022160405293107033,
    "Cardiomegaly": 0.09353017807006836,
    "Consolidation": 0.05871326103806496,
    "Degenerative Change": 0.45040565729141235,
    "Edema": 0.03892775997519493,
    "Effusion": 0.009304828941822052,
    "Emphysema": 0.16112396121025085,
    "Fibrosis": 0.2574511766433716,
    "Fractures": 0.22578489780426025,
    "Hernia": 0.10007879883050919,
    "Hyperinflation": 0.2816089987754822,
    "Increased Lung Markings": 0.18846681714057922,
    "Interstitial Lung Disease": 0.07041847705841064,
    "Kyphosis": 0.07513025403022766,
    "Lesion": 0.2704152464866638,
    "Mass": 0.017849866300821304,
    "Nodule": 0.20930086076259613,
    "Osteophyte": 0.21356013417243958,
    "Pleural Effusion": 0.09989159554243088,
    "Pleural Thickening": 0.1094014123082161,
    "Pneumothorax": 0.10396034270524979,
    "Pulmonary Artery Enlargement": 0.04768163710832596,
    "Pulmonary Fibrosis": 0.03181488811969757,
    "Rib Fracture": 0.009758122265338898,
    "Scoliosis": 0.2444540560245514,
    "Subcutaneous Emphysema": 0.01629004068672657,
    "Thickening": 0.08437623083591461,
    "Volume Loss": 0.23260873556137085,
    "normal": 0.7283507585525513
  },
  "lateral_probs": {
    "Airspace Disease": 0.237850621342659,
    "Bronchiectasis": 0.03773802891373634,
    "Bronchiolitis": 0.0027092203963547945,
    "Bullous Disease": 0.019345801323652267,
    "Calcified Granuloma": 0.3140801787376404,
    "Calcinosis": 0.2611117660999298,
    "Cardiac Shadow (abnormal)": 0.08832746744155884,
    "Cardiomegaly": 0.24213773012161255,
    "Consolidation": 0.18791046738624573,
    "Degenerative Change": 0.383669912815094,
    "Edema": 0.16388218104839325,
    "Effusion": 0.08126344531774521,
    "Emphysema": 0.19030939042568207,
    "Fibrosis": 0.255839467048645,
    "Fractures": 0.17562951147556305,
    "Hernia": 0.16834188997745514,
    "Hyperinflation": 0.38248389959335327,
    "Increased Lung Markings": 0.17683188617229462,
    "Interstitial Lung Disease": 0.13411235809326172,
    "Kyphosis": 0.055486418306827545,
    "Lesion": 0.35870659351348877,
    "Mass": 0.11908764392137527,
    "Nodule": 0.18332946300506592,
    "Osteophyte": 0.17582924664020538,
    "Pleural Effusion": 0.2195306271314621,
    "Pleural Thickening": 0.19196534156799316,
    "Pneumothorax": 0.11927173286676407,
    "Pulmonary Artery Enlargement": 0.052380338311195374,
    "Pulmonary Fibrosis": 0.07728774100542068,
    "Rib Fracture": 0.049203284084796906,
    "Scoliosis": 0.15973034501075745,
    "Subcutaneous Emphysema": 0.013360484503209591,
    "Thickening": 0.12943939864635468,
    "Volume Loss": 0.27587538957595825,
    "normal": 0.7105726599693298
  }
}