{
  "uid": "3335",
  "frontal_image": "3335_IM-1598-1001.dcm.png",
  "lateral_image": "3335_IM-1598-2001.dcm.png",
  "fusion_mode": "weighted_avg(f=0.65,l=0.35)",
  "predicted_classes": [
    "normal"
  ],
  "resolved_classes": [
    "normal"
  ],
  "kg_classes": [
    "Normal"
  ],
  "num_predicted": 1,
  "conflict_resolution": "no_conflict",
  "is_uncertain": true,
  "uncertainty_reason": "normal_prob=0.688 (<0.73) with elevated disease scores: Degenerative Change=0.398, Lesion=0.389, Calcified Granuloma=0.385",
  "inference_time_s": 0.2538,
  "gt_labels": "Degenerative Change",
  "probabilities": {
    "Airspace Disease": 0.220053,
    "Bronchiectasis": 0.035318,
    "Bronchiolitis": 0.010098,
    "Bullous Disease": 0.05138,
    "Calcified Granuloma": 0.385304,
    "Calcinosis": 0.284811,
    "Cardiac Shadow (abnormal)": 0.077552,
    "Cardiomegaly": 0.144219,
    "Consolidation": 0.151577,
    "Degenerative Change": 0.398222,
    "Edema": 0.118044,
    "Effusion": 0.039159,
    "Emphysema": 0.347426,
    "Fibrosis": 0.353611,
    "Fractures": 0.227638,
    "Hernia": 0.184193,
    "Hyperinflation": 0.355037,
    "Increased Lung Markings": 0.189982,
    "Interstitial Lung Disease": 0.207624,
    "Kyphosis": 0.093247,
    "Lesion": 0.388883,
    "Mass": 0.083362,
    "Nodule": 0.210257,
    "Osteophyte": 0.23272,
    "Pleural Effusion": 0.137651,
    "Pleural Thickening": 0.200516,
    "Pneumothorax": 0.158293,
    "Pulmonary Artery Enlargement": 0.079162,
    "Pulmonary Fibrosis": 0.071926,
    "Rib Fracture": 0.032262,
    "Scoliosis": 0.155709,
    "Subcutaneous Emphysema": 0.039553,
    "Thickening": 0.164467,
    "Volume Loss": 0.229385,
    "normal": 0.688018
  },
  "frontal_probs": {
    "Airspace Disease": 0.23259392380714417,
    "Bronchiectasis": 0.025042949244379997,
    "Bronchiolitis": 0.013672594912350178,
    "Bullous Disease": 0.06487932056188583,
    "Calcified Granuloma": 0.3974854052066803,
    "Calcinosis": 0.3021407127380371,
    "Cardiac Shadow (abnormal)": 0.07032781839370728,
    "Cardiomegaly": 0.09870032966136932,
    "Consolidation": 0.15196219086647034,
    "Degenerative Change": 0.37358587980270386,
    "Edema": 0.11211702227592468,
    "Effusion": 0.03671635687351227,
    "Emphysema": 0.3793526887893677,
    "Fibrosis": 0.39571577310562134,
    "Fractures": 0.2747001647949219,
    "Hernia": 0.20046113431453705,
    "Hyperinflation": 0.3556096851825714,
    "Increased Lung Markings": 0.20192986726760864,
    "Interstitial Lung Disease": 0.24585343897342682,
    "Kyphosis": 0.11416071653366089,
    "Lesion": 0.40513551235198975,
    "Mass": 0.08454731106758118,
    "Nodule": 0.21657423675060272,
    "Osteophyte": 0.19212840497493744,
    "Pleural Effusion": 0.15340664982795715,
    "Pleural Thickening": 0.22045201063156128,
    "Pneumothorax": 0.19982948899269104,
    "Pulmonary Artery Enlargement": 0.07639826089143753,
    "Pulmonary Fibrosis": 0.07578951865434647,
    "Rib Fracture": 0.036961629986763,
    "Scoliosis": 0.15064284205436707,
    "Subcutaneous Emphysema": 0.04985971376299858,
    "Thickening": 0.1780347377061844,
    "Volume Loss": 0.22898706793785095,
    "normal": 0.6620687246322632
  },
  "lateral_probs": {
    "Airspace Disease": 0.19676274061203003,
    "Bronchiectasis": 0.05440130457282066,
    "Bronchiolitis": 0.0034608207643032074,
    "Bullous Disease": 0.02630864456295967,
    "Calcified Granuloma": 0.3626822233200073,
    "Calcinosis": 0.25262799859046936,
    "Cardiac Shadow (abnormal)": 0.0909685343503952,
    "Cardiomegaly": 0.2287541776895523,
    "Consolidation": 0.15086160600185394,
    "Degenerative Change": 0.4439742863178253,
    "Edema": 0.1290523111820221,
    "Effusion": 0.04369485750794411,
    "Emphysema": 0.28813448548316956,
    "Fibrosis": 0.2754165828227997,
    "Fractures": 0.14023655652999878,
    "Hernia": 0.15397968888282776,
    "Hyperinflation": 0.35397446155548096,
    "Increased Lung Markings": 0.16779418289661407,
    "Interstitial Lung Disease": 0.13662678003311157,
    "Kyphosis": 0.05440676212310791,
    "Lesion": 0.3586990535259247,
    "Mass": 0.08116162568330765,
    "Nodule": 0.19852633774280548,
    "Osteophyte": 0.30810484290122986,
    "Pleural Effusion": 0.10839026421308517,
    "Pleural Thickening": 0.16349267959594727,
    "Pneumothorax": 0.08115512132644653,
    "Pulmonary Artery Enlargement": 0.08429475873708725,
    "Pulmonary Fibrosis": 0.06474966555833817,
    "Rib Fracture": 0.023534871637821198,
    "Scoliosis": 0.16511674225330353,
    "Subcutaneous Emphysema": 0.020410755649209023,
    "Thickening": 0.1392696648836136,
    "Volume Loss": 0.2301236242055893,
    "normal": 0.7362099289894104
  }
}