{
  "uid": "3304",
  "frontal_image": "3304_IM-1581-1001.dcm.png",
  "lateral_image": "3304_IM-1581-2001.dcm.png",
  "fusion_mode": "weighted_avg(f=0.65,l=0.35)",
  "predicted_classes": [
    "normal"
  ],
  "resolved_classes": [
    "normal"
  ],
  "kg_classes": [
    "Normal"
  ],
  "num_predicted": 1,
  "conflict_resolution": "no_conflict",
  "is_uncertain": true,
  "uncertainty_reason": "normal_prob=0.624 (<0.73) with elevated disease scores: Degenerative Change=0.487, Calcified Granuloma=0.366, Lesion=0.361",
  "inference_time_s": 0.2472,
  "gt_labels": "Scoliosis",
  "probabilities": {
    "Airspace Disease": 0.21458,
    "Bronchiectasis": 0.034626,
    "Bronchiolitis": 0.011546,
    "Bullous Disease": 0.021927,
    "Calcified Granuloma": 0.365896,
    "Calcinosis": 0.286897,
    "Cardiac Shadow (abnormal)": 0.103013,
    "Cardiomegaly": 0.276972,
    "Consolidation": 0.131096,
    "Degenerative Change": 0.487128,
    "Edema": 0.136215,
    "Effusion": 0.053834,
    "Emphysema": 0.170128,
    "Fibrosis": 0.270959,
    "Fractures": 0.202821,
    "Hernia": 0.322259,
    "Hyperinflation": 0.340731,
    "Increased Lung Markings": 0.26541,
    "Interstitial Lung Disease": 0.120558,
    "Kyphosis": 0.135399,
    "Lesion": 0.361467,
    "Mass": 0.077618,
    "Nodule": 0.205717,
    "Osteophyte": 0.317642,
    "Pleural Effusion": 0.182346,
    "Pleural Thickening": 0.150835,
    "Pneumothorax": 0.088101,
    "Pulmonary Artery Enlargement": 0.128414,
    "Pulmonary Fibrosis": 0.078058,
    "Rib Fracture": 0.03315,
    "Scoliosis": 0.285382,
    "Subcutaneous Emphysema": 0.030578,
    "Thickening": 0.121423,
    "Volume Loss": 0.249162,
    "normal": 0.624421
  },
  "frontal_probs": {
    "Airspace Disease": 0.12729483842849731,
    "Bronchiectasis": 0.009223917499184608,
    "Bronchiolitis": 0.009470066986978054,
    "Bullous Disease": 0.011800541542470455,
    "Calcified Granuloma": 0.3764539957046509,
    "Calcinosis": 0.2661622166633606,
    "Cardiac Shadow (abnormal)": 0.07449188083410263,
    "Cardiomegaly": 0.2467709481716156,
    "Consolidation": 0.0706225037574768,
    "Degenerative Change": 0.4936376214027405,
    "Edema": 0.07246734201908112,
    "Effusion": 0.013267281465232372,
    "Emphysema": 0.10564392805099487,
    "Fibrosis": 0.24446776509284973,
    "Fractures": 0.195541650056839,
    "Hernia": 0.32241350412368774,
    "Hyperinflation": 0.31422677636146545,
    "Increased Lung Markings": 0.2555805742740631,
    "Interstitial Lung Disease": 0.0597698800265789,
    "Kyphosis": 0.13239845633506775,
    "Lesion": 0.310092955827713,
    "Mass": 0.035791825503110886,
    "Nodule": 0.2038213461637497,
    "Osteophyte": 0.3208119571208954,
    "Pleural Effusion": 0.10432171821594238,
    "Pleural Thickening": 0.08875636756420135,
    "Pneumothorax": 0.05894813314080238,
    "Pulmonary Artery Enlargement": 0.12331138551235199,
    "Pulmonary Fibrosis": 0.021836820989847183,
    "Rib Fracture": 0.015889106318354607,
    "Scoliosis": 0.2766369879245758,
    "Subcutaneous Emphysema": 0.01406033430248499,
    "Thickening": 0.08795442432165146,
    "Volume Loss": 0.20379628241062164,
    "normal": 0.6447717547416687
  },
  "lateral_probs": {
    "Airspace Disease": 0.37668007612228394,
    "Bronchiectasis": 0.08180081844329834,
    "Bronchiolitis": 0.01540057361125946,
    "Bullous Disease": 0.04073187708854675,
    "Calcified Granuloma": 0.3462889790534973,
    "Calcinosis": 0.3254038691520691,
    "Cardiac Shadow (abnormal)": 0.15598079562187195,
    "Cardiomegaly": 0.33305883407592773,
    "Consolidation": 0.24340452253818512,
    "Degenerative Change": 0.4750378429889679,
    "Edema": 0.2546044886112213,
    "Effusion": 0.12917082011699677,
    "Emphysema": 0.289884090423584,
    "Fibrosis": 0.3201562464237213,
    "Fractures": 0.2163408100605011,
    "Hernia": 0.32197195291519165,
    "Hyperinflation": 0.38995444774627686,
    "Increased Lung Markings": 0.283663272857666,
    "Interstitial Lung Disease": 0.23344933986663818,
    "Kyphosis": 0.140972301363945,
    "Lesion": 0.4568765461444855,
    "Mass": 0.15529438853263855,
    "Nodule": 0.20923668146133423,
    "Osteophyte": 0.3117552399635315,
    "Pleural Effusion": 0.32724884152412415,
    "Pleural Thickening": 0.2661239206790924,
    "Pneumothorax": 0.142240971326828,
    "Pulmonary Artery Enlargement": 0.13789062201976776,
    "Pulmonary Fibrosis": 0.18246738612651825,
    "Rib Fracture": 0.06520580500364304,
    "Scoliosis": 0.30162203311920166,
    "Subcutaneous Emphysema": 0.06125316396355629,
    "Thickening": 0.18357844650745392,
    "Volume Loss": 0.3334115445613861,
    "normal": 0.5866279006004333
  }
}