{
  "uid": "3444",
  "frontal_image": "3444_IM-1667-1001.dcm.png|3444_IM-1667-2001.dcm.png",
  "lateral_image": "3444_IM-1667-3001.dcm.png",
  "fusion_mode": "weighted_avg(f=0.65,l=0.35)",
  "predicted_classes": [
    "normal"
  ],
  "resolved_classes": [
    "normal"
  ],
  "kg_classes": [
    "Normal"
  ],
  "num_predicted": 1,
  "conflict_resolution": "no_conflict",
  "is_uncertain": true,
  "uncertainty_reason": "normal_prob=0.694 (<0.73) with elevated disease scores: Lesion=0.364, Hyperinflation=0.352, Degenerative Change=0.341",
  "inference_time_s": 0.4034,
  "gt_labels": "normal",
  "probabilities": {
    "Airspace Disease": 0.266111,
    "Bronchiectasis": 0.093396,
    "Bronchiolitis": 0.011731,
    "Bullous Disease": 0.070253,
    "Calcified Granuloma": 0.323074,
    "Calcinosis": 0.297108,
    "Cardiac Shadow (abnormal)": 0.119523,
    "Cardiomegaly": 0.2817,
    "Consolidation": 0.204113,
    "Degenerative Change": 0.340982,
    "Edema": 0.237396,
    "Effusion": 0.124087,
    "Emphysema": 0.256642,
    "Fibrosis": 0.296224,
    "Fractures": 0.196723,
    "Hernia": 0.155854,
    "Hyperinflation": 0.352105,
    "Increased Lung Markings": 0.212539,
    "Interstitial Lung Disease": 0.141434,
    "Kyphosis": 0.057159,
    "Lesion": 0.364157,
    "Mass": 0.107314,
    "Nodule": 0.28329,
    "Osteophyte": 0.168998,
    "Pleural Effusion": 0.172978,
    "Pleural Thickening": 0.271348,
    "Pneumothorax": 0.169465,
    "Pulmonary Artery Enlargement": 0.097584,
    "Pulmonary Fibrosis": 0.113662,
    "Rib Fracture": 0.085946,
    "Scoliosis": 0.207511,
    "Subcutaneous Emphysema": 0.036804,
    "Thickening": 0.183495,
    "Volume Loss": 0.293879,
    "normal": 0.693702
  },
  "frontal_probs": {
    "Airspace Disease": 0.2961411029100418,
    "Bronchiectasis": 0.09701382368803024,
    "Bronchiolitis": 0.016720072831958532,
    "Bullous Disease": 0.1017313078045845,
    "Calcified Granuloma": 0.3117413967847824,
    "Calcinosis": 0.3207253962755203,
    "Cardiac Shadow (abnormal)": 0.13393288850784302,
    "Cardiomegaly": 0.27381324023008347,
    "Consolidation": 0.18249938637018204,
    "Degenerative Change": 0.3362038880586624,
    "Edema": 0.2503795772790909,
    "Effusion": 0.14216870069503784,
    "Emphysema": 0.30954107642173767,
    "Fibrosis": 0.3158360570669174,
    "Fractures": 0.23040561378002167,
    "Hernia": 0.13954151049256325,
    "Hyperinflation": 0.34847788512706757,
    "Increased Lung Markings": 0.22459443658590317,
    "Interstitial Lung Disease": 0.1394493319094181,
    "Kyphosis": 0.0692948717623949,
    "Lesion": 0.37042567133903503,
    "Mass": 0.12086805328726768,
    "Nodule": 0.3482535034418106,
    "Osteophyte": 0.17458608746528625,
    "Pleural Effusion": 0.1783710941672325,
    "Pleural Thickening": 0.32353949546813965,
    "Pneumothorax": 0.2369629368185997,
    "Pulmonary Artery Enlargement": 0.10764079540967941,
    "Pulmonary Fibrosis": 0.11067386344075203,
    "Rib Fracture": 0.10829658433794975,
    "Scoliosis": 0.24508393555879593,
    "Subcutaneous Emphysema": 0.049790676683187485,
    "Thickening": 0.21969538182020187,
    "Volume Loss": 0.29086631536483765,
    "normal": 0.6850312352180481
  },
  "lateral_probs": {
    "Airspace Disease": 0.210342139005661,
    "Bronchiectasis": 0.08667825907468796,
    "Bronchiolitis": 0.002466169884428382,
    "Bullous Disease": 0.011794259771704674,
    "Calcified Granuloma": 0.3441189229488373,
    "Calcinosis": 0.2532464861869812,
    "Cardiac Shadow (abnormal)": 0.0927620530128479,
    "Cardiomegaly": 0.29634642601013184,
    "Consolidation": 0.24425233900547028,
    "Degenerative Change": 0.34985432028770447,
    "Edema": 0.2132842093706131,
    "Effusion": 0.09050703793764114,
    "Emphysema": 0.15840046107769012,
    "Fibrosis": 0.25980037450790405,
    "Fractures": 0.13417017459869385,
    "Hernia": 0.18614934384822845,
    "Hyperinflation": 0.3588424324989319,
    "Increased Lung Markings": 0.19014953076839447,
    "Interstitial Lung Disease": 0.14511899650096893,
    "Kyphosis": 0.0346221849322319,
    "Lesion": 0.35251498222351074,
    "Mass": 0.08214282244443893,
    "Nodule": 0.16264252364635468,
    "Osteophyte": 0.1586190015077591,
    "Pleural Effusion": 0.16296230256557465,
    "Pleural Thickening": 0.17442211508750916,
    "Pneumothorax": 0.044112078845500946,
    "Pulmonary Artery Enlargement": 0.07890841364860535,
    "Pulmonary Fibrosis": 0.11921185255050659,
    "Rib Fracture": 0.04443848878145218,
    "Scoliosis": 0.1377321481704712,
    "Subcutaneous Emphysema": 0.012685632333159447,
    "Thickening": 0.11626601964235306,
    "Volume Loss": 0.2994751036167145,
    "normal": 0.7098045349121094
  }
}