{
  "uid": "3365",
  "frontal_image": "3365_IM-1618-1001.dcm.png",
  "lateral_image": "3365_IM-1618-2001.dcm.png",
  "fusion_mode": "weighted_avg(f=0.65,l=0.35)",
  "predicted_classes": [
    "normal"
  ],
  "resolved_classes": [
    "normal"
  ],
  "kg_classes": [
    "Normal"
  ],
  "num_predicted": 1,
  "conflict_resolution": "no_conflict",
  "is_uncertain": false,
  "uncertainty_reason": "",
  "inference_time_s": 0.2728,
  "gt_labels": "normal",
  "probabilities": {
    "Airspace Disease": 0.194672,
    "Bronchiectasis": 0.021816,
    "Bronchiolitis": 0.002909,
    "Bullous Disease": 0.025197,
    "Calcified Granuloma": 0.227927,
    "Calcinosis": 0.241471,
    "Cardiac Shadow (abnormal)": 0.045853,
    "Cardiomegaly": 0.145066,
    "Consolidation": 0.13879,
    "Degenerative Change": 0.285018,
    "Edema": 0.118633,
    "Effusion": 0.048582,
    "Emphysema": 0.188968,
    "Fibrosis": 0.217642,
    "Fractures": 0.182286,
    "Hernia": 0.088993,
    "Hyperinflation": 0.289514,
    "Increased Lung Markings": 0.116124,
    "Interstitial Lung Disease": 0.10438,
    "Kyphosis": 0.050747,
    "Lesion": 0.288235,
    "Mass": 0.02754,
    "Nodule": 0.145381,
    "Osteophyte": 0.115695,
    "Pleural Effusion": 0.147746,
    "Pleural Thickening": 0.178386,
    "Pneumothorax": 0.187079,
    "Pulmonary Artery Enlargement": 0.046778,
    "Pulmonary Fibrosis": 0.052892,
    "Rib Fracture": 0.014209,
    "Scoliosis": 0.223536,
    "Subcutaneous Emphysema": 0.018372,
    "Thickening": 0.107115,
    "Volume Loss": 0.224252,
    "normal": 0.800639
  },
  "frontal_probs": {
    "Airspace Disease": 0.14621923863887787,
    "Bronchiectasis": 0.0067115225829184055,
    "Bronchiolitis": 0.002092605223879218,
    "Bullous Disease": 0.023164518177509308,
    "Calcified Granuloma": 0.17795661091804504,
    "Calcinosis": 0.22998987138271332,
    "Cardiac Shadow (abnormal)": 0.021597551181912422,
    "Cardiomegaly": 0.0720285102725029,
    "Consolidation": 0.0774795264005661,
    "Degenerative Change": 0.21466705203056335,
    "Edema": 0.06650527566671371,
    "Effusion": 0.02774224802851677,
    "Emphysema": 0.17942184209823608,
    "Fibrosis": 0.18621093034744263,
    "Fractures": 0.17275655269622803,
    "Hernia": 0.04536648839712143,
    "Hyperinflation": 0.23134006559848785,
    "Increased Lung Markings": 0.0678994357585907,
    "Interstitial Lung Disease": 0.06321850419044495,
    "Kyphosis": 0.03910323232412338,
    "Lesion": 0.24142546951770782,
    "Mass": 0.011096957139670849,
    "Nodule": 0.11086565256118774,
    "Osteophyte": 0.06921789050102234,
    "Pleural Effusion": 0.09511437267065048,
    "Pleural Thickening": 0.1636558175086975,
    "Pneumothorax": 0.2427581250667572,
    "Pulmonary Artery Enlargement": 0.026164796203374863,
    "Pulmonary Fibrosis": 0.021504350006580353,
    "Rib Fracture": 0.00629489915445447,
    "Scoliosis": 0.21534273028373718,
    "Subcutaneous Emphysema": 0.014581824652850628,
    "Thickening": 0.08846445381641388,
    "Volume Loss": 0.19710177183151245,
    "normal": 0.845809817314148
  },
  "lateral_probs": {
    "Airspace Disease": 0.28465500473976135,
    "Bronchiectasis": 0.049867238849401474,
    "Bronchiolitis": 0.004426509607583284,
    "Bullous Disease": 0.02897029183804989,
    "Calcified Granuloma": 0.32072898745536804,
    "Calcinosis": 0.2627931535243988,
    "Cardiac Shadow (abnormal)": 0.09089861065149307,
    "Cardiomegaly": 0.2807067036628723,
    "Consolidation": 0.252651572227478,
    "Degenerative Change": 0.415669709444046,
    "Edema": 0.21544203162193298,
    "Effusion": 0.08728392422199249,
    "Emphysema": 0.20669585466384888,
    "Fibrosis": 0.2760137915611267,
    "Fractures": 0.1999829262495041,
    "Hernia": 0.1700129210948944,
    "Hyperinflation": 0.39755260944366455,
    "Increased Lung Markings": 0.20568521320819855,
    "Interstitial Lung Disease": 0.1808226853609085,
    "Kyphosis": 0.07237061113119125,
    "Lesion": 0.37516576051712036,
    "Mass": 0.058077093213796616,
    "Nodule": 0.2094803750514984,
    "Osteophyte": 0.20200896263122559,
    "Pleural Effusion": 0.2454901933670044,
    "Pleural Thickening": 0.205743208527565,
    "Pneumothorax": 0.08367453515529633,
    "Pulmonary Artery Enlargement": 0.08505896478891373,
    "Pulmonary Fibrosis": 0.11118365824222565,
    "Rib Fracture": 0.02890738658607006,
    "Scoliosis": 0.2387508898973465,
    "Subcutaneous Emphysema": 0.025410134345293045,
    "Thickening": 0.1417512595653534,
    "Volume Loss": 0.2746729254722595,
    "normal": 0.716749906539917
  }
}