{
  "uid": "3911",
  "frontal_image": "3911_IM-1987-1001.dcm.png",
  "lateral_image": "3911_IM-1987-2001.dcm.png",
  "fusion_mode": "weighted_avg(f=0.65,l=0.35)",
  "predicted_classes": [
    "normal"
  ],
  "resolved_classes": [
    "normal"
  ],
  "kg_classes": [
    "Normal"
  ],
  "num_predicted": 1,
  "conflict_resolution": "no_conflict",
  "is_uncertain": false,
  "uncertainty_reason": "",
  "inference_time_s": 0.2647,
  "gt_labels": "normal",
  "probabilities": {
    "Airspace Disease": 0.103772,
    "Bronchiectasis": 0.018533,
    "Bronchiolitis": 0.00099,
    "Bullous Disease": 0.006487,
    "Calcified Granuloma": 0.213203,
    "Calcinosis": 0.162779,
    "Cardiac Shadow (abnormal)": 0.044463,
    "Cardiomegaly": 0.117242,
    "Consolidation": 0.088813,
    "Degenerative Change": 0.204458,
    "Edema": 0.073045,
    "Effusion": 0.033802,
    "Emphysema": 0.092771,
    "Fibrosis": 0.140788,
    "Fractures": 0.112254,
    "Hernia": 0.075099,
    "Hyperinflation": 0.158283,
    "Increased Lung Markings": 0.097796,
    "Interstitial Lung Disease": 0.059741,
    "Kyphosis": 0.016709,
    "Lesion": 0.18144,
    "Mass": 0.02484,
    "Nodule": 0.112275,
    "Osteophyte": 0.093592,
    "Pleural Effusion": 0.068581,
    "Pleural Thickening": 0.099062,
    "Pneumothorax": 0.038789,
    "Pulmonary Artery Enlargement": 0.028963,
    "Pulmonary Fibrosis": 0.026133,
    "Rib Fracture": 0.016174,
    "Scoliosis": 0.10052,
    "Subcutaneous Emphysema": 0.004541,
    "Thickening": 0.061777,
    "Volume Loss": 0.12923,
    "normal": 0.888237
  },
  "frontal_probs": {
    "Airspace Disease": 0.03913871571421623,
    "Bronchiectasis": 0.0006831975770182908,
    "Bronchiolitis": 0.00022026439546607435,
    "Bullous Disease": 0.003371534403413534,
    "Calcified Granuloma": 0.16102945804595947,
    "Calcinosis": 0.1106085255742073,
    "Cardiac Shadow (abnormal)": 0.005770469084382057,
    "Cardiomegaly": 0.033100198954343796,
    "Consolidation": 0.019323747605085373,
    "Degenerative Change": 0.11388961970806122,
    "Edema": 0.006393438205122948,
    "Effusion": 0.0021501786541193724,
    "Emphysema": 0.038744114339351654,
    "Fibrosis": 0.07578397542238235,
    "Fractures": 0.07556275278329849,
    "Hernia": 0.025862907990813255,
    "Hyperinflation": 0.0693712830543518,
    "Increased Lung Markings": 0.0433465838432312,
    "Interstitial Lung Disease": 0.013200510293245316,
    "Kyphosis": 0.007334222551435232,
    "Lesion": 0.07231327891349792,
    "Mass": 0.006838914938271046,
    "Nodule": 0.08406025171279907,
    "Osteophyte": 0.06611690670251846,
    "Pleural Effusion": 0.01850724406540394,
    "Pleural Thickening": 0.03322630375623703,
    "Pneumothorax": 0.021177032962441444,
    "Pulmonary Artery Enlargement": 0.0043342504650354385,
    "Pulmonary Fibrosis": 0.0023223604075610638,
    "Rib Fracture": 0.0019452550914138556,
    "Scoliosis": 0.05695350095629692,
    "Subcutaneous Emphysema": 0.0008949324255809188,
    "Thickening": 0.022170795127749443,
    "Volume Loss": 0.05312464386224747,
    "normal": 0.9651069045066833
  },
  "lateral_probs": {
    "Airspace Disease": 0.22380656003952026,
    "Bronchiectasis": 0.05168153718113899,
    "Bronchiolitis": 0.00242004101164639,
    "Bullous Disease": 0.012273344211280346,
    "Calcified Granuloma": 0.3100968599319458,
    "Calcinosis": 0.2596663236618042,
    "Cardiac Shadow (abnormal)": 0.11631925404071808,
    "Cardiomegaly": 0.27350637316703796,
    "Consolidation": 0.21786516904830933,
    "Degenerative Change": 0.3726571202278137,
    "Edema": 0.19682680070400238,
    "Effusion": 0.09258347004652023,
    "Emphysema": 0.19310569763183594,
    "Fibrosis": 0.26150861382484436,
    "Fractures": 0.1803956925868988,
    "Hernia": 0.16653764247894287,
    "Hyperinflation": 0.3234034478664398,
    "Increased Lung Markings": 0.19891640543937683,
    "Interstitial Lung Disease": 0.14617428183555603,
    "Kyphosis": 0.03411894664168358,
    "Lesion": 0.38410353660583496,
    "Mass": 0.05826951935887337,
    "Nodule": 0.16467256844043732,
    "Osteophyte": 0.1446181982755661,
    "Pleural Effusion": 0.16157549619674683,
    "Pleural Thickening": 0.22132790088653564,
    "Pneumothorax": 0.07149761915206909,
    "Pulmonary Artery Enlargement": 0.07470183819532394,
    "Pulmonary Fibrosis": 0.07035192102193832,
    "Rib Fracture": 0.04259923845529556,
    "Scoliosis": 0.18142902851104736,
    "Subcutaneous Emphysema": 0.011313283815979958,
    "Thickening": 0.13533088564872742,
    "Volume Loss": 0.27056846022605896,
    "normal": 0.7454795241355896
  }
}