{
  "uid": "3287",
  "frontal_image": "3287_IM-1568-2002.dcm.png",
  "lateral_image": "3287_IM-1568-3003.dcm.png",
  "fusion_mode": "weighted_avg(f=0.65,l=0.35)",
  "predicted_classes": [
    "normal"
  ],
  "resolved_classes": [
    "normal"
  ],
  "kg_classes": [
    "Normal"
  ],
  "num_predicted": 1,
  "conflict_resolution": "no_conflict",
  "is_uncertain": true,
  "uncertainty_reason": "normal_prob=0.681 (<0.73) with elevated disease scores: Degenerative Change=0.426, Lesion=0.379, Hyperinflation=0.361",
  "inference_time_s": 0.2786,
  "gt_labels": "Lesion",
  "probabilities": {
    "Airspace Disease": 0.189517,
    "Bronchiectasis": 0.025959,
    "Bronchiolitis": 0.014444,
    "Bullous Disease": 0.032415,
    "Calcified Granuloma": 0.319755,
    "Calcinosis": 0.237002,
    "Cardiac Shadow (abnormal)": 0.109526,
    "Cardiomegaly": 0.24164,
    "Consolidation": 0.10919,
    "Degenerative Change": 0.425539,
    "Edema": 0.13033,
    "Effusion": 0.034242,
    "Emphysema": 0.161804,
    "Fibrosis": 0.255216,
    "Fractures": 0.157068,
    "Hernia": 0.204315,
    "Hyperinflation": 0.360575,
    "Increased Lung Markings": 0.24927,
    "Interstitial Lung Disease": 0.087616,
    "Kyphosis": 0.08249,
    "Lesion": 0.3793,
    "Mass": 0.058462,
    "Nodule": 0.228413,
    "Osteophyte": 0.239434,
    "Pleural Effusion": 0.177604,
    "Pleural Thickening": 0.130325,
    "Pneumothorax": 0.075488,
    "Pulmonary Artery Enlargement": 0.072957,
    "Pulmonary Fibrosis": 0.049624,
    "Rib Fracture": 0.040313,
    "Scoliosis": 0.11907,
    "Subcutaneous Emphysema": 0.01796,
    "Thickening": 0.112533,
    "Volume Loss": 0.26299,
    "normal": 0.681028
  },
  "frontal_probs": {
    "Airspace Disease": 0.22357572615146637,
    "Bronchiectasis": 0.020791204646229744,
    "Bronchiolitis": 0.021912941709160805,
    "Bullous Disease": 0.04644535481929779,
    "Calcified Granuloma": 0.34674587845802307,
    "Calcinosis": 0.28208205103874207,
    "Cardiac Shadow (abnormal)": 0.15339389443397522,
    "Cardiomegaly": 0.3075177073478699,
    "Consolidation": 0.0897197425365448,
    "Degenerative Change": 0.4595830738544464,
    "Edema": 0.1732361614704132,
    "Effusion": 0.04664243012666702,
    "Emphysema": 0.17979857325553894,
    "Fibrosis": 0.27101707458496094,
    "Fractures": 0.186247780919075,
    "Hernia": 0.2594735026359558,
    "Hyperinflation": 0.4195970296859741,
    "Increased Lung Markings": 0.3352394998073578,
    "Interstitial Lung Disease": 0.10243277996778488,
    "Kyphosis": 0.11563646793365479,
    "Lesion": 0.4242461919784546,
    "Mass": 0.042145632207393646,
    "Nodule": 0.2805687487125397,
    "Osteophyte": 0.29553869366645813,
    "Pleural Effusion": 0.2422872632741928,
    "Pleural Thickening": 0.17136850953102112,
    "Pneumothorax": 0.09974785894155502,
    "Pulmonary Artery Enlargement": 0.08442533761262894,
    "Pulmonary Fibrosis": 0.0520843006670475,
    "Rib Fracture": 0.05761675536632538,
    "Scoliosis": 0.11866919696331024,
    "Subcutaneous Emphysema": 0.02474592998623848,
    "Thickening": 0.12416961044073105,
    "Volume Loss": 0.33640486001968384,
    "normal": 0.5661319494247437
  },
  "lateral_probs": {
    "Airspace Disease": 0.1262640655040741,
    "Bronchiectasis": 0.035555701702833176,
    "Bronchiolitis": 0.0005730537814088166,
    "Bullous Disease": 0.006357209291309118,
    "Calcified Granuloma": 0.2696286141872406,
    "Calcinosis": 0.1532808244228363,
    "Cardiac Shadow (abnormal)": 0.028056202456355095,
    "Cardiomegaly": 0.1192966178059578,
    "Consolidation": 0.14534850418567657,
    "Degenerative Change": 0.3623136579990387,
    "Edema": 0.05064581334590912,
    "Effusion": 0.011213736608624458,
    "Emphysema": 0.12838542461395264,
    "Fibrosis": 0.2258712500333786,
    "Fractures": 0.10287624597549438,
    "Hernia": 0.10187657922506332,
    "Hyperinflation": 0.25096240639686584,
    "Increased Lung Markings": 0.08961185812950134,
    "Interstitial Lung Disease": 0.06009860709309578,
    "Kyphosis": 0.020931676030158997,
    "Lesion": 0.2958296537399292,
    "Mass": 0.08876269310712814,
    "Nodule": 0.13155223429203033,
    "Osteophyte": 0.1352393478155136,
    "Pleural Effusion": 0.057477932423353195,
    "Pleural Thickening": 0.0541018471121788,
    "Pneumothorax": 0.030432673171162605,
    "Pulmonary Artery Enlargement": 0.05165736377239227,
    "Pulmonary Fibrosis": 0.04505476355552673,
    "Rib Fracture": 0.008178536780178547,
    "Scoliosis": 0.11981526762247086,
    "Subcutaneous Emphysema": 0.0053565287962555885,
    "Thickening": 0.09092134982347488,
    "Volume Loss": 0.1266486942768097,
    "normal": 0.8944052457809448
  }
}