{
  "uid": "3379",
  "frontal_image": "3379_IM-1627-2001.dcm.png",
  "lateral_image": "3379_IM-1627-1001.dcm.png",
  "fusion_mode": "weighted_avg(f=0.65,l=0.35)",
  "predicted_classes": [
    "normal"
  ],
  "resolved_classes": [
    "normal"
  ],
  "kg_classes": [
    "Normal"
  ],
  "num_predicted": 1,
  "conflict_resolution": "no_conflict",
  "is_uncertain": true,
  "uncertainty_reason": "normal_prob=0.707 (<0.73) with elevated disease scores: Cardiomegaly=0.381, Lesion=0.371, Increased Lung Markings=0.354",
  "inference_time_s": 0.2732,
  "gt_labels": "Airspace Disease;Cardiomegaly",
  "probabilities": {
    "Airspace Disease": 0.18701,
    "Bronchiectasis": 0.012665,
    "Bronchiolitis": 0.004367,
    "Bullous Disease": 0.015635,
    "Calcified Granuloma": 0.181061,
    "Calcinosis": 0.206386,
    "Cardiac Shadow (abnormal)": 0.16721,
    "Cardiomegaly": 0.380602,
    "Consolidation": 0.092125,
    "Degenerative Change": 0.304246,
    "Edema": 0.323574,
    "Effusion": 0.045842,
    "Emphysema": 0.052071,
    "Fibrosis": 0.141005,
    "Fractures": 0.143797,
    "Hernia": 0.100576,
    "Hyperinflation": 0.286917,
    "Increased Lung Markings": 0.353865,
    "Interstitial Lung Disease": 0.044162,
    "Kyphosis": 0.055947,
    "Lesion": 0.37081,
    "Mass": 0.054413,
    "Nodule": 0.164535,
    "Osteophyte": 0.152474,
    "Pleural Effusion": 0.153496,
    "Pleural Thickening": 0.103239,
    "Pneumothorax": 0.079597,
    "Pulmonary Artery Enlargement": 0.084747,
    "Pulmonary Fibrosis": 0.025922,
    "Rib Fracture": 0.025617,
    "Scoliosis": 0.160655,
    "Subcutaneous Emphysema": 0.008537,
    "Thickening": 0.114471,
    "Volume Loss": 0.288335,
    "normal": 0.707346
  },
  "frontal_probs": {
    "Airspace Disease": 0.1672833114862442,
    "Bronchiectasis": 0.012238334864377975,
    "Bronchiolitis": 0.0057316976599395275,
    "Bullous Disease": 0.018958790227770805,
    "Calcified Granuloma": 0.1637931913137436,
    "Calcinosis": 0.2048531323671341,
    "Cardiac Shadow (abnormal)": 0.17662280797958374,
    "Cardiomegaly": 0.4482024908065796,
    "Consolidation": 0.07039730995893478,
    "Degenerative Change": 0.30605044960975647,
    "Edema": 0.4211139380931854,
    "Effusion": 0.060134630650281906,
    "Emphysema": 0.0449792854487896,
    "Fibrosis": 0.11935258656740189,
    "Fractures": 0.12808075547218323,
    "Hernia": 0.09875098615884781,
    "Hyperinflation": 0.28922542929649353,
    "Increased Lung Markings": 0.3933141827583313,
    "Interstitial Lung Disease": 0.04341284558176994,
    "Kyphosis": 0.05086371302604675,
    "Lesion": 0.3622046709060669,
    "Mass": 0.026438217610120773,
    "Nodule": 0.19145603477954865,
    "Osteophyte": 0.16453492641448975,
    "Pleural Effusion": 0.11338621377944946,
    "Pleural Thickening": 0.08500982075929642,
    "Pneumothorax": 0.09195760637521744,
    "Pulmonary Artery Enlargement": 0.08476706594228745,
    "Pulmonary Fibrosis": 0.02335168421268463,
    "Rib Fracture": 0.03186871111392975,
    "Scoliosis": 0.15525367856025696,
    "Subcutaneous Emphysema": 0.008271116763353348,
    "Thickening": 0.12036352604627609,
    "Volume Loss": 0.2744522988796234,
    "normal": 0.6758034825325012
  },
  "lateral_probs": {
    "Airspace Disease": 0.22364476323127747,
    "Bronchiectasis": 0.013458427041769028,
    "Bronchiolitis": 0.0018322896212339401,
    "Bullous Disease": 0.0094622652977705,
    "Calcified Granuloma": 0.21312905848026276,
    "Calcinosis": 0.20923186838626862,
    "Cardiac Shadow (abnormal)": 0.14972814917564392,
    "Cardiomegaly": 0.2550590932369232,
    "Consolidation": 0.13247638940811157,
    "Degenerative Change": 0.3008957505226135,
    "Edema": 0.14242732524871826,
    "Effusion": 0.019298166036605835,
    "Emphysema": 0.06524068862199783,
    "Fibrosis": 0.18121802806854248,
    "Fractures": 0.17298464477062225,
    "Hernia": 0.10396390408277512,
    "Hyperinflation": 0.2826288342475891,
    "Increased Lung Markings": 0.2806011438369751,
    "Interstitial Lung Disease": 0.04555406793951988,
    "Kyphosis": 0.06538708508014679,
    "Lesion": 0.38679224252700806,
    "Mass": 0.10636502504348755,
    "Nodule": 0.11453980952501297,
    "Osteophyte": 0.13007581233978271,
    "Pleural Effusion": 0.22798624634742737,
    "Pleural Thickening": 0.1370927393436432,
    "Pneumothorax": 0.05664108321070671,
    "Pulmonary Artery Enlargement": 0.08471022546291351,
    "Pulmonary Fibrosis": 0.03069474920630455,
    "Rib Fracture": 0.014007393270730972,
    "Scoliosis": 0.17068679630756378,
    "Subcutaneous Emphysema": 0.009031918831169605,
    "Thickening": 0.1035275012254715,
    "Volume Loss": 0.3141171336174011,
    "normal": 0.7659246921539307
  }
}