{
  "uid": "3270",
  "frontal_image": "3270_IM-1552-1001.dcm.png",
  "lateral_image": "",
  "fusion_mode": "frontal_only",
  "predicted_classes": [
    "normal",
    "Degenerative Change"
  ],
  "resolved_classes": [
    "Degenerative Change"
  ],
  "kg_classes": [
    "Degenerative Change"
  ],
  "num_predicted": 1,
  "conflict_resolution": "disease_dominates",
  "is_uncertain": false,
  "uncertainty_reason": "",
  "inference_time_s": 0.1382,
  "gt_labels": "Degenerative Change",
  "probabilities": {
    "Airspace Disease": 0.09015177935361862,
    "Bronchiectasis": 0.014509265311062336,
    "Bronchiolitis": 0.01111579965800047,
    "Bullous Disease": 0.014340481720864773,
    "Calcified Granuloma": 0.3838944435119629,
    "Calcinosis": 0.3226263225078583,
    "Cardiac Shadow (abnormal)": 0.060838837176561356,
    "Cardiomegaly": 0.30097413063049316,
    "Consolidation": 0.03644837811589241,
    "Degenerative Change": 0.5398170948028564,
    "Edema": 0.06654452532529831,
    "Effusion": 0.021982233971357346,
    "Emphysema": 0.09237051010131836,
    "Fibrosis": 0.22125282883644104,
    "Fractures": 0.22670376300811768,
    "Hernia": 0.26614901423454285,
    "Hyperinflation": 0.3424724042415619,
    "Increased Lung Markings": 0.3407425582408905,
    "Interstitial Lung Disease": 0.05429445579648018,
    "Kyphosis": 0.16536951065063477,
    "Lesion": 0.30238354206085205,
    "Mass": 0.04084367677569389,
    "Nodule": 0.186466246843338,
    "Osteophyte": 0.36023011803627014,
    "Pleural Effusion": 0.1375342756509781,
    "Pleural Thickening": 0.12022838741540909,
    "Pneumothorax": 0.07341308891773224,
    "Pulmonary Artery Enlargement": 0.1451222449541092,
    "Pulmonary Fibrosis": 0.04466841369867325,
    "Rib Fracture": 0.0212748683989048,
    "Scoliosis": 0.24819612503051758,
    "Subcutaneous Emphysema": 0.032913852483034134,
    "Thickening": 0.08440346270799637,
    "Volume Loss": 0.25804615020751953,
    "normal": 0.682427167892456
  },
  "frontal_probs": {
    "Airspace Disease": 0.09015177935361862,
    "Bronchiectasis": 0.014509265311062336,
    "Bronchiolitis": 0.01111579965800047,
    "Bullous Disease": 0.014340481720864773,
    "Calcified Granuloma": 0.3838944435119629,
    "Calcinosis": 0.3226263225078583,
    "Cardiac Shadow (abnormal)": 0.060838837176561356,
    "Cardiomegaly": 0.30097413063049316,
    "Consolidation": 0.03644837811589241,
    "Degenerative Change": 0.5398170948028564,
    "Edema": 0.06654452532529831,
    "Effusion": 0.021982233971357346,
    "Emphysema": 0.09237051010131836,
    "Fibrosis": 0.22125282883644104,
    "Fractures": 0.22670376300811768,
    "Hernia": 0.26614901423454285,
    "Hyperinflation": 0.3424724042415619,
    "Increased Lung Markings": 0.3407425582408905,
    "Interstitial Lung Disease": 0.05429445579648018,
    "Kyphosis": 0.16536951065063477,
    "Lesion": 0.30238354206085205,
    "Mass": 0.04084367677569389,
    "Nodule": 0.186466246843338,
    "Osteophyte": 0.36023011803627014,
    "Pleural Effusion": 0.1375342756509781,
    "Pleural Thickening": 0.12022838741540909,
    "Pneumothorax": 0.07341308891773224,
    "Pulmonary Artery Enlargement": 0.1451222449541092,
    "Pulmonary Fibrosis": 0.04466841369867325,
    "Rib Fracture": 0.0212748683989048,
    "Scoliosis": 0.24819612503051758,
    "Subcutaneous Emphysema": 0.032913852483034134,
    "Thickening": 0.08440346270799637,
    "Volume Loss": 0.25804615020751953,
    "normal": 0.682427167892456
  },
  "lateral_probs": {
    "Airspace Disease": 0.0,
    "Bronchiectasis": 0.0,
    "Bronchiolitis": 0.0,
    "Bullous Disease": 0.0,
    "Calcified Granuloma": 0.0,
    "Calcinosis": 0.0,
    "Cardiac Shadow (abnormal)": 0.0,
    "Cardiomegaly": 0.0,
    "Consolidation": 0.0,
    "Degenerative Change": 0.0,
    "Edema": 0.0,
    "Effusion": 0.0,
    "Emphysema": 0.0,
    "Fibrosis": 0.0,
    "Fractures": 0.0,
    "Hernia": 0.0,
    "Hyperinflation": 0.0,
    "Increased Lung Markings": 0.0,
    "Interstitial Lung Disease": 0.0,
    "Kyphosis": 0.0,
    "Lesion": 0.0,
    "Mass": 0.0,
    "Nodule": 0.0,
    "Osteophyte": 0.0,
    "Pleural Effusion": 0.0,
    "Pleural Thickening": 0.0,
    "Pneumothorax": 0.0,
    "Pulmonary Artery Enlargement": 0.0,
    "Pulmonary Fibrosis": 0.0,
    "Rib Fracture": 0.0,
    "Scoliosis": 0.0,
    "Subcutaneous Emphysema": 0.0,
    "Thickening": 0.0,
    "Volume Loss": 0.0,
    "normal": 0.0
  }
}