{
  "uid": "3226",
  "frontal_image": "3226_IM-1525-1001.dcm.png",
  "lateral_image": "3226_IM-1525-2001.dcm.png",
  "fusion_mode": "weighted_avg(f=0.65,l=0.35)",
  "predicted_classes": [
    "normal",
    "Degenerative Change"
  ],
  "resolved_classes": [
    "Degenerative Change"
  ],
  "kg_classes": [
    "Degenerative Change"
  ],
  "num_predicted": 1,
  "conflict_resolution": "disease_dominates",
  "is_uncertain": false,
  "uncertainty_reason": "",
  "inference_time_s": 0.2413,
  "gt_labels": "Degenerative Change",
  "probabilities": {
    "Airspace Disease": 0.095726,
    "Bronchiectasis": 0.01087,
    "Bronchiolitis": 0.016826,
    "Bullous Disease": 0.02052,
    "Calcified Granuloma": 0.323336,
    "Calcinosis": 0.285473,
    "Cardiac Shadow (abnormal)": 0.126327,
    "Cardiomegaly": 0.278881,
    "Consolidation": 0.038449,
    "Degenerative Change": 0.532909,
    "Edema": 0.110485,
    "Effusion": 0.017847,
    "Emphysema": 0.090821,
    "Fibrosis": 0.182633,
    "Fractures": 0.20007,
    "Hernia": 0.264813,
    "Hyperinflation": 0.370872,
    "Increased Lung Markings": 0.268171,
    "Interstitial Lung Disease": 0.129128,
    "Kyphosis": 0.141854,
    "Lesion": 0.231982,
    "Mass": 0.048072,
    "Nodule": 0.204032,
    "Osteophyte": 0.327435,
    "Pleural Effusion": 0.090286,
    "Pleural Thickening": 0.070103,
    "Pneumothorax": 0.044926,
    "Pulmonary Artery Enlargement": 0.07523,
    "Pulmonary Fibrosis": 0.025358,
    "Rib Fracture": 0.032682,
    "Scoliosis": 0.16105,
    "Subcutaneous Emphysema": 0.017065,
    "Thickening": 0.110433,
    "Volume Loss": 0.225917,
    "normal": 0.703762
  },
  "frontal_probs": {
    "Airspace Disease": 0.1004800871014595,
    "Bronchiectasis": 0.009109094738960266,
    "Bronchiolitis": 0.024641361087560654,
    "Bullous Disease": 0.026541881263256073,
    "Calcified Granuloma": 0.3373458683490753,
    "Calcinosis": 0.3113522529602051,
    "Cardiac Shadow (abnormal)": 0.1183527484536171,
    "Cardiomegaly": 0.29696112871170044,
    "Consolidation": 0.04103952273726463,
    "Degenerative Change": 0.6005191206932068,
    "Edema": 0.10041487216949463,
    "Effusion": 0.015417971648275852,
    "Emphysema": 0.09092479199171066,
    "Fibrosis": 0.20069734752178192,
    "Fractures": 0.2285969853401184,
    "Hernia": 0.3434278070926666,
    "Hyperinflation": 0.40299558639526367,
    "Increased Lung Markings": 0.3034997880458832,
    "Interstitial Lung Disease": 0.13350887596607208,
    "Kyphosis": 0.14333418011665344,
    "Lesion": 0.23367944359779358,
    "Mass": 0.053208451718091965,
    "Nodule": 0.24053353071212769,
    "Osteophyte": 0.38707026839256287,
    "Pleural Effusion": 0.08865785598754883,
    "Pleural Thickening": 0.0699905976653099,
    "Pneumothorax": 0.04646846652030945,
    "Pulmonary Artery Enlargement": 0.07355207949876785,
    "Pulmonary Fibrosis": 0.024538103491067886,
    "Rib Fracture": 0.04368877038359642,
    "Scoliosis": 0.1685607135295868,
    "Subcutaneous Emphysema": 0.020197898149490356,
    "Thickening": 0.1262095421552658,
    "Volume Loss": 0.22584198415279388,
    "normal": 0.6567931175231934
  },
  "lateral_probs": {
    "Airspace Disease": 0.08689632266759872,
    "Bronchiectasis": 0.01414022408425808,
    "Bronchiolitis": 0.0023110173642635345,
    "Bullous Disease": 0.009337377734482288,
    "Calcified Granuloma": 0.2973178029060364,
    "Calcinosis": 0.23741132020950317,
    "Cardiac Shadow (abnormal)": 0.1411355882883072,
    "Cardiomegaly": 0.2453036606311798,
    "Consolidation": 0.03363809734582901,
    "Degenerative Change": 0.4073461592197418,
    "Edema": 0.12918703258037567,
    "Effusion": 0.022358328104019165,
    "Emphysema": 0.09062928706407547,
    "Fibrosis": 0.1490849405527115,
    "Fractures": 0.14709104597568512,
    "Hernia": 0.11881531029939651,
    "Hyperinflation": 0.3112136423587799,
    "Increased Lung Markings": 0.20256026089191437,
    "Interstitial Lung Disease": 0.12099310755729675,
    "Kyphosis": 0.1391061246395111,
    "Lesion": 0.22883056104183197,
    "Mass": 0.03853151947259903,
    "Nodule": 0.13624465465545654,
    "Osteophyte": 0.21668390929698944,
    "Pleural Effusion": 0.09331060945987701,
    "Pleural Thickening": 0.07031173259019852,
    "Pneumothorax": 0.04206151142716408,
    "Pulmonary Artery Enlargement": 0.07834754884243011,
    "Pulmonary Fibrosis": 0.026881327852606773,
    "Rib Fracture": 0.01223953440785408,
    "Scoliosis": 0.14710034430027008,
    "Subcutaneous Emphysema": 0.011245944537222385,
    "Thickening": 0.08113440871238708,
    "Volume Loss": 0.2260555773973465,
    "normal": 0.7909905910491943
  }
}