{
  "uid": "3392",
  "frontal_image": "3392_IM-1637-1001.dcm.png",
  "lateral_image": "3392_IM-1637-2001.dcm.png",
  "fusion_mode": "weighted_avg(f=0.65,l=0.35)",
  "predicted_classes": [
    "normal"
  ],
  "resolved_classes": [
    "normal"
  ],
  "kg_classes": [
    "Normal"
  ],
  "num_predicted": 1,
  "conflict_resolution": "no_conflict",
  "is_uncertain": false,
  "uncertainty_reason": "",
  "inference_time_s": 0.2697,
  "gt_labels": "normal",
  "probabilities": {
    "Airspace Disease": 0.042487,
    "Bronchiectasis": 0.004388,
    "Bronchiolitis": 0.000214,
    "Bullous Disease": 0.001308,
    "Calcified Granuloma": 0.100296,
    "Calcinosis": 0.079835,
    "Cardiac Shadow (abnormal)": 0.017683,
    "Cardiomegaly": 0.040705,
    "Consolidation": 0.027342,
    "Degenerative Change": 0.098387,
    "Edema": 0.02779,
    "Effusion": 0.005612,
    "Emphysema": 0.038645,
    "Fibrosis": 0.043986,
    "Fractures": 0.047728,
    "Hernia": 0.028267,
    "Hyperinflation": 0.094244,
    "Increased Lung Markings": 0.036549,
    "Interstitial Lung Disease": 0.031211,
    "Kyphosis": 0.00597,
    "Lesion": 0.085648,
    "Mass": 0.026727,
    "Nodule": 0.047759,
    "Osteophyte": 0.050288,
    "Pleural Effusion": 0.019736,
    "Pleural Thickening": 0.033491,
    "Pneumothorax": 0.009051,
    "Pulmonary Artery Enlargement": 0.013303,
    "Pulmonary Fibrosis": 0.010152,
    "Rib Fracture": 0.003035,
    "Scoliosis": 0.050127,
    "Subcutaneous Emphysema": 0.001245,
    "Thickening": 0.025263,
    "Volume Loss": 0.052528,
    "normal": 0.958239
  },
  "frontal_probs": {
    "Airspace Disease": 0.007685283198952675,
    "Bronchiectasis": 1.1859064215968829e-05,
    "Bronchiolitis": 1.5903954135865206e-06,
    "Bullous Disease": 6.562696216860786e-05,
    "Calcified Granuloma": 0.03371823951601982,
    "Calcinosis": 0.014949037693440914,
    "Cardiac Shadow (abnormal)": 0.00030436713132075965,
    "Cardiomegaly": 0.0033959071151912212,
    "Consolidation": 0.004681138321757317,
    "Degenerative Change": 0.0071973782032728195,
    "Edema": 0.00058937311405316,
    "Effusion": 6.789716280763969e-05,
    "Emphysema": 0.0014834561152383685,
    "Fibrosis": 0.007982457056641579,
    "Fractures": 0.007555556949228048,
    "Hernia": 0.004330527503043413,
    "Hyperinflation": 0.006313969846814871,
    "Increased Lung Markings": 0.0102593544870615,
    "Interstitial Lung Disease": 0.0003972748527303338,
    "Kyphosis": 0.0007677890826016665,
    "Lesion": 0.00661826366558671,
    "Mass": 0.00018607880338095129,
    "Nodule": 0.014459195546805859,
    "Osteophyte": 0.010786913335323334,
    "Pleural Effusion": 0.000501976755913347,
    "Pleural Thickening": 0.0034995637834072113,
    "Pneumothorax": 0.0018658218905329704,
    "Pulmonary Artery Enlargement": 0.0010028124088421464,
    "Pulmonary Fibrosis": 3.411022771615535e-05,
    "Rib Fracture": 1.189228078146698e-05,
    "Scoliosis": 0.014957009814679623,
    "Subcutaneous Emphysema": 2.182687967433594e-05,
    "Thickening": 0.001102894777432084,
    "Volume Loss": 0.006303946487605572,
    "normal": 0.997359573841095
  },
  "lateral_probs": {
    "Airspace Disease": 0.10711756348609924,
    "Bronchiectasis": 0.01251641009002924,
    "Bronchiolitis": 0.0006095192511565983,
    "Bullous Disease": 0.0036152454558759928,
    "Calcified Granuloma": 0.22394150495529175,
    "Calcinosis": 0.20033782720565796,
    "Cardiac Shadow (abnormal)": 0.04995698481798172,
    "Cardiomegaly": 0.10999467223882675,
    "Consolidation": 0.06942752003669739,
    "Degenerative Change": 0.267739862203598,
    "Edema": 0.07830417901277542,
    "Effusion": 0.015908967703580856,
    "Emphysema": 0.10766011476516724,
    "Fibrosis": 0.11084849387407303,
    "Fractures": 0.12233314663171768,
    "Hernia": 0.0727214515209198,
    "Hyperinflation": 0.25754237174987793,
    "Increased Lung Markings": 0.08537307381629944,
    "Interstitial Lung Disease": 0.08843541145324707,
    "Kyphosis": 0.015630217269062996,
    "Lesion": 0.23241637647151947,
    "Mass": 0.0760175883769989,
    "Nodule": 0.10960029065608978,
    "Osteophyte": 0.12364618480205536,
    "Pleural Effusion": 0.0554574653506279,
    "Pleural Thickening": 0.08918813616037369,
    "Pneumothorax": 0.02239370532333851,
    "Pulmonary Artery Enlargement": 0.03614731878042221,
    "Pulmonary Fibrosis": 0.02894214168190956,
    "Rib Fracture": 0.008648845367133617,
    "Scoliosis": 0.11544390767812729,
    "Subcutaneous Emphysema": 0.0035172244533896446,
    "Thickening": 0.07013186067342758,
    "Volume Loss": 0.13837189972400665,
    "normal": 0.8855863809585571
  }
}