{
  "uid": "3768",
  "frontal_image": "3768_IM-1887-1001.dcm.png",
  "lateral_image": "3768_IM-1887-2001.dcm.png",
  "fusion_mode": "weighted_avg(f=0.65,l=0.35)",
  "predicted_classes": [
    "Pleural Effusion"
  ],
  "resolved_classes": [
    "Pleural Effusion"
  ],
  "kg_classes": [
    "Pleural Effusion"
  ],
  "num_predicted": 1,
  "conflict_resolution": "no_conflict",
  "is_uncertain": false,
  "uncertainty_reason": "",
  "inference_time_s": 0.2602,
  "gt_labels": "Cardiomegaly;Kyphosis",
  "probabilities": {
    "Airspace Disease": 0.488516,
    "Bronchiectasis": 0.130622,
    "Bronchiolitis": 0.053231,
    "Bullous Disease": 0.105248,
    "Calcified Granuloma": 0.325959,
    "Calcinosis": 0.389746,
    "Cardiac Shadow (abnormal)": 0.339943,
    "Cardiomegaly": 0.489634,
    "Consolidation": 0.345707,
    "Degenerative Change": 0.474242,
    "Edema": 0.427521,
    "Effusion": 0.174882,
    "Emphysema": 0.35191,
    "Fibrosis": 0.387756,
    "Fractures": 0.266143,
    "Hernia": 0.282386,
    "Hyperinflation": 0.488322,
    "Increased Lung Markings": 0.370663,
    "Interstitial Lung Disease": 0.314296,
    "Kyphosis": 0.295899,
    "Lesion": 0.496063,
    "Mass": 0.156486,
    "Nodule": 0.290923,
    "Osteophyte": 0.230345,
    "Pleural Effusion": 0.52114,
    "Pleural Thickening": 0.393777,
    "Pneumothorax": 0.159965,
    "Pulmonary Artery Enlargement": 0.157162,
    "Pulmonary Fibrosis": 0.210195,
    "Rib Fracture": 0.075907,
    "Scoliosis": 0.275338,
    "Subcutaneous Emphysema": 0.10961,
    "Thickening": 0.336175,
    "Volume Loss": 0.472612,
    "normal": 0.443763
  },
  "frontal_probs": {
    "Airspace Disease": 0.5323204398155212,
    "Bronchiectasis": 0.11597535759210587,
    "Bronchiolitis": 0.060286618769168854,
    "Bullous Disease": 0.10655855387449265,
    "Calcified Granuloma": 0.31902655959129333,
    "Calcinosis": 0.4157065749168396,
    "Cardiac Shadow (abnormal)": 0.35690656304359436,
    "Cardiomegaly": 0.47243931889533997,
    "Consolidation": 0.3533640503883362,
    "Degenerative Change": 0.4832082986831665,
    "Edema": 0.41998541355133057,
    "Effusion": 0.15402232110500336,
    "Emphysema": 0.3551541268825531,
    "Fibrosis": 0.3927564024925232,
    "Fractures": 0.2627401649951935,
    "Hernia": 0.279954731464386,
    "Hyperinflation": 0.4921526610851288,
    "Increased Lung Markings": 0.3706006705760956,
    "Interstitial Lung Disease": 0.30626845359802246,
    "Kyphosis": 0.3230455219745636,
    "Lesion": 0.5216501355171204,
    "Mass": 0.13969410955905914,
    "Nodule": 0.2899642884731293,
    "Osteophyte": 0.22992762923240662,
    "Pleural Effusion": 0.5172768831253052,
    "Pleural Thickening": 0.40791019797325134,
    "Pneumothorax": 0.15152011811733246,
    "Pulmonary Artery Enlargement": 0.14280718564987183,
    "Pulmonary Fibrosis": 0.19591671228408813,
    "Rib Fracture": 0.07057845592498779,
    "Scoliosis": 0.25905463099479675,
    "Subcutaneous Emphysema": 0.10429798066616058,
    "Thickening": 0.3617437481880188,
    "Volume Loss": 0.49374017119407654,
    "normal": 0.42006510496139526
  },
  "lateral_probs": {
    "Airspace Disease": 0.4071640074253082,
    "Bronchiectasis": 0.15782301127910614,
    "Bronchiolitis": 0.0401264987885952,
    "Bullous Disease": 0.10281519591808319,
    "Calcified Granuloma": 0.33883386850357056,
    "Calcinosis": 0.3415326774120331,
    "Cardiac Shadow (abnormal)": 0.30843809247016907,
    "Cardiomegaly": 0.5215671062469482,
    "Consolidation": 0.3314874768257141,
    "Degenerative Change": 0.4575900137424469,
    "Edema": 0.44151535630226135,
    "Effusion": 0.21362054347991943,
    "Emphysema": 0.34588518738746643,
    "Fibrosis": 0.37847036123275757,
    "Fractures": 0.27246350049972534,
    "Hernia": 0.28690221905708313,
    "Hyperinflation": 0.48120802640914917,
    "Increased Lung Markings": 0.3707788288593292,
    "Interstitial Lung Disease": 0.3292049765586853,
    "Kyphosis": 0.24548475444316864,
    "Lesion": 0.4485437572002411,
    "Mass": 0.18766991794109344,
    "Nodule": 0.292704701423645,
    "Osteophyte": 0.23111964762210846,
    "Pleural Effusion": 0.5283136963844299,
    "Pleural Thickening": 0.36753085255622864,
    "Pneumothorax": 0.17564721405506134,
    "Pulmonary Artery Enlargement": 0.1838211566209793,
    "Pulmonary Fibrosis": 0.236713245511055,
    "Rib Fracture": 0.08580146729946136,
    "Scoliosis": 0.30557793378829956,
    "Subcutaneous Emphysema": 0.11947454512119293,
    "Thickening": 0.2886897325515747,
    "Volume Loss": 0.4333752989768982,
    "normal": 0.48777449131011963
  }
}