{
  "uid": "3891",
  "frontal_image": "3891_IM-1973-1001.dcm.png",
  "lateral_image": "3891_IM-1973-2001.dcm.png",
  "fusion_mode": "weighted_avg(f=0.65,l=0.35)",
  "predicted_classes": [
    "Lesion",
    "Degenerative Change",
    "Volume Loss"
  ],
  "resolved_classes": [
    "Lesion",
    "Degenerative Change",
    "Volume Loss"
  ],
  "kg_classes": [
    "Lesion",
    "Degenerative Change",
    "Volume Loss"
  ],
  "num_predicted": 3,
  "conflict_resolution": "no_conflict",
  "is_uncertain": false,
  "uncertainty_reason": "",
  "inference_time_s": 0.2608,
  "gt_labels": "Airspace Disease;Pleural Effusion;Pneumothorax;Volume Loss",
  "probabilities": {
    "Airspace Disease": 0.400067,
    "Bronchiectasis": 0.07839,
    "Bronchiolitis": 0.038282,
    "Bullous Disease": 0.082845,
    "Calcified Granuloma": 0.382331,
    "Calcinosis": 0.390708,
    "Cardiac Shadow (abnormal)": 0.284648,
    "Cardiomegaly": 0.434042,
    "Consolidation": 0.20102,
    "Degenerative Change": 0.545045,
    "Edema": 0.243177,
    "Effusion": 0.112468,
    "Emphysema": 0.278786,
    "Fibrosis": 0.339792,
    "Fractures": 0.298615,
    "Hernia": 0.356931,
    "Hyperinflation": 0.482871,
    "Increased Lung Markings": 0.370898,
    "Interstitial Lung Disease": 0.227588,
    "Kyphosis": 0.280657,
    "Lesion": 0.552667,
    "Mass": 0.151925,
    "Nodule": 0.261584,
    "Osteophyte": 0.328476,
    "Pleural Effusion": 0.461405,
    "Pleural Thickening": 0.278669,
    "Pneumothorax": 0.293858,
    "Pulmonary Artery Enlargement": 0.139806,
    "Pulmonary Fibrosis": 0.14238,
    "Rib Fracture": 0.068877,
    "Scoliosis": 0.311584,
    "Subcutaneous Emphysema": 0.080576,
    "Thickening": 0.23574,
    "Volume Loss": 0.503788,
    "normal": 0.412164
  },
  "frontal_probs": {
    "Airspace Disease": 0.38705238699913025,
    "Bronchiectasis": 0.05033457279205322,
    "Bronchiolitis": 0.04205074533820152,
    "Bullous Disease": 0.0877789705991745,
    "Calcified Granuloma": 0.37136155366897583,
    "Calcinosis": 0.41257163882255554,
    "Cardiac Shadow (abnormal)": 0.3280502259731293,
    "Cardiomegaly": 0.47709572315216064,
    "Consolidation": 0.187848299741745,
    "Degenerative Change": 0.5777658820152283,
    "Edema": 0.2329990267753601,
    "Effusion": 0.10472626239061356,
    "Emphysema": 0.2180558294057846,
    "Fibrosis": 0.3346780240535736,
    "Fractures": 0.32931074500083923,
    "Hernia": 0.3920156955718994,
    "Hyperinflation": 0.4828279912471771,
    "Increased Lung Markings": 0.408174067735672,
    "Interstitial Lung Disease": 0.19062530994415283,
    "Kyphosis": 0.3131192922592163,
    "Lesion": 0.5476790070533752,
    "Mass": 0.15510840713977814,
    "Nodule": 0.27942875027656555,
    "Osteophyte": 0.36042532324790955,
    "Pleural Effusion": 0.4625435769557953,
    "Pleural Thickening": 0.24069923162460327,
    "Pneumothorax": 0.2911103069782257,
    "Pulmonary Artery Enlargement": 0.15546151995658875,
    "Pulmonary Fibrosis": 0.13373462855815887,
    "Rib Fracture": 0.05320538207888603,
    "Scoliosis": 0.348319411277771,
    "Subcutaneous Emphysema": 0.08425021916627884,
    "Thickening": 0.2244550734758377,
    "Volume Loss": 0.5293192267417908,
    "normal": 0.39163658022880554
  },
  "lateral_probs": {
    "Airspace Disease": 0.42423734068870544,
    "Bronchiectasis": 0.13049153983592987,
    "Bronchiolitis": 0.03128281608223915,
    "Bullous Disease": 0.07368212193250656,
    "Calcified Granuloma": 0.40270406007766724,
    "Calcinosis": 0.35010528564453125,
    "Cardiac Shadow (abnormal)": 0.20404283702373505,
    "Cardiomegaly": 0.3540860712528229,
    "Consolidation": 0.22548268735408783,
    "Degenerative Change": 0.48427897691726685,
    "Edema": 0.26207828521728516,
    "Effusion": 0.12684570252895355,
    "Emphysema": 0.3915714621543884,
    "Fibrosis": 0.34928902983665466,
    "Fractures": 0.2416083812713623,
    "Hernia": 0.2917740046977997,
    "Hyperinflation": 0.4829499125480652,
    "Increased Lung Markings": 0.3016712963581085,
    "Interstitial Lung Disease": 0.2962319552898407,
    "Kyphosis": 0.22036956250667572,
    "Lesion": 0.5619290471076965,
    "Mass": 0.14601396024227142,
    "Nodule": 0.22844354808330536,
    "Osteophyte": 0.26914122700691223,
    "Pleural Effusion": 0.45929017663002014,
    "Pleural Thickening": 0.3491831421852112,
    "Pneumothorax": 0.29896125197410583,
    "Pulmonary Artery Enlargement": 0.11073125153779984,
    "Pulmonary Fibrosis": 0.15843649208545685,
    "Rib Fracture": 0.09798190742731094,
    "Scoliosis": 0.24336199462413788,
    "Subcutaneous Emphysema": 0.07375377416610718,
    "Thickening": 0.2566983103752136,
    "Volume Loss": 0.45637187361717224,
    "normal": 0.45028606057167053
  }
}