{
  "uid": "3734",
  "frontal_image": "3734_IM-1866-1001.dcm.png",
  "lateral_image": "3734_IM-1866-2001.dcm.png",
  "fusion_mode": "weighted_avg(f=0.65,l=0.35)",
  "predicted_classes": [
    "normal"
  ],
  "resolved_classes": [
    "normal"
  ],
  "kg_classes": [
    "Normal"
  ],
  "num_predicted": 1,
  "conflict_resolution": "no_conflict",
  "is_uncertain": true,
  "uncertainty_reason": "normal_prob=0.648 (<0.73) with elevated disease scores: Degenerative Change=0.469, Calcified Granuloma=0.409, Hyperinflation=0.391",
  "inference_time_s": 0.2583,
  "gt_labels": "normal",
  "probabilities": {
    "Airspace Disease": 0.139741,
    "Bronchiectasis": 0.036322,
    "Bronchiolitis": 0.012072,
    "Bullous Disease": 0.036507,
    "Calcified Granuloma": 0.408712,
    "Calcinosis": 0.365789,
    "Cardiac Shadow (abnormal)": 0.110533,
    "Cardiomegaly": 0.228672,
    "Consolidation": 0.076063,
    "Degenerative Change": 0.468994,
    "Edema": 0.129469,
    "Effusion": 0.034332,
    "Emphysema": 0.303523,
    "Fibrosis": 0.295547,
    "Fractures": 0.166419,
    "Hernia": 0.20382,
    "Hyperinflation": 0.391328,
    "Increased Lung Markings": 0.237028,
    "Interstitial Lung Disease": 0.16433,
    "Kyphosis": 0.131605,
    "Lesion": 0.362461,
    "Mass": 0.059714,
    "Nodule": 0.226855,
    "Osteophyte": 0.327747,
    "Pleural Effusion": 0.10833,
    "Pleural Thickening": 0.193932,
    "Pneumothorax": 0.076514,
    "Pulmonary Artery Enlargement": 0.080274,
    "Pulmonary Fibrosis": 0.080124,
    "Rib Fracture": 0.033842,
    "Scoliosis": 0.178528,
    "Subcutaneous Emphysema": 0.019685,
    "Thickening": 0.103332,
    "Volume Loss": 0.313956,
    "normal": 0.647618
  },
  "frontal_probs": {
    "Airspace Disease": 0.12125302106142044,
    "Bronchiectasis": 0.03974403813481331,
    "Bronchiolitis": 0.016202712431550026,
    "Bullous Disease": 0.04384155943989754,
    "Calcified Granuloma": 0.42130860686302185,
    "Calcinosis": 0.4094684422016144,
    "Cardiac Shadow (abnormal)": 0.09185271710157394,
    "Cardiomegaly": 0.22413939237594604,
    "Consolidation": 0.06418125331401825,
    "Degenerative Change": 0.4627140760421753,
    "Edema": 0.09585459530353546,
    "Effusion": 0.022280389443039894,
    "Emphysema": 0.28967034816741943,
    "Fibrosis": 0.30602842569351196,
    "Fractures": 0.15928444266319275,
    "Hernia": 0.21369579434394836,
    "Hyperinflation": 0.3752591609954834,
    "Increased Lung Markings": 0.2539757192134857,
    "Interstitial Lung Disease": 0.12863966822624207,
    "Kyphosis": 0.14672121405601501,
    "Lesion": 0.37639787793159485,
    "Mass": 0.04868030548095703,
    "Nodule": 0.23752295970916748,
    "Osteophyte": 0.31237396597862244,
    "Pleural Effusion": 0.10364321619272232,
    "Pleural Thickening": 0.20724590122699738,
    "Pneumothorax": 0.07277461141347885,
    "Pulmonary Artery Enlargement": 0.0819932073354721,
    "Pulmonary Fibrosis": 0.06703171133995056,
    "Rib Fracture": 0.032972898334264755,
    "Scoliosis": 0.18894289433956146,
    "Subcutaneous Emphysema": 0.01708478108048439,
    "Thickening": 0.08644996583461761,
    "Volume Loss": 0.3176034986972809,
    "normal": 0.6287834048271179
  },
  "lateral_probs": {
    "Airspace Disease": 0.17407704889774323,
    "Bronchiectasis": 0.02996678464114666,
    "Bronchiolitis": 0.004401690326631069,
    "Bullous Disease": 0.0228853989392519,
    "Calcified Granuloma": 0.38531848788261414,
    "Calcinosis": 0.2846691310405731,
    "Cardiac Shadow (abnormal)": 0.14522455632686615,
    "Cardiomegaly": 0.23708999156951904,
    "Consolidation": 0.0981280580163002,
    "Degenerative Change": 0.4806559681892395,
    "Edema": 0.1918952912092209,
    "Effusion": 0.05671458691358566,
    "Emphysema": 0.3292500972747803,
    "Fibrosis": 0.2760811746120453,
    "Fractures": 0.17966952919960022,
    "Hernia": 0.18547959625720978,
    "Hyperinflation": 0.4211704134941101,
    "Increased Lung Markings": 0.20555372536182404,
    "Interstitial Lung Disease": 0.2306106984615326,
    "Kyphosis": 0.10353250056505203,
    "Lesion": 0.33657950162887573,
    "Mass": 0.0802040696144104,
    "Nodule": 0.20704443752765656,
    "Osteophyte": 0.3562960922718048,
    "Pleural Effusion": 0.11703316867351532,
    "Pleural Thickening": 0.1692074090242386,
    "Pneumothorax": 0.08345740288496017,
    "Pulmonary Artery Enlargement": 0.07708052545785904,
    "Pulmonary Fibrosis": 0.10443731397390366,
    "Rib Fracture": 0.03545593097805977,
    "Scoliosis": 0.15918542444705963,
    "Subcutaneous Emphysema": 0.024514425545930862,
    "Thickening": 0.13468363881111145,
    "Volume Loss": 0.3071834146976471,
    "normal": 0.6825971603393555
  }
}