{
  "uid": "3515",
  "frontal_image": "3515_IM-1715-1001.dcm.png",
  "lateral_image": "3515_IM-1715-1002.dcm.png",
  "fusion_mode": "weighted_avg(f=0.65,l=0.35)",
  "predicted_classes": [
    "normal"
  ],
  "resolved_classes": [
    "normal"
  ],
  "kg_classes": [
    "Normal"
  ],
  "num_predicted": 1,
  "conflict_resolution": "no_conflict",
  "is_uncertain": false,
  "uncertainty_reason": "",
  "inference_time_s": 0.2759,
  "gt_labels": "Calcified Granuloma",
  "probabilities": {
    "Airspace Disease": 0.106574,
    "Bronchiectasis": 0.00959,
    "Bronchiolitis": 0.001871,
    "Bullous Disease": 0.007292,
    "Calcified Granuloma": 0.270675,
    "Calcinosis": 0.208528,
    "Cardiac Shadow (abnormal)": 0.059359,
    "Cardiomegaly": 0.184799,
    "Consolidation": 0.087493,
    "Degenerative Change": 0.362707,
    "Edema": 0.048418,
    "Effusion": 0.009668,
    "Emphysema": 0.129173,
    "Fibrosis": 0.131983,
    "Fractures": 0.097756,
    "Hernia": 0.195372,
    "Hyperinflation": 0.199731,
    "Increased Lung Markings": 0.115966,
    "Interstitial Lung Disease": 0.098865,
    "Kyphosis": 0.06409,
    "Lesion": 0.212764,
    "Mass": 0.088172,
    "Nodule": 0.166887,
    "Osteophyte": 0.225866,
    "Pleural Effusion": 0.040768,
    "Pleural Thickening": 0.05891,
    "Pneumothorax": 0.017508,
    "Pulmonary Artery Enlargement": 0.095234,
    "Pulmonary Fibrosis": 0.024969,
    "Rib Fracture": 0.011133,
    "Scoliosis": 0.126329,
    "Subcutaneous Emphysema": 0.005774,
    "Thickening": 0.080122,
    "Volume Loss": 0.1346,
    "normal": 0.855383
  },
  "frontal_probs": {
    "Airspace Disease": 0.10675911605358124,
    "Bronchiectasis": 0.006152522750198841,
    "Bronchiolitis": 0.0023582421708852053,
    "Bullous Disease": 0.007210883777588606,
    "Calcified Granuloma": 0.2441239058971405,
    "Calcinosis": 0.20299512147903442,
    "Cardiac Shadow (abnormal)": 0.048724960535764694,
    "Cardiomegaly": 0.1981615126132965,
    "Consolidation": 0.09955646842718124,
    "Degenerative Change": 0.34916287660598755,
    "Edema": 0.03238731250166893,
    "Effusion": 0.005850332323461771,
    "Emphysema": 0.1275264322757721,
    "Fibrosis": 0.11030121892690659,
    "Fractures": 0.0999317616224289,
    "Hernia": 0.229305699467659,
    "Hyperinflation": 0.16219046711921692,
    "Increased Lung Markings": 0.10881601274013519,
    "Interstitial Lung Disease": 0.10320577770471573,
    "Kyphosis": 0.08345390111207962,
    "Lesion": 0.1691122055053711,
    "Mass": 0.11816181987524033,
    "Nodule": 0.17600521445274353,
    "Osteophyte": 0.19602541625499725,
    "Pleural Effusion": 0.03362805396318436,
    "Pleural Thickening": 0.04242121800780296,
    "Pneumothorax": 0.01372135803103447,
    "Pulmonary Artery Enlargement": 0.12028074264526367,
    "Pulmonary Fibrosis": 0.011838770471513271,
    "Rib Fracture": 0.011461377143859863,
    "Scoliosis": 0.12693102657794952,
    "Subcutaneous Emphysema": 0.006132041569799185,
    "Thickening": 0.06514221429824829,
    "Volume Loss": 0.11023254692554474,
    "normal": 0.8633577823638916
  },
  "lateral_probs": {
    "Airspace Disease": 0.10623063892126083,
    "Bronchiectasis": 0.015972523018717766,
    "Bronchiolitis": 0.0009653447195887566,
    "Bullous Disease": 0.007442498579621315,
    "Calcified Granuloma": 0.31998443603515625,
    "Calcinosis": 0.21880419552326202,
    "Cardiac Shadow (abnormal)": 0.0791093185544014,
    "Cardiomegaly": 0.15998198091983795,
    "Consolidation": 0.06508837640285492,
    "Degenerative Change": 0.3878612220287323,
    "Edema": 0.07818999886512756,
    "Effusion": 0.0167591143399477,
    "Emphysema": 0.13223129510879517,
    "Fibrosis": 0.17225036025047302,
    "Fractures": 0.09371405839920044,
    "Hernia": 0.1323523074388504,
    "Hyperinflation": 0.26945018768310547,
    "Increased Lung Markings": 0.12924540042877197,
    "Interstitial Lung Disease": 0.09080323576927185,
    "Kyphosis": 0.028129681944847107,
    "Lesion": 0.29383209347724915,
    "Mass": 0.032476358115673065,
    "Nodule": 0.14995251595973969,
    "Osteophyte": 0.28128543496131897,
    "Pleural Effusion": 0.054026659578084946,
    "Pleural Thickening": 0.0895327776670456,
    "Pneumothorax": 0.024540899321436882,
    "Pulmonary Artery Enlargement": 0.04871814325451851,
    "Pulmonary Fibrosis": 0.04935372620820999,
    "Rib Fracture": 0.010523062199354172,
    "Scoliosis": 0.1252107471227646,
    "Subcutaneous Emphysema": 0.005108467768877745,
    "Thickening": 0.10794299095869064,
    "Volume Loss": 0.1798539012670517,
    "normal": 0.8405716419219971
  }
}