{
  "uid": "3348",
  "frontal_image": "3348_IM-1605-1001.dcm.png",
  "lateral_image": "3348_IM-1605-2001.dcm.png",
  "fusion_mode": "weighted_avg(f=0.65,l=0.35)",
  "predicted_classes": [
    "normal",
    "Cardiomegaly"
  ],
  "resolved_classes": [
    "Cardiomegaly"
  ],
  "kg_classes": [
    "Cardiomegaly"
  ],
  "num_predicted": 1,
  "conflict_resolution": "disease_dominates",
  "is_uncertain": false,
  "uncertainty_reason": "",
  "inference_time_s": 0.2726,
  "gt_labels": "Calcinosis;Cardiomegaly",
  "probabilities": {
    "Airspace Disease": 0.304246,
    "Bronchiectasis": 0.089885,
    "Bronchiolitis": 0.02569,
    "Bullous Disease": 0.071686,
    "Calcified Granuloma": 0.358277,
    "Calcinosis": 0.421855,
    "Cardiac Shadow (abnormal)": 0.333733,
    "Cardiomegaly": 0.541486,
    "Consolidation": 0.208657,
    "Degenerative Change": 0.447169,
    "Edema": 0.376624,
    "Effusion": 0.232092,
    "Emphysema": 0.236036,
    "Fibrosis": 0.315367,
    "Fractures": 0.22289,
    "Hernia": 0.259514,
    "Hyperinflation": 0.435235,
    "Increased Lung Markings": 0.285399,
    "Interstitial Lung Disease": 0.201682,
    "Kyphosis": 0.240035,
    "Lesion": 0.431688,
    "Mass": 0.125108,
    "Nodule": 0.32093,
    "Osteophyte": 0.244114,
    "Pleural Effusion": 0.248067,
    "Pleural Thickening": 0.25888,
    "Pneumothorax": 0.133748,
    "Pulmonary Artery Enlargement": 0.189443,
    "Pulmonary Fibrosis": 0.20597,
    "Rib Fracture": 0.071089,
    "Scoliosis": 0.256119,
    "Subcutaneous Emphysema": 0.089943,
    "Thickening": 0.319408,
    "Volume Loss": 0.364489,
    "normal": 0.572101
  },
  "frontal_probs": {
    "Airspace Disease": 0.304243803024292,
    "Bronchiectasis": 0.09202166646718979,
    "Bronchiolitis": 0.03618604689836502,
    "Bullous Disease": 0.09805827587842941,
    "Calcified Granuloma": 0.35586225986480713,
    "Calcinosis": 0.4939633905887604,
    "Cardiac Shadow (abnormal)": 0.4160768985748291,
    "Cardiomegaly": 0.6180779337882996,
    "Consolidation": 0.18500858545303345,
    "Degenerative Change": 0.48200660943984985,
    "Edema": 0.3965095579624176,
    "Effusion": 0.28377804160118103,
    "Emphysema": 0.22728456556797028,
    "Fibrosis": 0.31867825984954834,
    "Fractures": 0.22296251356601715,
    "Hernia": 0.29882100224494934,
    "Hyperinflation": 0.44700905680656433,
    "Increased Lung Markings": 0.30316734313964844,
    "Interstitial Lung Disease": 0.2276134490966797,
    "Kyphosis": 0.30083516240119934,
    "Lesion": 0.43758049607276917,
    "Mass": 0.11454381793737411,
    "Nodule": 0.3726530373096466,
    "Osteophyte": 0.25317925214767456,
    "Pleural Effusion": 0.24926912784576416,
    "Pleural Thickening": 0.24728676676750183,
    "Pneumothorax": 0.15052157640457153,
    "Pulmonary Artery Enlargement": 0.2139630913734436,
    "Pulmonary Fibrosis": 0.2578859329223633,
    "Rib Fracture": 0.07872067391872406,
    "Scoliosis": 0.2887398600578308,
    "Subcutaneous Emphysema": 0.12286150455474854,
    "Thickening": 0.3903532326221466,
    "Volume Loss": 0.37960290908813477,
    "normal": 0.5303890109062195
  },
  "lateral_probs": {
    "Airspace Disease": 0.3042495846748352,
    "Bronchiectasis": 0.08591628819704056,
    "Bronchiolitis": 0.006196977104991674,
    "Bullous Disease": 0.02270890772342682,
    "Calcified Granuloma": 0.3627610504627228,
    "Calcinosis": 0.28794071078300476,
    "Cardiac Shadow (abnormal)": 0.18080949783325195,
    "Cardiomegaly": 0.39924466609954834,
    "Consolidation": 0.2525750696659088,
    "Degenerative Change": 0.3824694752693176,
    "Edema": 0.33969420194625854,
    "Effusion": 0.1361032873392105,
    "Emphysema": 0.25228801369667053,
    "Fibrosis": 0.30921775102615356,
    "Fractures": 0.22275453805923462,
    "Hernia": 0.186516672372818,
    "Hyperinflation": 0.413368284702301,
    "Increased Lung Markings": 0.2523995041847229,
    "Interstitial Lung Disease": 0.15352357923984528,
    "Kyphosis": 0.1271214634180069,
    "Lesion": 0.42074456810951233,
    "Mass": 0.1447269767522812,
    "Nodule": 0.2248736172914505,
    "Osteophyte": 0.22727712988853455,
    "Pleural Effusion": 0.24583569169044495,
    "Pleural Thickening": 0.2804095149040222,
    "Pneumothorax": 0.10259594768285751,
    "Pulmonary Artery Enlargement": 0.14390623569488525,
    "Pulmonary Fibrosis": 0.10955435782670975,
    "Rib Fracture": 0.0569157600402832,
    "Scoliosis": 0.19553683698177338,
    "Subcutaneous Emphysema": 0.02880990505218506,
    "Thickening": 0.18765351176261902,
    "Volume Loss": 0.3364202678203583,
    "normal": 0.6495660543441772
  }
}