{
  "uid": "3497",
  "frontal_image": "",
  "lateral_image": "3497_IM-1702-1002.dcm.png",
  "fusion_mode": "lateral_only",
  "predicted_classes": [
    "normal"
  ],
  "resolved_classes": [
    "normal"
  ],
  "kg_classes": [
    "Normal"
  ],
  "num_predicted": 1,
  "conflict_resolution": "no_conflict",
  "is_uncertain": true,
  "uncertainty_reason": "normal_prob=0.653 (<0.73) with elevated disease scores: Hyperinflation=0.419, Degenerative Change=0.405, Lesion=0.375",
  "inference_time_s": 0.1214,
  "gt_labels": "Calcified Granuloma",
  "probabilities": {
    "Airspace Disease": 0.2751479744911194,
    "Bronchiectasis": 0.09060235321521759,
    "Bronchiolitis": 0.00856320746243,
    "Bullous Disease": 0.03186330571770668,
    "Calcified Granuloma": 0.36269107460975647,
    "Calcinosis": 0.3079763352870941,
    "Cardiac Shadow (abnormal)": 0.18440693616867065,
    "Cardiomegaly": 0.31734442710876465,
    "Consolidation": 0.19790318608283997,
    "Degenerative Change": 0.40544748306274414,
    "Edema": 0.21284711360931396,
    "Effusion": 0.10244812071323395,
    "Emphysema": 0.2133423388004303,
    "Fibrosis": 0.3299582898616791,
    "Fractures": 0.20599065721035004,
    "Hernia": 0.23062774538993835,
    "Hyperinflation": 0.41908544301986694,
    "Increased Lung Markings": 0.32207629084587097,
    "Interstitial Lung Disease": 0.18569880723953247,
    "Kyphosis": 0.08734152466058731,
    "Lesion": 0.3745516240596771,
    "Mass": 0.13987784087657928,
    "Nodule": 0.30344703793525696,
    "Osteophyte": 0.2440163940191269,
    "Pleural Effusion": 0.19345740973949432,
    "Pleural Thickening": 0.19601386785507202,
    "Pneumothorax": 0.07518954575061798,
    "Pulmonary Artery Enlargement": 0.10618022084236145,
    "Pulmonary Fibrosis": 0.16000793874263763,
    "Rib Fracture": 0.04498479142785072,
    "Scoliosis": 0.18904513120651245,
    "Subcutaneous Emphysema": 0.039554987102746964,
    "Thickening": 0.22648711502552032,
    "Volume Loss": 0.30574244260787964,
    "normal": 0.6528977751731873
  },
  "frontal_probs": {
    "Airspace Disease": 0.0,
    "Bronchiectasis": 0.0,
    "Bronchiolitis": 0.0,
    "Bullous Disease": 0.0,
    "Calcified Granuloma": 0.0,
    "Calcinosis": 0.0,
    "Cardiac Shadow (abnormal)": 0.0,
    "Cardiomegaly": 0.0,
    "Consolidation": 0.0,
    "Degenerative Change": 0.0,
    "Edema": 0.0,
    "Effusion": 0.0,
    "Emphysema": 0.0,
    "Fibrosis": 0.0,
    "Fractures": 0.0,
    "Hernia": 0.0,
    "Hyperinflation": 0.0,
    "Increased Lung Markings": 0.0,
    "Interstitial Lung Disease": 0.0,
    "Kyphosis": 0.0,
    "Lesion": 0.0,
    "Mass": 0.0,
    "Nodule": 0.0,
    "Osteophyte": 0.0,
    "Pleural Effusion": 0.0,
    "Pleural Thickening": 0.0,
    "Pneumothorax": 0.0,
    "Pulmonary Artery Enlargement": 0.0,
    "Pulmonary Fibrosis": 0.0,
    "Rib Fracture": 0.0,
    "Scoliosis": 0.0,
    "Subcutaneous Emphysema": 0.0,
    "Thickening": 0.0,
    "Volume Loss": 0.0,
    "normal": 0.0
  },
  "lateral_probs": {
    "Airspace Disease": 0.2751479744911194,
    "Bronchiectasis": 0.09060235321521759,
    "Bronchiolitis": 0.00856320746243,
    "Bullous Disease": 0.03186330571770668,
    "Calcified Granuloma": 0.36269107460975647,
    "Calcinosis": 0.3079763352870941,
    "Cardiac Shadow (abnormal)": 0.18440693616867065,
    "Cardiomegaly": 0.31734442710876465,
    "Consolidation": 0.19790318608283997,
    "Degenerative Change": 0.40544748306274414,
    "Edema": 0.21284711360931396,
    "Effusion": 0.10244812071323395,
    "Emphysema": 0.2133423388004303,
    "Fibrosis": 0.3299582898616791,
    "Fractures": 0.20599065721035004,
    "Hernia": 0.23062774538993835,
    "Hyperinflation": 0.41908544301986694,
    "Increased Lung Markings": 0.32207629084587097,
    "Interstitial Lung Disease": 0.18569880723953247,
    "Kyphosis": 0.08734152466058731,
    "Lesion": 0.3745516240596771,
    "Mass": 0.13987784087657928,
    "Nodule": 0.30344703793525696,
    "Osteophyte": 0.2440163940191269,
    "Pleural Effusion": 0.19345740973949432,
    "Pleural Thickening": 0.19601386785507202,
    "Pneumothorax": 0.07518954575061798,
    "Pulmonary Artery Enlargement": 0.10618022084236145,
    "Pulmonary Fibrosis": 0.16000793874263763,
    "Rib Fracture": 0.04498479142785072,
    "Scoliosis": 0.18904513120651245,
    "Subcutaneous Emphysema": 0.039554987102746964,
    "Thickening": 0.22648711502552032,
    "Volume Loss": 0.30574244260787964,
    "normal": 0.6528977751731873
  }
}