{
  "uid": "3689",
  "frontal_image": "3689_IM-1840-1001.dcm.png",
  "lateral_image": "3689_IM-1840-2001.dcm.png",
  "fusion_mode": "weighted_avg(f=0.65,l=0.35)",
  "predicted_classes": [
    "normal"
  ],
  "resolved_classes": [
    "normal"
  ],
  "kg_classes": [
    "Normal"
  ],
  "num_predicted": 1,
  "conflict_resolution": "no_conflict",
  "is_uncertain": true,
  "uncertainty_reason": "normal_prob=0.595 (<0.73) with elevated disease scores: Degenerative Change=0.496, Lesion=0.446, Hyperinflation=0.377",
  "inference_time_s": 0.2723,
  "gt_labels": "Calcified Granuloma;Calcinosis;Degenerative Change",
  "probabilities": {
    "Airspace Disease": 0.249508,
    "Bronchiectasis": 0.046749,
    "Bronchiolitis": 0.043703,
    "Bullous Disease": 0.082121,
    "Calcified Granuloma": 0.374172,
    "Calcinosis": 0.31994,
    "Cardiac Shadow (abnormal)": 0.203608,
    "Cardiomegaly": 0.369778,
    "Consolidation": 0.119171,
    "Degenerative Change": 0.496057,
    "Edema": 0.249906,
    "Effusion": 0.060859,
    "Emphysema": 0.202575,
    "Fibrosis": 0.290244,
    "Fractures": 0.266071,
    "Hernia": 0.257981,
    "Hyperinflation": 0.376718,
    "Increased Lung Markings": 0.279699,
    "Interstitial Lung Disease": 0.163333,
    "Kyphosis": 0.208975,
    "Lesion": 0.446315,
    "Mass": 0.129394,
    "Nodule": 0.304314,
    "Osteophyte": 0.31391,
    "Pleural Effusion": 0.223637,
    "Pleural Thickening": 0.189092,
    "Pneumothorax": 0.109127,
    "Pulmonary Artery Enlargement": 0.157784,
    "Pulmonary Fibrosis": 0.107389,
    "Rib Fracture": 0.087685,
    "Scoliosis": 0.137372,
    "Subcutaneous Emphysema": 0.034265,
    "Thickening": 0.219362,
    "Volume Loss": 0.365255,
    "normal": 0.595253
  },
  "frontal_probs": {
    "Airspace Disease": 0.31913450360298157,
    "Bronchiectasis": 0.05969446524977684,
    "Bronchiolitis": 0.06647641956806183,
    "Bullous Disease": 0.12252453714609146,
    "Calcified Granuloma": 0.41542819142341614,
    "Calcinosis": 0.3839280307292938,
    "Cardiac Shadow (abnormal)": 0.2707134783267975,
    "Cardiomegaly": 0.4517882764339447,
    "Consolidation": 0.13887211680412292,
    "Degenerative Change": 0.5215613842010498,
    "Edema": 0.3166741728782654,
    "Effusion": 0.0726315975189209,
    "Emphysema": 0.24310995638370514,
    "Fibrosis": 0.32920265197753906,
    "Fractures": 0.33228743076324463,
    "Hernia": 0.3273533284664154,
    "Hyperinflation": 0.4257388710975647,
    "Increased Lung Markings": 0.35058271884918213,
    "Interstitial Lung Disease": 0.20354041457176208,
    "Kyphosis": 0.2984350323677063,
    "Lesion": 0.5247001647949219,
    "Mass": 0.13250203430652618,
    "Nodule": 0.38317176699638367,
    "Osteophyte": 0.3678447902202606,
    "Pleural Effusion": 0.2962494194507599,
    "Pleural Thickening": 0.22790488600730896,
    "Pneumothorax": 0.15124589204788208,
    "Pulmonary Artery Enlargement": 0.21013766527175903,
    "Pulmonary Fibrosis": 0.14184270799160004,
    "Rib Fracture": 0.11885056644678116,
    "Scoliosis": 0.1416417509317398,
    "Subcutaneous Emphysema": 0.04954101890325546,
    "Thickening": 0.2625707685947418,
    "Volume Loss": 0.44307443499565125,
    "normal": 0.5016932487487793
  },
  "lateral_probs": {
    "Airspace Disease": 0.12020287662744522,
    "Bronchiectasis": 0.022707533091306686,
    "Bronchiolitis": 0.0014083003625273705,
    "Bullous Disease": 0.007086772006005049,
    "Calcified Granuloma": 0.29755380749702454,
    "Calcinosis": 0.2011064738035202,
    "Cardiac Shadow (abnormal)": 0.0789848193526268,
    "Cardiomegaly": 0.2174730747938156,
    "Consolidation": 0.08258254826068878,
    "Degenerative Change": 0.4486920237541199,
    "Edema": 0.12590664625167847,
    "Effusion": 0.03899664431810379,
    "Emphysema": 0.12729613482952118,
    "Fibrosis": 0.21789294481277466,
    "Fractures": 0.1430966556072235,
    "Hernia": 0.1291462779045105,
    "Hyperinflation": 0.28567785024642944,
    "Increased Lung Markings": 0.14805826544761658,
    "Interstitial Lung Disease": 0.08866153657436371,
    "Kyphosis": 0.042835015803575516,
    "Lesion": 0.3007431626319885,
    "Mass": 0.12362305819988251,
    "Nodule": 0.15786515176296234,
    "Osteophyte": 0.21374428272247314,
    "Pleural Effusion": 0.08878631889820099,
    "Pleural Thickening": 0.11701073497533798,
    "Pneumothorax": 0.030906246975064278,
    "Pulmonary Artery Enlargement": 0.06055496260523796,
    "Pulmonary Fibrosis": 0.043403103947639465,
    "Rib Fracture": 0.029806433245539665,
    "Scoliosis": 0.1294422298669815,
    "Subcutaneous Emphysema": 0.0058957673609256744,
    "Thickening": 0.139116570353508,
    "Volume Loss": 0.22073300182819366,
    "normal": 0.769005537033081
  }
}