{
  "uid": "3837",
  "frontal_image": "3837_IM-1939-1001.dcm.png",
  "lateral_image": "3837_IM-1939-2001.dcm.png",
  "fusion_mode": "weighted_avg(f=0.65,l=0.35)",
  "predicted_classes": [
    "normal"
  ],
  "resolved_classes": [
    "normal"
  ],
  "kg_classes": [
    "Normal"
  ],
  "num_predicted": 1,
  "conflict_resolution": "no_conflict",
  "is_uncertain": false,
  "uncertainty_reason": "",
  "inference_time_s": 0.2749,
  "gt_labels": "normal",
  "probabilities": {
    "Airspace Disease": 0.046455,
    "Bronchiectasis": 0.003923,
    "Bronchiolitis": 0.000217,
    "Bullous Disease": 0.001172,
    "Calcified Granuloma": 0.145898,
    "Calcinosis": 0.09129,
    "Cardiac Shadow (abnormal)": 0.036262,
    "Cardiomegaly": 0.083834,
    "Consolidation": 0.036172,
    "Degenerative Change": 0.183057,
    "Edema": 0.046437,
    "Effusion": 0.010855,
    "Emphysema": 0.039505,
    "Fibrosis": 0.083728,
    "Fractures": 0.047864,
    "Hernia": 0.042064,
    "Hyperinflation": 0.125457,
    "Increased Lung Markings": 0.077453,
    "Interstitial Lung Disease": 0.022697,
    "Kyphosis": 0.011614,
    "Lesion": 0.103366,
    "Mass": 0.028812,
    "Nodule": 0.075272,
    "Osteophyte": 0.075316,
    "Pleural Effusion": 0.021582,
    "Pleural Thickening": 0.033384,
    "Pneumothorax": 0.010684,
    "Pulmonary Artery Enlargement": 0.039134,
    "Pulmonary Fibrosis": 0.008358,
    "Rib Fracture": 0.003067,
    "Scoliosis": 0.061562,
    "Subcutaneous Emphysema": 0.003336,
    "Thickening": 0.029917,
    "Volume Loss": 0.077046,
    "normal": 0.938889
  },
  "frontal_probs": {
    "Airspace Disease": 0.016620183363556862,
    "Bronchiectasis": 8.800651266938075e-05,
    "Bronchiolitis": 2.6448487915331498e-05,
    "Bullous Disease": 0.0003568073152564466,
    "Calcified Granuloma": 0.09209320694208145,
    "Calcinosis": 0.05177951976656914,
    "Cardiac Shadow (abnormal)": 0.0020882445387542248,
    "Cardiomegaly": 0.03494076430797577,
    "Consolidation": 0.013022529892623425,
    "Degenerative Change": 0.09900914132595062,
    "Edema": 0.0038631565403193235,
    "Effusion": 0.00045951458741910756,
    "Emphysema": 0.013519678264856339,
    "Fibrosis": 0.042705897241830826,
    "Fractures": 0.028843192383646965,
    "Hernia": 0.02613215707242489,
    "Hyperinflation": 0.04834885895252228,
    "Increased Lung Markings": 0.02235741727054119,
    "Interstitial Lung Disease": 0.00628534983843565,
    "Kyphosis": 0.007234383840113878,
    "Lesion": 0.03606954962015152,
    "Mass": 0.004292434547096491,
    "Nodule": 0.0258431825786829,
    "Osteophyte": 0.041153501719236374,
    "Pleural Effusion": 0.003973203711211681,
    "Pleural Thickening": 0.008591799065470695,
    "Pneumothorax": 0.004146294668316841,
    "Pulmonary Artery Enlargement": 0.012894324958324432,
    "Pulmonary Fibrosis": 0.00048210378736257553,
    "Rib Fracture": 0.000266011047642678,
    "Scoliosis": 0.042126867920160294,
    "Subcutaneous Emphysema": 0.0002893646596930921,
    "Thickening": 0.00799319613724947,
    "Volume Loss": 0.023195281624794006,
    "normal": 0.9757207632064819
  },
  "lateral_probs": {
    "Airspace Disease": 0.10186386108398438,
    "Bronchiectasis": 0.011046252213418484,
    "Bronchiolitis": 0.0005708100507035851,
    "Bullous Disease": 0.0026861182413995266,
    "Calcified Granuloma": 0.2458217442035675,
    "Calcinosis": 0.16466547548770905,
    "Cardiac Shadow (abnormal)": 0.09972840547561646,
    "Cardiomegaly": 0.1746358871459961,
    "Consolidation": 0.07916270941495895,
    "Degenerative Change": 0.3391464948654175,
    "Edema": 0.12550409138202667,
    "Effusion": 0.03016100637614727,
    "Emphysema": 0.08776485919952393,
    "Fibrosis": 0.15991248190402985,
    "Fractures": 0.08318712562322617,
    "Hernia": 0.07165264338254929,
    "Hyperinflation": 0.2686573565006256,
    "Increased Lung Markings": 0.17977380752563477,
    "Interstitial Lung Disease": 0.05317436158657074,
    "Kyphosis": 0.019746605306863785,
    "Lesion": 0.2283450812101364,
    "Mass": 0.07434875518083572,
    "Nodule": 0.1670691817998886,
    "Osteophyte": 0.13876108825206757,
    "Pleural Effusion": 0.05428456515073776,
    "Pleural Thickening": 0.07942609488964081,
    "Pneumothorax": 0.02282620407640934,
    "Pulmonary Artery Enlargement": 0.08786501735448837,
    "Pulmonary Fibrosis": 0.022985409945249557,
    "Rib Fracture": 0.00826963409781456,
    "Scoliosis": 0.09765558689832687,
    "Subcutaneous Emphysema": 0.00899423100054264,
    "Thickening": 0.07063202559947968,
    "Volume Loss": 0.1770538091659546,
    "normal": 0.870488166809082
  }
}