{
  "uid": "3376",
  "frontal_image": "",
  "lateral_image": "3376_IM-1625-0001-0001.dcm.png|3376_IM-1625-0001-0002.dcm.png",
  "fusion_mode": "lateral_only",
  "predicted_classes": [
    "Lesion",
    "Cardiomegaly",
    "Hyperinflation"
  ],
  "resolved_classes": [
    "Lesion",
    "Cardiomegaly",
    "Hyperinflation"
  ],
  "kg_classes": [
    "Lesion",
    "Cardiomegaly",
    "Hyperinflation"
  ],
  "num_predicted": 3,
  "conflict_resolution": "no_conflict",
  "is_uncertain": false,
  "uncertainty_reason": "",
  "inference_time_s": 0.2702,
  "gt_labels": "normal",
  "probabilities": {
    "Airspace Disease": 0.4560430943965912,
    "Bronchiectasis": 0.11404699832201004,
    "Bronchiolitis": 0.029004860669374466,
    "Bullous Disease": 0.11236095055937767,
    "Calcified Granuloma": 0.341768279671669,
    "Calcinosis": 0.2659737914800644,
    "Cardiac Shadow (abnormal)": 0.4713889956474304,
    "Cardiomegaly": 0.5606241822242737,
    "Consolidation": 0.24890805035829544,
    "Degenerative Change": 0.4700821340084076,
    "Edema": 0.3883434981107712,
    "Effusion": 0.19028819352388382,
    "Emphysema": 0.24822575598955154,
    "Fibrosis": 0.34089235961437225,
    "Fractures": 0.26740260422229767,
    "Hernia": 0.3781004399061203,
    "Hyperinflation": 0.5199061334133148,
    "Increased Lung Markings": 0.3943350464105606,
    "Interstitial Lung Disease": 0.2744343429803848,
    "Kyphosis": 0.2431809902191162,
    "Lesion": 0.5772702991962433,
    "Mass": 0.12812338396906853,
    "Nodule": 0.21994709223508835,
    "Osteophyte": 0.25233158469200134,
    "Pleural Effusion": 0.44970500469207764,
    "Pleural Thickening": 0.2729101628065109,
    "Pneumothorax": 0.24177276343107224,
    "Pulmonary Artery Enlargement": 0.16062034666538239,
    "Pulmonary Fibrosis": 0.17150674760341644,
    "Rib Fracture": 0.06469984911382198,
    "Scoliosis": 0.22053109109401703,
    "Subcutaneous Emphysema": 0.10556596890091896,
    "Thickening": 0.2425093650817871,
    "Volume Loss": 0.47580884397029877,
    "normal": 0.4210890680551529
  },
  "frontal_probs": {
    "Airspace Disease": 0.0,
    "Bronchiectasis": 0.0,
    "Bronchiolitis": 0.0,
    "Bullous Disease": 0.0,
    "Calcified Granuloma": 0.0,
    "Calcinosis": 0.0,
    "Cardiac Shadow (abnormal)": 0.0,
    "Cardiomegaly": 0.0,
    "Consolidation": 0.0,
    "Degenerative Change": 0.0,
    "Edema": 0.0,
    "Effusion": 0.0,
    "Emphysema": 0.0,
    "Fibrosis": 0.0,
    "Fractures": 0.0,
    "Hernia": 0.0,
    "Hyperinflation": 0.0,
    "Increased Lung Markings": 0.0,
    "Interstitial Lung Disease": 0.0,
    "Kyphosis": 0.0,
    "Lesion": 0.0,
    "Mass": 0.0,
    "Nodule": 0.0,
    "Osteophyte": 0.0,
    "Pleural Effusion": 0.0,
    "Pleural Thickening": 0.0,
    "Pneumothorax": 0.0,
    "Pulmonary Artery Enlargement": 0.0,
    "Pulmonary Fibrosis": 0.0,
    "Rib Fracture": 0.0,
    "Scoliosis": 0.0,
    "Subcutaneous Emphysema": 0.0,
    "Thickening": 0.0,
    "Volume Loss": 0.0,
    "normal": 0.0
  },
  "lateral_probs": {
    "Airspace Disease": 0.4560430943965912,
    "Bronchiectasis": 0.11404699832201004,
    "Bronchiolitis": 0.029004860669374466,
    "Bullous Disease": 0.11236095055937767,
    "Calcified Granuloma": 0.341768279671669,
    "Calcinosis": 0.2659737914800644,
    "Cardiac Shadow (abnormal)": 0.4713889956474304,
    "Cardiomegaly": 0.5606241822242737,
    "Consolidation": 0.24890805035829544,
    "Degenerative Change": 0.4700821340084076,
    "Edema": 0.3883434981107712,
    "Effusion": 0.19028819352388382,
    "Emphysema": 0.24822575598955154,
    "Fibrosis": 0.34089235961437225,
    "Fractures": 0.26740260422229767,
    "Hernia": 0.3781004399061203,
    "Hyperinflation": 0.5199061334133148,
    "Increased Lung Markings": 0.3943350464105606,
    "Interstitial Lung Disease": 0.2744343429803848,
    "Kyphosis": 0.2431809902191162,
    "Lesion": 0.5772702991962433,
    "Mass": 0.12812338396906853,
    "Nodule": 0.21994709223508835,
    "Osteophyte": 0.25233158469200134,
    "Pleural Effusion": 0.44970500469207764,
    "Pleural Thickening": 0.2729101628065109,
    "Pneumothorax": 0.24177276343107224,
    "Pulmonary Artery Enlargement": 0.16062034666538239,
    "Pulmonary Fibrosis": 0.17150674760341644,
    "Rib Fracture": 0.06469984911382198,
    "Scoliosis": 0.22053109109401703,
    "Subcutaneous Emphysema": 0.10556596890091896,
    "Thickening": 0.2425093650817871,
    "Volume Loss": 0.47580884397029877,
    "normal": 0.4210890680551529
  }
}