{
  "uid": "3237",
  "frontal_image": "",
  "lateral_image": "3237_IM-1534-1001.dcm.png",
  "fusion_mode": "lateral_only",
  "predicted_classes": [
    "normal"
  ],
  "resolved_classes": [
    "normal"
  ],
  "kg_classes": [
    "Normal"
  ],
  "num_predicted": 1,
  "conflict_resolution": "no_conflict",
  "is_uncertain": true,
  "uncertainty_reason": "normal_prob=0.578 (<0.73) with elevated disease scores: Hyperinflation=0.492, Lesion=0.478, Cardiomegaly=0.433",
  "inference_time_s": 0.129,
  "gt_labels": "Cardiomegaly;Lesion",
  "probabilities": {
    "Airspace Disease": 0.31745481491088867,
    "Bronchiectasis": 0.03520769625902176,
    "Bronchiolitis": 0.005246294196695089,
    "Bullous Disease": 0.08863092213869095,
    "Calcified Granuloma": 0.2529754042625427,
    "Calcinosis": 0.23930175602436066,
    "Cardiac Shadow (abnormal)": 0.30692681670188904,
    "Cardiomegaly": 0.4328744113445282,
    "Consolidation": 0.1259448081254959,
    "Degenerative Change": 0.3357214331626892,
    "Edema": 0.26610010862350464,
    "Effusion": 0.20012401044368744,
    "Emphysema": 0.2402130365371704,
    "Fibrosis": 0.22124946117401123,
    "Fractures": 0.21745891869068146,
    "Hernia": 0.0752655491232872,
    "Hyperinflation": 0.4921746551990509,
    "Increased Lung Markings": 0.2378828078508377,
    "Interstitial Lung Disease": 0.12706072628498077,
    "Kyphosis": 0.17813058197498322,
    "Lesion": 0.4779433310031891,
    "Mass": 0.046965207904577255,
    "Nodule": 0.17044270038604736,
    "Osteophyte": 0.202988401055336,
    "Pleural Effusion": 0.3737700879573822,
    "Pleural Thickening": 0.2014533430337906,
    "Pneumothorax": 0.20100736618041992,
    "Pulmonary Artery Enlargement": 0.06465983390808105,
    "Pulmonary Fibrosis": 0.13023066520690918,
    "Rib Fracture": 0.026848116889595985,
    "Scoliosis": 0.11855500936508179,
    "Subcutaneous Emphysema": 0.12712477147579193,
    "Thickening": 0.16185380518436432,
    "Volume Loss": 0.3147225081920624,
    "normal": 0.5780563950538635
  },
  "frontal_probs": {
    "Airspace Disease": 0.0,
    "Bronchiectasis": 0.0,
    "Bronchiolitis": 0.0,
    "Bullous Disease": 0.0,
    "Calcified Granuloma": 0.0,
    "Calcinosis": 0.0,
    "Cardiac Shadow (abnormal)": 0.0,
    "Cardiomegaly": 0.0,
    "Consolidation": 0.0,
    "Degenerative Change": 0.0,
    "Edema": 0.0,
    "Effusion": 0.0,
    "Emphysema": 0.0,
    "Fibrosis": 0.0,
    "Fractures": 0.0,
    "Hernia": 0.0,
    "Hyperinflation": 0.0,
    "Increased Lung Markings": 0.0,
    "Interstitial Lung Disease": 0.0,
    "Kyphosis": 0.0,
    "Lesion": 0.0,
    "Mass": 0.0,
    "Nodule": 0.0,
    "Osteophyte": 0.0,
    "Pleural Effusion": 0.0,
    "Pleural Thickening": 0.0,
    "Pneumothorax": 0.0,
    "Pulmonary Artery Enlargement": 0.0,
    "Pulmonary Fibrosis": 0.0,
    "Rib Fracture": 0.0,
    "Scoliosis": 0.0,
    "Subcutaneous Emphysema": 0.0,
    "Thickening": 0.0,
    "Volume Loss": 0.0,
    "normal": 0.0
  },
  "lateral_probs": {
    "Airspace Disease": 0.31745481491088867,
    "Bronchiectasis": 0.03520769625902176,
    "Bronchiolitis": 0.005246294196695089,
    "Bullous Disease": 0.08863092213869095,
    "Calcified Granuloma": 0.2529754042625427,
    "Calcinosis": 0.23930175602436066,
    "Cardiac Shadow (abnormal)": 0.30692681670188904,
    "Cardiomegaly": 0.4328744113445282,
    "Consolidation": 0.1259448081254959,
    "Degenerative Change": 0.3357214331626892,
    "Edema": 0.26610010862350464,
    "Effusion": 0.20012401044368744,
    "Emphysema": 0.2402130365371704,
    "Fibrosis": 0.22124946117401123,
    "Fractures": 0.21745891869068146,
    "Hernia": 0.0752655491232872,
    "Hyperinflation": 0.4921746551990509,
    "Increased Lung Markings": 0.2378828078508377,
    "Interstitial Lung Disease": 0.12706072628498077,
    "Kyphosis": 0.17813058197498322,
    "Lesion": 0.4779433310031891,
    "Mass": 0.046965207904577255,
    "Nodule": 0.17044270038604736,
    "Osteophyte": 0.202988401055336,
    "Pleural Effusion": 0.3737700879573822,
    "Pleural Thickening": 0.2014533430337906,
    "Pneumothorax": 0.20100736618041992,
    "Pulmonary Artery Enlargement": 0.06465983390808105,
    "Pulmonary Fibrosis": 0.13023066520690918,
    "Rib Fracture": 0.026848116889595985,
    "Scoliosis": 0.11855500936508179,
    "Subcutaneous Emphysema": 0.12712477147579193,
    "Thickening": 0.16185380518436432,
    "Volume Loss": 0.3147225081920624,
    "normal": 0.5780563950538635
  }
}