{
  "uid": "3763",
  "frontal_image": "3763_IM-1883-1001.dcm.png",
  "lateral_image": "3763_IM-1883-2001.dcm.png",
  "fusion_mode": "weighted_avg(f=0.65,l=0.35)",
  "predicted_classes": [
    "normal"
  ],
  "resolved_classes": [
    "normal"
  ],
  "kg_classes": [
    "Normal"
  ],
  "num_predicted": 1,
  "conflict_resolution": "no_conflict",
  "is_uncertain": false,
  "uncertainty_reason": "",
  "inference_time_s": 0.2582,
  "gt_labels": "normal",
  "probabilities": {
    "Airspace Disease": 0.066217,
    "Bronchiectasis": 0.001672,
    "Bronchiolitis": 0.000245,
    "Bullous Disease": 0.001477,
    "Calcified Granuloma": 0.127814,
    "Calcinosis": 0.100104,
    "Cardiac Shadow (abnormal)": 0.020831,
    "Cardiomegaly": 0.050281,
    "Consolidation": 0.030026,
    "Degenerative Change": 0.146111,
    "Edema": 0.028138,
    "Effusion": 0.003011,
    "Emphysema": 0.03253,
    "Fibrosis": 0.064882,
    "Fractures": 0.060417,
    "Hernia": 0.033077,
    "Hyperinflation": 0.121789,
    "Increased Lung Markings": 0.067946,
    "Interstitial Lung Disease": 0.03948,
    "Kyphosis": 0.015597,
    "Lesion": 0.11235,
    "Mass": 0.018562,
    "Nodule": 0.064707,
    "Osteophyte": 0.04624,
    "Pleural Effusion": 0.023905,
    "Pleural Thickening": 0.039268,
    "Pneumothorax": 0.01932,
    "Pulmonary Artery Enlargement": 0.016373,
    "Pulmonary Fibrosis": 0.004136,
    "Rib Fracture": 0.003494,
    "Scoliosis": 0.059126,
    "Subcutaneous Emphysema": 0.002601,
    "Thickening": 0.032769,
    "Volume Loss": 0.076971,
    "normal": 0.933769
  },
  "frontal_probs": {
    "Airspace Disease": 0.023878473788499832,
    "Bronchiectasis": 0.00013367393694352359,
    "Bronchiolitis": 4.585420174407773e-05,
    "Bullous Disease": 0.0003935358254238963,
    "Calcified Granuloma": 0.08489435166120529,
    "Calcinosis": 0.031865041702985764,
    "Cardiac Shadow (abnormal)": 0.003416376421228051,
    "Cardiomegaly": 0.02336343750357628,
    "Consolidation": 0.0170785840600729,
    "Degenerative Change": 0.06967537105083466,
    "Edema": 0.006827762816101313,
    "Effusion": 0.000532012723851949,
    "Emphysema": 0.009780984371900558,
    "Fibrosis": 0.03269127011299133,
    "Fractures": 0.021397346630692482,
    "Hernia": 0.014864298515021801,
    "Hyperinflation": 0.05255037918686867,
    "Increased Lung Markings": 0.029734717682003975,
    "Interstitial Lung Disease": 0.006384571548551321,
    "Kyphosis": 0.0051260776817798615,
    "Lesion": 0.030725132673978806,
    "Mass": 0.0029544257558882236,
    "Nodule": 0.035697996616363525,
    "Osteophyte": 0.030548181384801865,
    "Pleural Effusion": 0.006206451915204525,
    "Pleural Thickening": 0.01426028087735176,
    "Pneumothorax": 0.004664914682507515,
    "Pulmonary Artery Enlargement": 0.004927392117679119,
    "Pulmonary Fibrosis": 0.0003335772780701518,
    "Rib Fracture": 0.0004501052899286151,
    "Scoliosis": 0.03173117712140083,
    "Subcutaneous Emphysema": 0.0002994304522871971,
    "Thickening": 0.015779592096805573,
    "Volume Loss": 0.03456363081932068,
    "normal": 0.9795024394989014
  },
  "lateral_probs": {
    "Airspace Disease": 0.14484500885009766,
    "Bronchiectasis": 0.004527812823653221,
    "Bronchiolitis": 0.0006141967605799437,
    "Bullous Disease": 0.003489630063995719,
    "Calcified Granuloma": 0.20752128958702087,
    "Calcinosis": 0.2268332690000534,
    "Cardiac Shadow (abnormal)": 0.053171660751104355,
    "Cardiomegaly": 0.10026991367340088,
    "Consolidation": 0.054070498794317245,
    "Degenerative Change": 0.2880629897117615,
    "Edema": 0.06771281361579895,
    "Effusion": 0.007613427937030792,
    "Emphysema": 0.07477763295173645,
    "Fibrosis": 0.12466467171907425,
    "Fractures": 0.13288135826587677,
    "Hernia": 0.06690003722906113,
    "Hyperinflation": 0.25037524104118347,
    "Increased Lung Markings": 0.13891004025936127,
    "Interstitial Lung Disease": 0.10094305872917175,
    "Kyphosis": 0.03504316136240959,
    "Lesion": 0.2639390528202057,
    "Mass": 0.0475480817258358,
    "Nodule": 0.11857973039150238,
    "Osteophyte": 0.07538224011659622,
    "Pleural Effusion": 0.05677390098571777,
    "Pleural Thickening": 0.08571118861436844,
    "Pneumothorax": 0.04653715714812279,
    "Pulmonary Artery Enlargement": 0.03762919455766678,
    "Pulmonary Fibrosis": 0.011196820996701717,
    "Rib Fracture": 0.009147588163614273,
    "Scoliosis": 0.11000169813632965,
    "Subcutaneous Emphysema": 0.006876156199723482,
    "Thickening": 0.06432154774665833,
    "Volume Loss": 0.15572741627693176,
    "normal": 0.8488341569900513
  }
}