{
  "uid": "3991",
  "frontal_image": "3991_IM-2044-1001.dcm.png",
  "lateral_image": "3991_IM-2044-2001.dcm.png",
  "fusion_mode": "weighted_avg(f=0.65,l=0.35)",
  "predicted_classes": [
    "normal"
  ],
  "resolved_classes": [
    "normal"
  ],
  "kg_classes": [
    "Normal"
  ],
  "num_predicted": 1,
  "conflict_resolution": "no_conflict",
  "is_uncertain": true,
  "uncertainty_reason": "normal_prob=0.694 (<0.73) with elevated disease scores: Degenerative Change=0.463, Hyperinflation=0.354, Calcified Granuloma=0.323",
  "inference_time_s": 0.2529,
  "gt_labels": "Degenerative Change",
  "probabilities": {
    "Airspace Disease": 0.153201,
    "Bronchiectasis": 0.024593,
    "Bronchiolitis": 0.006459,
    "Bullous Disease": 0.017879,
    "Calcified Granuloma": 0.322579,
    "Calcinosis": 0.256925,
    "Cardiac Shadow (abnormal)": 0.093226,
    "Cardiomegaly": 0.274191,
    "Consolidation": 0.106992,
    "Degenerative Change": 0.462811,
    "Edema": 0.129261,
    "Effusion": 0.0491,
    "Emphysema": 0.140154,
    "Fibrosis": 0.248371,
    "Fractures": 0.212103,
    "Hernia": 0.227563,
    "Hyperinflation": 0.353641,
    "Increased Lung Markings": 0.256365,
    "Interstitial Lung Disease": 0.135729,
    "Kyphosis": 0.139241,
    "Lesion": 0.31372,
    "Mass": 0.067976,
    "Nodule": 0.162814,
    "Osteophyte": 0.252196,
    "Pleural Effusion": 0.131689,
    "Pleural Thickening": 0.153347,
    "Pneumothorax": 0.051829,
    "Pulmonary Artery Enlargement": 0.130873,
    "Pulmonary Fibrosis": 0.063701,
    "Rib Fracture": 0.027337,
    "Scoliosis": 0.238295,
    "Subcutaneous Emphysema": 0.019875,
    "Thickening": 0.115038,
    "Volume Loss": 0.274175,
    "normal": 0.694024
  },
  "frontal_probs": {
    "Airspace Disease": 0.12816621363162994,
    "Bronchiectasis": 0.004608858842402697,
    "Bronchiolitis": 0.004180318210273981,
    "Bullous Disease": 0.00797705166041851,
    "Calcified Granuloma": 0.27563047409057617,
    "Calcinosis": 0.17522743344306946,
    "Cardiac Shadow (abnormal)": 0.07153062522411346,
    "Cardiomegaly": 0.2836369574069977,
    "Consolidation": 0.0890074074268341,
    "Degenerative Change": 0.45493409037590027,
    "Edema": 0.057460885494947433,
    "Effusion": 0.0258653424680233,
    "Emphysema": 0.05008773133158684,
    "Fibrosis": 0.20764531195163727,
    "Fractures": 0.19968026876449585,
    "Hernia": 0.22859816253185272,
    "Hyperinflation": 0.3164844214916229,
    "Increased Lung Markings": 0.24631693959236145,
    "Interstitial Lung Disease": 0.03553032502532005,
    "Kyphosis": 0.12715966999530792,
    "Lesion": 0.2956565022468567,
    "Mass": 0.04269853234291077,
    "Nodule": 0.11333660781383514,
    "Osteophyte": 0.23591189086437225,
    "Pleural Effusion": 0.12131167203187943,
    "Pleural Thickening": 0.11454266309738159,
    "Pneumothorax": 0.045589037239551544,
    "Pulmonary Artery Enlargement": 0.1446908563375473,
    "Pulmonary Fibrosis": 0.014792500995099545,
    "Rib Fracture": 0.010679556056857109,
    "Scoliosis": 0.25057175755500793,
    "Subcutaneous Emphysema": 0.01175516564399004,
    "Thickening": 0.06876343488693237,
    "Volume Loss": 0.25030457973480225,
    "normal": 0.7017992734909058
  },
  "lateral_probs": {
    "Airspace Disease": 0.19969382882118225,
    "Bronchiectasis": 0.06170615926384926,
    "Bronchiolitis": 0.010689521208405495,
    "Bullous Disease": 0.03626733273267746,
    "Calcified Granuloma": 0.40977030992507935,
    "Calcinosis": 0.40864822268486023,
    "Cardiac Shadow (abnormal)": 0.13351842761039734,
    "Cardiomegaly": 0.25664883852005005,
    "Consolidation": 0.14039069414138794,
    "Degenerative Change": 0.4774404764175415,
    "Edema": 0.2626035511493683,
    "Effusion": 0.09224922955036163,
    "Emphysema": 0.30741921067237854,
    "Fibrosis": 0.32400378584861755,
    "Fractures": 0.23517505824565887,
    "Hernia": 0.2256399244070053,
    "Hyperinflation": 0.4226456880569458,
    "Increased Lung Markings": 0.2750254273414612,
    "Interstitial Lung Disease": 0.3218115270137787,
    "Kyphosis": 0.16167832911014557,
    "Lesion": 0.34726542234420776,
    "Mass": 0.11492044478654861,
    "Nodule": 0.2546992897987366,
    "Osteophyte": 0.2824391722679138,
    "Pleural Effusion": 0.15096139907836914,
    "Pleural Thickening": 0.22541145980358124,
    "Pneumothorax": 0.06341785192489624,
    "Pulmonary Artery Enlargement": 0.10521098226308823,
    "Pulmonary Fibrosis": 0.15453122556209564,
    "Rib Fracture": 0.05827312916517258,
    "Scoliosis": 0.21549662947654724,
    "Subcutaneous Emphysema": 0.034953564405441284,
    "Thickening": 0.20097723603248596,
    "Volume Loss": 0.31850454211235046,
    "normal": 0.679583728313446
  }
}