{
  "uid": "3743",
  "frontal_image": "3743_IM-1870-1001.dcm.png",
  "lateral_image": "",
  "fusion_mode": "frontal_only",
  "predicted_classes": [
    "normal"
  ],
  "resolved_classes": [
    "normal"
  ],
  "kg_classes": [
    "Normal"
  ],
  "num_predicted": 1,
  "conflict_resolution": "no_conflict",
  "is_uncertain": false,
  "uncertainty_reason": "",
  "inference_time_s": 0.135,
  "gt_labels": "normal",
  "probabilities": {
    "Airspace Disease": 0.012713565491139889,
    "Bronchiectasis": 0.00023097092343959957,
    "Bronchiolitis": 9.166611562250182e-05,
    "Bullous Disease": 0.001718904240988195,
    "Calcified Granuloma": 0.12353592365980148,
    "Calcinosis": 0.060902055352926254,
    "Cardiac Shadow (abnormal)": 0.006353679578751326,
    "Cardiomegaly": 0.028552094474434853,
    "Consolidation": 0.0037286849692463875,
    "Degenerative Change": 0.12181582301855087,
    "Edema": 0.005580319557338953,
    "Effusion": 0.0005899975076317787,
    "Emphysema": 0.03340572491288185,
    "Fibrosis": 0.037570927292108536,
    "Fractures": 0.025388190522789955,
    "Hernia": 0.024794762954115868,
    "Hyperinflation": 0.08503375202417374,
    "Increased Lung Markings": 0.0523386113345623,
    "Interstitial Lung Disease": 0.013436545617878437,
    "Kyphosis": 0.018556270748376846,
    "Lesion": 0.032411739230155945,
    "Mass": 0.001689988886937499,
    "Nodule": 0.049988020211458206,
    "Osteophyte": 0.06677563488483429,
    "Pleural Effusion": 0.004033845383673906,
    "Pleural Thickening": 0.009149451740086079,
    "Pneumothorax": 0.006568700075149536,
    "Pulmonary Artery Enlargement": 0.00581605127081275,
    "Pulmonary Fibrosis": 0.0008205804624594748,
    "Rib Fracture": 0.0005222004256211221,
    "Scoliosis": 0.023958846926689148,
    "Subcutaneous Emphysema": 0.00015429554332513362,
    "Thickening": 0.008609257638454437,
    "Volume Loss": 0.03527107462286949,
    "normal": 0.9633550643920898
  },
  "frontal_probs": {
    "Airspace Disease": 0.012713565491139889,
    "Bronchiectasis": 0.00023097092343959957,
    "Bronchiolitis": 9.166611562250182e-05,
    "Bullous Disease": 0.001718904240988195,
    "Calcified Granuloma": 0.12353592365980148,
    "Calcinosis": 0.060902055352926254,
    "Cardiac Shadow (abnormal)": 0.006353679578751326,
    "Cardiomegaly": 0.028552094474434853,
    "Consolidation": 0.0037286849692463875,
    "Degenerative Change": 0.12181582301855087,
    "Edema": 0.005580319557338953,
    "Effusion": 0.0005899975076317787,
    "Emphysema": 0.03340572491288185,
    "Fibrosis": 0.037570927292108536,
    "Fractures": 0.025388190522789955,
    "Hernia": 0.024794762954115868,
    "Hyperinflation": 0.08503375202417374,
    "Increased Lung Markings": 0.0523386113345623,
    "Interstitial Lung Disease": 0.013436545617878437,
    "Kyphosis": 0.018556270748376846,
    "Lesion": 0.032411739230155945,
    "Mass": 0.001689988886937499,
    "Nodule": 0.049988020211458206,
    "Osteophyte": 0.06677563488483429,
    "Pleural Effusion": 0.004033845383673906,
    "Pleural Thickening": 0.009149451740086079,
    "Pneumothorax": 0.006568700075149536,
    "Pulmonary Artery Enlargement": 0.00581605127081275,
    "Pulmonary Fibrosis": 0.0008205804624594748,
    "Rib Fracture": 0.0005222004256211221,
    "Scoliosis": 0.023958846926689148,
    "Subcutaneous Emphysema": 0.00015429554332513362,
    "Thickening": 0.008609257638454437,
    "Volume Loss": 0.03527107462286949,
    "normal": 0.9633550643920898
  },
  "lateral_probs": {
    "Airspace Disease": 0.0,
    "Bronchiectasis": 0.0,
    "Bronchiolitis": 0.0,
    "Bullous Disease": 0.0,
    "Calcified Granuloma": 0.0,
    "Calcinosis": 0.0,
    "Cardiac Shadow (abnormal)": 0.0,
    "Cardiomegaly": 0.0,
    "Consolidation": 0.0,
    "Degenerative Change": 0.0,
    "Edema": 0.0,
    "Effusion": 0.0,
    "Emphysema": 0.0,
    "Fibrosis": 0.0,
    "Fractures": 0.0,
    "Hernia": 0.0,
    "Hyperinflation": 0.0,
    "Increased Lung Markings": 0.0,
    "Interstitial Lung Disease": 0.0,
    "Kyphosis": 0.0,
    "Lesion": 0.0,
    "Mass": 0.0,
    "Nodule": 0.0,
    "Osteophyte": 0.0,
    "Pleural Effusion": 0.0,
    "Pleural Thickening": 0.0,
    "Pneumothorax": 0.0,
    "Pulmonary Artery Enlargement": 0.0,
    "Pulmonary Fibrosis": 0.0,
    "Rib Fracture": 0.0,
    "Scoliosis": 0.0,
    "Subcutaneous Emphysema": 0.0,
    "Thickening": 0.0,
    "Volume Loss": 0.0,
    "normal": 0.0
  }
}