{
  "uid": "3506",
  "frontal_image": "3506_IM-1708-1001.dcm.png",
  "lateral_image": "3506_IM-1708-2001.dcm.png",
  "fusion_mode": "weighted_avg(f=0.65,l=0.35)",
  "predicted_classes": [
    "normal"
  ],
  "resolved_classes": [
    "normal"
  ],
  "kg_classes": [
    "Normal"
  ],
  "num_predicted": 1,
  "conflict_resolution": "no_conflict",
  "is_uncertain": false,
  "uncertainty_reason": "",
  "inference_time_s": 0.2599,
  "gt_labels": "normal",
  "probabilities": {
    "Airspace Disease": 0.05147,
    "Bronchiectasis": 0.003254,
    "Bronchiolitis": 0.000115,
    "Bullous Disease": 0.001395,
    "Calcified Granuloma": 0.140685,
    "Calcinosis": 0.074935,
    "Cardiac Shadow (abnormal)": 0.011094,
    "Cardiomegaly": 0.030679,
    "Consolidation": 0.03052,
    "Degenerative Change": 0.127083,
    "Edema": 0.017776,
    "Effusion": 0.005362,
    "Emphysema": 0.044652,
    "Fibrosis": 0.070379,
    "Fractures": 0.042696,
    "Hernia": 0.034275,
    "Hyperinflation": 0.086389,
    "Increased Lung Markings": 0.035326,
    "Interstitial Lung Disease": 0.0252,
    "Kyphosis": 0.004953,
    "Lesion": 0.084483,
    "Mass": 0.016695,
    "Nodule": 0.092601,
    "Osteophyte": 0.065124,
    "Pleural Effusion": 0.013779,
    "Pleural Thickening": 0.031433,
    "Pneumothorax": 0.0075,
    "Pulmonary Artery Enlargement": 0.008996,
    "Pulmonary Fibrosis": 0.014634,
    "Rib Fracture": 0.002613,
    "Scoliosis": 0.050093,
    "Subcutaneous Emphysema": 0.001239,
    "Thickening": 0.027218,
    "Volume Loss": 0.057023,
    "normal": 0.964533
  },
  "frontal_probs": {
    "Airspace Disease": 0.018306097015738487,
    "Bronchiectasis": 5.6113003665814176e-05,
    "Bronchiolitis": 2.1937583369435742e-05,
    "Bullous Disease": 0.00037694445927627385,
    "Calcified Granuloma": 0.0781836062669754,
    "Calcinosis": 0.03941808640956879,
    "Cardiac Shadow (abnormal)": 0.0025525956880301237,
    "Cardiomegaly": 0.013765747658908367,
    "Consolidation": 0.0047172969207167625,
    "Degenerative Change": 0.04468690603971481,
    "Edema": 0.004781739786267281,
    "Effusion": 0.0004559415392577648,
    "Emphysema": 0.009342910721898079,
    "Fibrosis": 0.029403025284409523,
    "Fractures": 0.012290392071008682,
    "Hernia": 0.01500048115849495,
    "Hyperinflation": 0.028996869921684265,
    "Increased Lung Markings": 0.017213735729455948,
    "Interstitial Lung Disease": 0.0029729483649134636,
    "Kyphosis": 0.0032762244809418917,
    "Lesion": 0.02579064480960369,
    "Mass": 0.00031241917167790234,
    "Nodule": 0.05675389617681503,
    "Osteophyte": 0.03661361709237099,
    "Pleural Effusion": 0.004137609153985977,
    "Pleural Thickening": 0.01216827891767025,
    "Pneumothorax": 0.004517731256783009,
    "Pulmonary Artery Enlargement": 0.0016031028935685754,
    "Pulmonary Fibrosis": 0.0002875736972782761,
    "Rib Fracture": 0.0002011019387282431,
    "Scoliosis": 0.01763702742755413,
    "Subcutaneous Emphysema": 7.72981729824096e-05,
    "Thickening": 0.0059910430572927,
    "Volume Loss": 0.029429873451590538,
    "normal": 0.9825965166091919
  },
  "lateral_probs": {
    "Airspace Disease": 0.11305981874465942,
    "Bronchiectasis": 0.009193798527121544,
    "Bronchiolitis": 0.0002865569549612701,
    "Bullous Disease": 0.0032845402602106333,
    "Calcified Granuloma": 0.2567596733570099,
    "Calcinosis": 0.14089590311050415,
    "Cardiac Shadow (abnormal)": 0.026955198496580124,
    "Cardiomegaly": 0.06209015101194382,
    "Consolidation": 0.07843884825706482,
    "Degenerative Change": 0.28010547161102295,
    "Edema": 0.04190767556428909,
    "Effusion": 0.014471839182078838,
    "Emphysema": 0.11022715270519257,
    "Fibrosis": 0.1464783102273941,
    "Fractures": 0.0991632342338562,
    "Hernia": 0.07007156312465668,
    "Hyperinflation": 0.19297358393669128,
    "Increased Lung Markings": 0.06896187365055084,
    "Interstitial Lung Disease": 0.06647872924804688,
    "Kyphosis": 0.008066259324550629,
    "Lesion": 0.1934826672077179,
    "Mass": 0.047119978815317154,
    "Nodule": 0.15917429327964783,
    "Osteophyte": 0.11807256191968918,
    "Pleural Effusion": 0.03168534114956856,
    "Pleural Thickening": 0.0672110915184021,
    "Pneumothorax": 0.013039721176028252,
    "Pulmonary Artery Enlargement": 0.02272573672235012,
    "Pulmonary Fibrosis": 0.041278425604104996,
    "Rib Fracture": 0.007092122454196215,
    "Scoliosis": 0.11036766320466995,
    "Subcutaneous Emphysema": 0.0033971047960221767,
    "Thickening": 0.06663855910301208,
    "Volume Loss": 0.10826621949672699,
    "normal": 0.9309854507446289
  }
}