{
  "uid": "3731",
  "frontal_image": "3731_IM-1865-1001.dcm.png",
  "lateral_image": "3731_IM-1865-2001.dcm.png",
  "fusion_mode": "weighted_avg(f=0.65,l=0.35)",
  "predicted_classes": [
    "normal"
  ],
  "resolved_classes": [
    "normal"
  ],
  "kg_classes": [
    "Normal"
  ],
  "num_predicted": 1,
  "conflict_resolution": "no_conflict",
  "is_uncertain": false,
  "uncertainty_reason": "",
  "inference_time_s": 0.2441,
  "gt_labels": "normal",
  "probabilities": {
    "Airspace Disease": 0.039502,
    "Bronchiectasis": 0.004555,
    "Bronchiolitis": 0.000259,
    "Bullous Disease": 0.001738,
    "Calcified Granuloma": 0.144867,
    "Calcinosis": 0.105687,
    "Cardiac Shadow (abnormal)": 0.021781,
    "Cardiomegaly": 0.047222,
    "Consolidation": 0.016524,
    "Degenerative Change": 0.138622,
    "Edema": 0.025725,
    "Effusion": 0.0054,
    "Emphysema": 0.045309,
    "Fibrosis": 0.068821,
    "Fractures": 0.061628,
    "Hernia": 0.030187,
    "Hyperinflation": 0.108973,
    "Increased Lung Markings": 0.078693,
    "Interstitial Lung Disease": 0.032956,
    "Kyphosis": 0.011697,
    "Lesion": 0.099429,
    "Mass": 0.013084,
    "Nodule": 0.106985,
    "Osteophyte": 0.059553,
    "Pleural Effusion": 0.018117,
    "Pleural Thickening": 0.019648,
    "Pneumothorax": 0.01349,
    "Pulmonary Artery Enlargement": 0.011505,
    "Pulmonary Fibrosis": 0.008332,
    "Rib Fracture": 0.002643,
    "Scoliosis": 0.077346,
    "Subcutaneous Emphysema": 0.003734,
    "Thickening": 0.044921,
    "Volume Loss": 0.066138,
    "normal": 0.949138
  },
  "frontal_probs": {
    "Airspace Disease": 0.007407192140817642,
    "Bronchiectasis": 3.9236401789821684e-05,
    "Bronchiolitis": 4.056743819091935e-06,
    "Bullous Disease": 5.826836786582135e-05,
    "Calcified Granuloma": 0.05628237500786781,
    "Calcinosis": 0.0263811107724905,
    "Cardiac Shadow (abnormal)": 0.0007876227609813213,
    "Cardiomegaly": 0.0077187600545585155,
    "Consolidation": 0.004407252185046673,
    "Degenerative Change": 0.022883815690875053,
    "Edema": 0.0011303960345685482,
    "Effusion": 0.0002520095731597394,
    "Emphysema": 0.0033906532917171717,
    "Fibrosis": 0.022340497002005577,
    "Fractures": 0.016962379217147827,
    "Hernia": 0.007008085027337074,
    "Hyperinflation": 0.02424212358891964,
    "Increased Lung Markings": 0.027802085503935814,
    "Interstitial Lung Disease": 0.0016300729475915432,
    "Kyphosis": 0.0025177523493766785,
    "Lesion": 0.01422531995922327,
    "Mass": 0.0005759227205999196,
    "Nodule": 0.03250063210725784,
    "Osteophyte": 0.0194817166775465,
    "Pleural Effusion": 0.002284806687384844,
    "Pleural Thickening": 0.003013850189745426,
    "Pneumothorax": 0.009663738310337067,
    "Pulmonary Artery Enlargement": 0.0003275215276516974,
    "Pulmonary Fibrosis": 0.00014723354252055287,
    "Rib Fracture": 5.88738257647492e-05,
    "Scoliosis": 0.04638438671827316,
    "Subcutaneous Emphysema": 8.160745346685871e-05,
    "Thickening": 0.002641997067257762,
    "Volume Loss": 0.01721324399113655,
    "normal": 0.9925230145454407
  },
  "lateral_probs": {
    "Airspace Disease": 0.09910793602466583,
    "Bronchiectasis": 0.012940118089318275,
    "Bronchiolitis": 0.0007319949800148606,
    "Bullous Disease": 0.00485625583678484,
    "Calcified Granuloma": 0.30938252806663513,
    "Calcinosis": 0.2529682517051697,
    "Cardiac Shadow (abnormal)": 0.060767725110054016,
    "Cardiomegaly": 0.12058650702238083,
    "Consolidation": 0.03902777284383774,
    "Degenerative Change": 0.3535637855529785,
    "Edema": 0.07140076160430908,
    "Effusion": 0.014959151856601238,
    "Emphysema": 0.12315810471773148,
    "Fibrosis": 0.1551419347524643,
    "Fractures": 0.14457762241363525,
    "Hernia": 0.0732337161898613,
    "Hyperinflation": 0.2663298547267914,
    "Increased Lung Markings": 0.17320512235164642,
    "Interstitial Lung Disease": 0.09113242477178574,
    "Kyphosis": 0.02874392829835415,
    "Lesion": 0.2576639652252197,
    "Mass": 0.036314211785793304,
    "Nodule": 0.2453116923570633,
    "Osteophyte": 0.13396988809108734,
    "Pleural Effusion": 0.047519151121377945,
    "Pleural Thickening": 0.05053902417421341,
    "Pneumothorax": 0.02059483528137207,
    "Pulmonary Artery Enlargement": 0.032261911779642105,
    "Pulmonary Fibrosis": 0.02353333868086338,
    "Rib Fracture": 0.007441400084644556,
    "Scoliosis": 0.1348453015089035,
    "Subcutaneous Emphysema": 0.010516336187720299,
    "Thickening": 0.12344050407409668,
    "Volume Loss": 0.1569974571466446,
    "normal": 0.8685663938522339
  }
}