{
  "uid": "3708",
  "frontal_image": "3708_IM-1852-1001.dcm.png",
  "lateral_image": "3708_IM-1852-2001.dcm.png",
  "fusion_mode": "weighted_avg(f=0.65,l=0.35)",
  "predicted_classes": [
    "normal"
  ],
  "resolved_classes": [
    "normal"
  ],
  "kg_classes": [
    "Normal"
  ],
  "num_predicted": 1,
  "conflict_resolution": "no_conflict",
  "is_uncertain": false,
  "uncertainty_reason": "",
  "inference_time_s": 0.2903,
  "gt_labels": "Degenerative Change;Hyperinflation;Increased Lung Markings",
  "probabilities": {
    "Airspace Disease": 0.13658,
    "Bronchiectasis": 0.018613,
    "Bronchiolitis": 0.003219,
    "Bullous Disease": 0.00934,
    "Calcified Granuloma": 0.266653,
    "Calcinosis": 0.200705,
    "Cardiac Shadow (abnormal)": 0.078835,
    "Cardiomegaly": 0.231959,
    "Consolidation": 0.078507,
    "Degenerative Change": 0.340084,
    "Edema": 0.12734,
    "Effusion": 0.043023,
    "Emphysema": 0.074208,
    "Fibrosis": 0.167931,
    "Fractures": 0.12907,
    "Hernia": 0.128618,
    "Hyperinflation": 0.272366,
    "Increased Lung Markings": 0.22507,
    "Interstitial Lung Disease": 0.066563,
    "Kyphosis": 0.051591,
    "Lesion": 0.280398,
    "Mass": 0.047431,
    "Nodule": 0.18349,
    "Osteophyte": 0.210142,
    "Pleural Effusion": 0.095863,
    "Pleural Thickening": 0.097794,
    "Pneumothorax": 0.067458,
    "Pulmonary Artery Enlargement": 0.047566,
    "Pulmonary Fibrosis": 0.041966,
    "Rib Fracture": 0.024674,
    "Scoliosis": 0.135225,
    "Subcutaneous Emphysema": 0.008754,
    "Thickening": 0.090891,
    "Volume Loss": 0.260078,
    "normal": 0.759784
  },
  "frontal_probs": {
    "Airspace Disease": 0.06658016890287399,
    "Bronchiectasis": 0.0014386380789801478,
    "Bronchiolitis": 0.002535318722948432,
    "Bullous Disease": 0.0076622916385531425,
    "Calcified Granuloma": 0.23018133640289307,
    "Calcinosis": 0.1528661698102951,
    "Cardiac Shadow (abnormal)": 0.027118341997265816,
    "Cardiomegaly": 0.1866922527551651,
    "Consolidation": 0.01827797293663025,
    "Degenerative Change": 0.2969699203968048,
    "Edema": 0.061942894011735916,
    "Effusion": 0.006243149284273386,
    "Emphysema": 0.021597139537334442,
    "Fibrosis": 0.11420470476150513,
    "Fractures": 0.10030201077461243,
    "Hernia": 0.09740637242794037,
    "Hyperinflation": 0.2201055884361267,
    "Increased Lung Markings": 0.20354948937892914,
    "Interstitial Lung Disease": 0.011709872633218765,
    "Kyphosis": 0.03885384649038315,
    "Lesion": 0.2289823293685913,
    "Mass": 0.012473718263208866,
    "Nodule": 0.18092958629131317,
    "Osteophyte": 0.22871795296669006,
    "Pleural Effusion": 0.05563310533761978,
    "Pleural Thickening": 0.0343090258538723,
    "Pneumothorax": 0.06823215633630753,
    "Pulmonary Artery Enlargement": 0.0214335098862648,
    "Pulmonary Fibrosis": 0.012365182861685753,
    "Rib Fracture": 0.0068550752475857735,
    "Scoliosis": 0.11696223169565201,
    "Subcutaneous Emphysema": 0.0017343952786177397,
    "Thickening": 0.04512504115700722,
    "Volume Loss": 0.22786758840084076,
    "normal": 0.8141794204711914
  },
  "lateral_probs": {
    "Airspace Disease": 0.2665782868862152,
    "Bronchiectasis": 0.05050742253661156,
    "Bronchiolitis": 0.004487557802349329,
    "Bullous Disease": 0.012455745600163937,
    "Calcified Granuloma": 0.3343847692012787,
    "Calcinosis": 0.2895476520061493,
    "Cardiac Shadow (abnormal)": 0.17488114535808563,
    "Cardiomegaly": 0.3160251975059509,
    "Consolidation": 0.19036199152469635,
    "Degenerative Change": 0.4201539158821106,
    "Edema": 0.2487907111644745,
    "Effusion": 0.11132736504077911,
    "Emphysema": 0.171913743019104,
    "Fibrosis": 0.26770728826522827,
    "Fractures": 0.18249645829200745,
    "Hernia": 0.18658345937728882,
    "Hyperinflation": 0.3694206178188324,
    "Increased Lung Markings": 0.2650376260280609,
    "Interstitial Lung Disease": 0.16843260824680328,
    "Kyphosis": 0.07524429261684418,
    "Lesion": 0.37588560581207275,
    "Mass": 0.11235257238149643,
    "Nodule": 0.18824373185634613,
    "Osteophyte": 0.17564430832862854,
    "Pleural Effusion": 0.17057663202285767,
    "Pleural Thickening": 0.2156960666179657,
    "Pneumothorax": 0.06601987034082413,
    "Pulmonary Artery Enlargement": 0.09609705954790115,
    "Pulmonary Fibrosis": 0.09693828225135803,
    "Rib Fracture": 0.05776491388678551,
    "Scoliosis": 0.1691417247056961,
    "Subcutaneous Emphysema": 0.02179010398685932,
    "Thickening": 0.17588485777378082,
    "Volume Loss": 0.31989786028862,
    "normal": 0.658762514591217
  }
}