{
  "uid": "3666",
  "frontal_image": "3666_IM-1824-1001.dcm.png",
  "lateral_image": "3666_IM-1824-3001.dcm.png",
  "fusion_mode": "weighted_avg(f=0.65,l=0.35)",
  "predicted_classes": [
    "Pleural Effusion",
    "Lesion"
  ],
  "resolved_classes": [
    "Pleural Effusion",
    "Lesion"
  ],
  "kg_classes": [
    "Pleural Effusion",
    "Lesion"
  ],
  "num_predicted": 2,
  "conflict_resolution": "no_conflict",
  "is_uncertain": false,
  "uncertainty_reason": "",
  "inference_time_s": 0.2671,
  "gt_labels": "Airspace Disease;Cardiomegaly;Pleural Effusion;Volume Loss",
  "probabilities": {
    "Airspace Disease": 0.492059,
    "Bronchiectasis": 0.13355,
    "Bronchiolitis": 0.032755,
    "Bullous Disease": 0.065365,
    "Calcified Granuloma": 0.325027,
    "Calcinosis": 0.316834,
    "Cardiac Shadow (abnormal)": 0.335165,
    "Cardiomegaly": 0.498566,
    "Consolidation": 0.342843,
    "Degenerative Change": 0.419737,
    "Edema": 0.38978,
    "Effusion": 0.220479,
    "Emphysema": 0.302532,
    "Fibrosis": 0.349122,
    "Fractures": 0.230509,
    "Hernia": 0.3019,
    "Hyperinflation": 0.476429,
    "Increased Lung Markings": 0.315734,
    "Interstitial Lung Disease": 0.275983,
    "Kyphosis": 0.199966,
    "Lesion": 0.550662,
    "Mass": 0.14167,
    "Nodule": 0.234569,
    "Osteophyte": 0.217736,
    "Pleural Effusion": 0.576102,
    "Pleural Thickening": 0.399556,
    "Pneumothorax": 0.205067,
    "Pulmonary Artery Enlargement": 0.126665,
    "Pulmonary Fibrosis": 0.214195,
    "Rib Fracture": 0.075707,
    "Scoliosis": 0.254664,
    "Subcutaneous Emphysema": 0.092999,
    "Thickening": 0.2771,
    "Volume Loss": 0.485135,
    "normal": 0.443731
  },
  "frontal_probs": {
    "Airspace Disease": 0.5204223990440369,
    "Bronchiectasis": 0.11531127989292145,
    "Bronchiolitis": 0.02937977761030197,
    "Bullous Disease": 0.04965513199567795,
    "Calcified Granuloma": 0.2919056713581085,
    "Calcinosis": 0.30749866366386414,
    "Cardiac Shadow (abnormal)": 0.3250505328178406,
    "Cardiomegaly": 0.5264075398445129,
    "Consolidation": 0.38367047905921936,
    "Degenerative Change": 0.40555569529533386,
    "Edema": 0.41417860984802246,
    "Effusion": 0.249963641166687,
    "Emphysema": 0.2669931948184967,
    "Fibrosis": 0.33265241980552673,
    "Fractures": 0.19924110174179077,
    "Hernia": 0.2763415277004242,
    "Hyperinflation": 0.4695652723312378,
    "Increased Lung Markings": 0.30452457070350647,
    "Interstitial Lung Disease": 0.2743382751941681,
    "Kyphosis": 0.1713561862707138,
    "Lesion": 0.5629780292510986,
    "Mass": 0.12198880314826965,
    "Nodule": 0.2111731320619583,
    "Osteophyte": 0.1910800188779831,
    "Pleural Effusion": 0.6333553791046143,
    "Pleural Thickening": 0.43638917803764343,
    "Pneumothorax": 0.19766326248645782,
    "Pulmonary Artery Enlargement": 0.10821324586868286,
    "Pulmonary Fibrosis": 0.21939760446548462,
    "Rib Fracture": 0.06806305050849915,
    "Scoliosis": 0.2422773689031601,
    "Subcutaneous Emphysema": 0.09155284613370895,
    "Thickening": 0.2567213475704193,
    "Volume Loss": 0.521270751953125,
    "normal": 0.4211937189102173
  },
  "lateral_probs": {
    "Airspace Disease": 0.43938300013542175,
    "Bronchiectasis": 0.16742123663425446,
    "Bronchiolitis": 0.03902364522218704,
    "Bullous Disease": 0.09454156458377838,
    "Calcified Granuloma": 0.38653793931007385,
    "Calcinosis": 0.33417069911956787,
    "Cardiac Shadow (abnormal)": 0.3539483845233917,
    "Cardiomegaly": 0.4468596279621124,
    "Consolidation": 0.26702162623405457,
    "Degenerative Change": 0.446074515581131,
    "Edema": 0.34446966648101807,
    "Effusion": 0.16572096943855286,
    "Emphysema": 0.36853188276290894,
    "Fibrosis": 0.37970924377441406,
    "Fractures": 0.2885783612728119,
    "Hernia": 0.3493667542934418,
    "Hyperinflation": 0.48917490243911743,
    "Increased Lung Markings": 0.3365505039691925,
    "Interstitial Lung Disease": 0.27903684973716736,
    "Kyphosis": 0.25309741497039795,
    "Lesion": 0.5277903079986572,
    "Mass": 0.17822037637233734,
    "Nodule": 0.2780193090438843,
    "Osteophyte": 0.2672407925128937,
    "Pleural Effusion": 0.4697735011577606,
    "Pleural Thickening": 0.3311525583267212,
    "Pneumothorax": 0.21881702542304993,
    "Pulmonary Artery Enlargement": 0.16093362867832184,
    "Pulmonary Fibrosis": 0.20453302562236786,
    "Rib Fracture": 0.08990371227264404,
    "Scoliosis": 0.27766644954681396,
    "Subcutaneous Emphysema": 0.09568598866462708,
    "Thickening": 0.31494465470314026,
    "Volume Loss": 0.4180269241333008,
    "normal": 0.48558661341667175
  }
}