{
  "uid": "3879",
  "frontal_image": "3879_IM-1968-1001.dcm.png",
  "lateral_image": "3879_IM-1968-2001.dcm.png",
  "fusion_mode": "weighted_avg(f=0.65,l=0.35)",
  "predicted_classes": [],
  "resolved_classes": [],
  "kg_classes": [],
  "num_predicted": 0,
  "conflict_resolution": "no_conflict",
  "is_uncertain": false,
  "uncertainty_reason": "",
  "inference_time_s": 0.2751,
  "gt_labels": "normal",
  "probabilities": {
    "Airspace Disease": 0.33162,
    "Bronchiectasis": 0.043271,
    "Bronchiolitis": 0.025086,
    "Bullous Disease": 0.109968,
    "Calcified Granuloma": 0.380847,
    "Calcinosis": 0.387896,
    "Cardiac Shadow (abnormal)": 0.270941,
    "Cardiomegaly": 0.406478,
    "Consolidation": 0.1743,
    "Degenerative Change": 0.482862,
    "Edema": 0.283069,
    "Effusion": 0.133077,
    "Emphysema": 0.266811,
    "Fibrosis": 0.360399,
    "Fractures": 0.342676,
    "Hernia": 0.222826,
    "Hyperinflation": 0.446249,
    "Increased Lung Markings": 0.310932,
    "Interstitial Lung Disease": 0.206773,
    "Kyphosis": 0.225685,
    "Lesion": 0.473803,
    "Mass": 0.081875,
    "Nodule": 0.267109,
    "Osteophyte": 0.221291,
    "Pleural Effusion": 0.321255,
    "Pleural Thickening": 0.192884,
    "Pneumothorax": 0.216986,
    "Pulmonary Artery Enlargement": 0.127388,
    "Pulmonary Fibrosis": 0.165799,
    "Rib Fracture": 0.059895,
    "Scoliosis": 0.197042,
    "Subcutaneous Emphysema": 0.097315,
    "Thickening": 0.264641,
    "Volume Loss": 0.345716,
    "normal": 0.4997
  },
  "frontal_probs": {
    "Airspace Disease": 0.33618924021720886,
    "Bronchiectasis": 0.048601992428302765,
    "Bronchiolitis": 0.03344697505235672,
    "Bullous Disease": 0.14590846002101898,
    "Calcified Granuloma": 0.38777023553848267,
    "Calcinosis": 0.41000840067863464,
    "Cardiac Shadow (abnormal)": 0.2643042206764221,
    "Cardiomegaly": 0.416243314743042,
    "Consolidation": 0.18967540562152863,
    "Degenerative Change": 0.5012134909629822,
    "Edema": 0.32066813111305237,
    "Effusion": 0.14676451683044434,
    "Emphysema": 0.2502850890159607,
    "Fibrosis": 0.379988431930542,
    "Fractures": 0.3681325912475586,
    "Hernia": 0.24440820515155792,
    "Hyperinflation": 0.4349008798599243,
    "Increased Lung Markings": 0.2933758497238159,
    "Interstitial Lung Disease": 0.21955697238445282,
    "Kyphosis": 0.24515792727470398,
    "Lesion": 0.4694514870643616,
    "Mass": 0.08106133341789246,
    "Nodule": 0.28047436475753784,
    "Osteophyte": 0.21565788984298706,
    "Pleural Effusion": 0.36132827401161194,
    "Pleural Thickening": 0.17828819155693054,
    "Pneumothorax": 0.25197169184684753,
    "Pulmonary Artery Enlargement": 0.12861715257167816,
    "Pulmonary Fibrosis": 0.19158422946929932,
    "Rib Fracture": 0.07502571493387222,
    "Scoliosis": 0.21345484256744385,
    "Subcutaneous Emphysema": 0.10699460655450821,
    "Thickening": 0.3308325707912445,
    "Volume Loss": 0.34322991967201233,
    "normal": 0.462704062461853
  },
  "lateral_probs": {
    "Airspace Disease": 0.3231337368488312,
    "Bronchiectasis": 0.033371370285749435,
    "Bronchiolitis": 0.009558270685374737,
    "Bullous Disease": 0.04322061687707901,
    "Calcified Granuloma": 0.36799079179763794,
    "Calcinosis": 0.3468306362628937,
    "Cardiac Shadow (abnormal)": 0.283265620470047,
    "Cardiomegaly": 0.38834336400032043,
    "Consolidation": 0.14574597775936127,
    "Degenerative Change": 0.44878074526786804,
    "Edema": 0.21324105560779572,
    "Effusion": 0.10765820741653442,
    "Emphysema": 0.29750072956085205,
    "Fibrosis": 0.32401806116104126,
    "Fractures": 0.2954007387161255,
    "Hernia": 0.18274381756782532,
    "Hyperinflation": 0.4673236012458801,
    "Increased Lung Markings": 0.3435366451740265,
    "Interstitial Lung Disease": 0.18303221464157104,
    "Kyphosis": 0.1895199865102768,
    "Lesion": 0.48188546299934387,
    "Mass": 0.08338544517755508,
    "Nodule": 0.2422865331172943,
    "Osteophyte": 0.23175345361232758,
    "Pleural Effusion": 0.24683405458927155,
    "Pleural Thickening": 0.21998915076255798,
    "Pneumothorax": 0.15201342105865479,
    "Pulmonary Artery Enlargement": 0.12510433793067932,
    "Pulmonary Fibrosis": 0.11791132390499115,
    "Rib Fracture": 0.03179393336176872,
    "Scoliosis": 0.166559636592865,
    "Subcutaneous Emphysema": 0.07933863252401352,
    "Thickening": 0.1417151540517807,
    "Volume Loss": 0.35033249855041504,
    "normal": 0.5684065222740173
  }
}