{
  "uid": "3413",
  "frontal_image": "3413_IM-1650-1001.dcm.png",
  "lateral_image": "3413_IM-1650-2001.dcm.png",
  "fusion_mode": "weighted_avg(f=0.65,l=0.35)",
  "predicted_classes": [
    "normal"
  ],
  "resolved_classes": [
    "normal"
  ],
  "kg_classes": [
    "Normal"
  ],
  "num_predicted": 1,
  "conflict_resolution": "no_conflict",
  "is_uncertain": false,
  "uncertainty_reason": "",
  "inference_time_s": 0.2551,
  "gt_labels": "normal",
  "probabilities": {
    "Airspace Disease": 0.171213,
    "Bronchiectasis": 0.018367,
    "Bronchiolitis": 0.003324,
    "Bullous Disease": 0.014623,
    "Calcified Granuloma": 0.28786,
    "Calcinosis": 0.218397,
    "Cardiac Shadow (abnormal)": 0.074128,
    "Cardiomegaly": 0.184636,
    "Consolidation": 0.073945,
    "Degenerative Change": 0.309529,
    "Edema": 0.100477,
    "Effusion": 0.025792,
    "Emphysema": 0.09624,
    "Fibrosis": 0.161688,
    "Fractures": 0.164858,
    "Hernia": 0.146166,
    "Hyperinflation": 0.277328,
    "Increased Lung Markings": 0.261355,
    "Interstitial Lung Disease": 0.060538,
    "Kyphosis": 0.059564,
    "Lesion": 0.233613,
    "Mass": 0.055411,
    "Nodule": 0.245515,
    "Osteophyte": 0.218169,
    "Pleural Effusion": 0.061692,
    "Pleural Thickening": 0.070771,
    "Pneumothorax": 0.05281,
    "Pulmonary Artery Enlargement": 0.066297,
    "Pulmonary Fibrosis": 0.043056,
    "Rib Fracture": 0.012733,
    "Scoliosis": 0.119641,
    "Subcutaneous Emphysema": 0.014554,
    "Thickening": 0.09901,
    "Volume Loss": 0.175481,
    "normal": 0.779721
  },
  "frontal_probs": {
    "Airspace Disease": 0.15935304760932922,
    "Bronchiectasis": 0.004064787179231644,
    "Bronchiolitis": 0.0033052517101168633,
    "Bullous Disease": 0.013618438504636288,
    "Calcified Granuloma": 0.27660489082336426,
    "Calcinosis": 0.19316263496875763,
    "Cardiac Shadow (abnormal)": 0.052628595381975174,
    "Cardiomegaly": 0.1674826592206955,
    "Consolidation": 0.049921806901693344,
    "Degenerative Change": 0.281526118516922,
    "Edema": 0.08545120060443878,
    "Effusion": 0.018695300444960594,
    "Emphysema": 0.05805562809109688,
    "Fibrosis": 0.12733978033065796,
    "Fractures": 0.17777135968208313,
    "Hernia": 0.1485566943883896,
    "Hyperinflation": 0.22832424938678741,
    "Increased Lung Markings": 0.2753118574619293,
    "Interstitial Lung Disease": 0.030565382912755013,
    "Kyphosis": 0.061045385897159576,
    "Lesion": 0.21575327217578888,
    "Mass": 0.03399262949824333,
    "Nodule": 0.2390933334827423,
    "Osteophyte": 0.23022538423538208,
    "Pleural Effusion": 0.04426918923854828,
    "Pleural Thickening": 0.054495327174663544,
    "Pneumothorax": 0.05482405051589012,
    "Pulmonary Artery Enlargement": 0.058875396847724915,
    "Pulmonary Fibrosis": 0.016558866947889328,
    "Rib Fracture": 0.011749926023185253,
    "Scoliosis": 0.09444878995418549,
    "Subcutaneous Emphysema": 0.008214330300688744,
    "Thickening": 0.057736556977033615,
    "Volume Loss": 0.1603119820356369,
    "normal": 0.7739760875701904
  },
  "lateral_probs": {
    "Airspace Disease": 0.19323763251304626,
    "Bronchiectasis": 0.044929176568984985,
    "Bronchiolitis": 0.003357484471052885,
    "Bullous Disease": 0.016489868983626366,
    "Calcified Granuloma": 0.3087615370750427,
    "Calcinosis": 0.2652602195739746,
    "Cardiac Shadow (abnormal)": 0.11405551433563232,
    "Cardiomegaly": 0.21649201214313507,
    "Consolidation": 0.118558369576931,
    "Degenerative Change": 0.3615347743034363,
    "Edema": 0.1283823847770691,
    "Effusion": 0.0389726497232914,
    "Emphysema": 0.16715247929096222,
    "Fibrosis": 0.22547785937786102,
    "Fractures": 0.14087587594985962,
    "Hernia": 0.14172646403312683,
    "Hyperinflation": 0.3683350384235382,
    "Increased Lung Markings": 0.23543477058410645,
    "Interstitial Lung Disease": 0.11620074510574341,
    "Kyphosis": 0.056813161820173264,
    "Lesion": 0.2667798101902008,
    "Mass": 0.0951872393488884,
    "Nodule": 0.25744131207466125,
    "Osteophyte": 0.19577962160110474,
    "Pleural Effusion": 0.09404783695936203,
    "Pleural Thickening": 0.1009964570403099,
    "Pneumothorax": 0.049070656299591064,
    "Pulmonary Artery Enlargement": 0.08007863163948059,
    "Pulmonary Fibrosis": 0.09226395189762115,
    "Rib Fracture": 0.014558731578290462,
    "Scoliosis": 0.1664273738861084,
    "Subcutaneous Emphysema": 0.02632829360663891,
    "Thickening": 0.17566153407096863,
    "Volume Loss": 0.2036523073911667,
    "normal": 0.7903907299041748
  }
}