{
  "uid": "3265",
  "frontal_image": "3265_IM-1551-1001.dcm.png",
  "lateral_image": "3265_IM-1551-2001.dcm.png",
  "fusion_mode": "weighted_avg(f=0.65,l=0.35)",
  "predicted_classes": [
    "normal"
  ],
  "resolved_classes": [
    "normal"
  ],
  "kg_classes": [
    "Normal"
  ],
  "num_predicted": 1,
  "conflict_resolution": "no_conflict",
  "is_uncertain": false,
  "uncertainty_reason": "",
  "inference_time_s": 0.2832,
  "gt_labels": "normal",
  "probabilities": {
    "Airspace Disease": 0.088897,
    "Bronchiectasis": 0.005427,
    "Bronchiolitis": 0.001705,
    "Bullous Disease": 0.010426,
    "Calcified Granuloma": 0.285815,
    "Calcinosis": 0.263225,
    "Cardiac Shadow (abnormal)": 0.018002,
    "Cardiomegaly": 0.072188,
    "Consolidation": 0.04722,
    "Degenerative Change": 0.296483,
    "Edema": 0.045249,
    "Effusion": 0.008722,
    "Emphysema": 0.180151,
    "Fibrosis": 0.148756,
    "Fractures": 0.156395,
    "Hernia": 0.059812,
    "Hyperinflation": 0.221119,
    "Increased Lung Markings": 0.083811,
    "Interstitial Lung Disease": 0.137512,
    "Kyphosis": 0.029562,
    "Lesion": 0.169922,
    "Mass": 0.020093,
    "Nodule": 0.147549,
    "Osteophyte": 0.084586,
    "Pleural Effusion": 0.03709,
    "Pleural Thickening": 0.096485,
    "Pneumothorax": 0.024021,
    "Pulmonary Artery Enlargement": 0.019676,
    "Pulmonary Fibrosis": 0.014127,
    "Rib Fracture": 0.005967,
    "Scoliosis": 0.206773,
    "Subcutaneous Emphysema": 0.006017,
    "Thickening": 0.089059,
    "Volume Loss": 0.102079,
    "normal": 0.871586
  },
  "frontal_probs": {
    "Airspace Disease": 0.08988266438245773,
    "Bronchiectasis": 0.005586671177297831,
    "Bronchiolitis": 0.0025072263088077307,
    "Bullous Disease": 0.015300894156098366,
    "Calcified Granuloma": 0.27364400029182434,
    "Calcinosis": 0.2703469693660736,
    "Cardiac Shadow (abnormal)": 0.011213462799787521,
    "Cardiomegaly": 0.06842395663261414,
    "Consolidation": 0.048921357840299606,
    "Degenerative Change": 0.26835960149765015,
    "Edema": 0.04483387619256973,
    "Effusion": 0.007245916873216629,
    "Emphysema": 0.23442432284355164,
    "Fibrosis": 0.15922707319259644,
    "Fractures": 0.18839159607887268,
    "Hernia": 0.06788284331560135,
    "Hyperinflation": 0.2159755527973175,
    "Increased Lung Markings": 0.07791206240653992,
    "Interstitial Lung Disease": 0.17500454187393188,
    "Kyphosis": 0.03982773423194885,
    "Lesion": 0.15206432342529297,
    "Mass": 0.019905997440218925,
    "Nodule": 0.11662059277296066,
    "Osteophyte": 0.06288722902536392,
    "Pleural Effusion": 0.03695794939994812,
    "Pleural Thickening": 0.11622266471385956,
    "Pneumothorax": 0.032671477645635605,
    "Pulmonary Artery Enlargement": 0.02118161879479885,
    "Pulmonary Fibrosis": 0.01099186111241579,
    "Rib Fracture": 0.0067803203128278255,
    "Scoliosis": 0.24868836998939514,
    "Subcutaneous Emphysema": 0.007298517506569624,
    "Thickening": 0.09357717633247375,
    "Volume Loss": 0.09127319604158401,
    "normal": 0.8574427962303162
  },
  "lateral_probs": {
    "Airspace Disease": 0.08706582337617874,
    "Bronchiectasis": 0.005130660720169544,
    "Bronchiolitis": 0.00021641462808474898,
    "Bullous Disease": 0.0013728105695918202,
    "Calcified Granuloma": 0.3084183931350708,
    "Calcinosis": 0.24999815225601196,
    "Cardiac Shadow (abnormal)": 0.030609330162405968,
    "Cardiomegaly": 0.07917948067188263,
    "Consolidation": 0.04406016692519188,
    "Degenerative Change": 0.34871116280555725,
    "Edema": 0.04601963609457016,
    "Effusion": 0.011462057940661907,
    "Emphysema": 0.07935778796672821,
    "Fibrosis": 0.12931068241596222,
    "Fractures": 0.09697136282920837,
    "Hernia": 0.04482387751340866,
    "Hyperinflation": 0.2306697517633438,
    "Increased Lung Markings": 0.09476655721664429,
    "Interstitial Lung Disease": 0.06788354367017746,
    "Kyphosis": 0.01049757283180952,
    "Lesion": 0.203085795044899,
    "Mass": 0.02043977379798889,
    "Nodule": 0.20498667657375336,
    "Osteophyte": 0.12488275021314621,
    "Pleural Effusion": 0.0373341366648674,
    "Pleural Thickening": 0.059828147292137146,
    "Pneumothorax": 0.007955203764140606,
    "Pulmonary Artery Enlargement": 0.016880454495549202,
    "Pulmonary Fibrosis": 0.019950807094573975,
    "Rib Fracture": 0.0044566188007593155,
    "Scoliosis": 0.12893053889274597,
    "Subcutaneous Emphysema": 0.003637944580987096,
    "Thickening": 0.08066805452108383,
    "Volume Loss": 0.12214820086956024,
    "normal": 0.8978509306907654
  }
}