{
  "uid": "3289",
  "frontal_image": "3289_IM-1570-1001.dcm.png",
  "lateral_image": "3289_IM-1570-2001.dcm.png",
  "fusion_mode": "weighted_avg(f=0.65,l=0.35)",
  "predicted_classes": [
    "normal"
  ],
  "resolved_classes": [
    "normal"
  ],
  "kg_classes": [
    "Normal"
  ],
  "num_predicted": 1,
  "conflict_resolution": "no_conflict",
  "is_uncertain": true,
  "uncertainty_reason": "normal_prob=0.655 (<0.73) with elevated disease scores: Emphysema=0.409, Degenerative Change=0.402, Calcinosis=0.394",
  "inference_time_s": 0.2666,
  "gt_labels": "normal",
  "probabilities": {
    "Airspace Disease": 0.239535,
    "Bronchiectasis": 0.074701,
    "Bronchiolitis": 0.013566,
    "Bullous Disease": 0.067787,
    "Calcified Granuloma": 0.321408,
    "Calcinosis": 0.394251,
    "Cardiac Shadow (abnormal)": 0.120781,
    "Cardiomegaly": 0.256524,
    "Consolidation": 0.155865,
    "Degenerative Change": 0.401894,
    "Edema": 0.195057,
    "Effusion": 0.074207,
    "Emphysema": 0.40855,
    "Fibrosis": 0.330966,
    "Fractures": 0.218508,
    "Hernia": 0.136161,
    "Hyperinflation": 0.370776,
    "Increased Lung Markings": 0.184723,
    "Interstitial Lung Disease": 0.234717,
    "Kyphosis": 0.091724,
    "Lesion": 0.367525,
    "Mass": 0.066608,
    "Nodule": 0.232672,
    "Osteophyte": 0.178748,
    "Pleural Effusion": 0.163459,
    "Pleural Thickening": 0.219377,
    "Pneumothorax": 0.082543,
    "Pulmonary Artery Enlargement": 0.07187,
    "Pulmonary Fibrosis": 0.104975,
    "Rib Fracture": 0.046968,
    "Scoliosis": 0.197528,
    "Subcutaneous Emphysema": 0.035298,
    "Thickening": 0.183487,
    "Volume Loss": 0.238244,
    "normal": 0.654964
  },
  "frontal_probs": {
    "Airspace Disease": 0.23236750066280365,
    "Bronchiectasis": 0.09455401450395584,
    "Bronchiolitis": 0.018957247957587242,
    "Bullous Disease": 0.09143770486116409,
    "Calcified Granuloma": 0.3197166621685028,
    "Calcinosis": 0.4520424008369446,
    "Cardiac Shadow (abnormal)": 0.11602664738893509,
    "Cardiomegaly": 0.2596241235733032,
    "Consolidation": 0.12215781211853027,
    "Degenerative Change": 0.37928834557533264,
    "Edema": 0.1871245950460434,
    "Effusion": 0.0750211775302887,
    "Emphysema": 0.4774712324142456,
    "Fibrosis": 0.3532731533050537,
    "Fractures": 0.2287776619195938,
    "Hernia": 0.13374458253383636,
    "Hyperinflation": 0.35605940222740173,
    "Increased Lung Markings": 0.16518092155456543,
    "Interstitial Lung Disease": 0.24898016452789307,
    "Kyphosis": 0.10202918946743011,
    "Lesion": 0.37504997849464417,
    "Mass": 0.06166699901223183,
    "Nodule": 0.24795769155025482,
    "Osteophyte": 0.16233862936496735,
    "Pleural Effusion": 0.16870124638080597,
    "Pleural Thickening": 0.23323974013328552,
    "Pneumothorax": 0.08828748762607574,
    "Pulmonary Artery Enlargement": 0.06396332383155823,
    "Pulmonary Fibrosis": 0.10996638238430023,
    "Rib Fracture": 0.05864151567220688,
    "Scoliosis": 0.21148738265037537,
    "Subcutaneous Emphysema": 0.03638788312673569,
    "Thickening": 0.1883046180009842,
    "Volume Loss": 0.225175142288208,
    "normal": 0.6448553800582886
  },
  "lateral_probs": {
    "Airspace Disease": 0.2528451681137085,
    "Bronchiectasis": 0.037830278277397156,
    "Bronchiolitis": 0.003552968380972743,
    "Bullous Disease": 0.02386409230530262,
    "Calcified Granuloma": 0.32454776763916016,
    "Calcinosis": 0.2869250476360321,
    "Cardiac Shadow (abnormal)": 0.12961171567440033,
    "Cardiomegaly": 0.25076645612716675,
    "Consolidation": 0.21846485137939453,
    "Degenerative Change": 0.4438750445842743,
    "Edema": 0.2097899317741394,
    "Effusion": 0.0726948156952858,
    "Emphysema": 0.2805522680282593,
    "Fibrosis": 0.2895372211933136,
    "Fractures": 0.1994365006685257,
    "Hernia": 0.14064747095108032,
    "Hyperinflation": 0.39810654520988464,
    "Increased Lung Markings": 0.2210160195827484,
    "Interstitial Lung Disease": 0.2082294374704361,
    "Kyphosis": 0.07258603721857071,
    "Lesion": 0.3535495400428772,
    "Mass": 0.07578548789024353,
    "Nodule": 0.2042832225561142,
    "Osteophyte": 0.2092239409685135,
    "Pleural Effusion": 0.15372250974178314,
    "Pleural Thickening": 0.19363151490688324,
    "Pneumothorax": 0.07187552005052567,
    "Pulmonary Artery Enlargement": 0.08655314892530441,
    "Pulmonary Fibrosis": 0.09570549428462982,
    "Rib Fracture": 0.025287507101893425,
    "Scoliosis": 0.17160415649414062,
    "Subcutaneous Emphysema": 0.033275168389081955,
    "Thickening": 0.17453882098197937,
    "Volume Loss": 0.2625160217285156,
    "normal": 0.6737372875213623
  }
}