{
  "uid": "3851",
  "frontal_image": "3851_IM-1948-1001.dcm.png",
  "lateral_image": "3851_IM-1948-1002.dcm.png",
  "fusion_mode": "weighted_avg(f=0.65,l=0.35)",
  "predicted_classes": [
    "normal"
  ],
  "resolved_classes": [
    "normal"
  ],
  "kg_classes": [
    "Normal"
  ],
  "num_predicted": 1,
  "conflict_resolution": "no_conflict",
  "is_uncertain": false,
  "uncertainty_reason": "",
  "inference_time_s": 0.2468,
  "gt_labels": "Calcified Granuloma;Lesion",
  "probabilities": {
    "Airspace Disease": 0.174466,
    "Bronchiectasis": 0.022948,
    "Bronchiolitis": 0.003001,
    "Bullous Disease": 0.00983,
    "Calcified Granuloma": 0.258191,
    "Calcinosis": 0.268636,
    "Cardiac Shadow (abnormal)": 0.05385,
    "Cardiomegaly": 0.157855,
    "Consolidation": 0.085342,
    "Degenerative Change": 0.253005,
    "Edema": 0.064268,
    "Effusion": 0.066764,
    "Emphysema": 0.067245,
    "Fibrosis": 0.221078,
    "Fractures": 0.150273,
    "Hernia": 0.107852,
    "Hyperinflation": 0.357385,
    "Increased Lung Markings": 0.309768,
    "Interstitial Lung Disease": 0.039624,
    "Kyphosis": 0.057874,
    "Lesion": 0.363462,
    "Mass": 0.054108,
    "Nodule": 0.186901,
    "Osteophyte": 0.143915,
    "Pleural Effusion": 0.144588,
    "Pleural Thickening": 0.144736,
    "Pneumothorax": 0.151401,
    "Pulmonary Artery Enlargement": 0.034299,
    "Pulmonary Fibrosis": 0.028703,
    "Rib Fracture": 0.011099,
    "Scoliosis": 0.243633,
    "Subcutaneous Emphysema": 0.018534,
    "Thickening": 0.079514,
    "Volume Loss": 0.322526,
    "normal": 0.83187
  },
  "frontal_probs": {
    "Airspace Disease": 0.149148628115654,
    "Bronchiectasis": 0.02661050483584404,
    "Bronchiolitis": 0.0035505888517946005,
    "Bullous Disease": 0.010812581516802311,
    "Calcified Granuloma": 0.2566245496273041,
    "Calcinosis": 0.31210067868232727,
    "Cardiac Shadow (abnormal)": 0.04041881859302521,
    "Cardiomegaly": 0.14474597573280334,
    "Consolidation": 0.05216037109494209,
    "Degenerative Change": 0.2557292580604553,
    "Edema": 0.035078030079603195,
    "Effusion": 0.07619515061378479,
    "Emphysema": 0.07095342129468918,
    "Fibrosis": 0.24017484486103058,
    "Fractures": 0.13658550381660461,
    "Hernia": 0.08425375074148178,
    "Hyperinflation": 0.40573573112487793,
    "Increased Lung Markings": 0.31601041555404663,
    "Interstitial Lung Disease": 0.03566354885697365,
    "Kyphosis": 0.07283546030521393,
    "Lesion": 0.38868871331214905,
    "Mass": 0.032239921391010284,
    "Nodule": 0.1897900551557541,
    "Osteophyte": 0.1581108719110489,
    "Pleural Effusion": 0.15956048667430878,
    "Pleural Thickening": 0.1746985763311386,
    "Pneumothorax": 0.1990012526512146,
    "Pulmonary Artery Enlargement": 0.02224387414753437,
    "Pulmonary Fibrosis": 0.023813199251890182,
    "Rib Fracture": 0.008650023490190506,
    "Scoliosis": 0.2677440941333771,
    "Subcutaneous Emphysema": 0.021406520158052444,
    "Thickening": 0.07251866161823273,
    "Volume Loss": 0.3632529079914093,
    "normal": 0.8161041736602783
  },
  "lateral_probs": {
    "Airspace Disease": 0.22148409485816956,
    "Bronchiectasis": 0.016146205365657806,
    "Bronchiolitis": 0.001979408785700798,
    "Bullous Disease": 0.008006387390196323,
    "Calcified Granuloma": 0.2611011564731598,
    "Calcinosis": 0.1879146248102188,
    "Cardiac Shadow (abnormal)": 0.07879461348056793,
    "Cardiomegaly": 0.1822008639574051,
    "Consolidation": 0.14696581661701202,
    "Degenerative Change": 0.24794499576091766,
    "Edema": 0.11847694963216782,
    "Effusion": 0.049250271171331406,
    "Emphysema": 0.06035692244768143,
    "Fibrosis": 0.18561217188835144,
    "Fractures": 0.17569181323051453,
    "Hernia": 0.15167750418186188,
    "Hyperinflation": 0.2675914764404297,
    "Increased Lung Markings": 0.29817426204681396,
    "Interstitial Lung Disease": 0.04697965830564499,
    "Kyphosis": 0.030088575556874275,
    "Lesion": 0.3166118562221527,
    "Mass": 0.09472019970417023,
    "Nodule": 0.1815369874238968,
    "Osteophyte": 0.11755234748125076,
    "Pleural Effusion": 0.1167815700173378,
    "Pleural Thickening": 0.08909238874912262,
    "Pneumothorax": 0.06300066411495209,
    "Pulmonary Artery Enlargement": 0.056688111275434494,
    "Pulmonary Fibrosis": 0.03778383880853653,
    "Rib Fracture": 0.01564805582165718,
    "Scoliosis": 0.19885516166687012,
    "Subcutaneous Emphysema": 0.013199764303863049,
    "Thickening": 0.092506043612957,
    "Volume Loss": 0.2468893826007843,
    "normal": 0.8611485958099365
  }
}