{
  "uid": "3251",
  "frontal_image": "3251_IM-1541-1001.dcm.png",
  "lateral_image": "3251_IM-1541-2001.dcm.png",
  "fusion_mode": "weighted_avg(f=0.65,l=0.35)",
  "predicted_classes": [
    "normal"
  ],
  "resolved_classes": [
    "normal"
  ],
  "kg_classes": [
    "Normal"
  ],
  "num_predicted": 1,
  "conflict_resolution": "no_conflict",
  "is_uncertain": true,
  "uncertainty_reason": "normal_prob=0.727 (<0.73) with elevated disease scores: Degenerative Change=0.371, Calcified Granuloma=0.355, Lesion=0.355",
  "inference_time_s": 0.2617,
  "gt_labels": "Nodule",
  "probabilities": {
    "Airspace Disease": 0.224266,
    "Bronchiectasis": 0.036478,
    "Bronchiolitis": 0.008438,
    "Bullous Disease": 0.032427,
    "Calcified Granuloma": 0.354737,
    "Calcinosis": 0.238127,
    "Cardiac Shadow (abnormal)": 0.072543,
    "Cardiomegaly": 0.184737,
    "Consolidation": 0.139894,
    "Degenerative Change": 0.371159,
    "Edema": 0.129165,
    "Effusion": 0.045131,
    "Emphysema": 0.212274,
    "Fibrosis": 0.291692,
    "Fractures": 0.169242,
    "Hernia": 0.212515,
    "Hyperinflation": 0.329607,
    "Increased Lung Markings": 0.231818,
    "Interstitial Lung Disease": 0.131041,
    "Kyphosis": 0.100534,
    "Lesion": 0.354505,
    "Mass": 0.080705,
    "Nodule": 0.188448,
    "Osteophyte": 0.244812,
    "Pleural Effusion": 0.152237,
    "Pleural Thickening": 0.162301,
    "Pneumothorax": 0.084122,
    "Pulmonary Artery Enlargement": 0.080399,
    "Pulmonary Fibrosis": 0.066051,
    "Rib Fracture": 0.033409,
    "Scoliosis": 0.207966,
    "Subcutaneous Emphysema": 0.021458,
    "Thickening": 0.11826,
    "Volume Loss": 0.252436,
    "normal": 0.726738
  },
  "frontal_probs": {
    "Airspace Disease": 0.1569247990846634,
    "Bronchiectasis": 0.011893417686223984,
    "Bronchiolitis": 0.006299762986600399,
    "Bullous Disease": 0.021213511005043983,
    "Calcified Granuloma": 0.3396158516407013,
    "Calcinosis": 0.19998836517333984,
    "Cardiac Shadow (abnormal)": 0.043640684336423874,
    "Cardiomegaly": 0.10386951267719269,
    "Consolidation": 0.08496139198541641,
    "Degenerative Change": 0.3020145297050476,
    "Edema": 0.07409811019897461,
    "Effusion": 0.011775139719247818,
    "Emphysema": 0.121373750269413,
    "Fibrosis": 0.254208505153656,
    "Fractures": 0.14162133634090424,
    "Hernia": 0.15248894691467285,
    "Hyperinflation": 0.27654629945755005,
    "Increased Lung Markings": 0.21747609972953796,
    "Interstitial Lung Disease": 0.06508137285709381,
    "Kyphosis": 0.063198022544384,
    "Lesion": 0.29840385913848877,
    "Mass": 0.05202651023864746,
    "Nodule": 0.17380955815315247,
    "Osteophyte": 0.2041953057050705,
    "Pleural Effusion": 0.0744609460234642,
    "Pleural Thickening": 0.1156269833445549,
    "Pneumothorax": 0.04169571399688721,
    "Pulmonary Artery Enlargement": 0.05255311354994774,
    "Pulmonary Fibrosis": 0.025116393342614174,
    "Rib Fracture": 0.019532233476638794,
    "Scoliosis": 0.17236864566802979,
    "Subcutaneous Emphysema": 0.008943320252001286,
    "Thickening": 0.10008367151021957,
    "Volume Loss": 0.20239803194999695,
    "normal": 0.7889343500137329
  },
  "lateral_probs": {
    "Airspace Disease": 0.3493291139602661,
    "Bronchiectasis": 0.08213621377944946,
    "Bronchiolitis": 0.012409470975399017,
    "Bullous Disease": 0.05325265973806381,
    "Calcified Granuloma": 0.38281959295272827,
    "Calcinosis": 0.3089568018913269,
    "Cardiac Shadow (abnormal)": 0.1262197643518448,
    "Cardiomegaly": 0.3349183201789856,
    "Consolidation": 0.24191170930862427,
    "Degenerative Change": 0.49957001209259033,
    "Edema": 0.2314319908618927,
    "Effusion": 0.10707804560661316,
    "Emphysema": 0.3810899257659912,
    "Fibrosis": 0.36130544543266296,
    "Fractures": 0.22053875029087067,
    "Hernia": 0.3239927291870117,
    "Hyperinflation": 0.42814901471138,
    "Increased Lung Markings": 0.2584524154663086,
    "Interstitial Lung Disease": 0.2535381615161896,
    "Kyphosis": 0.16987287998199463,
    "Lesion": 0.4586942493915558,
    "Mass": 0.13396404683589935,
    "Nodule": 0.21563489735126495,
    "Osteophyte": 0.32024240493774414,
    "Pleural Effusion": 0.29667890071868896,
    "Pleural Thickening": 0.24898135662078857,
    "Pneumothorax": 0.16291294991970062,
    "Pulmonary Artery Enlargement": 0.13211224973201752,
    "Pulmonary Fibrosis": 0.14207370579242706,
    "Rib Fracture": 0.05918018892407417,
    "Scoliosis": 0.2740766406059265,
    "Subcutaneous Emphysema": 0.04470028355717659,
    "Thickening": 0.15201722085475922,
    "Volume Loss": 0.345363587141037,
    "normal": 0.6112299561500549
  }
}