{
  "uid": "3790",
  "frontal_image": "3790_IM-1904-0001-0002.dcm.png",
  "lateral_image": "3790_IM-1904-0001-0001.dcm.png",
  "fusion_mode": "weighted_avg(f=0.65,l=0.35)",
  "predicted_classes": [
    "Lesion",
    "Pleural Effusion"
  ],
  "resolved_classes": [
    "Lesion",
    "Pleural Effusion"
  ],
  "kg_classes": [
    "Lesion",
    "Pleural Effusion"
  ],
  "num_predicted": 2,
  "conflict_resolution": "no_conflict",
  "is_uncertain": false,
  "uncertainty_reason": "",
  "inference_time_s": 0.259,
  "gt_labels": "Airspace Disease;Calcified Granuloma;Calcinosis;Degenerative Change;Hyperinflation;Lesion;Pleural Thickening",
  "probabilities": {
    "Airspace Disease": 0.492369,
    "Bronchiectasis": 0.076447,
    "Bronchiolitis": 0.023501,
    "Bullous Disease": 0.047111,
    "Calcified Granuloma": 0.339418,
    "Calcinosis": 0.364807,
    "Cardiac Shadow (abnormal)": 0.212576,
    "Cardiomegaly": 0.384443,
    "Consolidation": 0.256338,
    "Degenerative Change": 0.450579,
    "Edema": 0.227393,
    "Effusion": 0.076443,
    "Emphysema": 0.291047,
    "Fibrosis": 0.359667,
    "Fractures": 0.233622,
    "Hernia": 0.287407,
    "Hyperinflation": 0.467945,
    "Increased Lung Markings": 0.327077,
    "Interstitial Lung Disease": 0.219419,
    "Kyphosis": 0.212657,
    "Lesion": 0.549825,
    "Mass": 0.138009,
    "Nodule": 0.248249,
    "Osteophyte": 0.211239,
    "Pleural Effusion": 0.526379,
    "Pleural Thickening": 0.345682,
    "Pneumothorax": 0.14447,
    "Pulmonary Artery Enlargement": 0.087966,
    "Pulmonary Fibrosis": 0.125916,
    "Rib Fracture": 0.049263,
    "Scoliosis": 0.227003,
    "Subcutaneous Emphysema": 0.050292,
    "Thickening": 0.253899,
    "Volume Loss": 0.452453,
    "normal": 0.472138
  },
  "frontal_probs": {
    "Airspace Disease": 0.5618450045585632,
    "Bronchiectasis": 0.036689456552267075,
    "Bronchiolitis": 0.019972052425146103,
    "Bullous Disease": 0.03965616971254349,
    "Calcified Granuloma": 0.3175782859325409,
    "Calcinosis": 0.3600873053073883,
    "Cardiac Shadow (abnormal)": 0.2145746350288391,
    "Cardiomegaly": 0.38099274039268494,
    "Consolidation": 0.26216718554496765,
    "Degenerative Change": 0.4340120851993561,
    "Edema": 0.22157423198223114,
    "Effusion": 0.06799755990505219,
    "Emphysema": 0.2541385591030121,
    "Fibrosis": 0.349004864692688,
    "Fractures": 0.22693541646003723,
    "Hernia": 0.2316306084394455,
    "Hyperinflation": 0.4977308213710785,
    "Increased Lung Markings": 0.35120511054992676,
    "Interstitial Lung Disease": 0.17306116223335266,
    "Kyphosis": 0.22001390159130096,
    "Lesion": 0.5709538459777832,
    "Mass": 0.0809992253780365,
    "Nodule": 0.2473895102739334,
    "Osteophyte": 0.17182476818561554,
    "Pleural Effusion": 0.6185898780822754,
    "Pleural Thickening": 0.4011933505535126,
    "Pneumothorax": 0.11932701617479324,
    "Pulmonary Artery Enlargement": 0.06194259971380234,
    "Pulmonary Fibrosis": 0.10336828976869583,
    "Rib Fracture": 0.038858670741319656,
    "Scoliosis": 0.2227989286184311,
    "Subcutaneous Emphysema": 0.040934909135103226,
    "Thickening": 0.26318755745887756,
    "Volume Loss": 0.5092373490333557,
    "normal": 0.42834874987602234
  },
  "lateral_probs": {
    "Airspace Disease": 0.3633434772491455,
    "Bronchiectasis": 0.1502823531627655,
    "Bronchiolitis": 0.030054960399866104,
    "Bullous Disease": 0.06095525622367859,
    "Calcified Granuloma": 0.3799784183502197,
    "Calcinosis": 0.3735726475715637,
    "Cardiac Shadow (abnormal)": 0.20886537432670593,
    "Cardiomegaly": 0.3908505439758301,
    "Consolidation": 0.24551275372505188,
    "Degenerative Change": 0.4813462495803833,
    "Edema": 0.2381984442472458,
    "Effusion": 0.09212817251682281,
    "Emphysema": 0.3595924377441406,
    "Fibrosis": 0.37946802377700806,
    "Fractures": 0.24603983759880066,
    "Hernia": 0.3909911811351776,
    "Hyperinflation": 0.4126281440258026,
    "Increased Lung Markings": 0.2822670340538025,
    "Interstitial Lung Disease": 0.30551329255104065,
    "Kyphosis": 0.19899363815784454,
    "Lesion": 0.5105845928192139,
    "Mass": 0.2438831627368927,
    "Nodule": 0.24984408915042877,
    "Osteophyte": 0.2844364643096924,
    "Pleural Effusion": 0.3551291525363922,
    "Pleural Thickening": 0.24259071052074432,
    "Pneumothorax": 0.1911645084619522,
    "Pulmonary Artery Enlargement": 0.13629424571990967,
    "Pulmonary Fibrosis": 0.1677897870540619,
    "Rib Fracture": 0.06858588010072708,
    "Scoliosis": 0.2348111867904663,
    "Subcutaneous Emphysema": 0.06767075508832932,
    "Thickening": 0.23665009438991547,
    "Volume Loss": 0.3469976484775543,
    "normal": 0.5534622669219971
  }
}