{
  "uid": "3781",
  "frontal_image": "3781_IM-1897-1001.dcm.png",
  "lateral_image": "3781_IM-1897-3001.dcm.png",
  "fusion_mode": "weighted_avg(f=0.65,l=0.35)",
  "predicted_classes": [
    "normal"
  ],
  "resolved_classes": [
    "normal"
  ],
  "kg_classes": [
    "Normal"
  ],
  "num_predicted": 1,
  "conflict_resolution": "no_conflict",
  "is_uncertain": false,
  "uncertainty_reason": "",
  "inference_time_s": 0.2701,
  "gt_labels": "normal",
  "probabilities": {
    "Airspace Disease": 0.075945,
    "Bronchiectasis": 0.002554,
    "Bronchiolitis": 0.000348,
    "Bullous Disease": 0.001497,
    "Calcified Granuloma": 0.199106,
    "Calcinosis": 0.129145,
    "Cardiac Shadow (abnormal)": 0.02621,
    "Cardiomegaly": 0.151665,
    "Consolidation": 0.042301,
    "Degenerative Change": 0.262003,
    "Edema": 0.026646,
    "Effusion": 0.005932,
    "Emphysema": 0.031844,
    "Fibrosis": 0.082626,
    "Fractures": 0.095584,
    "Hernia": 0.07603,
    "Hyperinflation": 0.151093,
    "Increased Lung Markings": 0.089319,
    "Interstitial Lung Disease": 0.026778,
    "Kyphosis": 0.048177,
    "Lesion": 0.156775,
    "Mass": 0.034543,
    "Nodule": 0.115257,
    "Osteophyte": 0.145695,
    "Pleural Effusion": 0.036123,
    "Pleural Thickening": 0.030596,
    "Pneumothorax": 0.016094,
    "Pulmonary Artery Enlargement": 0.023443,
    "Pulmonary Fibrosis": 0.011346,
    "Rib Fracture": 0.003635,
    "Scoliosis": 0.104142,
    "Subcutaneous Emphysema": 0.002114,
    "Thickening": 0.049339,
    "Volume Loss": 0.115807,
    "normal": 0.912778
  },
  "frontal_probs": {
    "Airspace Disease": 0.051145344972610474,
    "Bronchiectasis": 0.0002455611538607627,
    "Bronchiolitis": 0.0003642805095296353,
    "Bullous Disease": 0.0010479410411790013,
    "Calcified Granuloma": 0.16640228033065796,
    "Calcinosis": 0.08761806786060333,
    "Cardiac Shadow (abnormal)": 0.022780142724514008,
    "Cardiomegaly": 0.19346250593662262,
    "Consolidation": 0.02569206990301609,
    "Degenerative Change": 0.21567420661449432,
    "Edema": 0.01748894713819027,
    "Effusion": 0.006053300108760595,
    "Emphysema": 0.01037322636693716,
    "Fibrosis": 0.05941740423440933,
    "Fractures": 0.10100290179252625,
    "Hernia": 0.08677161484956741,
    "Hyperinflation": 0.11329859495162964,
    "Increased Lung Markings": 0.08940444886684418,
    "Interstitial Lung Disease": 0.007734762504696846,
    "Kyphosis": 0.06507916748523712,
    "Lesion": 0.12011793255805969,
    "Mass": 0.01018188614398241,
    "Nodule": 0.0951089933514595,
    "Osteophyte": 0.14253582060337067,
    "Pleural Effusion": 0.0339079350233078,
    "Pleural Thickening": 0.01563001237809658,
    "Pneumothorax": 0.017342373728752136,
    "Pulmonary Artery Enlargement": 0.026657752692699432,
    "Pulmonary Fibrosis": 0.0023825569078326225,
    "Rib Fracture": 0.0015511232195422053,
    "Scoliosis": 0.08575119823217392,
    "Subcutaneous Emphysema": 0.0013368935324251652,
    "Thickening": 0.028546961024403572,
    "Volume Loss": 0.11461924016475677,
    "normal": 0.917543351650238
  },
  "lateral_probs": {
    "Airspace Disease": 0.12200271338224411,
    "Bronchiectasis": 0.006841810420155525,
    "Bronchiolitis": 0.0003166179812978953,
    "Bullous Disease": 0.0023304172791540623,
    "Calcified Granuloma": 0.25984126329421997,
    "Calcinosis": 0.20626616477966309,
    "Cardiac Shadow (abnormal)": 0.03257983922958374,
    "Cardiomegaly": 0.07404125481843948,
    "Consolidation": 0.07314594089984894,
    "Degenerative Change": 0.34804075956344604,
    "Edema": 0.043652743101119995,
    "Effusion": 0.005707400850951672,
    "Emphysema": 0.07171699404716492,
    "Fibrosis": 0.1257273107767105,
    "Fractures": 0.08551916480064392,
    "Hernia": 0.05608171597123146,
    "Hyperinflation": 0.22128388285636902,
    "Increased Lung Markings": 0.08916168659925461,
    "Interstitial Lung Disease": 0.06214287504553795,
    "Kyphosis": 0.01678769290447235,
    "Lesion": 0.22485211491584778,
    "Mass": 0.07978621870279312,
    "Nodule": 0.15267591178417206,
    "Osteophyte": 0.15156210958957672,
    "Pleural Effusion": 0.04023803398013115,
    "Pleural Thickening": 0.058390289545059204,
    "Pneumothorax": 0.01377420499920845,
    "Pulmonary Artery Enlargement": 0.017472190782427788,
    "Pulmonary Fibrosis": 0.027991585433483124,
    "Rib Fracture": 0.007504011504352093,
    "Scoliosis": 0.13829763233661652,
    "Subcutaneous Emphysema": 0.003556265262886882,
    "Thickening": 0.08795281499624252,
    "Volume Loss": 0.11801178008317947,
    "normal": 0.9039292335510254
  }
}