{
  "uid": "3994",
  "frontal_image": "3994_IM-2045-2001.dcm.png",
  "lateral_image": "3994_IM-2045-1001.dcm.png",
  "fusion_mode": "weighted_avg(f=0.65,l=0.35)",
  "predicted_classes": [
    "normal"
  ],
  "resolved_classes": [
    "normal"
  ],
  "kg_classes": [
    "Normal"
  ],
  "num_predicted": 1,
  "conflict_resolution": "no_conflict",
  "is_uncertain": false,
  "uncertainty_reason": "",
  "inference_time_s": 0.2936,
  "gt_labels": "Cardiomegaly;Edema",
  "probabilities": {
    "Airspace Disease": 0.12938,
    "Bronchiectasis": 0.00662,
    "Bronchiolitis": 0.001839,
    "Bullous Disease": 0.013282,
    "Calcified Granuloma": 0.158373,
    "Calcinosis": 0.176083,
    "Cardiac Shadow (abnormal)": 0.077416,
    "Cardiomegaly": 0.291226,
    "Consolidation": 0.05726,
    "Degenerative Change": 0.229937,
    "Edema": 0.215268,
    "Effusion": 0.051684,
    "Emphysema": 0.067696,
    "Fibrosis": 0.128373,
    "Fractures": 0.132199,
    "Hernia": 0.071321,
    "Hyperinflation": 0.254741,
    "Increased Lung Markings": 0.178621,
    "Interstitial Lung Disease": 0.040307,
    "Kyphosis": 0.026916,
    "Lesion": 0.230616,
    "Mass": 0.06258,
    "Nodule": 0.178677,
    "Osteophyte": 0.149207,
    "Pleural Effusion": 0.077153,
    "Pleural Thickening": 0.094261,
    "Pneumothorax": 0.092505,
    "Pulmonary Artery Enlargement": 0.059711,
    "Pulmonary Fibrosis": 0.0272,
    "Rib Fracture": 0.024895,
    "Scoliosis": 0.10004,
    "Subcutaneous Emphysema": 0.00859,
    "Thickening": 0.077598,
    "Volume Loss": 0.22652,
    "normal": 0.813284
  },
  "frontal_probs": {
    "Airspace Disease": 0.12923593819141388,
    "Bronchiectasis": 0.005396616645157337,
    "Bronchiolitis": 0.0025477888993918896,
    "Bullous Disease": 0.01726493053138256,
    "Calcified Granuloma": 0.11767972260713577,
    "Calcinosis": 0.17107945680618286,
    "Cardiac Shadow (abnormal)": 0.0909493938088417,
    "Cardiomegaly": 0.3372577130794525,
    "Consolidation": 0.026049643754959106,
    "Degenerative Change": 0.21407437324523926,
    "Edema": 0.2885647416114807,
    "Effusion": 0.05077827721834183,
    "Emphysema": 0.05224485695362091,
    "Fibrosis": 0.1040523424744606,
    "Fractures": 0.1371525377035141,
    "Hernia": 0.06647337228059769,
    "Hyperinflation": 0.26145026087760925,
    "Increased Lung Markings": 0.21388612687587738,
    "Interstitial Lung Disease": 0.03641906753182411,
    "Kyphosis": 0.03269033506512642,
    "Lesion": 0.20966802537441254,
    "Mass": 0.03373832628130913,
    "Nodule": 0.20661133527755737,
    "Osteophyte": 0.15454204380512238,
    "Pleural Effusion": 0.07147392630577087,
    "Pleural Thickening": 0.08168000727891922,
    "Pneumothorax": 0.11200734227895737,
    "Pulmonary Artery Enlargement": 0.052128247916698456,
    "Pulmonary Fibrosis": 0.01801602728664875,
    "Rib Fracture": 0.03207335248589516,
    "Scoliosis": 0.10458886623382568,
    "Subcutaneous Emphysema": 0.009260213933885098,
    "Thickening": 0.08151897042989731,
    "Volume Loss": 0.24681499600410461,
    "normal": 0.8017122745513916
  },
  "lateral_probs": {
    "Airspace Disease": 0.129647895693779,
    "Bronchiectasis": 0.008893326856195927,
    "Bronchiolitis": 0.0005224152700975537,
    "Bullous Disease": 0.005886166822165251,
    "Calcified Granuloma": 0.23394739627838135,
    "Calcinosis": 0.18537545204162598,
    "Cardiac Shadow (abnormal)": 0.0522831454873085,
    "Cardiomegaly": 0.20573872327804565,
    "Consolidation": 0.11522248387336731,
    "Degenerative Change": 0.2593960165977478,
    "Edema": 0.07914680987596512,
    "Effusion": 0.053366199135780334,
    "Emphysema": 0.09639030694961548,
    "Fibrosis": 0.17353861033916473,
    "Fractures": 0.122998908162117,
    "Hernia": 0.08032315224409103,
    "Hyperinflation": 0.2422819882631302,
    "Increased Lung Markings": 0.11312827467918396,
    "Interstitial Lung Disease": 0.04752741754055023,
    "Kyphosis": 0.01619105599820614,
    "Lesion": 0.26952064037323,
    "Mass": 0.11614411324262619,
    "Nodule": 0.126799076795578,
    "Osteophyte": 0.13929812610149384,
    "Pleural Effusion": 0.08770046383142471,
    "Pleural Thickening": 0.11762665212154388,
    "Pneumothorax": 0.05628576502203941,
    "Pulmonary Artery Enlargement": 0.07379337400197983,
    "Pulmonary Fibrosis": 0.044256679713726044,
    "Rib Fracture": 0.011564885266125202,
    "Scoliosis": 0.09159303456544876,
    "Subcutaneous Emphysema": 0.0073461043648421764,
    "Thickening": 0.070315882563591,
    "Volume Loss": 0.18882811069488525,
    "normal": 0.8347737193107605
  }
}