{
  "uid": "3646",
  "frontal_image": "3646_IM-1808-0001-0002.dcm.png",
  "lateral_image": "3646_IM-1808-0001-0001.dcm.png",
  "fusion_mode": "weighted_avg(f=0.65,l=0.35)",
  "predicted_classes": [
    "normal",
    "Lesion"
  ],
  "resolved_classes": [
    "Lesion"
  ],
  "kg_classes": [
    "Lesion"
  ],
  "num_predicted": 1,
  "conflict_resolution": "disease_dominates",
  "is_uncertain": false,
  "uncertainty_reason": "",
  "inference_time_s": 0.265,
  "gt_labels": "normal",
  "probabilities": {
    "Airspace Disease": 0.340451,
    "Bronchiectasis": 0.075947,
    "Bronchiolitis": 0.032924,
    "Bullous Disease": 0.070598,
    "Calcified Granuloma": 0.410228,
    "Calcinosis": 0.368769,
    "Cardiac Shadow (abnormal)": 0.169243,
    "Cardiomegaly": 0.331314,
    "Consolidation": 0.215821,
    "Degenerative Change": 0.466873,
    "Edema": 0.223412,
    "Effusion": 0.073492,
    "Emphysema": 0.235849,
    "Fibrosis": 0.317658,
    "Fractures": 0.225925,
    "Hernia": 0.293961,
    "Hyperinflation": 0.441884,
    "Increased Lung Markings": 0.289724,
    "Interstitial Lung Disease": 0.1877,
    "Kyphosis": 0.131258,
    "Lesion": 0.506165,
    "Mass": 0.158922,
    "Nodule": 0.296819,
    "Osteophyte": 0.247935,
    "Pleural Effusion": 0.283017,
    "Pleural Thickening": 0.288257,
    "Pneumothorax": 0.136664,
    "Pulmonary Artery Enlargement": 0.093396,
    "Pulmonary Fibrosis": 0.120491,
    "Rib Fracture": 0.074646,
    "Scoliosis": 0.183971,
    "Subcutaneous Emphysema": 0.049712,
    "Thickening": 0.19794,
    "Volume Loss": 0.358342,
    "normal": 0.527688
  },
  "frontal_probs": {
    "Airspace Disease": 0.36109715700149536,
    "Bronchiectasis": 0.07506578415632248,
    "Bronchiolitis": 0.04665708169341087,
    "Bullous Disease": 0.09442329406738281,
    "Calcified Granuloma": 0.4390660524368286,
    "Calcinosis": 0.3996167480945587,
    "Cardiac Shadow (abnormal)": 0.190378800034523,
    "Cardiomegaly": 0.35927557945251465,
    "Consolidation": 0.2254754602909088,
    "Degenerative Change": 0.49247220158576965,
    "Edema": 0.2516174912452698,
    "Effusion": 0.0682256668806076,
    "Emphysema": 0.2266751527786255,
    "Fibrosis": 0.33076465129852295,
    "Fractures": 0.2547074854373932,
    "Hernia": 0.32823702692985535,
    "Hyperinflation": 0.4749631881713867,
    "Increased Lung Markings": 0.3227400481700897,
    "Interstitial Lung Disease": 0.18456126749515533,
    "Kyphosis": 0.158184215426445,
    "Lesion": 0.5557883977890015,
    "Mass": 0.15887831151485443,
    "Nodule": 0.339251309633255,
    "Osteophyte": 0.23999938368797302,
    "Pleural Effusion": 0.34592318534851074,
    "Pleural Thickening": 0.34681838750839233,
    "Pneumothorax": 0.14522285759449005,
    "Pulmonary Artery Enlargement": 0.09886375814676285,
    "Pulmonary Fibrosis": 0.11504168808460236,
    "Rib Fracture": 0.08566109091043472,
    "Scoliosis": 0.1768757402896881,
    "Subcutaneous Emphysema": 0.05685910955071449,
    "Thickening": 0.22827500104904175,
    "Volume Loss": 0.39522379636764526,
    "normal": 0.44169941544532776
  },
  "lateral_probs": {
    "Airspace Disease": 0.3021092712879181,
    "Bronchiectasis": 0.07758306711912155,
    "Bronchiolitis": 0.007418720982968807,
    "Bullous Disease": 0.026351308450102806,
    "Calcified Granuloma": 0.356671541929245,
    "Calcinosis": 0.311480313539505,
    "Cardiac Shadow (abnormal)": 0.12998956441879272,
    "Cardiomegaly": 0.279384046792984,
    "Consolidation": 0.19789128005504608,
    "Degenerative Change": 0.41933220624923706,
    "Edema": 0.17103074491024017,
    "Effusion": 0.08327233791351318,
    "Emphysema": 0.25288695096969604,
    "Fibrosis": 0.2933157980442047,
    "Fractures": 0.17247051000595093,
    "Hernia": 0.23030689358711243,
    "Hyperinflation": 0.3804500997066498,
    "Increased Lung Markings": 0.22840802371501923,
    "Interstitial Lung Disease": 0.19352802634239197,
    "Kyphosis": 0.08125089108943939,
    "Lesion": 0.41400861740112305,
    "Mass": 0.15900319814682007,
    "Nodule": 0.2180165946483612,
    "Osteophyte": 0.2626737952232361,
    "Pleural Effusion": 0.16619208455085754,
    "Pleural Thickening": 0.17950068414211273,
    "Pneumothorax": 0.1207689568400383,
    "Pulmonary Artery Enlargement": 0.08324245363473892,
    "Pulmonary Fibrosis": 0.1306103765964508,
    "Rib Fracture": 0.05418951436877251,
    "Scoliosis": 0.19714736938476562,
    "Subcutaneous Emphysema": 0.03643958270549774,
    "Thickening": 0.1416032910346985,
    "Volume Loss": 0.2898479700088501,
    "normal": 0.6873810291290283
  }
}