{
  "uid": "3408",
  "frontal_image": "3408_IM-1648-1001.dcm.png",
  "lateral_image": "3408_IM-1648-1002.dcm.png",
  "fusion_mode": "weighted_avg(f=0.65,l=0.35)",
  "predicted_classes": [
    "normal"
  ],
  "resolved_classes": [
    "normal"
  ],
  "kg_classes": [
    "Normal"
  ],
  "num_predicted": 1,
  "conflict_resolution": "no_conflict",
  "is_uncertain": true,
  "uncertainty_reason": "normal_prob=0.673 (<0.73) with elevated disease scores: Lesion=0.452, Degenerative Change=0.441, Calcified Granuloma=0.391",
  "inference_time_s": 0.2447,
  "gt_labels": "Fractures",
  "probabilities": {
    "Airspace Disease": 0.267357,
    "Bronchiectasis": 0.088939,
    "Bronchiolitis": 0.036488,
    "Bullous Disease": 0.070026,
    "Calcified Granuloma": 0.390553,
    "Calcinosis": 0.318171,
    "Cardiac Shadow (abnormal)": 0.161397,
    "Cardiomegaly": 0.26998,
    "Consolidation": 0.297436,
    "Degenerative Change": 0.441043,
    "Edema": 0.173129,
    "Effusion": 0.061618,
    "Emphysema": 0.275429,
    "Fibrosis": 0.278423,
    "Fractures": 0.258004,
    "Hernia": 0.29117,
    "Hyperinflation": 0.337416,
    "Increased Lung Markings": 0.234465,
    "Interstitial Lung Disease": 0.235881,
    "Kyphosis": 0.134215,
    "Lesion": 0.451768,
    "Mass": 0.271974,
    "Nodule": 0.29045,
    "Osteophyte": 0.291448,
    "Pleural Effusion": 0.189612,
    "Pleural Thickening": 0.135254,
    "Pneumothorax": 0.084859,
    "Pulmonary Artery Enlargement": 0.09698,
    "Pulmonary Fibrosis": 0.132051,
    "Rib Fracture": 0.088431,
    "Scoliosis": 0.245566,
    "Subcutaneous Emphysema": 0.053138,
    "Thickening": 0.185039,
    "Volume Loss": 0.254032,
    "normal": 0.673455
  },
  "frontal_probs": {
    "Airspace Disease": 0.34736204147338867,
    "Bronchiectasis": 0.12152788043022156,
    "Bronchiolitis": 0.05554678663611412,
    "Bullous Disease": 0.10480882227420807,
    "Calcified Granuloma": 0.45454126596450806,
    "Calcinosis": 0.3923110067844391,
    "Cardiac Shadow (abnormal)": 0.20941175520420074,
    "Cardiomegaly": 0.342549204826355,
    "Consolidation": 0.3956984877586365,
    "Degenerative Change": 0.4773538112640381,
    "Edema": 0.2335289716720581,
    "Effusion": 0.08900678902864456,
    "Emphysema": 0.37438419461250305,
    "Fibrosis": 0.3250995874404907,
    "Fractures": 0.34570205211639404,
    "Hernia": 0.3880610167980194,
    "Hyperinflation": 0.3905523121356964,
    "Increased Lung Markings": 0.2875208258628845,
    "Interstitial Lung Disease": 0.3318138122558594,
    "Kyphosis": 0.19376781582832336,
    "Lesion": 0.5134753584861755,
    "Mass": 0.3759777247905731,
    "Nodule": 0.36309197545051575,
    "Osteophyte": 0.36631929874420166,
    "Pleural Effusion": 0.2524818778038025,
    "Pleural Thickening": 0.17398671805858612,
    "Pneumothorax": 0.11583662033081055,
    "Pulmonary Artery Enlargement": 0.13056975603103638,
    "Pulmonary Fibrosis": 0.18182149529457092,
    "Rib Fracture": 0.12603317201137543,
    "Scoliosis": 0.29248693585395813,
    "Subcutaneous Emphysema": 0.07913537323474884,
    "Thickening": 0.20242451131343842,
    "Volume Loss": 0.3103611469268799,
    "normal": 0.5728801488876343
  },
  "lateral_probs": {
    "Airspace Disease": 0.11877657473087311,
    "Bronchiectasis": 0.028417173773050308,
    "Bronchiolitis": 0.0010933808516710997,
    "Bullous Disease": 0.005430573597550392,
    "Calcified Granuloma": 0.27171745896339417,
    "Calcinosis": 0.18048104643821716,
    "Cardiac Shadow (abnormal)": 0.07222577929496765,
    "Cardiomegaly": 0.13520823419094086,
    "Consolidation": 0.11494778841733932,
    "Degenerative Change": 0.37360987067222595,
    "Edema": 0.06095784530043602,
    "Effusion": 0.010753398761153221,
    "Emphysema": 0.09165601432323456,
    "Fibrosis": 0.19173842668533325,
    "Fractures": 0.09513501822948456,
    "Hernia": 0.1112295612692833,
    "Hyperinflation": 0.2387356162071228,
    "Increased Lung Markings": 0.1359313726425171,
    "Interstitial Lung Disease": 0.05771934241056442,
    "Kyphosis": 0.02361714467406273,
    "Lesion": 0.33716872334480286,
    "Mass": 0.07882457971572876,
    "Nodule": 0.15554481744766235,
    "Osteophyte": 0.15240249037742615,
    "Pleural Effusion": 0.07285381853580475,
    "Pleural Thickening": 0.06332233548164368,
    "Pneumothorax": 0.027330461889505386,
    "Pulmonary Artery Enlargement": 0.03459944948554039,
    "Pulmonary Fibrosis": 0.03962072730064392,
    "Rib Fracture": 0.018598347902297974,
    "Scoliosis": 0.15842634439468384,
    "Subcutaneous Emphysema": 0.004855965729802847,
    "Thickening": 0.15275074541568756,
    "Volume Loss": 0.14942187070846558,
    "normal": 0.860238254070282
  }
}