{
  "uid": "3650",
  "frontal_image": "3650_IM-1813-1001.dcm.png",
  "lateral_image": "3650_IM-1813-2001.dcm.png",
  "fusion_mode": "weighted_avg(f=0.65,l=0.35)",
  "predicted_classes": [
    "normal",
    "Degenerative Change"
  ],
  "resolved_classes": [
    "Degenerative Change"
  ],
  "kg_classes": [
    "Degenerative Change"
  ],
  "num_predicted": 1,
  "conflict_resolution": "disease_dominates",
  "is_uncertain": false,
  "uncertainty_reason": "",
  "inference_time_s": 0.2596,
  "gt_labels": "Emphysema;Hyperinflation;Pulmonary Artery Enlargement",
  "probabilities": {
    "Airspace Disease": 0.163526,
    "Bronchiectasis": 0.061409,
    "Bronchiolitis": 0.011024,
    "Bullous Disease": 0.041478,
    "Calcified Granuloma": 0.410872,
    "Calcinosis": 0.381136,
    "Cardiac Shadow (abnormal)": 0.076237,
    "Cardiomegaly": 0.188575,
    "Consolidation": 0.107119,
    "Degenerative Change": 0.529533,
    "Edema": 0.100154,
    "Effusion": 0.029855,
    "Emphysema": 0.432314,
    "Fibrosis": 0.346363,
    "Fractures": 0.246713,
    "Hernia": 0.275575,
    "Hyperinflation": 0.339679,
    "Increased Lung Markings": 0.158241,
    "Interstitial Lung Disease": 0.303916,
    "Kyphosis": 0.15166,
    "Lesion": 0.399317,
    "Mass": 0.14608,
    "Nodule": 0.23018,
    "Osteophyte": 0.282439,
    "Pleural Effusion": 0.117733,
    "Pleural Thickening": 0.162016,
    "Pneumothorax": 0.062669,
    "Pulmonary Artery Enlargement": 0.172194,
    "Pulmonary Fibrosis": 0.106021,
    "Rib Fracture": 0.036622,
    "Scoliosis": 0.195689,
    "Subcutaneous Emphysema": 0.031009,
    "Thickening": 0.121887,
    "Volume Loss": 0.230741,
    "normal": 0.680023
  },
  "frontal_probs": {
    "Airspace Disease": 0.11450741440057755,
    "Bronchiectasis": 0.040419962257146835,
    "Bronchiolitis": 0.010598313063383102,
    "Bullous Disease": 0.03895896300673485,
    "Calcified Granuloma": 0.4105382561683655,
    "Calcinosis": 0.379517138004303,
    "Cardiac Shadow (abnormal)": 0.04821588099002838,
    "Cardiomegaly": 0.14254505932331085,
    "Consolidation": 0.07403512299060822,
    "Degenerative Change": 0.5365184545516968,
    "Edema": 0.05216268077492714,
    "Effusion": 0.008481633849442005,
    "Emphysema": 0.4271223247051239,
    "Fibrosis": 0.3487555682659149,
    "Fractures": 0.24128367006778717,
    "Hernia": 0.2868846654891968,
    "Hyperinflation": 0.2889777421951294,
    "Increased Lung Markings": 0.12435343116521835,
    "Interstitial Lung Disease": 0.2786211371421814,
    "Kyphosis": 0.1580975502729416,
    "Lesion": 0.3648459315299988,
    "Mass": 0.14696304500102997,
    "Nodule": 0.20444928109645844,
    "Osteophyte": 0.2761984169483185,
    "Pleural Effusion": 0.06712808459997177,
    "Pleural Thickening": 0.1088045984506607,
    "Pneumothorax": 0.0233293566852808,
    "Pulmonary Artery Enlargement": 0.1904032826423645,
    "Pulmonary Fibrosis": 0.09867920726537704,
    "Rib Fracture": 0.03288507089018822,
    "Scoliosis": 0.17451542615890503,
    "Subcutaneous Emphysema": 0.01770702376961708,
    "Thickening": 0.09149976074695587,
    "Volume Loss": 0.17413654923439026,
    "normal": 0.7184780240058899
  },
  "lateral_probs": {
    "Airspace Disease": 0.2545611560344696,
    "Bronchiectasis": 0.10038750618696213,
    "Bronchiolitis": 0.011813136748969555,
    "Bullous Disease": 0.046155549585819244,
    "Calcified Granuloma": 0.4114914834499359,
    "Calcinosis": 0.384143590927124,
    "Cardiac Shadow (abnormal)": 0.1282762587070465,
    "Cardiomegaly": 0.2740578353404999,
    "Consolidation": 0.16855943202972412,
    "Degenerative Change": 0.5165591835975647,
    "Edema": 0.1892794519662857,
    "Effusion": 0.06954844295978546,
    "Emphysema": 0.4419560134410858,
    "Fibrosis": 0.3419187366962433,
    "Fractures": 0.25679683685302734,
    "Hernia": 0.25457146763801575,
    "Hyperinflation": 0.43383878469467163,
    "Increased Lung Markings": 0.2211751490831375,
    "Interstitial Lung Disease": 0.3508911430835724,
    "Kyphosis": 0.13970370590686798,
    "Lesion": 0.46333542466163635,
    "Mass": 0.14443987607955933,
    "Nodule": 0.2779652178287506,
    "Osteophyte": 0.294029176235199,
    "Pleural Effusion": 0.2117142528295517,
    "Pleural Thickening": 0.26083722710609436,
    "Pneumothorax": 0.1357293277978897,
    "Pulmonary Artery Enlargement": 0.13837583363056183,
    "Pulmonary Fibrosis": 0.11965688318014145,
    "Rib Fracture": 0.043561313301324844,
    "Scoliosis": 0.2350127249956131,
    "Subcutaneous Emphysema": 0.05571183189749718,
    "Thickening": 0.17832104861736298,
    "Volume Loss": 0.3358622193336487,
    "normal": 0.6086065769195557
  }
}