{
  "uid": "3818",
  "frontal_image": "3818_IM-1925-1001.dcm.png",
  "lateral_image": "3818_IM-1925-2001.dcm.png",
  "fusion_mode": "weighted_avg(f=0.65,l=0.35)",
  "predicted_classes": [
    "normal"
  ],
  "resolved_classes": [
    "normal"
  ],
  "kg_classes": [
    "Normal"
  ],
  "num_predicted": 1,
  "conflict_resolution": "no_conflict",
  "is_uncertain": false,
  "uncertainty_reason": "",
  "inference_time_s": 0.3014,
  "gt_labels": "normal",
  "probabilities": {
    "Airspace Disease": 0.113869,
    "Bronchiectasis": 0.007273,
    "Bronchiolitis": 0.001443,
    "Bullous Disease": 0.006287,
    "Calcified Granuloma": 0.272657,
    "Calcinosis": 0.164869,
    "Cardiac Shadow (abnormal)": 0.043962,
    "Cardiomegaly": 0.151997,
    "Consolidation": 0.065307,
    "Degenerative Change": 0.361265,
    "Edema": 0.075719,
    "Effusion": 0.022096,
    "Emphysema": 0.095808,
    "Fibrosis": 0.182033,
    "Fractures": 0.122361,
    "Hernia": 0.106602,
    "Hyperinflation": 0.228089,
    "Increased Lung Markings": 0.120748,
    "Interstitial Lung Disease": 0.06029,
    "Kyphosis": 0.055318,
    "Lesion": 0.187804,
    "Mass": 0.025299,
    "Nodule": 0.105908,
    "Osteophyte": 0.194713,
    "Pleural Effusion": 0.063883,
    "Pleural Thickening": 0.091354,
    "Pneumothorax": 0.040628,
    "Pulmonary Artery Enlargement": 0.077053,
    "Pulmonary Fibrosis": 0.020684,
    "Rib Fracture": 0.009867,
    "Scoliosis": 0.085696,
    "Subcutaneous Emphysema": 0.007618,
    "Thickening": 0.057673,
    "Volume Loss": 0.183083,
    "normal": 0.77743
  },
  "frontal_probs": {
    "Airspace Disease": 0.06747765094041824,
    "Bronchiectasis": 0.0011258261511102319,
    "Bronchiolitis": 0.001710969372652471,
    "Bullous Disease": 0.005865410901606083,
    "Calcified Granuloma": 0.27157095074653625,
    "Calcinosis": 0.1287207156419754,
    "Cardiac Shadow (abnormal)": 0.02808728814125061,
    "Cardiomegaly": 0.11440277099609375,
    "Consolidation": 0.02445043995976448,
    "Degenerative Change": 0.3658882975578308,
    "Edema": 0.04113157466053963,
    "Effusion": 0.004859734792262316,
    "Emphysema": 0.06194001063704491,
    "Fibrosis": 0.15977521240711212,
    "Fractures": 0.10254011303186417,
    "Hernia": 0.11739377677440643,
    "Hyperinflation": 0.18768206238746643,
    "Increased Lung Markings": 0.07898056507110596,
    "Interstitial Lung Disease": 0.02997623197734356,
    "Kyphosis": 0.06759393215179443,
    "Lesion": 0.13012510538101196,
    "Mass": 0.00735467066988349,
    "Nodule": 0.07225488871335983,
    "Osteophyte": 0.2237929403781891,
    "Pleural Effusion": 0.04511331021785736,
    "Pleural Thickening": 0.07582800090312958,
    "Pneumothorax": 0.04394892603158951,
    "Pulmonary Artery Enlargement": 0.07622896134853363,
    "Pulmonary Fibrosis": 0.006590533535927534,
    "Rib Fracture": 0.005681282840669155,
    "Scoliosis": 0.06063433364033699,
    "Subcutaneous Emphysema": 0.002604031004011631,
    "Thickening": 0.033686429262161255,
    "Volume Loss": 0.16521775722503662,
    "normal": 0.7625914216041565
  },
  "lateral_probs": {
    "Airspace Disease": 0.20002487301826477,
    "Bronchiectasis": 0.01868918165564537,
    "Bronchiolitis": 0.0009441363508813083,
    "Bullous Disease": 0.0070705474354326725,
    "Calcified Granuloma": 0.274673730134964,
    "Calcinosis": 0.23200097680091858,
    "Cardiac Shadow (abnormal)": 0.07344406843185425,
    "Cardiomegaly": 0.22181442379951477,
    "Consolidation": 0.14118421077728271,
    "Degenerative Change": 0.35267993807792664,
    "Edema": 0.13995139300823212,
    "Effusion": 0.05410592257976532,
    "Emphysema": 0.1587056964635849,
    "Fibrosis": 0.22336870431900024,
    "Fractures": 0.15917158126831055,
    "Hernia": 0.0865602195262909,
    "Hyperinflation": 0.30313077569007874,
    "Increased Lung Markings": 0.1983165442943573,
    "Interstitial Lung Disease": 0.11658763140439987,
    "Kyphosis": 0.03252030164003372,
    "Lesion": 0.29492154717445374,
    "Mass": 0.05862324312329292,
    "Nodule": 0.16840733587741852,
    "Osteophyte": 0.14070776104927063,
    "Pleural Effusion": 0.09874171763658524,
    "Pleural Thickening": 0.1201876550912857,
    "Pneumothorax": 0.03446030616760254,
    "Pulmonary Artery Enlargement": 0.07858378440141678,
    "Pulmonary Fibrosis": 0.04685821011662483,
    "Rib Fracture": 0.017641199752688408,
    "Scoliosis": 0.13224004209041595,
    "Subcutaneous Emphysema": 0.0169307142496109,
    "Thickening": 0.10222035646438599,
    "Volume Loss": 0.2162626087665558,
    "normal": 0.804988443851471
  }
}