{
  "uid": "3682",
  "frontal_image": "3682_IM-1834-1001.dcm.png",
  "lateral_image": "3682_IM-1834-2001.dcm.png",
  "fusion_mode": "weighted_avg(f=0.65,l=0.35)",
  "predicted_classes": [
    "normal"
  ],
  "resolved_classes": [
    "normal"
  ],
  "kg_classes": [
    "Normal"
  ],
  "num_predicted": 1,
  "conflict_resolution": "no_conflict",
  "is_uncertain": true,
  "uncertainty_reason": "normal_prob=0.611 (<0.73) with elevated disease scores: Degenerative Change=0.448, Lesion=0.394, Hyperinflation=0.368",
  "inference_time_s": 0.2727,
  "gt_labels": "Hyperinflation",
  "probabilities": {
    "Airspace Disease": 0.275126,
    "Bronchiectasis": 0.027795,
    "Bronchiolitis": 0.010339,
    "Bullous Disease": 0.043774,
    "Calcified Granuloma": 0.346561,
    "Calcinosis": 0.288833,
    "Cardiac Shadow (abnormal)": 0.114343,
    "Cardiomegaly": 0.225894,
    "Consolidation": 0.16716,
    "Degenerative Change": 0.448309,
    "Edema": 0.157916,
    "Effusion": 0.033725,
    "Emphysema": 0.154363,
    "Fibrosis": 0.223895,
    "Fractures": 0.205995,
    "Hernia": 0.179012,
    "Hyperinflation": 0.368127,
    "Increased Lung Markings": 0.266567,
    "Interstitial Lung Disease": 0.090801,
    "Kyphosis": 0.115496,
    "Lesion": 0.393985,
    "Mass": 0.075901,
    "Nodule": 0.189626,
    "Osteophyte": 0.220136,
    "Pleural Effusion": 0.161003,
    "Pleural Thickening": 0.20618,
    "Pneumothorax": 0.080777,
    "Pulmonary Artery Enlargement": 0.057587,
    "Pulmonary Fibrosis": 0.05365,
    "Rib Fracture": 0.031514,
    "Scoliosis": 0.145394,
    "Subcutaneous Emphysema": 0.018752,
    "Thickening": 0.140512,
    "Volume Loss": 0.298855,
    "normal": 0.611429
  },
  "frontal_probs": {
    "Airspace Disease": 0.2511259615421295,
    "Bronchiectasis": 0.009102564305067062,
    "Bronchiolitis": 0.014266790822148323,
    "Bullous Disease": 0.061736300587654114,
    "Calcified Granuloma": 0.39446768164634705,
    "Calcinosis": 0.32842546701431274,
    "Cardiac Shadow (abnormal)": 0.08678758889436722,
    "Cardiomegaly": 0.18520835041999817,
    "Consolidation": 0.1019044890999794,
    "Degenerative Change": 0.5059878826141357,
    "Edema": 0.1287199705839157,
    "Effusion": 0.028673751279711723,
    "Emphysema": 0.15868182480335236,
    "Fibrosis": 0.21195383369922638,
    "Fractures": 0.24764138460159302,
    "Hernia": 0.19103549420833588,
    "Hyperinflation": 0.3971494436264038,
    "Increased Lung Markings": 0.2948503792285919,
    "Interstitial Lung Disease": 0.09813562035560608,
    "Kyphosis": 0.1469423919916153,
    "Lesion": 0.37550461292266846,
    "Mass": 0.03434654697775841,
    "Nodule": 0.2190440446138382,
    "Osteophyte": 0.24598851799964905,
    "Pleural Effusion": 0.11411954462528229,
    "Pleural Thickening": 0.17920741438865662,
    "Pneumothorax": 0.09990561753511429,
    "Pulmonary Artery Enlargement": 0.026187725365161896,
    "Pulmonary Fibrosis": 0.0391576811671257,
    "Rib Fracture": 0.02724153734743595,
    "Scoliosis": 0.1408117115497589,
    "Subcutaneous Emphysema": 0.021852577105164528,
    "Thickening": 0.13253839313983917,
    "Volume Loss": 0.28505975008010864,
    "normal": 0.5700826048851013
  },
  "lateral_probs": {
    "Airspace Disease": 0.3196965157985687,
    "Bronchiectasis": 0.06251034885644913,
    "Bronchiolitis": 0.003043361008167267,
    "Bullous Disease": 0.010416116565465927,
    "Calcified Granuloma": 0.25759097933769226,
    "Calcinosis": 0.21530485153198242,
    "Cardiac Shadow (abnormal)": 0.16551648080348969,
    "Cardiomegaly": 0.30145174264907837,
    "Consolidation": 0.2883477509021759,
    "Degenerative Change": 0.34119006991386414,
    "Edema": 0.2121359258890152,
    "Effusion": 0.043106913566589355,
    "Emphysema": 0.14634095132350922,
    "Fibrosis": 0.24607008695602417,
    "Fractures": 0.1286521553993225,
    "Hernia": 0.15668216347694397,
    "Hyperinflation": 0.3142274022102356,
    "Increased Lung Markings": 0.21404175460338593,
    "Interstitial Lung Disease": 0.07717844843864441,
    "Kyphosis": 0.057096756994724274,
    "Lesion": 0.42830461263656616,
    "Mass": 0.15307274460792542,
    "Nodule": 0.13499140739440918,
    "Osteophyte": 0.17212502658367157,
    "Pleural Effusion": 0.248071551322937,
    "Pleural Thickening": 0.25627097487449646,
    "Pneumothorax": 0.04525259882211685,
    "Pulmonary Artery Enlargement": 0.11589972674846649,
    "Pulmonary Fibrosis": 0.0805632546544075,
    "Rib Fracture": 0.03944969177246094,
    "Scoliosis": 0.15390391647815704,
    "Subcutaneous Emphysema": 0.012994784861803055,
    "Thickening": 0.15531907975673676,
    "Volume Loss": 0.3244740664958954,
    "normal": 0.6882162690162659
  }
}