{
  "uid": "3590",
  "frontal_image": "3590_IM-1769-1001.dcm.png",
  "lateral_image": "3590_IM-1769-4001.dcm.png",
  "fusion_mode": "weighted_avg(f=0.65,l=0.35)",
  "predicted_classes": [
    "normal"
  ],
  "resolved_classes": [
    "normal"
  ],
  "kg_classes": [
    "Normal"
  ],
  "num_predicted": 1,
  "conflict_resolution": "no_conflict",
  "is_uncertain": true,
  "uncertainty_reason": "normal_prob=0.610 (<0.73) with elevated disease scores: Degenerative Change=0.441, Lesion=0.419, Cardiomegaly=0.414",
  "inference_time_s": 0.2624,
  "gt_labels": "normal",
  "probabilities": {
    "Airspace Disease": 0.253763,
    "Bronchiectasis": 0.038135,
    "Bronchiolitis": 0.022633,
    "Bullous Disease": 0.068962,
    "Calcified Granuloma": 0.319347,
    "Calcinosis": 0.387149,
    "Cardiac Shadow (abnormal)": 0.216568,
    "Cardiomegaly": 0.413798,
    "Consolidation": 0.132144,
    "Degenerative Change": 0.440799,
    "Edema": 0.192606,
    "Effusion": 0.140725,
    "Emphysema": 0.182429,
    "Fibrosis": 0.277899,
    "Fractures": 0.280407,
    "Hernia": 0.215449,
    "Hyperinflation": 0.382674,
    "Increased Lung Markings": 0.318011,
    "Interstitial Lung Disease": 0.19145,
    "Kyphosis": 0.225485,
    "Lesion": 0.418848,
    "Mass": 0.116396,
    "Nodule": 0.233919,
    "Osteophyte": 0.269743,
    "Pleural Effusion": 0.214849,
    "Pleural Thickening": 0.185425,
    "Pneumothorax": 0.226982,
    "Pulmonary Artery Enlargement": 0.122144,
    "Pulmonary Fibrosis": 0.129333,
    "Rib Fracture": 0.038506,
    "Scoliosis": 0.215691,
    "Subcutaneous Emphysema": 0.068577,
    "Thickening": 0.174546,
    "Volume Loss": 0.364748,
    "normal": 0.609864
  },
  "frontal_probs": {
    "Airspace Disease": 0.28967756032943726,
    "Bronchiectasis": 0.04661369323730469,
    "Bronchiolitis": 0.03270811587572098,
    "Bullous Disease": 0.09496038407087326,
    "Calcified Granuloma": 0.3210897743701935,
    "Calcinosis": 0.4342944622039795,
    "Cardiac Shadow (abnormal)": 0.22481465339660645,
    "Cardiomegaly": 0.5013343691825867,
    "Consolidation": 0.16535209119319916,
    "Degenerative Change": 0.42222118377685547,
    "Edema": 0.21058408915996552,
    "Effusion": 0.19755838811397552,
    "Emphysema": 0.167144313454628,
    "Fibrosis": 0.31572267413139343,
    "Fractures": 0.3275575041770935,
    "Hernia": 0.25529199838638306,
    "Hyperinflation": 0.3827156722545624,
    "Increased Lung Markings": 0.35784024000167847,
    "Interstitial Lung Disease": 0.16426894068717957,
    "Kyphosis": 0.2906457483768463,
    "Lesion": 0.4763801097869873,
    "Mass": 0.12090475857257843,
    "Nodule": 0.25630223751068115,
    "Osteophyte": 0.29505661129951477,
    "Pleural Effusion": 0.25553324818611145,
    "Pleural Thickening": 0.20662251114845276,
    "Pneumothorax": 0.29100286960601807,
    "Pulmonary Artery Enlargement": 0.1205737516283989,
    "Pulmonary Fibrosis": 0.16894139349460602,
    "Rib Fracture": 0.04799165576696396,
    "Scoliosis": 0.2487412542104721,
    "Subcutaneous Emphysema": 0.09294992685317993,
    "Thickening": 0.20252716541290283,
    "Volume Loss": 0.41942864656448364,
    "normal": 0.5697221159934998
  },
  "lateral_probs": {
    "Airspace Disease": 0.18706369400024414,
    "Bronchiectasis": 0.0223875530064106,
    "Bronchiolitis": 0.003922777250409126,
    "Bullous Disease": 0.02068021520972252,
    "Calcified Granuloma": 0.31611016392707825,
    "Calcinosis": 0.29959210753440857,
    "Cardiac Shadow (abnormal)": 0.20125392079353333,
    "Cardiomegaly": 0.25122928619384766,
    "Consolidation": 0.07047154009342194,
    "Degenerative Change": 0.47530195116996765,
    "Edema": 0.15921786427497864,
    "Effusion": 0.035176146775484085,
    "Emphysema": 0.21081477403640747,
    "Fibrosis": 0.20765501260757446,
    "Fractures": 0.19284281134605408,
    "Hernia": 0.1414538025856018,
    "Hyperinflation": 0.38259539008140564,
    "Increased Lung Markings": 0.24404376745224,
    "Interstitial Lung Disease": 0.24192896485328674,
    "Kyphosis": 0.1044718399643898,
    "Lesion": 0.3120039403438568,
    "Mass": 0.10802224278450012,
    "Nodule": 0.1923505812883377,
    "Osteophyte": 0.222731351852417,
    "Pleural Effusion": 0.13929209113121033,
    "Pleural Thickening": 0.14605799317359924,
    "Pneumothorax": 0.10808572918176651,
    "Pulmonary Artery Enlargement": 0.1250610053539276,
    "Pulmonary Fibrosis": 0.055773425847291946,
    "Rib Fracture": 0.020891014486551285,
    "Scoliosis": 0.1543133705854416,
    "Subcutaneous Emphysema": 0.023312369361519814,
    "Thickening": 0.1225816160440445,
    "Volume Loss": 0.26319897174835205,
    "normal": 0.684414267539978
  }
}