{
  "uid": "3328",
  "frontal_image": "3328_IM-1594-1001.dcm.png",
  "lateral_image": "3328_IM-1594-1002.dcm.png",
  "fusion_mode": "weighted_avg(f=0.65,l=0.35)",
  "predicted_classes": [
    "Lesion",
    "Cardiomegaly"
  ],
  "resolved_classes": [
    "Lesion",
    "Cardiomegaly"
  ],
  "kg_classes": [
    "Lesion",
    "Cardiomegaly"
  ],
  "num_predicted": 2,
  "conflict_resolution": "no_conflict",
  "is_uncertain": false,
  "uncertainty_reason": "",
  "inference_time_s": 0.2608,
  "gt_labels": "Cardiomegaly;Pleural Effusion",
  "probabilities": {
    "Airspace Disease": 0.449084,
    "Bronchiectasis": 0.089404,
    "Bronchiolitis": 0.022054,
    "Bullous Disease": 0.052951,
    "Calcified Granuloma": 0.352181,
    "Calcinosis": 0.292273,
    "Cardiac Shadow (abnormal)": 0.307864,
    "Cardiomegaly": 0.507406,
    "Consolidation": 0.335869,
    "Degenerative Change": 0.446337,
    "Edema": 0.347656,
    "Effusion": 0.099401,
    "Emphysema": 0.270083,
    "Fibrosis": 0.375775,
    "Fractures": 0.218782,
    "Hernia": 0.285139,
    "Hyperinflation": 0.456868,
    "Increased Lung Markings": 0.288117,
    "Interstitial Lung Disease": 0.241051,
    "Kyphosis": 0.207632,
    "Lesion": 0.540736,
    "Mass": 0.099949,
    "Nodule": 0.220331,
    "Osteophyte": 0.20964,
    "Pleural Effusion": 0.448979,
    "Pleural Thickening": 0.347993,
    "Pneumothorax": 0.080075,
    "Pulmonary Artery Enlargement": 0.156652,
    "Pulmonary Fibrosis": 0.177572,
    "Rib Fracture": 0.049301,
    "Scoliosis": 0.223732,
    "Subcutaneous Emphysema": 0.04003,
    "Thickening": 0.232782,
    "Volume Loss": 0.438639,
    "normal": 0.490293
  },
  "frontal_probs": {
    "Airspace Disease": 0.5004106760025024,
    "Bronchiectasis": 0.06189455837011337,
    "Bronchiolitis": 0.020400043576955795,
    "Bullous Disease": 0.04310429096221924,
    "Calcified Granuloma": 0.3612419068813324,
    "Calcinosis": 0.3139515221118927,
    "Cardiac Shadow (abnormal)": 0.3193969130516052,
    "Cardiomegaly": 0.5113131999969482,
    "Consolidation": 0.3062688410282135,
    "Degenerative Change": 0.4471665322780609,
    "Edema": 0.3111920654773712,
    "Effusion": 0.05804456025362015,
    "Emphysema": 0.2667359411716461,
    "Fibrosis": 0.366366982460022,
    "Fractures": 0.2168329656124115,
    "Hernia": 0.2952844500541687,
    "Hyperinflation": 0.4479326605796814,
    "Increased Lung Markings": 0.29401981830596924,
    "Interstitial Lung Disease": 0.2028348445892334,
    "Kyphosis": 0.22346733510494232,
    "Lesion": 0.5898123383522034,
    "Mass": 0.08210901916027069,
    "Nodule": 0.20919422805309296,
    "Osteophyte": 0.18730902671813965,
    "Pleural Effusion": 0.4689564108848572,
    "Pleural Thickening": 0.3433106541633606,
    "Pneumothorax": 0.06588754802942276,
    "Pulmonary Artery Enlargement": 0.12945802509784698,
    "Pulmonary Fibrosis": 0.13309310376644135,
    "Rib Fracture": 0.03652721270918846,
    "Scoliosis": 0.22983960807323456,
    "Subcutaneous Emphysema": 0.030602144077420235,
    "Thickening": 0.22462418675422668,
    "Volume Loss": 0.46052858233451843,
    "normal": 0.4612948000431061
  },
  "lateral_probs": {
    "Airspace Disease": 0.3537643253803253,
    "Bronchiectasis": 0.1404915601015091,
    "Bronchiolitis": 0.025124626234173775,
    "Bullous Disease": 0.07123849540948868,
    "Calcified Granuloma": 0.33535251021385193,
    "Calcinosis": 0.2520126700401306,
    "Cardiac Shadow (abnormal)": 0.28644445538520813,
    "Cardiomegaly": 0.5001500248908997,
    "Consolidation": 0.39084097743034363,
    "Degenerative Change": 0.44479766488075256,
    "Edema": 0.415375679731369,
    "Effusion": 0.1762053519487381,
    "Emphysema": 0.27629923820495605,
    "Fibrosis": 0.3932478427886963,
    "Fractures": 0.22240179777145386,
    "Hernia": 0.26629695296287537,
    "Hyperinflation": 0.4734615087509155,
    "Increased Lung Markings": 0.27715328335762024,
    "Interstitial Lung Disease": 0.3120228946208954,
    "Kyphosis": 0.17822305858135223,
    "Lesion": 0.4495954215526581,
    "Mass": 0.13308104872703552,
    "Nodule": 0.24101372063159943,
    "Osteophyte": 0.25111085176467896,
    "Pleural Effusion": 0.4118789732456207,
    "Pleural Thickening": 0.35668838024139404,
    "Pneumothorax": 0.10642245411872864,
    "Pulmonary Artery Enlargement": 0.20715469121932983,
    "Pulmonary Fibrosis": 0.26017576456069946,
    "Rib Fracture": 0.0730227679014206,
    "Scoliosis": 0.2123892456293106,
    "Subcutaneous Emphysema": 0.05753913149237633,
    "Thickening": 0.24793268740177155,
    "Volume Loss": 0.397985577583313,
    "normal": 0.5441475510597229
  }
}