{
  "uid": "3383",
  "frontal_image": "3383_IM-1630-1001.dcm.png",
  "lateral_image": "3383_IM-1630-2001.dcm.png",
  "fusion_mode": "weighted_avg(f=0.65,l=0.35)",
  "predicted_classes": [
    "normal"
  ],
  "resolved_classes": [
    "normal"
  ],
  "kg_classes": [
    "Normal"
  ],
  "num_predicted": 1,
  "conflict_resolution": "no_conflict",
  "is_uncertain": false,
  "uncertainty_reason": "",
  "inference_time_s": 0.2736,
  "gt_labels": "Calcified Granuloma",
  "probabilities": {
    "Airspace Disease": 0.097888,
    "Bronchiectasis": 0.012702,
    "Bronchiolitis": 0.001018,
    "Bullous Disease": 0.00379,
    "Calcified Granuloma": 0.1497,
    "Calcinosis": 0.099598,
    "Cardiac Shadow (abnormal)": 0.030999,
    "Cardiomegaly": 0.092585,
    "Consolidation": 0.073772,
    "Degenerative Change": 0.173882,
    "Edema": 0.049916,
    "Effusion": 0.0203,
    "Emphysema": 0.042766,
    "Fibrosis": 0.089316,
    "Fractures": 0.065753,
    "Hernia": 0.069695,
    "Hyperinflation": 0.119713,
    "Increased Lung Markings": 0.074943,
    "Interstitial Lung Disease": 0.032159,
    "Kyphosis": 0.017846,
    "Lesion": 0.151694,
    "Mass": 0.049987,
    "Nodule": 0.08474,
    "Osteophyte": 0.081433,
    "Pleural Effusion": 0.058484,
    "Pleural Thickening": 0.056922,
    "Pneumothorax": 0.021691,
    "Pulmonary Artery Enlargement": 0.026295,
    "Pulmonary Fibrosis": 0.025626,
    "Rib Fracture": 0.014234,
    "Scoliosis": 0.083854,
    "Subcutaneous Emphysema": 0.003175,
    "Thickening": 0.06072,
    "Volume Loss": 0.095799,
    "normal": 0.912022
  },
  "frontal_probs": {
    "Airspace Disease": 0.022900518029928207,
    "Bronchiectasis": 7.182978151831776e-05,
    "Bronchiolitis": 2.068349567707628e-05,
    "Bullous Disease": 0.00018894080130849034,
    "Calcified Granuloma": 0.05731874331831932,
    "Calcinosis": 0.037846699357032776,
    "Cardiac Shadow (abnormal)": 0.004066582769155502,
    "Cardiomegaly": 0.03811747208237648,
    "Consolidation": 0.011783233843743801,
    "Degenerative Change": 0.05939328670501709,
    "Edema": 0.006138630211353302,
    "Effusion": 0.0007046207902021706,
    "Emphysema": 0.005880407989025116,
    "Fibrosis": 0.020648043602705002,
    "Fractures": 0.02438363991677761,
    "Hernia": 0.01926521770656109,
    "Hyperinflation": 0.029945367947220802,
    "Increased Lung Markings": 0.02146098203957081,
    "Interstitial Lung Disease": 0.002302394015714526,
    "Kyphosis": 0.0034990981221199036,
    "Lesion": 0.04207167774438858,
    "Mass": 0.0032674367539584637,
    "Nodule": 0.048915449529886246,
    "Osteophyte": 0.03408006206154823,
    "Pleural Effusion": 0.004564326256513596,
    "Pleural Thickening": 0.005546097178012133,
    "Pneumothorax": 0.0037347387988120317,
    "Pulmonary Artery Enlargement": 0.00498964311555028,
    "Pulmonary Fibrosis": 0.0003462181193754077,
    "Rib Fracture": 0.00026524902204982936,
    "Scoliosis": 0.043472886085510254,
    "Subcutaneous Emphysema": 0.00013550088624469936,
    "Thickening": 0.01045401580631733,
    "Volume Loss": 0.019000181928277016,
    "normal": 0.9832243919372559
  },
  "lateral_probs": {
    "Airspace Disease": 0.23714999854564667,
    "Bronchiectasis": 0.03615777939558029,
    "Bronchiolitis": 0.002868946176022291,
    "Bullous Disease": 0.010476730763912201,
    "Calcified Granuloma": 0.32126614451408386,
    "Calcinosis": 0.2142782062292099,
    "Cardiac Shadow (abnormal)": 0.08101761341094971,
    "Cardiomegaly": 0.19373883306980133,
    "Consolidation": 0.18889521062374115,
    "Degenerative Change": 0.38650500774383545,
    "Edema": 0.13121561706066132,
    "Effusion": 0.05669178441166878,
    "Emphysema": 0.11126742511987686,
    "Fibrosis": 0.21684227883815765,
    "Fractures": 0.14258307218551636,
    "Hernia": 0.16335132718086243,
    "Hyperinflation": 0.2864246368408203,
    "Increased Lung Markings": 0.17426754534244537,
    "Interstitial Lung Disease": 0.0876074731349945,
    "Kyphosis": 0.04449013993144035,
    "Lesion": 0.35527747869491577,
    "Mass": 0.13675062358379364,
    "Nodule": 0.1512712687253952,
    "Osteophyte": 0.1693744957447052,
    "Pleural Effusion": 0.15862174332141876,
    "Pleural Thickening": 0.15233448147773743,
    "Pneumothorax": 0.05503816530108452,
    "Pulmonary Artery Enlargement": 0.06586281210184097,
    "Pulmonary Fibrosis": 0.07257414609193802,
    "Rib Fracture": 0.04017481952905655,
    "Scoliosis": 0.15884821116924286,
    "Subcutaneous Emphysema": 0.0088190333917737,
    "Thickening": 0.1540701985359192,
    "Volume Loss": 0.23842449486255646,
    "normal": 0.7797883749008179
  }
}