{
  "uid": "3427",
  "frontal_image": "3427_IM-1657-1001.dcm.png",
  "lateral_image": "3427_IM-1657-2001.dcm.png",
  "fusion_mode": "weighted_avg(f=0.65,l=0.35)",
  "predicted_classes": [
    "normal"
  ],
  "resolved_classes": [
    "normal"
  ],
  "kg_classes": [
    "Normal"
  ],
  "num_predicted": 1,
  "conflict_resolution": "no_conflict",
  "is_uncertain": false,
  "uncertainty_reason": "",
  "inference_time_s": 0.2887,
  "gt_labels": "normal",
  "probabilities": {
    "Airspace Disease": 0.115729,
    "Bronchiectasis": 0.023938,
    "Bronchiolitis": 0.002877,
    "Bullous Disease": 0.023225,
    "Calcified Granuloma": 0.279567,
    "Calcinosis": 0.24945,
    "Cardiac Shadow (abnormal)": 0.035983,
    "Cardiomegaly": 0.104688,
    "Consolidation": 0.087085,
    "Degenerative Change": 0.307742,
    "Edema": 0.066498,
    "Effusion": 0.02578,
    "Emphysema": 0.18585,
    "Fibrosis": 0.236733,
    "Fractures": 0.148679,
    "Hernia": 0.097503,
    "Hyperinflation": 0.272421,
    "Increased Lung Markings": 0.099372,
    "Interstitial Lung Disease": 0.13115,
    "Kyphosis": 0.057512,
    "Lesion": 0.213782,
    "Mass": 0.028647,
    "Nodule": 0.127134,
    "Osteophyte": 0.116949,
    "Pleural Effusion": 0.071718,
    "Pleural Thickening": 0.113687,
    "Pneumothorax": 0.067424,
    "Pulmonary Artery Enlargement": 0.044283,
    "Pulmonary Fibrosis": 0.042827,
    "Rib Fracture": 0.010927,
    "Scoliosis": 0.168354,
    "Subcutaneous Emphysema": 0.023514,
    "Thickening": 0.091247,
    "Volume Loss": 0.136409,
    "normal": 0.801015
  },
  "frontal_probs": {
    "Airspace Disease": 0.048291970044374466,
    "Bronchiectasis": 0.0021512664388865232,
    "Bronchiolitis": 0.0004865685768891126,
    "Bullous Disease": 0.00866738986223936,
    "Calcified Granuloma": 0.22932526469230652,
    "Calcinosis": 0.2020692229270935,
    "Cardiac Shadow (abnormal)": 0.013141044415533543,
    "Cardiomegaly": 0.05763184279203415,
    "Consolidation": 0.02753823809325695,
    "Degenerative Change": 0.22330723702907562,
    "Edema": 0.021404417231678963,
    "Effusion": 0.003925742581486702,
    "Emphysema": 0.09787464886903763,
    "Fibrosis": 0.15339407324790955,
    "Fractures": 0.09084422141313553,
    "Hernia": 0.05619315057992935,
    "Hyperinflation": 0.17981600761413574,
    "Increased Lung Markings": 0.045831646770238876,
    "Interstitial Lung Disease": 0.056776415556669235,
    "Kyphosis": 0.03308733552694321,
    "Lesion": 0.11705796420574188,
    "Mass": 0.005706746131181717,
    "Nodule": 0.06055094674229622,
    "Osteophyte": 0.06247960776090622,
    "Pleural Effusion": 0.023270433768630028,
    "Pleural Thickening": 0.06114599108695984,
    "Pneumothorax": 0.031819093972444534,
    "Pulmonary Artery Enlargement": 0.010802936740219593,
    "Pulmonary Fibrosis": 0.009551655501127243,
    "Rib Fracture": 0.0024853344075381756,
    "Scoliosis": 0.13857069611549377,
    "Subcutaneous Emphysema": 0.0017155405366793275,
    "Thickening": 0.04052726551890373,
    "Volume Loss": 0.07300075888633728,
    "normal": 0.8512839078903198
  },
  "lateral_probs": {
    "Airspace Disease": 0.24096819758415222,
    "Bronchiectasis": 0.06440041214227676,
    "Bronchiolitis": 0.007316399831324816,
    "Bullous Disease": 0.05026188865303993,
    "Calcified Granuloma": 0.37287187576293945,
    "Calcinosis": 0.33744415640830994,
    "Cardiac Shadow (abnormal)": 0.07840345054864883,
    "Cardiomegaly": 0.19207708537578583,
    "Consolidation": 0.1976717859506607,
    "Degenerative Change": 0.46454861760139465,
    "Edema": 0.1502423882484436,
    "Effusion": 0.06636545062065125,
    "Emphysema": 0.3492341637611389,
    "Fibrosis": 0.3915051817893982,
    "Fractures": 0.25608742237091064,
    "Hernia": 0.17422161996364594,
    "Hyperinflation": 0.4444027245044708,
    "Increased Lung Markings": 0.19880418479442596,
    "Interstitial Lung Disease": 0.26927220821380615,
    "Kyphosis": 0.10287325829267502,
    "Lesion": 0.39341142773628235,
    "Mass": 0.07124900072813034,
    "Nodule": 0.25078895688056946,
    "Osteophyte": 0.21810773015022278,
    "Pleural Effusion": 0.16169223189353943,
    "Pleural Thickening": 0.2112620323896408,
    "Pneumothorax": 0.1335473209619522,
    "Pulmonary Artery Enlargement": 0.10645904392004013,
    "Pulmonary Fibrosis": 0.10462450981140137,
    "Rib Fracture": 0.026604626327753067,
    "Scoliosis": 0.223667174577713,
    "Subcutaneous Emphysema": 0.0639955922961235,
    "Thickening": 0.1854407787322998,
    "Volume Loss": 0.2541666626930237,
    "normal": 0.7076576948165894
  }
}