{
  "uid": "3557",
  "frontal_image": "3557_IM-1742-0001-0002.dcm.png",
  "lateral_image": "3557_IM-1742-0001-0001.dcm.png",
  "fusion_mode": "weighted_avg(f=0.65,l=0.35)",
  "predicted_classes": [
    "Lesion",
    "normal"
  ],
  "resolved_classes": [
    "Lesion"
  ],
  "kg_classes": [
    "Lesion"
  ],
  "num_predicted": 1,
  "conflict_resolution": "disease_dominates",
  "is_uncertain": false,
  "uncertainty_reason": "",
  "inference_time_s": 0.2529,
  "gt_labels": "Pleural Effusion",
  "probabilities": {
    "Airspace Disease": 0.368602,
    "Bronchiectasis": 0.053744,
    "Bronchiolitis": 0.0364,
    "Bullous Disease": 0.085689,
    "Calcified Granuloma": 0.344618,
    "Calcinosis": 0.372526,
    "Cardiac Shadow (abnormal)": 0.275601,
    "Cardiomegaly": 0.449907,
    "Consolidation": 0.24287,
    "Degenerative Change": 0.484103,
    "Edema": 0.365801,
    "Effusion": 0.132666,
    "Emphysema": 0.226289,
    "Fibrosis": 0.32077,
    "Fractures": 0.287575,
    "Hernia": 0.283499,
    "Hyperinflation": 0.455691,
    "Increased Lung Markings": 0.382052,
    "Interstitial Lung Disease": 0.17113,
    "Kyphosis": 0.24891,
    "Lesion": 0.506432,
    "Mass": 0.154845,
    "Nodule": 0.278005,
    "Osteophyte": 0.28434,
    "Pleural Effusion": 0.293799,
    "Pleural Thickening": 0.211185,
    "Pneumothorax": 0.301625,
    "Pulmonary Artery Enlargement": 0.198988,
    "Pulmonary Fibrosis": 0.169909,
    "Rib Fracture": 0.066024,
    "Scoliosis": 0.251142,
    "Subcutaneous Emphysema": 0.130007,
    "Thickening": 0.263586,
    "Volume Loss": 0.395669,
    "normal": 0.500559
  },
  "frontal_probs": {
    "Airspace Disease": 0.37730976939201355,
    "Bronchiectasis": 0.04046414792537689,
    "Bronchiolitis": 0.045521341264247894,
    "Bullous Disease": 0.09930066764354706,
    "Calcified Granuloma": 0.3198399841785431,
    "Calcinosis": 0.3819849491119385,
    "Cardiac Shadow (abnormal)": 0.2727462649345398,
    "Cardiomegaly": 0.4555295705795288,
    "Consolidation": 0.238267719745636,
    "Degenerative Change": 0.5043396949768066,
    "Edema": 0.406510591506958,
    "Effusion": 0.12627719342708588,
    "Emphysema": 0.21303442120552063,
    "Fibrosis": 0.285262793302536,
    "Fractures": 0.314236044883728,
    "Hernia": 0.27326592803001404,
    "Hyperinflation": 0.4976849853992462,
    "Increased Lung Markings": 0.3920591175556183,
    "Interstitial Lung Disease": 0.14641442894935608,
    "Kyphosis": 0.25540435314178467,
    "Lesion": 0.5075031518936157,
    "Mass": 0.12145422399044037,
    "Nodule": 0.28408193588256836,
    "Osteophyte": 0.28478339314460754,
    "Pleural Effusion": 0.2951098084449768,
    "Pleural Thickening": 0.20417852699756622,
    "Pneumothorax": 0.3300456702709198,
    "Pulmonary Artery Enlargement": 0.1698661744594574,
    "Pulmonary Fibrosis": 0.1794070303440094,
    "Rib Fracture": 0.06877338141202927,
    "Scoliosis": 0.27090898156166077,
    "Subcutaneous Emphysema": 0.12784887850284576,
    "Thickening": 0.30199456214904785,
    "Volume Loss": 0.41174882650375366,
    "normal": 0.45931246876716614
  },
  "lateral_probs": {
    "Airspace Disease": 0.3524298667907715,
    "Bronchiectasis": 0.07840631157159805,
    "Bronchiolitis": 0.019461624324321747,
    "Bullous Disease": 0.0604112446308136,
    "Calcified Granuloma": 0.39063403010368347,
    "Calcinosis": 0.3549591600894928,
    "Cardiac Shadow (abnormal)": 0.2809038758277893,
    "Cardiomegaly": 0.43946537375450134,
    "Consolidation": 0.25141650438308716,
    "Degenerative Change": 0.44652029871940613,
    "Edema": 0.2901988923549652,
    "Effusion": 0.14453022181987762,
    "Emphysema": 0.2509051263332367,
    "Fibrosis": 0.3867133557796478,
    "Fractures": 0.2380620390176773,
    "Hernia": 0.3025025725364685,
    "Hyperinflation": 0.3777011036872864,
    "Increased Lung Markings": 0.3634679615497589,
    "Interstitial Lung Disease": 0.21703022718429565,
    "Kyphosis": 0.23684969544410706,
    "Lesion": 0.5044429898262024,
    "Mass": 0.21685771644115448,
    "Nodule": 0.26671895384788513,
    "Osteophyte": 0.2835177779197693,
    "Pleural Effusion": 0.29136475920677185,
    "Pleural Thickening": 0.22419758141040802,
    "Pneumothorax": 0.24884483218193054,
    "Pulmonary Artery Enlargement": 0.25307244062423706,
    "Pulmonary Fibrosis": 0.15227079391479492,
    "Rib Fracture": 0.06091863289475441,
    "Scoliosis": 0.2144312560558319,
    "Subcutaneous Emphysema": 0.13401392102241516,
    "Thickening": 0.19225627183914185,
    "Volume Loss": 0.36580684781074524,
    "normal": 0.5771594047546387
  }
}