{
  "uid": "3970",
  "frontal_image": "3970_IM-2031-1001.dcm.png",
  "lateral_image": "3970_IM-2031-2001.dcm.png",
  "fusion_mode": "weighted_avg(f=0.65,l=0.35)",
  "predicted_classes": [
    "normal"
  ],
  "resolved_classes": [
    "normal"
  ],
  "kg_classes": [
    "Normal"
  ],
  "num_predicted": 1,
  "conflict_resolution": "no_conflict",
  "is_uncertain": true,
  "uncertainty_reason": "normal_prob=0.699 (<0.73) with elevated disease scores: Lesion=0.384, Hyperinflation=0.380",
  "inference_time_s": 0.2767,
  "gt_labels": "normal",
  "probabilities": {
    "Airspace Disease": 0.220428,
    "Bronchiectasis": 0.029714,
    "Bronchiolitis": 0.005645,
    "Bullous Disease": 0.036576,
    "Calcified Granuloma": 0.269289,
    "Calcinosis": 0.259455,
    "Cardiac Shadow (abnormal)": 0.087011,
    "Cardiomegaly": 0.228626,
    "Consolidation": 0.146405,
    "Degenerative Change": 0.304115,
    "Edema": 0.152538,
    "Effusion": 0.081433,
    "Emphysema": 0.217168,
    "Fibrosis": 0.285513,
    "Fractures": 0.275897,
    "Hernia": 0.103922,
    "Hyperinflation": 0.38047,
    "Increased Lung Markings": 0.203457,
    "Interstitial Lung Disease": 0.134221,
    "Kyphosis": 0.132725,
    "Lesion": 0.383716,
    "Mass": 0.029385,
    "Nodule": 0.188327,
    "Osteophyte": 0.125747,
    "Pleural Effusion": 0.224734,
    "Pleural Thickening": 0.126932,
    "Pneumothorax": 0.20789,
    "Pulmonary Artery Enlargement": 0.041563,
    "Pulmonary Fibrosis": 0.055124,
    "Rib Fracture": 0.01324,
    "Scoliosis": 0.307495,
    "Subcutaneous Emphysema": 0.051504,
    "Thickening": 0.216844,
    "Volume Loss": 0.257485,
    "normal": 0.699316
  },
  "frontal_probs": {
    "Airspace Disease": 0.22367967665195465,
    "Bronchiectasis": 0.03487168252468109,
    "Bronchiolitis": 0.0066421316005289555,
    "Bullous Disease": 0.040640439838171005,
    "Calcified Granuloma": 0.24411867558956146,
    "Calcinosis": 0.24575145542621613,
    "Cardiac Shadow (abnormal)": 0.07716802507638931,
    "Cardiomegaly": 0.17617954313755035,
    "Consolidation": 0.16856235265731812,
    "Degenerative Change": 0.2459746152162552,
    "Edema": 0.12016192823648453,
    "Effusion": 0.10364505648612976,
    "Emphysema": 0.22198276221752167,
    "Fibrosis": 0.29438236355781555,
    "Fractures": 0.3088240623474121,
    "Hernia": 0.10127856582403183,
    "Hyperinflation": 0.34069064259529114,
    "Increased Lung Markings": 0.18637201189994812,
    "Interstitial Lung Disease": 0.11766081303358078,
    "Kyphosis": 0.1128905639052391,
    "Lesion": 0.370883971452713,
    "Mass": 0.025932395830750465,
    "Nodule": 0.1920967996120453,
    "Osteophyte": 0.11180135607719421,
    "Pleural Effusion": 0.24658574163913727,
    "Pleural Thickening": 0.13239647448062897,
    "Pneumothorax": 0.2711029350757599,
    "Pulmonary Artery Enlargement": 0.03413670137524605,
    "Pulmonary Fibrosis": 0.057644326239824295,
    "Rib Fracture": 0.011169390752911568,
    "Scoliosis": 0.3880469799041748,
    "Subcutaneous Emphysema": 0.053653594106435776,
    "Thickening": 0.22873340547084808,
    "Volume Loss": 0.2662390172481537,
    "normal": 0.7397359013557434
  },
  "lateral_probs": {
    "Airspace Disease": 0.21438804268836975,
    "Bronchiectasis": 0.02013557404279709,
    "Bronchiolitis": 0.003791929455474019,
    "Bullous Disease": 0.029028236865997314,
    "Calcified Granuloma": 0.3160344362258911,
    "Calcinosis": 0.2849031984806061,
    "Cardiac Shadow (abnormal)": 0.10529141128063202,
    "Cardiomegaly": 0.3260262906551361,
    "Consolidation": 0.10525499284267426,
    "Degenerative Change": 0.41208958625793457,
    "Edema": 0.21266473829746246,
    "Effusion": 0.04018344357609749,
    "Emphysema": 0.20822547376155853,
    "Fibrosis": 0.2690425515174866,
    "Fractures": 0.21474750339984894,
    "Hernia": 0.10883232206106186,
    "Hyperinflation": 0.45434656739234924,
    "Increased Lung Markings": 0.23518690466880798,
    "Interstitial Lung Disease": 0.1649765819311142,
    "Kyphosis": 0.16956014931201935,
    "Lesion": 0.4075472056865692,
    "Mass": 0.035798195749521255,
    "Nodule": 0.18132483959197998,
    "Osteophyte": 0.15164463222026825,
    "Pleural Effusion": 0.18415161967277527,
    "Pleural Thickening": 0.11678336560726166,
    "Pneumothorax": 0.09049572050571442,
    "Pulmonary Artery Enlargement": 0.05535499379038811,
    "Pulmonary Fibrosis": 0.05044366046786308,
    "Rib Fracture": 0.017085140570998192,
    "Scoliosis": 0.15789832174777985,
    "Subcutaneous Emphysema": 0.04751330241560936,
    "Thickening": 0.19476400315761566,
    "Volume Loss": 0.2412281632423401,
    "normal": 0.6242514848709106
  }
}