{
  "uid": "3400",
  "frontal_image": "3400_IM-1644-1001.dcm.png",
  "lateral_image": "3400_IM-1644-2001.dcm.png",
  "fusion_mode": "weighted_avg(f=0.65,l=0.35)",
  "predicted_classes": [
    "normal"
  ],
  "resolved_classes": [
    "normal"
  ],
  "kg_classes": [
    "Normal"
  ],
  "num_predicted": 1,
  "conflict_resolution": "no_conflict",
  "is_uncertain": false,
  "uncertainty_reason": "",
  "inference_time_s": 0.2376,
  "gt_labels": "normal",
  "probabilities": {
    "Airspace Disease": 0.07526,
    "Bronchiectasis": 0.011127,
    "Bronchiolitis": 0.001542,
    "Bullous Disease": 0.006664,
    "Calcified Granuloma": 0.179737,
    "Calcinosis": 0.164374,
    "Cardiac Shadow (abnormal)": 0.056746,
    "Cardiomegaly": 0.111866,
    "Consolidation": 0.030846,
    "Degenerative Change": 0.208569,
    "Edema": 0.077467,
    "Effusion": 0.017472,
    "Emphysema": 0.062814,
    "Fibrosis": 0.102759,
    "Fractures": 0.106142,
    "Hernia": 0.060323,
    "Hyperinflation": 0.207699,
    "Increased Lung Markings": 0.172258,
    "Interstitial Lung Disease": 0.073741,
    "Kyphosis": 0.044954,
    "Lesion": 0.156814,
    "Mass": 0.030473,
    "Nodule": 0.128787,
    "Osteophyte": 0.09778,
    "Pleural Effusion": 0.058586,
    "Pleural Thickening": 0.056282,
    "Pneumothorax": 0.051634,
    "Pulmonary Artery Enlargement": 0.019585,
    "Pulmonary Fibrosis": 0.019103,
    "Rib Fracture": 0.008982,
    "Scoliosis": 0.131872,
    "Subcutaneous Emphysema": 0.009763,
    "Thickening": 0.076713,
    "Volume Loss": 0.129458,
    "normal": 0.872588
  },
  "frontal_probs": {
    "Airspace Disease": 0.038273219019174576,
    "Bronchiectasis": 0.0002683510538190603,
    "Bronchiolitis": 0.0001339505543000996,
    "Bullous Disease": 0.0006410946371033788,
    "Calcified Granuloma": 0.11317403614521027,
    "Calcinosis": 0.051562316715717316,
    "Cardiac Shadow (abnormal)": 0.009384230710566044,
    "Cardiomegaly": 0.05750851705670357,
    "Consolidation": 0.017695264890789986,
    "Degenerative Change": 0.10723727196455002,
    "Edema": 0.021680882200598717,
    "Effusion": 0.0036267032846808434,
    "Emphysema": 0.007851095870137215,
    "Fibrosis": 0.03465696796774864,
    "Fractures": 0.05052759870886803,
    "Hernia": 0.025517504662275314,
    "Hyperinflation": 0.11145076155662537,
    "Increased Lung Markings": 0.121650330722332,
    "Interstitial Lung Disease": 0.0043442524038255215,
    "Kyphosis": 0.008351702243089676,
    "Lesion": 0.06995520740747452,
    "Mass": 0.0020058650989085436,
    "Nodule": 0.07325991988182068,
    "Osteophyte": 0.06410637497901917,
    "Pleural Effusion": 0.03196866810321808,
    "Pleural Thickening": 0.019389234483242035,
    "Pneumothorax": 0.03820530325174332,
    "Pulmonary Artery Enlargement": 0.004644029773771763,
    "Pulmonary Fibrosis": 0.0009438152192160487,
    "Rib Fracture": 0.0007849520770832896,
    "Scoliosis": 0.10051312297582626,
    "Subcutaneous Emphysema": 0.0011837735073640943,
    "Thickening": 0.03347346931695938,
    "Volume Loss": 0.0780394896864891,
    "normal": 0.9438108801841736
  },
  "lateral_probs": {
    "Airspace Disease": 0.1439511626958847,
    "Bronchiectasis": 0.03129209578037262,
    "Bronchiolitis": 0.0041579375974833965,
    "Bullous Disease": 0.017850611358880997,
    "Calcified Granuloma": 0.3033536374568939,
    "Calcinosis": 0.37388092279434204,
    "Cardiac Shadow (abnormal)": 0.144703209400177,
    "Cardiomegaly": 0.21281519532203674,
    "Consolidation": 0.05526918172836304,
    "Degenerative Change": 0.3967573940753937,
    "Edema": 0.18106935918331146,
    "Effusion": 0.04318588599562645,
    "Emphysema": 0.1648888736963272,
    "Fibrosis": 0.22923429310321808,
    "Fractures": 0.20942603051662445,
    "Hernia": 0.12496094405651093,
    "Hyperinflation": 0.3864462077617645,
    "Increased Lung Markings": 0.26624247431755066,
    "Interstitial Lung Disease": 0.20261994004249573,
    "Kyphosis": 0.11293026059865952,
    "Lesion": 0.3181229531764984,
    "Mass": 0.08334039151668549,
    "Nodule": 0.23190800845623016,
    "Osteophyte": 0.16031795740127563,
    "Pleural Effusion": 0.10801783204078674,
    "Pleural Thickening": 0.12479826807975769,
    "Pneumothorax": 0.07657194137573242,
    "Pulmonary Artery Enlargement": 0.0473332442343235,
    "Pulmonary Fibrosis": 0.05282587558031082,
    "Rib Fracture": 0.02420618385076523,
    "Scoliosis": 0.19011059403419495,
    "Subcutaneous Emphysema": 0.025696396827697754,
    "Thickening": 0.15701380372047424,
    "Volume Loss": 0.22495029866695404,
    "normal": 0.7403163909912109
  }
}