{
  "uid": "3887",
  "frontal_image": "3887_IM-1972-1001.dcm.png",
  "lateral_image": "3887_IM-1972-2001.dcm.png",
  "fusion_mode": "weighted_avg(f=0.65,l=0.35)",
  "predicted_classes": [
    "normal"
  ],
  "resolved_classes": [
    "normal"
  ],
  "kg_classes": [
    "Normal"
  ],
  "num_predicted": 1,
  "conflict_resolution": "no_conflict",
  "is_uncertain": false,
  "uncertainty_reason": "",
  "inference_time_s": 0.2611,
  "gt_labels": "Degenerative Change",
  "probabilities": {
    "Airspace Disease": 0.047028,
    "Bronchiectasis": 0.00272,
    "Bronchiolitis": 0.00012,
    "Bullous Disease": 0.001194,
    "Calcified Granuloma": 0.120952,
    "Calcinosis": 0.096816,
    "Cardiac Shadow (abnormal)": 0.015092,
    "Cardiomegaly": 0.039688,
    "Consolidation": 0.026452,
    "Degenerative Change": 0.137232,
    "Edema": 0.016115,
    "Effusion": 0.006338,
    "Emphysema": 0.044803,
    "Fibrosis": 0.054527,
    "Fractures": 0.048987,
    "Hernia": 0.035421,
    "Hyperinflation": 0.101873,
    "Increased Lung Markings": 0.040113,
    "Interstitial Lung Disease": 0.036559,
    "Kyphosis": 0.007196,
    "Lesion": 0.08649,
    "Mass": 0.016851,
    "Nodule": 0.059097,
    "Osteophyte": 0.057129,
    "Pleural Effusion": 0.018601,
    "Pleural Thickening": 0.038089,
    "Pneumothorax": 0.022971,
    "Pulmonary Artery Enlargement": 0.009237,
    "Pulmonary Fibrosis": 0.012689,
    "Rib Fracture": 0.003671,
    "Scoliosis": 0.06387,
    "Subcutaneous Emphysema": 0.00134,
    "Thickening": 0.028665,
    "Volume Loss": 0.05799,
    "normal": 0.953478
  },
  "frontal_probs": {
    "Airspace Disease": 0.013344225473701954,
    "Bronchiectasis": 0.00010155785275856033,
    "Bronchiolitis": 1.2006819815724157e-05,
    "Bullous Disease": 0.0004353418480604887,
    "Calcified Granuloma": 0.05226464569568634,
    "Calcinosis": 0.049136288464069366,
    "Cardiac Shadow (abnormal)": 0.0014387922128662467,
    "Cardiomegaly": 0.018847770988941193,
    "Consolidation": 0.008976299315690994,
    "Degenerative Change": 0.05202847346663475,
    "Edema": 0.0022591238375753164,
    "Effusion": 0.0008625445188954473,
    "Emphysema": 0.013544579036533833,
    "Fibrosis": 0.02734449878334999,
    "Fractures": 0.01319828163832426,
    "Hernia": 0.0036247719544917345,
    "Hyperinflation": 0.04469992220401764,
    "Increased Lung Markings": 0.012893232516944408,
    "Interstitial Lung Disease": 0.006560143083333969,
    "Kyphosis": 0.005871386267244816,
    "Lesion": 0.02317313477396965,
    "Mass": 0.0002928949543274939,
    "Nodule": 0.019681647419929504,
    "Osteophyte": 0.019588857889175415,
    "Pleural Effusion": 0.005270433146506548,
    "Pleural Thickening": 0.029066307470202446,
    "Pneumothorax": 0.025189518928527832,
    "Pulmonary Artery Enlargement": 0.002434766385704279,
    "Pulmonary Fibrosis": 0.00019245489966124296,
    "Rib Fracture": 7.118294161045924e-05,
    "Scoliosis": 0.04348045960068703,
    "Subcutaneous Emphysema": 0.00013831420801579952,
    "Thickening": 0.00548859778791666,
    "Volume Loss": 0.022482676431536674,
    "normal": 0.9832689762115479
  },
  "lateral_probs": {
    "Airspace Disease": 0.10958299040794373,
    "Bronchiectasis": 0.007582155056297779,
    "Bronchiolitis": 0.00031924195354804397,
    "Bullous Disease": 0.002602040534839034,
    "Calcified Granuloma": 0.2485155314207077,
    "Calcinosis": 0.18536268174648285,
    "Cardiac Shadow (abnormal)": 0.0404488779604435,
    "Cardiomegaly": 0.07839042693376541,
    "Consolidation": 0.058906130492687225,
    "Degenerative Change": 0.2954680621623993,
    "Edema": 0.04184672236442566,
    "Effusion": 0.016505729407072067,
    "Emphysema": 0.10285426676273346,
    "Fibrosis": 0.10500970482826233,
    "Fractures": 0.11545250564813614,
    "Hernia": 0.09447095543146133,
    "Hyperinflation": 0.20805269479751587,
    "Increased Lung Markings": 0.09066501259803772,
    "Interstitial Lung Disease": 0.09227094054222107,
    "Kyphosis": 0.009656663984060287,
    "Lesion": 0.20407965779304504,
    "Mass": 0.047600798308849335,
    "Nodule": 0.1322968453168869,
    "Osteophyte": 0.1268467754125595,
    "Pleural Effusion": 0.04335668310523033,
    "Pleural Thickening": 0.05484506115317345,
    "Pneumothorax": 0.01885201223194599,
    "Pulmonary Artery Enlargement": 0.02187087945640087,
    "Pulmonary Fibrosis": 0.03589622676372528,
    "Rib Fracture": 0.010355785489082336,
    "Scoliosis": 0.10173764079809189,
    "Subcutaneous Emphysema": 0.0035727848298847675,
    "Thickening": 0.0717078372836113,
    "Volume Loss": 0.12393292039632797,
    "normal": 0.8981516361236572
  }
}