{
  "uid": "3492",
  "frontal_image": "3492_IM-1698-1001.dcm.png",
  "lateral_image": "3492_IM-1698-2001.dcm.png",
  "fusion_mode": "weighted_avg(f=0.65,l=0.35)",
  "predicted_classes": [
    "normal"
  ],
  "resolved_classes": [
    "normal"
  ],
  "kg_classes": [
    "Normal"
  ],
  "num_predicted": 1,
  "conflict_resolution": "no_conflict",
  "is_uncertain": true,
  "uncertainty_reason": "normal_prob=0.729 (<0.73) with elevated disease scores: Emphysema=0.445, Hyperinflation=0.389, Degenerative Change=0.385",
  "inference_time_s": 0.2575,
  "gt_labels": "Emphysema;Hyperinflation;Interstitial Lung Disease",
  "probabilities": {
    "Airspace Disease": 0.1708,
    "Bronchiectasis": 0.045841,
    "Bronchiolitis": 0.004358,
    "Bullous Disease": 0.062167,
    "Calcified Granuloma": 0.332009,
    "Calcinosis": 0.308225,
    "Cardiac Shadow (abnormal)": 0.047854,
    "Cardiomegaly": 0.121132,
    "Consolidation": 0.119124,
    "Degenerative Change": 0.384542,
    "Edema": 0.091928,
    "Effusion": 0.033061,
    "Emphysema": 0.445487,
    "Fibrosis": 0.333889,
    "Fractures": 0.214956,
    "Hernia": 0.112282,
    "Hyperinflation": 0.388541,
    "Increased Lung Markings": 0.118944,
    "Interstitial Lung Disease": 0.282782,
    "Kyphosis": 0.055862,
    "Lesion": 0.370139,
    "Mass": 0.049735,
    "Nodule": 0.206206,
    "Osteophyte": 0.165343,
    "Pleural Effusion": 0.104677,
    "Pleural Thickening": 0.262288,
    "Pneumothorax": 0.117571,
    "Pulmonary Artery Enlargement": 0.038463,
    "Pulmonary Fibrosis": 0.070729,
    "Rib Fracture": 0.02091,
    "Scoliosis": 0.159011,
    "Subcutaneous Emphysema": 0.018129,
    "Thickening": 0.133705,
    "Volume Loss": 0.236601,
    "normal": 0.728536
  },
  "frontal_probs": {
    "Airspace Disease": 0.16328862309455872,
    "Bronchiectasis": 0.02907147817313671,
    "Bronchiolitis": 0.003825997468084097,
    "Bullous Disease": 0.07831445336341858,
    "Calcified Granuloma": 0.31444206833839417,
    "Calcinosis": 0.30978813767433167,
    "Cardiac Shadow (abnormal)": 0.028797293081879616,
    "Cardiomegaly": 0.06839562207460403,
    "Consolidation": 0.06486988812685013,
    "Degenerative Change": 0.35652032494544983,
    "Edema": 0.06085137277841568,
    "Effusion": 0.026887865737080574,
    "Emphysema": 0.4942517578601837,
    "Fibrosis": 0.3300042748451233,
    "Fractures": 0.24758638441562653,
    "Hernia": 0.0948847159743309,
    "Hyperinflation": 0.3979233205318451,
    "Increased Lung Markings": 0.08989504724740982,
    "Interstitial Lung Disease": 0.3012184202671051,
    "Kyphosis": 0.05059613287448883,
    "Lesion": 0.3473518490791321,
    "Mass": 0.03254324942827225,
    "Nodule": 0.17401115596294403,
    "Osteophyte": 0.09945376962423325,
    "Pleural Effusion": 0.075216144323349,
    "Pleural Thickening": 0.29143092036247253,
    "Pneumothorax": 0.1533786803483963,
    "Pulmonary Artery Enlargement": 0.01618558168411255,
    "Pulmonary Fibrosis": 0.045561324805021286,
    "Rib Fracture": 0.016740690916776657,
    "Scoliosis": 0.12359120696783066,
    "Subcutaneous Emphysema": 0.016701867803931236,
    "Thickening": 0.09898285567760468,
    "Volume Loss": 0.19552581012248993,
    "normal": 0.7515186667442322
  },
  "lateral_probs": {
    "Airspace Disease": 0.184748575091362,
    "Bronchiectasis": 0.07698336988687515,
    "Bronchiolitis": 0.005345816258341074,
    "Bullous Disease": 0.032178089022636414,
    "Calcified Granuloma": 0.3646325469017029,
    "Calcinosis": 0.30532342195510864,
    "Cardiac Shadow (abnormal)": 0.08324429392814636,
    "Cardiomegaly": 0.2190716564655304,
    "Consolidation": 0.21988266706466675,
    "Degenerative Change": 0.4365828335285187,
    "Edema": 0.14964134991168976,
    "Effusion": 0.04452599212527275,
    "Emphysema": 0.35492444038391113,
    "Fibrosis": 0.3411042094230652,
    "Fractures": 0.15435579419136047,
    "Hernia": 0.14459259808063507,
    "Hyperinflation": 0.3711179792881012,
    "Increased Lung Markings": 0.1728927344083786,
    "Interstitial Lung Disease": 0.248542919754982,
    "Kyphosis": 0.0656421110033989,
    "Lesion": 0.4124591052532196,
    "Mass": 0.08166282624006271,
    "Nodule": 0.2659967243671417,
    "Osteophyte": 0.28770995140075684,
    "Pleural Effusion": 0.15939126908779144,
    "Pleural Thickening": 0.20816437900066376,
    "Pneumothorax": 0.05107155442237854,
    "Pulmonary Artery Enlargement": 0.07983570545911789,
    "Pulmonary Fibrosis": 0.11746852844953537,
    "Rib Fracture": 0.02865440957248211,
    "Scoliosis": 0.2247917354106903,
    "Subcutaneous Emphysema": 0.02077868953347206,
    "Thickening": 0.19818973541259766,
    "Volume Loss": 0.3128822147846222,
    "normal": 0.6858547925949097
  }
}