{
  "uid": "3843",
  "frontal_image": "3843_IM-1944-1001.dcm.png",
  "lateral_image": "3843_IM-1944-2001.dcm.png|3843_IM-1944-3001.dcm.png",
  "fusion_mode": "weighted_avg(f=0.65,l=0.35)",
  "predicted_classes": [
    "normal"
  ],
  "resolved_classes": [
    "normal"
  ],
  "kg_classes": [
    "Normal"
  ],
  "num_predicted": 1,
  "conflict_resolution": "no_conflict",
  "is_uncertain": false,
  "uncertainty_reason": "",
  "inference_time_s": 0.3583,
  "gt_labels": "Degenerative Change",
  "probabilities": {
    "Airspace Disease": 0.093593,
    "Bronchiectasis": 0.017021,
    "Bronchiolitis": 0.002093,
    "Bullous Disease": 0.015482,
    "Calcified Granuloma": 0.143974,
    "Calcinosis": 0.09822,
    "Cardiac Shadow (abnormal)": 0.058933,
    "Cardiomegaly": 0.10746,
    "Consolidation": 0.058648,
    "Degenerative Change": 0.170062,
    "Edema": 0.067213,
    "Effusion": 0.025643,
    "Emphysema": 0.080594,
    "Fibrosis": 0.101708,
    "Fractures": 0.085052,
    "Hernia": 0.075876,
    "Hyperinflation": 0.15409,
    "Increased Lung Markings": 0.107635,
    "Interstitial Lung Disease": 0.075883,
    "Kyphosis": 0.04161,
    "Lesion": 0.150269,
    "Mass": 0.021143,
    "Nodule": 0.094732,
    "Osteophyte": 0.090009,
    "Pleural Effusion": 0.065918,
    "Pleural Thickening": 0.0677,
    "Pneumothorax": 0.03564,
    "Pulmonary Artery Enlargement": 0.035378,
    "Pulmonary Fibrosis": 0.032362,
    "Rib Fracture": 0.008587,
    "Scoliosis": 0.082206,
    "Subcutaneous Emphysema": 0.01852,
    "Thickening": 0.063895,
    "Volume Loss": 0.109811,
    "normal": 0.894341
  },
  "frontal_probs": {
    "Airspace Disease": 0.011812219396233559,
    "Bronchiectasis": 2.510822559997905e-05,
    "Bronchiolitis": 5.182155746297212e-06,
    "Bullous Disease": 0.00014964821457397193,
    "Calcified Granuloma": 0.04083297774195671,
    "Calcinosis": 0.013556230813264847,
    "Cardiac Shadow (abnormal)": 0.001665823976509273,
    "Cardiomegaly": 0.012837833724915981,
    "Consolidation": 0.005080634728074074,
    "Degenerative Change": 0.03181997686624527,
    "Edema": 0.004915144760161638,
    "Effusion": 0.00028519879560917616,
    "Emphysema": 0.007077075075358152,
    "Fibrosis": 0.00970130879431963,
    "Fractures": 0.014799494296312332,
    "Hernia": 0.009599355049431324,
    "Hyperinflation": 0.0227829460054636,
    "Increased Lung Markings": 0.013523888774216175,
    "Interstitial Lung Disease": 0.003407364711165428,
    "Kyphosis": 0.000837186467833817,
    "Lesion": 0.013873456045985222,
    "Mass": 0.001222622231580317,
    "Nodule": 0.022264475002884865,
    "Osteophyte": 0.024941379204392433,
    "Pleural Effusion": 0.0021211053244769573,
    "Pleural Thickening": 0.004038606770336628,
    "Pneumothorax": 0.002164596924558282,
    "Pulmonary Artery Enlargement": 0.002359930193051696,
    "Pulmonary Fibrosis": 6.111354741733521e-05,
    "Rib Fracture": 0.00020485292770899832,
    "Scoliosis": 0.013982429169118404,
    "Subcutaneous Emphysema": 3.483110049273819e-05,
    "Thickening": 0.0034870526287704706,
    "Volume Loss": 0.011108537204563618,
    "normal": 0.9918270111083984
  },
  "lateral_probs": {
    "Airspace Disease": 0.2454703152179718,
    "Bronchiectasis": 0.04858476482331753,
    "Bronchiolitis": 0.005969092366285622,
    "Bullous Disease": 0.04395581129938364,
    "Calcified Granuloma": 0.3355206102132797,
    "Calcinosis": 0.2554520145058632,
    "Cardiac Shadow (abnormal)": 0.16528698056936264,
    "Cardiomegaly": 0.28318658471107483,
    "Consolidation": 0.15813089907169342,
    "Degenerative Change": 0.42679671943187714,
    "Edema": 0.1829088106751442,
    "Effusion": 0.07273708283901215,
    "Emphysema": 0.21712565422058105,
    "Fibrosis": 0.272576168179512,
    "Fractures": 0.215519517660141,
    "Hernia": 0.19896093010902405,
    "Hyperinflation": 0.39794738590717316,
    "Increased Lung Markings": 0.28241202235221863,
    "Interstitial Lung Disease": 0.21048010885715485,
    "Kyphosis": 0.11733183264732361,
    "Lesion": 0.40357477962970734,
    "Mass": 0.05813832953572273,
    "Nodule": 0.22931568324565887,
    "Osteophyte": 0.21084999293088913,
    "Pleural Effusion": 0.18439704552292824,
    "Pleural Thickening": 0.1859273612499237,
    "Pneumothorax": 0.09780762903392315,
    "Pulmonary Artery Enlargement": 0.09669728577136993,
    "Pulmonary Fibrosis": 0.09234852716326714,
    "Rib Fracture": 0.024153582751750946,
    "Scoliosis": 0.20890561491250992,
    "Subcutaneous Emphysema": 0.05284988507628441,
    "Thickening": 0.17608258873224258,
    "Volume Loss": 0.2931150197982788,
    "normal": 0.7132945656776428
  }
}