{
  "uid": "3536",
  "frontal_image": "3536_IM-1729-4004.dcm.png",
  "lateral_image": "3536_IM-1729-5001.dcm.png",
  "fusion_mode": "weighted_avg(f=0.65,l=0.35)",
  "predicted_classes": [
    "Cardiomegaly",
    "Lesion",
    "Volume Loss",
    "Pleural Effusion"
  ],
  "resolved_classes": [
    "Cardiomegaly",
    "Lesion",
    "Volume Loss",
    "Pleural Effusion"
  ],
  "kg_classes": [
    "Cardiomegaly",
    "Lesion",
    "Volume Loss",
    "Pleural Effusion"
  ],
  "num_predicted": 4,
  "conflict_resolution": "no_conflict",
  "is_uncertain": false,
  "uncertainty_reason": "",
  "inference_time_s": 0.2552,
  "gt_labels": "Airspace Disease;Cardiomegaly;Degenerative Change;Pleural Effusion;Pleural Thickening;Volume Loss",
  "probabilities": {
    "Airspace Disease": 0.497278,
    "Bronchiectasis": 0.086702,
    "Bronchiolitis": 0.022315,
    "Bullous Disease": 0.063783,
    "Calcified Granuloma": 0.325193,
    "Calcinosis": 0.339092,
    "Cardiac Shadow (abnormal)": 0.337829,
    "Cardiomegaly": 0.542493,
    "Consolidation": 0.270103,
    "Degenerative Change": 0.470771,
    "Edema": 0.410603,
    "Effusion": 0.166339,
    "Emphysema": 0.213261,
    "Fibrosis": 0.33096,
    "Fractures": 0.312578,
    "Hernia": 0.280456,
    "Hyperinflation": 0.492472,
    "Increased Lung Markings": 0.39604,
    "Interstitial Lung Disease": 0.20879,
    "Kyphosis": 0.236346,
    "Lesion": 0.538624,
    "Mass": 0.126329,
    "Nodule": 0.231935,
    "Osteophyte": 0.201362,
    "Pleural Effusion": 0.510766,
    "Pleural Thickening": 0.352476,
    "Pneumothorax": 0.213074,
    "Pulmonary Artery Enlargement": 0.149185,
    "Pulmonary Fibrosis": 0.178715,
    "Rib Fracture": 0.058744,
    "Scoliosis": 0.217961,
    "Subcutaneous Emphysema": 0.077753,
    "Thickening": 0.253004,
    "Volume Loss": 0.518439,
    "normal": 0.450247
  },
  "frontal_probs": {
    "Airspace Disease": 0.5078543424606323,
    "Bronchiectasis": 0.05025608837604523,
    "Bronchiolitis": 0.021773358806967735,
    "Bullous Disease": 0.04838017746806145,
    "Calcified Granuloma": 0.3050313889980316,
    "Calcinosis": 0.37197792530059814,
    "Cardiac Shadow (abnormal)": 0.33285707235336304,
    "Cardiomegaly": 0.5841241478919983,
    "Consolidation": 0.2620522677898407,
    "Degenerative Change": 0.48202112317085266,
    "Edema": 0.423686146736145,
    "Effusion": 0.16142749786376953,
    "Emphysema": 0.15446649491786957,
    "Fibrosis": 0.32656267285346985,
    "Fractures": 0.32688939571380615,
    "Hernia": 0.24539195001125336,
    "Hyperinflation": 0.4883035719394684,
    "Increased Lung Markings": 0.426766037940979,
    "Interstitial Lung Disease": 0.18551400303840637,
    "Kyphosis": 0.23928506672382355,
    "Lesion": 0.5534751415252686,
    "Mass": 0.10942648351192474,
    "Nodule": 0.20950905978679657,
    "Osteophyte": 0.17897996306419373,
    "Pleural Effusion": 0.5133258700370789,
    "Pleural Thickening": 0.3552304804325104,
    "Pneumothorax": 0.16631613671779633,
    "Pulmonary Artery Enlargement": 0.14904256165027618,
    "Pulmonary Fibrosis": 0.18418669700622559,
    "Rib Fracture": 0.04840691015124321,
    "Scoliosis": 0.19698669016361237,
    "Subcutaneous Emphysema": 0.07892630249261856,
    "Thickening": 0.25277385115623474,
    "Volume Loss": 0.5626153349876404,
    "normal": 0.4174070954322815
  },
  "lateral_probs": {
    "Airspace Disease": 0.47763490676879883,
    "Bronchiectasis": 0.15438787639141083,
    "Bronchiolitis": 0.023321688175201416,
    "Bullous Disease": 0.0923876240849495,
    "Calcified Granuloma": 0.3626355826854706,
    "Calcinosis": 0.2780168056488037,
    "Cardiac Shadow (abnormal)": 0.3470620810985565,
    "Cardiomegaly": 0.46517667174339294,
    "Consolidation": 0.2850535213947296,
    "Degenerative Change": 0.44987723231315613,
    "Edema": 0.38630640506744385,
    "Effusion": 0.17546072602272034,
    "Emphysema": 0.32245171070098877,
    "Fibrosis": 0.33912673592567444,
    "Fractures": 0.28600066900253296,
    "Hernia": 0.3455756902694702,
    "Hyperinflation": 0.5002121925354004,
    "Increased Lung Markings": 0.3389780819416046,
    "Interstitial Lung Disease": 0.25201767683029175,
    "Kyphosis": 0.23088647425174713,
    "Lesion": 0.5110436081886292,
    "Mass": 0.15771974623203278,
    "Nodule": 0.2735830247402191,
    "Osteophyte": 0.24293005466461182,
    "Pleural Effusion": 0.506011962890625,
    "Pleural Thickening": 0.34736132621765137,
    "Pneumothorax": 0.2999109625816345,
    "Pulmonary Artery Enlargement": 0.1494487226009369,
    "Pulmonary Fibrosis": 0.16855283081531525,
    "Rib Fracture": 0.07794053852558136,
    "Scoliosis": 0.256913959980011,
    "Subcutaneous Emphysema": 0.07557527720928192,
    "Thickening": 0.25343185663223267,
    "Volume Loss": 0.43639689683914185,
    "normal": 0.5112345218658447
  }
}