{
  "uid": "3856",
  "frontal_image": "3856_IM-1951-1001.dcm.png",
  "lateral_image": "3856_IM-1951-2001.dcm.png",
  "fusion_mode": "weighted_avg(f=0.65,l=0.35)",
  "predicted_classes": [
    "normal"
  ],
  "resolved_classes": [
    "normal"
  ],
  "kg_classes": [
    "Normal"
  ],
  "num_predicted": 1,
  "conflict_resolution": "no_conflict",
  "is_uncertain": false,
  "uncertainty_reason": "",
  "inference_time_s": 0.257,
  "gt_labels": "normal",
  "probabilities": {
    "Airspace Disease": 0.050062,
    "Bronchiectasis": 0.003111,
    "Bronchiolitis": 8.9e-05,
    "Bullous Disease": 0.001287,
    "Calcified Granuloma": 0.072236,
    "Calcinosis": 0.05924,
    "Cardiac Shadow (abnormal)": 0.013954,
    "Cardiomegaly": 0.061081,
    "Consolidation": 0.043733,
    "Degenerative Change": 0.098619,
    "Edema": 0.027252,
    "Effusion": 0.010867,
    "Emphysema": 0.030069,
    "Fibrosis": 0.051318,
    "Fractures": 0.034196,
    "Hernia": 0.023459,
    "Hyperinflation": 0.099819,
    "Increased Lung Markings": 0.04728,
    "Interstitial Lung Disease": 0.021572,
    "Kyphosis": 0.003976,
    "Lesion": 0.096808,
    "Mass": 0.025741,
    "Nodule": 0.05444,
    "Osteophyte": 0.03294,
    "Pleural Effusion": 0.03561,
    "Pleural Thickening": 0.035106,
    "Pneumothorax": 0.012372,
    "Pulmonary Artery Enlargement": 0.01378,
    "Pulmonary Fibrosis": 0.010037,
    "Rib Fracture": 0.003036,
    "Scoliosis": 0.042339,
    "Subcutaneous Emphysema": 0.001603,
    "Thickening": 0.026635,
    "Volume Loss": 0.063442,
    "normal": 0.957774
  },
  "frontal_probs": {
    "Airspace Disease": 0.0016443852800875902,
    "Bronchiectasis": 7.304896598725463e-07,
    "Bronchiolitis": 5.712367823207387e-08,
    "Bullous Disease": 8.41077599034179e-06,
    "Calcified Granuloma": 0.01146681234240532,
    "Calcinosis": 0.004655288998037577,
    "Cardiac Shadow (abnormal)": 7.667846512049437e-05,
    "Cardiomegaly": 0.0026783158537000418,
    "Consolidation": 0.0007476156461052597,
    "Degenerative Change": 0.00558401457965374,
    "Edema": 0.0003387479519005865,
    "Effusion": 1.9328777852933854e-05,
    "Emphysema": 0.0005947111640125513,
    "Fibrosis": 0.003196034347638488,
    "Fractures": 0.001964160241186619,
    "Hernia": 0.0007079236092977226,
    "Hyperinflation": 0.00430496409535408,
    "Increased Lung Markings": 0.0021619105245918036,
    "Interstitial Lung Disease": 0.0001736581907607615,
    "Kyphosis": 0.00014324660878628492,
    "Lesion": 0.003277797484770417,
    "Mass": 2.8761123758158647e-05,
    "Nodule": 0.0051863486878573895,
    "Osteophyte": 0.0037809666246175766,
    "Pleural Effusion": 0.0003398552071303129,
    "Pleural Thickening": 0.0014081259723752737,
    "Pneumothorax": 0.0010369758820161223,
    "Pulmonary Artery Enlargement": 0.00024375543580390513,
    "Pulmonary Fibrosis": 2.2451076802099124e-06,
    "Rib Fracture": 1.7114487036451465e-06,
    "Scoliosis": 0.009296235628426075,
    "Subcutaneous Emphysema": 1.1589119139898685e-06,
    "Thickening": 0.0004369699745438993,
    "Volume Loss": 0.0030510867945849895,
    "normal": 0.998779833316803
  },
  "lateral_probs": {
    "Airspace Disease": 0.1399812549352646,
    "Bronchiectasis": 0.008887570351362228,
    "Bronchiolitis": 0.00025350344367325306,
    "Bullous Disease": 0.003661239752545953,
    "Calcified Granuloma": 0.18509304523468018,
    "Calcinosis": 0.1606111377477646,
    "Cardiac Shadow (abnormal)": 0.03972552344202995,
    "Cardiomegaly": 0.16954366862773895,
    "Consolidation": 0.12356394529342651,
    "Degenerative Change": 0.2713996469974518,
    "Edema": 0.07723238319158554,
    "Effusion": 0.03101201355457306,
    "Emphysema": 0.08480740338563919,
    "Fibrosis": 0.14068694412708282,
    "Fractures": 0.0940549448132515,
    "Hernia": 0.06571201980113983,
    "Hyperinflation": 0.2772023379802704,
    "Increased Lung Markings": 0.13107077777385712,
    "Interstitial Lung Disease": 0.06131214648485184,
    "Kyphosis": 0.011095157824456692,
    "Lesion": 0.2705056667327881,
    "Mass": 0.07349243015050888,
    "Nodule": 0.14591024816036224,
    "Osteophyte": 0.0870925784111023,
    "Pleural Effusion": 0.1011110246181488,
    "Pleural Thickening": 0.09768881648778915,
    "Pneumothorax": 0.03342356160283089,
    "Pulmonary Artery Enlargement": 0.03891737014055252,
    "Pulmonary Fibrosis": 0.028674256056547165,
    "Rib Fracture": 0.008671844378113747,
    "Scoliosis": 0.10370323807001114,
    "Subcutaneous Emphysema": 0.00457658339291811,
    "Thickening": 0.07528802007436752,
    "Volume Loss": 0.17559601366519928,
    "normal": 0.8816189765930176
  }
}