{
  "uid": "3331",
  "frontal_image": "3331_IM-1595-1001.dcm.png",
  "lateral_image": "",
  "fusion_mode": "frontal_only",
  "predicted_classes": [
    "normal"
  ],
  "resolved_classes": [
    "normal"
  ],
  "kg_classes": [
    "Normal"
  ],
  "num_predicted": 1,
  "conflict_resolution": "no_conflict",
  "is_uncertain": false,
  "uncertainty_reason": "",
  "inference_time_s": 0.1319,
  "gt_labels": "Calcified Granuloma;Degenerative Change",
  "probabilities": {
    "Airspace Disease": 0.0684262365102768,
    "Bronchiectasis": 0.0019044136861339211,
    "Bronchiolitis": 0.0036838287487626076,
    "Bullous Disease": 0.012198545038700104,
    "Calcified Granuloma": 0.30979302525520325,
    "Calcinosis": 0.20534592866897583,
    "Cardiac Shadow (abnormal)": 0.02380220964550972,
    "Cardiomegaly": 0.08000241965055466,
    "Consolidation": 0.02832634374499321,
    "Degenerative Change": 0.41227594017982483,
    "Edema": 0.02668389491736889,
    "Effusion": 0.002696681534871459,
    "Emphysema": 0.06962575763463974,
    "Fibrosis": 0.15621699392795563,
    "Fractures": 0.1241486668586731,
    "Hernia": 0.11845643073320389,
    "Hyperinflation": 0.22943535447120667,
    "Increased Lung Markings": 0.10996179282665253,
    "Interstitial Lung Disease": 0.03838818892836571,
    "Kyphosis": 0.07176359742879868,
    "Lesion": 0.13549499213695526,
    "Mass": 0.016032207757234573,
    "Nodule": 0.09522663801908493,
    "Osteophyte": 0.19254277646541595,
    "Pleural Effusion": 0.05253947526216507,
    "Pleural Thickening": 0.06986021995544434,
    "Pneumothorax": 0.03037613071501255,
    "Pulmonary Artery Enlargement": 0.026868365705013275,
    "Pulmonary Fibrosis": 0.009524639695882797,
    "Rib Fracture": 0.010188904590904713,
    "Scoliosis": 0.12380893528461456,
    "Subcutaneous Emphysema": 0.003371067810803652,
    "Thickening": 0.05209462344646454,
    "Volume Loss": 0.15013860166072845,
    "normal": 0.8043815493583679
  },
  "frontal_probs": {
    "Airspace Disease": 0.0684262365102768,
    "Bronchiectasis": 0.0019044136861339211,
    "Bronchiolitis": 0.0036838287487626076,
    "Bullous Disease": 0.012198545038700104,
    "Calcified Granuloma": 0.30979302525520325,
    "Calcinosis": 0.20534592866897583,
    "Cardiac Shadow (abnormal)": 0.02380220964550972,
    "Cardiomegaly": 0.08000241965055466,
    "Consolidation": 0.02832634374499321,
    "Degenerative Change": 0.41227594017982483,
    "Edema": 0.02668389491736889,
    "Effusion": 0.002696681534871459,
    "Emphysema": 0.06962575763463974,
    "Fibrosis": 0.15621699392795563,
    "Fractures": 0.1241486668586731,
    "Hernia": 0.11845643073320389,
    "Hyperinflation": 0.22943535447120667,
    "Increased Lung Markings": 0.10996179282665253,
    "Interstitial Lung Disease": 0.03838818892836571,
    "Kyphosis": 0.07176359742879868,
    "Lesion": 0.13549499213695526,
    "Mass": 0.016032207757234573,
    "Nodule": 0.09522663801908493,
    "Osteophyte": 0.19254277646541595,
    "Pleural Effusion": 0.05253947526216507,
    "Pleural Thickening": 0.06986021995544434,
    "Pneumothorax": 0.03037613071501255,
    "Pulmonary Artery Enlargement": 0.026868365705013275,
    "Pulmonary Fibrosis": 0.009524639695882797,
    "Rib Fracture": 0.010188904590904713,
    "Scoliosis": 0.12380893528461456,
    "Subcutaneous Emphysema": 0.003371067810803652,
    "Thickening": 0.05209462344646454,
    "Volume Loss": 0.15013860166072845,
    "normal": 0.8043815493583679
  },
  "lateral_probs": {
    "Airspace Disease": 0.0,
    "Bronchiectasis": 0.0,
    "Bronchiolitis": 0.0,
    "Bullous Disease": 0.0,
    "Calcified Granuloma": 0.0,
    "Calcinosis": 0.0,
    "Cardiac Shadow (abnormal)": 0.0,
    "Cardiomegaly": 0.0,
    "Consolidation": 0.0,
    "Degenerative Change": 0.0,
    "Edema": 0.0,
    "Effusion": 0.0,
    "Emphysema": 0.0,
    "Fibrosis": 0.0,
    "Fractures": 0.0,
    "Hernia": 0.0,
    "Hyperinflation": 0.0,
    "Increased Lung Markings": 0.0,
    "Interstitial Lung Disease": 0.0,
    "Kyphosis": 0.0,
    "Lesion": 0.0,
    "Mass": 0.0,
    "Nodule": 0.0,
    "Osteophyte": 0.0,
    "Pleural Effusion": 0.0,
    "Pleural Thickening": 0.0,
    "Pneumothorax": 0.0,
    "Pulmonary Artery Enlargement": 0.0,
    "Pulmonary Fibrosis": 0.0,
    "Rib Fracture": 0.0,
    "Scoliosis": 0.0,
    "Subcutaneous Emphysema": 0.0,
    "Thickening": 0.0,
    "Volume Loss": 0.0,
    "normal": 0.0
  }
}