{
  "uid": "3766",
  "frontal_image": "3766_IM-1885-1001.dcm.png",
  "lateral_image": "3766_IM-1885-2001.dcm.png",
  "fusion_mode": "weighted_avg(f=0.65,l=0.35)",
  "predicted_classes": [
    "normal"
  ],
  "resolved_classes": [
    "normal"
  ],
  "kg_classes": [
    "Normal"
  ],
  "num_predicted": 1,
  "conflict_resolution": "no_conflict",
  "is_uncertain": false,
  "uncertainty_reason": "",
  "inference_time_s": 0.2581,
  "gt_labels": "Degenerative Change",
  "probabilities": {
    "Airspace Disease": 0.145091,
    "Bronchiectasis": 0.01773,
    "Bronchiolitis": 0.002765,
    "Bullous Disease": 0.01415,
    "Calcified Granuloma": 0.215631,
    "Calcinosis": 0.136615,
    "Cardiac Shadow (abnormal)": 0.109461,
    "Cardiomegaly": 0.276832,
    "Consolidation": 0.081942,
    "Degenerative Change": 0.378485,
    "Edema": 0.119033,
    "Effusion": 0.028659,
    "Emphysema": 0.043825,
    "Fibrosis": 0.124871,
    "Fractures": 0.115274,
    "Hernia": 0.147932,
    "Hyperinflation": 0.270329,
    "Increased Lung Markings": 0.259584,
    "Interstitial Lung Disease": 0.058474,
    "Kyphosis": 0.093883,
    "Lesion": 0.264175,
    "Mass": 0.041069,
    "Nodule": 0.098541,
    "Osteophyte": 0.196178,
    "Pleural Effusion": 0.144555,
    "Pleural Thickening": 0.068013,
    "Pneumothorax": 0.079918,
    "Pulmonary Artery Enlargement": 0.051824,
    "Pulmonary Fibrosis": 0.031943,
    "Rib Fracture": 0.013107,
    "Scoliosis": 0.170326,
    "Subcutaneous Emphysema": 0.011305,
    "Thickening": 0.055904,
    "Volume Loss": 0.200035,
    "normal": 0.773389
  },
  "frontal_probs": {
    "Airspace Disease": 0.027631672099232674,
    "Bronchiectasis": 0.00031119323102757335,
    "Bronchiolitis": 0.0005682939081452787,
    "Bullous Disease": 0.0010282775619998574,
    "Calcified Granuloma": 0.21068362891674042,
    "Calcinosis": 0.08074477314949036,
    "Cardiac Shadow (abnormal)": 0.015725253149867058,
    "Cardiomegaly": 0.1514982283115387,
    "Consolidation": 0.012349313125014305,
    "Degenerative Change": 0.3276520073413849,
    "Edema": 0.012081976979970932,
    "Effusion": 0.002276339568197727,
    "Emphysema": 0.008364052511751652,
    "Fibrosis": 0.06008172035217285,
    "Fractures": 0.06401076912879944,
    "Hernia": 0.10865998268127441,
    "Hyperinflation": 0.18210624158382416,
    "Increased Lung Markings": 0.19992780685424805,
    "Interstitial Lung Disease": 0.005477352067828178,
    "Kyphosis": 0.03538408502936363,
    "Lesion": 0.1025337427854538,
    "Mass": 0.003949512727558613,
    "Nodule": 0.0902601033449173,
    "Osteophyte": 0.19383029639720917,
    "Pleural Effusion": 0.027408216148614883,
    "Pleural Thickening": 0.012580766342580318,
    "Pneumothorax": 0.013741234317421913,
    "Pulmonary Artery Enlargement": 0.01608787663280964,
    "Pulmonary Fibrosis": 0.0016681579872965813,
    "Rib Fracture": 0.0023109226021915674,
    "Scoliosis": 0.13989470899105072,
    "Subcutaneous Emphysema": 0.0009100144379772246,
    "Thickening": 0.01898922212421894,
    "Volume Loss": 0.09346514940261841,
    "normal": 0.8961766958236694
  },
  "lateral_probs": {
    "Airspace Disease": 0.3632310628890991,
    "Bronchiectasis": 0.050078075379133224,
    "Bronchiolitis": 0.006845265161246061,
    "Bullous Disease": 0.038520269095897675,
    "Calcified Granuloma": 0.2248191386461258,
    "Calcinosis": 0.24037261307239532,
    "Cardiac Shadow (abnormal)": 0.28354209661483765,
    "Cardiomegaly": 0.5095945596694946,
    "Consolidation": 0.21118462085723877,
    "Degenerative Change": 0.4728878140449524,
    "Edema": 0.31765687465667725,
    "Effusion": 0.07765562832355499,
    "Emphysema": 0.10968228429555893,
    "Fibrosis": 0.24519461393356323,
    "Fractures": 0.21047855913639069,
    "Hernia": 0.22086475789546967,
    "Hyperinflation": 0.4341700077056885,
    "Increased Lung Markings": 0.37037327885627747,
    "Interstitial Lung Disease": 0.15689639747142792,
    "Kyphosis": 0.20252300798892975,
    "Lesion": 0.564365565776825,
    "Mass": 0.11000539362430573,
    "Nodule": 0.1139196828007698,
    "Osteophyte": 0.20053820312023163,
    "Pleural Effusion": 0.36211469769477844,
    "Pleural Thickening": 0.17095895111560822,
    "Pneumothorax": 0.20281733572483063,
    "Pulmonary Artery Enlargement": 0.1181907206773758,
    "Pulmonary Fibrosis": 0.08816897869110107,
    "Rib Fracture": 0.033155616372823715,
    "Scoliosis": 0.22684155404567719,
    "Subcutaneous Emphysema": 0.030610209330916405,
    "Thickening": 0.12446074187755585,
    "Volume Loss": 0.3979499340057373,
    "normal": 0.5453532934188843
  }
}