{
  "uid": "3415",
  "frontal_image": "3415_IM-1650-1001.dcm.png",
  "lateral_image": "3415_IM-1650-1002.dcm.png",
  "fusion_mode": "weighted_avg(f=0.65,l=0.35)",
  "predicted_classes": [
    "normal"
  ],
  "resolved_classes": [
    "normal"
  ],
  "kg_classes": [
    "Normal"
  ],
  "num_predicted": 1,
  "conflict_resolution": "no_conflict",
  "is_uncertain": true,
  "uncertainty_reason": "normal_prob=0.582 (<0.73) with elevated disease scores: Degenerative Change=0.494, Calcified Granuloma=0.432, Lesion=0.431",
  "inference_time_s": 0.2597,
  "gt_labels": "Degenerative Change;Volume Loss",
  "probabilities": {
    "Airspace Disease": 0.255041,
    "Bronchiectasis": 0.102301,
    "Bronchiolitis": 0.046859,
    "Bullous Disease": 0.108153,
    "Calcified Granuloma": 0.432003,
    "Calcinosis": 0.411043,
    "Cardiac Shadow (abnormal)": 0.153821,
    "Cardiomegaly": 0.312904,
    "Consolidation": 0.254334,
    "Degenerative Change": 0.493569,
    "Edema": 0.175915,
    "Effusion": 0.069415,
    "Emphysema": 0.397253,
    "Fibrosis": 0.320934,
    "Fractures": 0.264139,
    "Hernia": 0.272445,
    "Hyperinflation": 0.419297,
    "Increased Lung Markings": 0.230058,
    "Interstitial Lung Disease": 0.368179,
    "Kyphosis": 0.191531,
    "Lesion": 0.431479,
    "Mass": 0.241704,
    "Nodule": 0.289754,
    "Osteophyte": 0.273547,
    "Pleural Effusion": 0.230394,
    "Pleural Thickening": 0.208361,
    "Pneumothorax": 0.078635,
    "Pulmonary Artery Enlargement": 0.101849,
    "Pulmonary Fibrosis": 0.138192,
    "Rib Fracture": 0.083498,
    "Scoliosis": 0.257736,
    "Subcutaneous Emphysema": 0.072633,
    "Thickening": 0.244669,
    "Volume Loss": 0.284624,
    "normal": 0.582499
  },
  "frontal_probs": {
    "Airspace Disease": 0.2531234920024872,
    "Bronchiectasis": 0.11854963004589081,
    "Bronchiolitis": 0.06863641738891602,
    "Bullous Disease": 0.1473972648382187,
    "Calcified Granuloma": 0.47984620928764343,
    "Calcinosis": 0.4803892970085144,
    "Cardiac Shadow (abnormal)": 0.16489866375923157,
    "Cardiomegaly": 0.31755581498146057,
    "Consolidation": 0.2874329090118408,
    "Degenerative Change": 0.5030508041381836,
    "Edema": 0.16807110607624054,
    "Effusion": 0.08156104385852814,
    "Emphysema": 0.46274101734161377,
    "Fibrosis": 0.32669004797935486,
    "Fractures": 0.30820128321647644,
    "Hernia": 0.30098411440849304,
    "Hyperinflation": 0.418966680765152,
    "Increased Lung Markings": 0.2378702610731125,
    "Interstitial Lung Disease": 0.45609888434410095,
    "Kyphosis": 0.24435535073280334,
    "Lesion": 0.449154257774353,
    "Mass": 0.30980217456817627,
    "Nodule": 0.3308570683002472,
    "Osteophyte": 0.2880834937095642,
    "Pleural Effusion": 0.2304101288318634,
    "Pleural Thickening": 0.20101895928382874,
    "Pneumothorax": 0.08332018554210663,
    "Pulmonary Artery Enlargement": 0.1093960702419281,
    "Pulmonary Fibrosis": 0.15610860288143158,
    "Rib Fracture": 0.10680539906024933,
    "Scoliosis": 0.27804693579673767,
    "Subcutaneous Emphysema": 0.10022393614053726,
    "Thickening": 0.2743079960346222,
    "Volume Loss": 0.28425630927085876,
    "normal": 0.5587209463119507
  },
  "lateral_probs": {
    "Airspace Disease": 0.25860145688056946,
    "Bronchiectasis": 0.07212401181459427,
    "Bronchiolitis": 0.00641549751162529,
    "Bullous Disease": 0.035272158682346344,
    "Calcified Granuloma": 0.3431510925292969,
    "Calcinosis": 0.28225836157798767,
    "Cardiac Shadow (abnormal)": 0.13324925303459167,
    "Cardiomegaly": 0.30426493287086487,
    "Consolidation": 0.1928642839193344,
    "Degenerative Change": 0.4759589433670044,
    "Edema": 0.19048283994197845,
    "Effusion": 0.046859096735715866,
    "Emphysema": 0.2756313979625702,
    "Fibrosis": 0.3102453649044037,
    "Fractures": 0.18230970203876495,
    "Hernia": 0.21944306790828705,
    "Hyperinflation": 0.41991186141967773,
    "Increased Lung Markings": 0.21554850041866302,
    "Interstitial Lung Disease": 0.20489804446697235,
    "Kyphosis": 0.09342784434556961,
    "Lesion": 0.39865317940711975,
    "Mass": 0.11523466557264328,
    "Nodule": 0.21341939270496368,
    "Osteophyte": 0.24654975533485413,
    "Pleural Effusion": 0.23036502301692963,
    "Pleural Thickening": 0.22199508547782898,
    "Pneumothorax": 0.06993500143289566,
    "Pulmonary Artery Enlargement": 0.08783233910799026,
    "Pulmonary Fibrosis": 0.10491959750652313,
    "Rib Fracture": 0.040212538093328476,
    "Scoliosis": 0.22001589834690094,
    "Subcutaneous Emphysema": 0.021392034366726875,
    "Thickening": 0.18962599337100983,
    "Volume Loss": 0.28530579805374146,
    "normal": 0.6266588568687439
  }
}