{
  "uid": "3378",
  "frontal_image": "3378_IM-1627-1001.dcm.png",
  "lateral_image": "3378_IM-1627-2001.dcm.png",
  "fusion_mode": "weighted_avg(f=0.65,l=0.35)",
  "predicted_classes": [
    "normal"
  ],
  "resolved_classes": [
    "normal"
  ],
  "kg_classes": [
    "Normal"
  ],
  "num_predicted": 1,
  "conflict_resolution": "no_conflict",
  "is_uncertain": false,
  "uncertainty_reason": "",
  "inference_time_s": 0.2657,
  "gt_labels": "Fractures;Pneumothorax",
  "probabilities": {
    "Airspace Disease": 0.193167,
    "Bronchiectasis": 0.01845,
    "Bronchiolitis": 0.003273,
    "Bullous Disease": 0.024619,
    "Calcified Granuloma": 0.247001,
    "Calcinosis": 0.29957,
    "Cardiac Shadow (abnormal)": 0.070258,
    "Cardiomegaly": 0.130566,
    "Consolidation": 0.07243,
    "Degenerative Change": 0.350638,
    "Edema": 0.096402,
    "Effusion": 0.05025,
    "Emphysema": 0.187394,
    "Fibrosis": 0.248414,
    "Fractures": 0.173466,
    "Hernia": 0.083634,
    "Hyperinflation": 0.321945,
    "Increased Lung Markings": 0.170177,
    "Interstitial Lung Disease": 0.164579,
    "Kyphosis": 0.058623,
    "Lesion": 0.373131,
    "Mass": 0.04314,
    "Nodule": 0.146826,
    "Osteophyte": 0.12298,
    "Pleural Effusion": 0.146902,
    "Pleural Thickening": 0.220909,
    "Pneumothorax": 0.296643,
    "Pulmonary Artery Enlargement": 0.030582,
    "Pulmonary Fibrosis": 0.049634,
    "Rib Fracture": 0.01183,
    "Scoliosis": 0.178639,
    "Subcutaneous Emphysema": 0.020106,
    "Thickening": 0.118854,
    "Volume Loss": 0.272403,
    "normal": 0.756316
  },
  "frontal_probs": {
    "Airspace Disease": 0.16973291337490082,
    "Bronchiectasis": 0.00586139177903533,
    "Bronchiolitis": 0.001355790882371366,
    "Bullous Disease": 0.02600112557411194,
    "Calcified Granuloma": 0.175340473651886,
    "Calcinosis": 0.2518892288208008,
    "Cardiac Shadow (abnormal)": 0.0273602157831192,
    "Cardiomegaly": 0.07665284723043442,
    "Consolidation": 0.05406900867819786,
    "Degenerative Change": 0.3035242259502411,
    "Edema": 0.05444253236055374,
    "Effusion": 0.05211507901549339,
    "Emphysema": 0.13444165885448456,
    "Fibrosis": 0.2480761855840683,
    "Fractures": 0.15521109104156494,
    "Hernia": 0.05542749539017677,
    "Hyperinflation": 0.2944704294204712,
    "Increased Lung Markings": 0.11312275379896164,
    "Interstitial Lung Disease": 0.09425532817840576,
    "Kyphosis": 0.04964043200016022,
    "Lesion": 0.38346660137176514,
    "Mass": 0.010389373637735844,
    "Nodule": 0.09868276119232178,
    "Osteophyte": 0.08049596101045609,
    "Pleural Effusion": 0.15584444999694824,
    "Pleural Thickening": 0.2619627118110657,
    "Pneumothorax": 0.3982793688774109,
    "Pulmonary Artery Enlargement": 0.006440042518079281,
    "Pulmonary Fibrosis": 0.025007735937833786,
    "Rib Fracture": 0.005376904271543026,
    "Scoliosis": 0.18505394458770752,
    "Subcutaneous Emphysema": 0.011213626712560654,
    "Thickening": 0.08233266323804855,
    "Volume Loss": 0.29366037249565125,
    "normal": 0.7890011072158813
  },
  "lateral_probs": {
    "Airspace Disease": 0.23668791353702545,
    "Bronchiectasis": 0.041830070316791534,
    "Bronchiolitis": 0.006833608262240887,
    "Bullous Disease": 0.022052384912967682,
    "Calcified Granuloma": 0.38008567690849304,
    "Calcinosis": 0.38811957836151123,
    "Cardiac Shadow (abnormal)": 0.14992396533489227,
    "Cardiomegaly": 0.2306894063949585,
    "Consolidation": 0.106528639793396,
    "Degenerative Change": 0.4381355345249176,
    "Edema": 0.17432692646980286,
    "Effusion": 0.046787504106760025,
    "Emphysema": 0.28573477268218994,
    "Fibrosis": 0.2490423172712326,
    "Fractures": 0.20736847817897797,
    "Hernia": 0.13601891696453094,
    "Hyperinflation": 0.37296971678733826,
    "Increased Lung Markings": 0.2761341333389282,
    "Interstitial Lung Disease": 0.2951793968677521,
    "Kyphosis": 0.07530621439218521,
    "Lesion": 0.3539358079433441,
    "Mass": 0.10396195948123932,
    "Nodule": 0.23623476922512054,
    "Osteophyte": 0.20188000798225403,
    "Pleural Effusion": 0.1302950084209442,
    "Pleural Thickening": 0.14466653764247894,
    "Pneumothorax": 0.10789036750793457,
    "Pulmonary Artery Enlargement": 0.07541695982217789,
    "Pulmonary Fibrosis": 0.09536774456501007,
    "Rib Fracture": 0.023814579471945763,
    "Scoliosis": 0.16672587394714355,
    "Subcutaneous Emphysema": 0.036619555205106735,
    "Thickening": 0.18667998909950256,
    "Volume Loss": 0.23292438685894012,
    "normal": 0.6956151127815247
  }
}