{
  "uid": "3245",
  "frontal_image": "3245_IM-1537-1001.dcm.png|3245_IM-1537-4001.dcm.png",
  "lateral_image": "",
  "fusion_mode": "frontal_only",
  "predicted_classes": [
    "Cardiomegaly",
    "Lesion",
    "Edema",
    "Hyperinflation",
    "Airspace Disease"
  ],
  "resolved_classes": [
    "Cardiomegaly",
    "Lesion",
    "Edema",
    "Hyperinflation",
    "Airspace Disease"
  ],
  "kg_classes": [
    "Cardiomegaly",
    "Lesion",
    "Edema",
    "Hyperinflation",
    "Airspace Disease"
  ],
  "num_predicted": 5,
  "conflict_resolution": "no_conflict",
  "is_uncertain": false,
  "uncertainty_reason": "",
  "inference_time_s": 0.2707,
  "gt_labels": "Calcinosis;Cardiomegaly;Edema;Pleural Effusion",
  "probabilities": {
    "Airspace Disease": 0.5282028913497925,
    "Bronchiectasis": 0.09295456856489182,
    "Bronchiolitis": 0.022153260186314583,
    "Bullous Disease": 0.04859447106719017,
    "Calcified Granuloma": 0.28355151414871216,
    "Calcinosis": 0.24524138867855072,
    "Cardiac Shadow (abnormal)": 0.33091428875923157,
    "Cardiomegaly": 0.5768513679504395,
    "Consolidation": 0.39261776208877563,
    "Degenerative Change": 0.394309937953949,
    "Edema": 0.5540878772735596,
    "Effusion": 0.22830070555210114,
    "Emphysema": 0.16424588859081268,
    "Fibrosis": 0.31213125586509705,
    "Fractures": 0.1907617747783661,
    "Hernia": 0.20124128460884094,
    "Hyperinflation": 0.5420437455177307,
    "Increased Lung Markings": 0.27774694561958313,
    "Interstitial Lung Disease": 0.24334272742271423,
    "Kyphosis": 0.09523855149745941,
    "Lesion": 0.5754444599151611,
    "Mass": 0.05324239656329155,
    "Nodule": 0.19443561136722565,
    "Osteophyte": 0.1491561383008957,
    "Pleural Effusion": 0.48899051547050476,
    "Pleural Thickening": 0.32010406255722046,
    "Pneumothorax": 0.07352069020271301,
    "Pulmonary Artery Enlargement": 0.1368410438299179,
    "Pulmonary Fibrosis": 0.2959746718406677,
    "Rib Fracture": 0.032042887061834335,
    "Scoliosis": 0.2043025642633438,
    "Subcutaneous Emphysema": 0.0374007374048233,
    "Thickening": 0.21975579857826233,
    "Volume Loss": 0.48284777998924255,
    "normal": 0.48609504103660583
  },
  "frontal_probs": {
    "Airspace Disease": 0.5282028913497925,
    "Bronchiectasis": 0.09295456856489182,
    "Bronchiolitis": 0.022153260186314583,
    "Bullous Disease": 0.04859447106719017,
    "Calcified Granuloma": 0.28355151414871216,
    "Calcinosis": 0.24524138867855072,
    "Cardiac Shadow (abnormal)": 0.33091428875923157,
    "Cardiomegaly": 0.5768513679504395,
    "Consolidation": 0.39261776208877563,
    "Degenerative Change": 0.394309937953949,
    "Edema": 0.5540878772735596,
    "Effusion": 0.22830070555210114,
    "Emphysema": 0.16424588859081268,
    "Fibrosis": 0.31213125586509705,
    "Fractures": 0.1907617747783661,
    "Hernia": 0.20124128460884094,
    "Hyperinflation": 0.5420437455177307,
    "Increased Lung Markings": 0.27774694561958313,
    "Interstitial Lung Disease": 0.24334272742271423,
    "Kyphosis": 0.09523855149745941,
    "Lesion": 0.5754444599151611,
    "Mass": 0.05324239656329155,
    "Nodule": 0.19443561136722565,
    "Osteophyte": 0.1491561383008957,
    "Pleural Effusion": 0.48899051547050476,
    "Pleural Thickening": 0.32010406255722046,
    "Pneumothorax": 0.07352069020271301,
    "Pulmonary Artery Enlargement": 0.1368410438299179,
    "Pulmonary Fibrosis": 0.2959746718406677,
    "Rib Fracture": 0.032042887061834335,
    "Scoliosis": 0.2043025642633438,
    "Subcutaneous Emphysema": 0.0374007374048233,
    "Thickening": 0.21975579857826233,
    "Volume Loss": 0.48284777998924255,
    "normal": 0.48609504103660583
  },
  "lateral_probs": {
    "Airspace Disease": 0.0,
    "Bronchiectasis": 0.0,
    "Bronchiolitis": 0.0,
    "Bullous Disease": 0.0,
    "Calcified Granuloma": 0.0,
    "Calcinosis": 0.0,
    "Cardiac Shadow (abnormal)": 0.0,
    "Cardiomegaly": 0.0,
    "Consolidation": 0.0,
    "Degenerative Change": 0.0,
    "Edema": 0.0,
    "Effusion": 0.0,
    "Emphysema": 0.0,
    "Fibrosis": 0.0,
    "Fractures": 0.0,
    "Hernia": 0.0,
    "Hyperinflation": 0.0,
    "Increased Lung Markings": 0.0,
    "Interstitial Lung Disease": 0.0,
    "Kyphosis": 0.0,
    "Lesion": 0.0,
    "Mass": 0.0,
    "Nodule": 0.0,
    "Osteophyte": 0.0,
    "Pleural Effusion": 0.0,
    "Pleural Thickening": 0.0,
    "Pneumothorax": 0.0,
    "Pulmonary Artery Enlargement": 0.0,
    "Pulmonary Fibrosis": 0.0,
    "Rib Fracture": 0.0,
    "Scoliosis": 0.0,
    "Subcutaneous Emphysema": 0.0,
    "Thickening": 0.0,
    "Volume Loss": 0.0,
    "normal": 0.0
  }
}