{
  "uid": "3783",
  "frontal_image": "3783_IM-1898-1001.dcm.png",
  "lateral_image": "",
  "fusion_mode": "frontal_only",
  "predicted_classes": [
    "normal"
  ],
  "resolved_classes": [
    "normal"
  ],
  "kg_classes": [
    "Normal"
  ],
  "num_predicted": 1,
  "conflict_resolution": "no_conflict",
  "is_uncertain": false,
  "uncertainty_reason": "",
  "inference_time_s": 0.1334,
  "gt_labels": "normal",
  "probabilities": {
    "Airspace Disease": 0.007458630949258804,
    "Bronchiectasis": 2.4349234081455506e-05,
    "Bronchiolitis": 2.413055335637182e-05,
    "Bullous Disease": 0.000258650747127831,
    "Calcified Granuloma": 0.09377767890691757,
    "Calcinosis": 0.03357943147420883,
    "Cardiac Shadow (abnormal)": 0.0009688931168057024,
    "Cardiomegaly": 0.012486729770898819,
    "Consolidation": 0.004264624789357185,
    "Degenerative Change": 0.07457450032234192,
    "Edema": 0.0021578758023679256,
    "Effusion": 0.00015098045696504414,
    "Emphysema": 0.003575034672394395,
    "Fibrosis": 0.036860790103673935,
    "Fractures": 0.01719890721142292,
    "Hernia": 0.01899142749607563,
    "Hyperinflation": 0.04010336101055145,
    "Increased Lung Markings": 0.021193766966462135,
    "Interstitial Lung Disease": 0.002750236541032791,
    "Kyphosis": 0.005322631448507309,
    "Lesion": 0.024541452527046204,
    "Mass": 0.0013563255779445171,
    "Nodule": 0.026358608156442642,
    "Osteophyte": 0.0454433411359787,
    "Pleural Effusion": 0.002919317688792944,
    "Pleural Thickening": 0.013179630972445011,
    "Pneumothorax": 0.00340592535212636,
    "Pulmonary Artery Enlargement": 0.002054512733593583,
    "Pulmonary Fibrosis": 0.0001260197750525549,
    "Rib Fracture": 0.00015520390297751874,
    "Scoliosis": 0.04042469710111618,
    "Subcutaneous Emphysema": 5.5688724387437105e-05,
    "Thickening": 0.004444400779902935,
    "Volume Loss": 0.03410894051194191,
    "normal": 0.985966145992279
  },
  "frontal_probs": {
    "Airspace Disease": 0.007458630949258804,
    "Bronchiectasis": 2.4349234081455506e-05,
    "Bronchiolitis": 2.413055335637182e-05,
    "Bullous Disease": 0.000258650747127831,
    "Calcified Granuloma": 0.09377767890691757,
    "Calcinosis": 0.03357943147420883,
    "Cardiac Shadow (abnormal)": 0.0009688931168057024,
    "Cardiomegaly": 0.012486729770898819,
    "Consolidation": 0.004264624789357185,
    "Degenerative Change": 0.07457450032234192,
    "Edema": 0.0021578758023679256,
    "Effusion": 0.00015098045696504414,
    "Emphysema": 0.003575034672394395,
    "Fibrosis": 0.036860790103673935,
    "Fractures": 0.01719890721142292,
    "Hernia": 0.01899142749607563,
    "Hyperinflation": 0.04010336101055145,
    "Increased Lung Markings": 0.021193766966462135,
    "Interstitial Lung Disease": 0.002750236541032791,
    "Kyphosis": 0.005322631448507309,
    "Lesion": 0.024541452527046204,
    "Mass": 0.0013563255779445171,
    "Nodule": 0.026358608156442642,
    "Osteophyte": 0.0454433411359787,
    "Pleural Effusion": 0.002919317688792944,
    "Pleural Thickening": 0.013179630972445011,
    "Pneumothorax": 0.00340592535212636,
    "Pulmonary Artery Enlargement": 0.002054512733593583,
    "Pulmonary Fibrosis": 0.0001260197750525549,
    "Rib Fracture": 0.00015520390297751874,
    "Scoliosis": 0.04042469710111618,
    "Subcutaneous Emphysema": 5.5688724387437105e-05,
    "Thickening": 0.004444400779902935,
    "Volume Loss": 0.03410894051194191,
    "normal": 0.985966145992279
  },
  "lateral_probs": {
    "Airspace Disease": 0.0,
    "Bronchiectasis": 0.0,
    "Bronchiolitis": 0.0,
    "Bullous Disease": 0.0,
    "Calcified Granuloma": 0.0,
    "Calcinosis": 0.0,
    "Cardiac Shadow (abnormal)": 0.0,
    "Cardiomegaly": 0.0,
    "Consolidation": 0.0,
    "Degenerative Change": 0.0,
    "Edema": 0.0,
    "Effusion": 0.0,
    "Emphysema": 0.0,
    "Fibrosis": 0.0,
    "Fractures": 0.0,
    "Hernia": 0.0,
    "Hyperinflation": 0.0,
    "Increased Lung Markings": 0.0,
    "Interstitial Lung Disease": 0.0,
    "Kyphosis": 0.0,
    "Lesion": 0.0,
    "Mass": 0.0,
    "Nodule": 0.0,
    "Osteophyte": 0.0,
    "Pleural Effusion": 0.0,
    "Pleural Thickening": 0.0,
    "Pneumothorax": 0.0,
    "Pulmonary Artery Enlargement": 0.0,
    "Pulmonary Fibrosis": 0.0,
    "Rib Fracture": 0.0,
    "Scoliosis": 0.0,
    "Subcutaneous Emphysema": 0.0,
    "Thickening": 0.0,
    "Volume Loss": 0.0,
    "normal": 0.0
  }
}