{
  "uid": "3258",
  "frontal_image": "3258_IM-1544-1001.dcm.png",
  "lateral_image": "3258_IM-1544-2001.dcm.png",
  "fusion_mode": "weighted_avg(f=0.65,l=0.35)",
  "predicted_classes": [
    "normal"
  ],
  "resolved_classes": [
    "normal"
  ],
  "kg_classes": [
    "Normal"
  ],
  "num_predicted": 1,
  "conflict_resolution": "no_conflict",
  "is_uncertain": false,
  "uncertainty_reason": "",
  "inference_time_s": 0.2538,
  "gt_labels": "normal",
  "probabilities": {
    "Airspace Disease": 0.074017,
    "Bronchiectasis": 0.017859,
    "Bronchiolitis": 0.00102,
    "Bullous Disease": 0.007031,
    "Calcified Granuloma": 0.167646,
    "Calcinosis": 0.141812,
    "Cardiac Shadow (abnormal)": 0.032283,
    "Cardiomegaly": 0.135171,
    "Consolidation": 0.056797,
    "Degenerative Change": 0.208849,
    "Edema": 0.05678,
    "Effusion": 0.018671,
    "Emphysema": 0.083008,
    "Fibrosis": 0.123155,
    "Fractures": 0.087199,
    "Hernia": 0.096733,
    "Hyperinflation": 0.159182,
    "Increased Lung Markings": 0.12002,
    "Interstitial Lung Disease": 0.063557,
    "Kyphosis": 0.020399,
    "Lesion": 0.167934,
    "Mass": 0.030607,
    "Nodule": 0.105068,
    "Osteophyte": 0.09843,
    "Pleural Effusion": 0.051225,
    "Pleural Thickening": 0.052067,
    "Pneumothorax": 0.046886,
    "Pulmonary Artery Enlargement": 0.035202,
    "Pulmonary Fibrosis": 0.037297,
    "Rib Fracture": 0.01304,
    "Scoliosis": 0.094955,
    "Subcutaneous Emphysema": 0.005076,
    "Thickening": 0.050028,
    "Volume Loss": 0.132663,
    "normal": 0.884956
  },
  "frontal_probs": {
    "Airspace Disease": 0.026679053902626038,
    "Bronchiectasis": 0.00042080701678059995,
    "Bronchiolitis": 0.00016328025958500803,
    "Bullous Disease": 0.0005552430520765483,
    "Calcified Granuloma": 0.09556743502616882,
    "Calcinosis": 0.08684079349040985,
    "Cardiac Shadow (abnormal)": 0.013615480624139309,
    "Cardiomegaly": 0.10961484909057617,
    "Consolidation": 0.013782303780317307,
    "Degenerative Change": 0.09650801867246628,
    "Edema": 0.029832972213625908,
    "Effusion": 0.004578893072903156,
    "Emphysema": 0.017913971096277237,
    "Fibrosis": 0.057330016046762466,
    "Fractures": 0.03844016045331955,
    "Hernia": 0.033384308218955994,
    "Hyperinflation": 0.0703071877360344,
    "Increased Lung Markings": 0.07479013502597809,
    "Interstitial Lung Disease": 0.006710464600473642,
    "Kyphosis": 0.010606186464428902,
    "Lesion": 0.07491789013147354,
    "Mass": 0.0022606193087995052,
    "Nodule": 0.08176510781049728,
    "Osteophyte": 0.06146671995520592,
    "Pleural Effusion": 0.011965596117079258,
    "Pleural Thickening": 0.028704484924674034,
    "Pneumothorax": 0.029060449451208115,
    "Pulmonary Artery Enlargement": 0.02407524548470974,
    "Pulmonary Fibrosis": 0.0014316174201667309,
    "Rib Fracture": 0.002131888410076499,
    "Scoliosis": 0.06729284673929214,
    "Subcutaneous Emphysema": 0.0008707825327292085,
    "Thickening": 0.024658609181642532,
    "Volume Loss": 0.07299420237541199,
    "normal": 0.9518782496452332
  },
  "lateral_probs": {
    "Airspace Disease": 0.1619308888912201,
    "Bronchiectasis": 0.05024338886141777,
    "Bronchiolitis": 0.0026123630814254284,
    "Bullous Disease": 0.019056590273976326,
    "Calcified Granuloma": 0.3015052378177643,
    "Calcinosis": 0.24390172958374023,
    "Cardiac Shadow (abnormal)": 0.06695117801427841,
    "Cardiomegaly": 0.18263372778892517,
    "Consolidation": 0.1366824209690094,
    "Degenerative Change": 0.4174816906452179,
    "Edema": 0.10682345926761627,
    "Effusion": 0.044843412935733795,
    "Emphysema": 0.20389556884765625,
    "Fibrosis": 0.24540044367313385,
    "Fractures": 0.177751824259758,
    "Hernia": 0.21438151597976685,
    "Hyperinflation": 0.32423657178878784,
    "Increased Lung Markings": 0.20401902496814728,
    "Interstitial Lung Disease": 0.1691279113292694,
    "Kyphosis": 0.038584258407354355,
    "Lesion": 0.34067898988723755,
    "Mass": 0.08325004577636719,
    "Nodule": 0.14834606647491455,
    "Osteophyte": 0.16707608103752136,
    "Pleural Effusion": 0.12413664162158966,
    "Pleural Thickening": 0.09545440226793289,
    "Pneumothorax": 0.07999064773321152,
    "Pulmonary Artery Enlargement": 0.055864762514829636,
    "Pulmonary Fibrosis": 0.10390433669090271,
    "Rib Fracture": 0.03329901397228241,
    "Scoliosis": 0.14632676541805267,
    "Subcutaneous Emphysema": 0.012885327450931072,
    "Thickening": 0.09714307636022568,
    "Volume Loss": 0.2434757947921753,
    "normal": 0.7606727480888367
  }
}