{
  "uid": "3561",
  "frontal_image": "3561_IM-1746-1001.dcm.png",
  "lateral_image": "3561_IM-1746-2001.dcm.png",
  "fusion_mode": "weighted_avg(f=0.65,l=0.35)",
  "predicted_classes": [
    "normal"
  ],
  "resolved_classes": [
    "normal"
  ],
  "kg_classes": [
    "Normal"
  ],
  "num_predicted": 1,
  "conflict_resolution": "no_conflict",
  "is_uncertain": false,
  "uncertainty_reason": "",
  "inference_time_s": 0.262,
  "gt_labels": "normal",
  "probabilities": {
    "Airspace Disease": 0.063402,
    "Bronchiectasis": 0.003537,
    "Bronchiolitis": 0.00062,
    "Bullous Disease": 0.003565,
    "Calcified Granuloma": 0.133822,
    "Calcinosis": 0.102603,
    "Cardiac Shadow (abnormal)": 0.099643,
    "Cardiomegaly": 0.212427,
    "Consolidation": 0.03051,
    "Degenerative Change": 0.139087,
    "Edema": 0.104815,
    "Effusion": 0.014613,
    "Emphysema": 0.043775,
    "Fibrosis": 0.078738,
    "Fractures": 0.078441,
    "Hernia": 0.049478,
    "Hyperinflation": 0.140018,
    "Increased Lung Markings": 0.10003,
    "Interstitial Lung Disease": 0.049893,
    "Kyphosis": 0.022532,
    "Lesion": 0.11126,
    "Mass": 0.022871,
    "Nodule": 0.1058,
    "Osteophyte": 0.08661,
    "Pleural Effusion": 0.027561,
    "Pleural Thickening": 0.047894,
    "Pneumothorax": 0.023342,
    "Pulmonary Artery Enlargement": 0.045268,
    "Pulmonary Fibrosis": 0.015867,
    "Rib Fracture": 0.005713,
    "Scoliosis": 0.061559,
    "Subcutaneous Emphysema": 0.002388,
    "Thickening": 0.049049,
    "Volume Loss": 0.124201,
    "normal": 0.918232
  },
  "frontal_probs": {
    "Airspace Disease": 0.02966316044330597,
    "Bronchiectasis": 0.0007080241339281201,
    "Bronchiolitis": 0.0003284693229943514,
    "Bullous Disease": 0.001727457856759429,
    "Calcified Granuloma": 0.08336144685745239,
    "Calcinosis": 0.059031903743743896,
    "Cardiac Shadow (abnormal)": 0.03524394333362579,
    "Cardiomegaly": 0.20226067304611206,
    "Consolidation": 0.010672143660485744,
    "Degenerative Change": 0.0820818841457367,
    "Edema": 0.09633558988571167,
    "Effusion": 0.01409237738698721,
    "Emphysema": 0.01579788513481617,
    "Fibrosis": 0.04735888913273811,
    "Fractures": 0.05505693703889847,
    "Hernia": 0.037042777985334396,
    "Hyperinflation": 0.08095529675483704,
    "Increased Lung Markings": 0.06119869649410248,
    "Interstitial Lung Disease": 0.012409687042236328,
    "Kyphosis": 0.016179393976926804,
    "Lesion": 0.05999981611967087,
    "Mass": 0.007659862749278545,
    "Nodule": 0.06892334669828415,
    "Osteophyte": 0.045319151133298874,
    "Pleural Effusion": 0.016731541603803635,
    "Pleural Thickening": 0.029430946335196495,
    "Pneumothorax": 0.024047374725341797,
    "Pulmonary Artery Enlargement": 0.029050465673208237,
    "Pulmonary Fibrosis": 0.002053202362731099,
    "Rib Fracture": 0.0027287169359624386,
    "Scoliosis": 0.04993094503879547,
    "Subcutaneous Emphysema": 0.0008564546005800366,
    "Thickening": 0.02700713276863098,
    "Volume Loss": 0.07469470053911209,
    "normal": 0.9435530304908752
  },
  "lateral_probs": {
    "Airspace Disease": 0.12605996429920197,
    "Bronchiectasis": 0.008789447136223316,
    "Bronchiolitis": 0.0011606153566390276,
    "Bullous Disease": 0.006976413074880838,
    "Calcified Granuloma": 0.22753466665744781,
    "Calcinosis": 0.18352119624614716,
    "Cardiac Shadow (abnormal)": 0.21923992037773132,
    "Cardiomegaly": 0.23130680620670319,
    "Consolidation": 0.06735164672136307,
    "Degenerative Change": 0.2449531853199005,
    "Edema": 0.1205618679523468,
    "Effusion": 0.01557858008891344,
    "Emphysema": 0.09573114663362503,
    "Fibrosis": 0.13701261579990387,
    "Fractures": 0.12186871469020844,
    "Hernia": 0.07257071137428284,
    "Hyperinflation": 0.2497047334909439,
    "Increased Lung Markings": 0.1721448004245758,
    "Interstitial Lung Disease": 0.11950547993183136,
    "Kyphosis": 0.034329939633607864,
    "Lesion": 0.20645824074745178,
    "Mass": 0.051120955497026443,
    "Nodule": 0.17428521811962128,
    "Osteophyte": 0.1632918119430542,
    "Pleural Effusion": 0.047672368586063385,
    "Pleural Thickening": 0.08218295127153397,
    "Pneumothorax": 0.022030970081686974,
    "Pulmonary Artery Enlargement": 0.07538758963346481,
    "Pulmonary Fibrosis": 0.04152149707078934,
    "Rib Fracture": 0.011255094781517982,
    "Scoliosis": 0.08315389603376389,
    "Subcutaneous Emphysema": 0.005233630072325468,
    "Thickening": 0.08998376131057739,
    "Volume Loss": 0.21614228188991547,
    "normal": 0.8712062239646912
  }
}