{
  "uid": "3835",
  "frontal_image": "3835_IM-1938-3001.dcm.png",
  "lateral_image": "3835_IM-1938-4001.dcm.png",
  "fusion_mode": "weighted_avg(f=0.65,l=0.35)",
  "predicted_classes": [
    "normal"
  ],
  "resolved_classes": [
    "normal"
  ],
  "kg_classes": [
    "Normal"
  ],
  "num_predicted": 1,
  "conflict_resolution": "no_conflict",
  "is_uncertain": true,
  "uncertainty_reason": "normal_prob=0.703 (<0.73) with elevated disease scores: Lesion=0.365, Degenerative Change=0.363",
  "inference_time_s": 0.2565,
  "gt_labels": "normal",
  "probabilities": {
    "Airspace Disease": 0.224316,
    "Bronchiectasis": 0.013651,
    "Bronchiolitis": 0.005749,
    "Bullous Disease": 0.034871,
    "Calcified Granuloma": 0.301526,
    "Calcinosis": 0.248032,
    "Cardiac Shadow (abnormal)": 0.091928,
    "Cardiomegaly": 0.198627,
    "Consolidation": 0.080856,
    "Degenerative Change": 0.363411,
    "Edema": 0.143036,
    "Effusion": 0.031562,
    "Emphysema": 0.139045,
    "Fibrosis": 0.236075,
    "Fractures": 0.150569,
    "Hernia": 0.117172,
    "Hyperinflation": 0.270584,
    "Increased Lung Markings": 0.199079,
    "Interstitial Lung Disease": 0.062755,
    "Kyphosis": 0.061852,
    "Lesion": 0.364918,
    "Mass": 0.031292,
    "Nodule": 0.252692,
    "Osteophyte": 0.252238,
    "Pleural Effusion": 0.121491,
    "Pleural Thickening": 0.167446,
    "Pneumothorax": 0.062899,
    "Pulmonary Artery Enlargement": 0.039627,
    "Pulmonary Fibrosis": 0.037174,
    "Rib Fracture": 0.029214,
    "Scoliosis": 0.070003,
    "Subcutaneous Emphysema": 0.008759,
    "Thickening": 0.109079,
    "Volume Loss": 0.316249,
    "normal": 0.7031
  },
  "frontal_probs": {
    "Airspace Disease": 0.24628277122974396,
    "Bronchiectasis": 0.009404514916241169,
    "Bronchiolitis": 0.008385551162064075,
    "Bullous Disease": 0.05050063505768776,
    "Calcified Granuloma": 0.284249871969223,
    "Calcinosis": 0.24007350206375122,
    "Cardiac Shadow (abnormal)": 0.10435928404331207,
    "Cardiomegaly": 0.20886145532131195,
    "Consolidation": 0.050335146486759186,
    "Degenerative Change": 0.35349735617637634,
    "Edema": 0.15421037375926971,
    "Effusion": 0.023494504392147064,
    "Emphysema": 0.11487969011068344,
    "Fibrosis": 0.24387617409229279,
    "Fractures": 0.1562558114528656,
    "Hernia": 0.12443307787179947,
    "Hyperinflation": 0.251386433839798,
    "Increased Lung Markings": 0.22109250724315643,
    "Interstitial Lung Disease": 0.042057596147060394,
    "Kyphosis": 0.08307906985282898,
    "Lesion": 0.3804815709590912,
    "Mass": 0.019720405340194702,
    "Nodule": 0.27112486958503723,
    "Osteophyte": 0.3012474775314331,
    "Pleural Effusion": 0.13415120542049408,
    "Pleural Thickening": 0.1706782877445221,
    "Pneumothorax": 0.07852079719305038,
    "Pulmonary Artery Enlargement": 0.04129471257328987,
    "Pulmonary Fibrosis": 0.027648264542222023,
    "Rib Fracture": 0.03439957648515701,
    "Scoliosis": 0.036720454692840576,
    "Subcutaneous Emphysema": 0.008135848678648472,
    "Thickening": 0.10453537851572037,
    "Volume Loss": 0.3704335391521454,
    "normal": 0.6502407193183899
  },
  "lateral_probs": {
    "Airspace Disease": 0.1835215538740158,
    "Bronchiectasis": 0.021537233144044876,
    "Bronchiolitis": 0.0008517570677213371,
    "Bullous Disease": 0.00584485474973917,
    "Calcified Granuloma": 0.3336104452610016,
    "Calcinosis": 0.2628132104873657,
    "Cardiac Shadow (abnormal)": 0.06884022802114487,
    "Cardiomegaly": 0.1796194463968277,
    "Consolidation": 0.13753831386566162,
    "Degenerative Change": 0.3818231523036957,
    "Edema": 0.12228277325630188,
    "Effusion": 0.04654533788561821,
    "Emphysema": 0.1839243620634079,
    "Fibrosis": 0.2215866893529892,
    "Fractures": 0.14000791311264038,
    "Hernia": 0.1036866158246994,
    "Hyperinflation": 0.3062354028224945,
    "Increased Lung Markings": 0.15819713473320007,
    "Interstitial Lung Disease": 0.10119328647851944,
    "Kyphosis": 0.02242952398955822,
    "Lesion": 0.3360128104686737,
    "Mass": 0.05278080701828003,
    "Nodule": 0.21845893561840057,
    "Osteophyte": 0.16121937334537506,
    "Pleural Effusion": 0.097978875041008,
    "Pleural Thickening": 0.1614423245191574,
    "Pneumothorax": 0.03388654813170433,
    "Pulmonary Artery Enlargement": 0.03653038665652275,
    "Pulmonary Fibrosis": 0.05486489459872246,
    "Rib Fracture": 0.019582640379667282,
    "Scoliosis": 0.13181445002555847,
    "Subcutaneous Emphysema": 0.009915266185998917,
    "Thickening": 0.11751657724380493,
    "Volume Loss": 0.2156207263469696,
    "normal": 0.8012686371803284
  }
}