{
  "uid": "3579",
  "frontal_image": "3579_IM-1759-1001.dcm.png",
  "lateral_image": "3579_IM-1759-1003.dcm.png",
  "fusion_mode": "weighted_avg(f=0.65,l=0.35)",
  "predicted_classes": [
    "normal"
  ],
  "resolved_classes": [
    "normal"
  ],
  "kg_classes": [
    "Normal"
  ],
  "num_predicted": 1,
  "conflict_resolution": "no_conflict",
  "is_uncertain": true,
  "uncertainty_reason": "normal_prob=0.546 (<0.73) with elevated disease scores: Lesion=0.484, Degenerative Change=0.444, Hyperinflation=0.408",
  "inference_time_s": 0.2768,
  "gt_labels": "normal",
  "probabilities": {
    "Airspace Disease": 0.357012,
    "Bronchiectasis": 0.08696,
    "Bronchiolitis": 0.020281,
    "Bullous Disease": 0.036767,
    "Calcified Granuloma": 0.372337,
    "Calcinosis": 0.32372,
    "Cardiac Shadow (abnormal)": 0.133047,
    "Cardiomegaly": 0.272439,
    "Consolidation": 0.175484,
    "Degenerative Change": 0.444176,
    "Edema": 0.182219,
    "Effusion": 0.058482,
    "Emphysema": 0.247635,
    "Fibrosis": 0.348031,
    "Fractures": 0.206639,
    "Hernia": 0.251454,
    "Hyperinflation": 0.408105,
    "Increased Lung Markings": 0.268318,
    "Interstitial Lung Disease": 0.149932,
    "Kyphosis": 0.117172,
    "Lesion": 0.483688,
    "Mass": 0.085154,
    "Nodule": 0.228582,
    "Osteophyte": 0.241539,
    "Pleural Effusion": 0.356624,
    "Pleural Thickening": 0.330919,
    "Pneumothorax": 0.072064,
    "Pulmonary Artery Enlargement": 0.071908,
    "Pulmonary Fibrosis": 0.101171,
    "Rib Fracture": 0.053304,
    "Scoliosis": 0.208405,
    "Subcutaneous Emphysema": 0.047028,
    "Thickening": 0.207116,
    "Volume Loss": 0.336963,
    "normal": 0.54554
  },
  "frontal_probs": {
    "Airspace Disease": 0.3303111493587494,
    "Bronchiectasis": 0.03359580785036087,
    "Bronchiolitis": 0.018315525725483894,
    "Bullous Disease": 0.025401217862963676,
    "Calcified Granuloma": 0.3524104654788971,
    "Calcinosis": 0.31290748715400696,
    "Cardiac Shadow (abnormal)": 0.09892267733812332,
    "Cardiomegaly": 0.2071361094713211,
    "Consolidation": 0.15984448790550232,
    "Degenerative Change": 0.4619828164577484,
    "Edema": 0.11382273584604263,
    "Effusion": 0.0264442078769207,
    "Emphysema": 0.21940560638904572,
    "Fibrosis": 0.384723037481308,
    "Fractures": 0.2162456512451172,
    "Hernia": 0.24605795741081238,
    "Hyperinflation": 0.39430689811706543,
    "Increased Lung Markings": 0.23890694975852966,
    "Interstitial Lung Disease": 0.10049267113208771,
    "Kyphosis": 0.11740084737539291,
    "Lesion": 0.49078941345214844,
    "Mass": 0.056532975286245346,
    "Nodule": 0.16860847175121307,
    "Osteophyte": 0.2065575122833252,
    "Pleural Effusion": 0.3683454990386963,
    "Pleural Thickening": 0.355546236038208,
    "Pneumothorax": 0.04171566665172577,
    "Pulmonary Artery Enlargement": 0.05592824146151543,
    "Pulmonary Fibrosis": 0.05763457342982292,
    "Rib Fracture": 0.05212186649441719,
    "Scoliosis": 0.2128678560256958,
    "Subcutaneous Emphysema": 0.02524827979505062,
    "Thickening": 0.17750921845436096,
    "Volume Loss": 0.32497912645339966,
    "normal": 0.5430794358253479
  },
  "lateral_probs": {
    "Airspace Disease": 0.406599223613739,
    "Bronchiectasis": 0.18606354296207428,
    "Bronchiolitis": 0.02393127977848053,
    "Bullous Disease": 0.057876188308000565,
    "Calcified Granuloma": 0.4093444347381592,
    "Calcinosis": 0.34379997849464417,
    "Cardiac Shadow (abnormal)": 0.19642171263694763,
    "Cardiomegaly": 0.3937157690525055,
    "Consolidation": 0.20452776551246643,
    "Degenerative Change": 0.41110724210739136,
    "Edema": 0.3092396855354309,
    "Effusion": 0.11798162758350372,
    "Emphysema": 0.3000611662864685,
    "Fibrosis": 0.27988892793655396,
    "Fractures": 0.18879935145378113,
    "Hernia": 0.261474072933197,
    "Hyperinflation": 0.4337298572063446,
    "Increased Lung Markings": 0.3229377865791321,
    "Interstitial Lung Disease": 0.24174849689006805,
    "Kyphosis": 0.11674650013446808,
    "Lesion": 0.47049880027770996,
    "Mass": 0.13830755650997162,
    "Nodule": 0.3399611711502075,
    "Osteophyte": 0.30650442838668823,
    "Pleural Effusion": 0.3348541259765625,
    "Pleural Thickening": 0.2851824462413788,
    "Pneumothorax": 0.12842461466789246,
    "Pulmonary Artery Enlargement": 0.10158570855855942,
    "Pulmonary Fibrosis": 0.1820252686738968,
    "Rib Fracture": 0.05549796670675278,
    "Scoliosis": 0.20011600852012634,
    "Subcutaneous Emphysema": 0.0874747484922409,
    "Thickening": 0.26209867000579834,
    "Volume Loss": 0.35921865701675415,
    "normal": 0.5501109957695007
  }
}