{
  "uid": "3234",
  "frontal_image": "3234_IM-1531-1001.dcm.png",
  "lateral_image": "3234_IM-1531-2001.dcm.png",
  "fusion_mode": "weighted_avg(f=0.65,l=0.35)",
  "predicted_classes": [
    "normal"
  ],
  "resolved_classes": [
    "normal"
  ],
  "kg_classes": [
    "Normal"
  ],
  "num_predicted": 1,
  "conflict_resolution": "no_conflict",
  "is_uncertain": false,
  "uncertainty_reason": "",
  "inference_time_s": 0.2837,
  "gt_labels": "normal",
  "probabilities": {
    "Airspace Disease": 0.099608,
    "Bronchiectasis": 0.005241,
    "Bronchiolitis": 0.003888,
    "Bullous Disease": 0.018087,
    "Calcified Granuloma": 0.339988,
    "Calcinosis": 0.161864,
    "Cardiac Shadow (abnormal)": 0.04149,
    "Cardiomegaly": 0.075591,
    "Consolidation": 0.048102,
    "Degenerative Change": 0.314399,
    "Edema": 0.039828,
    "Effusion": 0.004973,
    "Emphysema": 0.145807,
    "Fibrosis": 0.1476,
    "Fractures": 0.129299,
    "Hernia": 0.131014,
    "Hyperinflation": 0.19767,
    "Increased Lung Markings": 0.098273,
    "Interstitial Lung Disease": 0.097279,
    "Kyphosis": 0.049836,
    "Lesion": 0.138273,
    "Mass": 0.029989,
    "Nodule": 0.162894,
    "Osteophyte": 0.193164,
    "Pleural Effusion": 0.030189,
    "Pleural Thickening": 0.045988,
    "Pneumothorax": 0.018785,
    "Pulmonary Artery Enlargement": 0.043287,
    "Pulmonary Fibrosis": 0.021413,
    "Rib Fracture": 0.012214,
    "Scoliosis": 0.076581,
    "Subcutaneous Emphysema": 0.005128,
    "Thickening": 0.059312,
    "Volume Loss": 0.109438,
    "normal": 0.875769
  },
  "frontal_probs": {
    "Airspace Disease": 0.1294475495815277,
    "Bronchiectasis": 0.0071355123072862625,
    "Bronchiolitis": 0.005947684869170189,
    "Bullous Disease": 0.027427729219198227,
    "Calcified Granuloma": 0.3998512923717499,
    "Calcinosis": 0.17354287207126617,
    "Cardiac Shadow (abnormal)": 0.05635873228311539,
    "Cardiomegaly": 0.09447307139635086,
    "Consolidation": 0.06155956909060478,
    "Degenerative Change": 0.3638594448566437,
    "Edema": 0.04652083292603493,
    "Effusion": 0.0048416126519441605,
    "Emphysema": 0.19572563469409943,
    "Fibrosis": 0.18971878290176392,
    "Fractures": 0.15219737589359283,
    "Hernia": 0.18115240335464478,
    "Hyperinflation": 0.22622832655906677,
    "Increased Lung Markings": 0.12653572857379913,
    "Interstitial Lung Disease": 0.1283879578113556,
    "Kyphosis": 0.07492100447416306,
    "Lesion": 0.1446535736322403,
    "Mass": 0.03991372883319855,
    "Nodule": 0.19699835777282715,
    "Osteophyte": 0.2492748200893402,
    "Pleural Effusion": 0.03984815254807472,
    "Pleural Thickening": 0.061329007148742676,
    "Pneumothorax": 0.025052445009350777,
    "Pulmonary Artery Enlargement": 0.0591914989054203,
    "Pulmonary Fibrosis": 0.0284603089094162,
    "Rib Fracture": 0.017322223633527756,
    "Scoliosis": 0.07955634593963623,
    "Subcutaneous Emphysema": 0.007254685740917921,
    "Thickening": 0.0701378807425499,
    "Volume Loss": 0.13165125250816345,
    "normal": 0.8268325328826904
  },
  "lateral_probs": {
    "Airspace Disease": 0.0441928468644619,
    "Bronchiectasis": 0.0017224909970536828,
    "Bronchiolitis": 6.31907387287356e-05,
    "Bullous Disease": 0.0007389026577584445,
    "Calcified Granuloma": 0.22881382703781128,
    "Calcinosis": 0.14017552137374878,
    "Cardiac Shadow (abnormal)": 0.013877789489924908,
    "Cardiomegaly": 0.04052538424730301,
    "Consolidation": 0.023108966648578644,
    "Degenerative Change": 0.22254513204097748,
    "Edema": 0.02739725448191166,
    "Effusion": 0.005215645767748356,
    "Emphysema": 0.0531015582382679,
    "Fibrosis": 0.0693804919719696,
    "Fractures": 0.08677211403846741,
    "Hernia": 0.03789979964494705,
    "Hyperinflation": 0.14463214576244354,
    "Increased Lung Markings": 0.04578500986099243,
    "Interstitial Lung Disease": 0.03950441628694534,
    "Kyphosis": 0.003249893896281719,
    "Lesion": 0.1264244168996811,
    "Mass": 0.011557289399206638,
    "Nodule": 0.0995573177933693,
    "Osteophyte": 0.0889568030834198,
    "Pleural Effusion": 0.012249678373336792,
    "Pleural Thickening": 0.01749802753329277,
    "Pneumothorax": 0.007145014125853777,
    "Pulmonary Artery Enlargement": 0.013750148937106133,
    "Pulmonary Fibrosis": 0.008326327428221703,
    "Rib Fracture": 0.0027264629025012255,
    "Scoliosis": 0.07105440646409988,
    "Subcutaneous Emphysema": 0.0011797099141404033,
    "Thickening": 0.03920651972293854,
    "Volume Loss": 0.06818602979183197,
    "normal": 0.9666504263877869
  }
}