{
  "uid": "3838",
  "frontal_image": "",
  "lateral_image": "3838_IM-1939-2001.dcm.png",
  "fusion_mode": "lateral_only",
  "predicted_classes": [
    "normal"
  ],
  "resolved_classes": [
    "normal"
  ],
  "kg_classes": [
    "Normal"
  ],
  "num_predicted": 1,
  "conflict_resolution": "no_conflict",
  "is_uncertain": true,
  "uncertainty_reason": "normal_prob=0.530 (<0.73) with elevated disease scores: Lesion=0.495, Degenerative Change=0.487, Hyperinflation=0.458",
  "inference_time_s": 0.1243,
  "gt_labels": "normal",
  "probabilities": {
    "Airspace Disease": 0.32560059428215027,
    "Bronchiectasis": 0.034046854823827744,
    "Bronchiolitis": 0.01674741320312023,
    "Bullous Disease": 0.037866055965423584,
    "Calcified Granuloma": 0.3742537200450897,
    "Calcinosis": 0.36038827896118164,
    "Cardiac Shadow (abnormal)": 0.34545910358428955,
    "Cardiomegaly": 0.44100600481033325,
    "Consolidation": 0.18670660257339478,
    "Degenerative Change": 0.48690342903137207,
    "Edema": 0.2806338667869568,
    "Effusion": 0.1251039206981659,
    "Emphysema": 0.24856849014759064,
    "Fibrosis": 0.33404842019081116,
    "Fractures": 0.24874278903007507,
    "Hernia": 0.24105896055698395,
    "Hyperinflation": 0.4581478238105774,
    "Increased Lung Markings": 0.3175952136516571,
    "Interstitial Lung Disease": 0.2120540291070938,
    "Kyphosis": 0.24256104230880737,
    "Lesion": 0.49529212713241577,
    "Mass": 0.08628478646278381,
    "Nodule": 0.23589353263378143,
    "Osteophyte": 0.21165792644023895,
    "Pleural Effusion": 0.2712596654891968,
    "Pleural Thickening": 0.20652642846107483,
    "Pneumothorax": 0.1492481678724289,
    "Pulmonary Artery Enlargement": 0.13344745337963104,
    "Pulmonary Fibrosis": 0.16626103222370148,
    "Rib Fracture": 0.04505866393446922,
    "Scoliosis": 0.13381138443946838,
    "Subcutaneous Emphysema": 0.09505118429660797,
    "Thickening": 0.16496901214122772,
    "Volume Loss": 0.37387192249298096,
    "normal": 0.5298423767089844
  },
  "frontal_probs": {
    "Airspace Disease": 0.0,
    "Bronchiectasis": 0.0,
    "Bronchiolitis": 0.0,
    "Bullous Disease": 0.0,
    "Calcified Granuloma": 0.0,
    "Calcinosis": 0.0,
    "Cardiac Shadow (abnormal)": 0.0,
    "Cardiomegaly": 0.0,
    "Consolidation": 0.0,
    "Degenerative Change": 0.0,
    "Edema": 0.0,
    "Effusion": 0.0,
    "Emphysema": 0.0,
    "Fibrosis": 0.0,
    "Fractures": 0.0,
    "Hernia": 0.0,
    "Hyperinflation": 0.0,
    "Increased Lung Markings": 0.0,
    "Interstitial Lung Disease": 0.0,
    "Kyphosis": 0.0,
    "Lesion": 0.0,
    "Mass": 0.0,
    "Nodule": 0.0,
    "Osteophyte": 0.0,
    "Pleural Effusion": 0.0,
    "Pleural Thickening": 0.0,
    "Pneumothorax": 0.0,
    "Pulmonary Artery Enlargement": 0.0,
    "Pulmonary Fibrosis": 0.0,
    "Rib Fracture": 0.0,
    "Scoliosis": 0.0,
    "Subcutaneous Emphysema": 0.0,
    "Thickening": 0.0,
    "Volume Loss": 0.0,
    "normal": 0.0
  },
  "lateral_probs": {
    "Airspace Disease": 0.32560059428215027,
    "Bronchiectasis": 0.034046854823827744,
    "Bronchiolitis": 0.01674741320312023,
    "Bullous Disease": 0.037866055965423584,
    "Calcified Granuloma": 0.3742537200450897,
    "Calcinosis": 0.36038827896118164,
    "Cardiac Shadow (abnormal)": 0.34545910358428955,
    "Cardiomegaly": 0.44100600481033325,
    "Consolidation": 0.18670660257339478,
    "Degenerative Change": 0.48690342903137207,
    "Edema": 0.2806338667869568,
    "Effusion": 0.1251039206981659,
    "Emphysema": 0.24856849014759064,
    "Fibrosis": 0.33404842019081116,
    "Fractures": 0.24874278903007507,
    "Hernia": 0.24105896055698395,
    "Hyperinflation": 0.4581478238105774,
    "Increased Lung Markings": 0.3175952136516571,
    "Interstitial Lung Disease": 0.2120540291070938,
    "Kyphosis": 0.24256104230880737,
    "Lesion": 0.49529212713241577,
    "Mass": 0.08628478646278381,
    "Nodule": 0.23589353263378143,
    "Osteophyte": 0.21165792644023895,
    "Pleural Effusion": 0.2712596654891968,
    "Pleural Thickening": 0.20652642846107483,
    "Pneumothorax": 0.1492481678724289,
    "Pulmonary Artery Enlargement": 0.13344745337963104,
    "Pulmonary Fibrosis": 0.16626103222370148,
    "Rib Fracture": 0.04505866393446922,
    "Scoliosis": 0.13381138443946838,
    "Subcutaneous Emphysema": 0.09505118429660797,
    "Thickening": 0.16496901214122772,
    "Volume Loss": 0.37387192249298096,
    "normal": 0.5298423767089844
  }
}