{
  "uid": "3542",
  "frontal_image": "3542_IM-1734-1001.dcm.png",
  "lateral_image": "3542_IM-1734-2001.dcm.png",
  "fusion_mode": "weighted_avg(f=0.65,l=0.35)",
  "predicted_classes": [
    "normal"
  ],
  "resolved_classes": [
    "normal"
  ],
  "kg_classes": [
    "Normal"
  ],
  "num_predicted": 1,
  "conflict_resolution": "no_conflict",
  "is_uncertain": false,
  "uncertainty_reason": "",
  "inference_time_s": 0.2593,
  "gt_labels": "normal",
  "probabilities": {
    "Airspace Disease": 0.094228,
    "Bronchiectasis": 0.005578,
    "Bronchiolitis": 0.000246,
    "Bullous Disease": 0.0027,
    "Calcified Granuloma": 0.123098,
    "Calcinosis": 0.09563,
    "Cardiac Shadow (abnormal)": 0.014212,
    "Cardiomegaly": 0.051326,
    "Consolidation": 0.052413,
    "Degenerative Change": 0.123269,
    "Edema": 0.023616,
    "Effusion": 0.012056,
    "Emphysema": 0.061635,
    "Fibrosis": 0.077791,
    "Fractures": 0.065269,
    "Hernia": 0.056895,
    "Hyperinflation": 0.115187,
    "Increased Lung Markings": 0.056647,
    "Interstitial Lung Disease": 0.021,
    "Kyphosis": 0.005226,
    "Lesion": 0.152402,
    "Mass": 0.045054,
    "Nodule": 0.075967,
    "Osteophyte": 0.059115,
    "Pleural Effusion": 0.041117,
    "Pleural Thickening": 0.056623,
    "Pneumothorax": 0.075623,
    "Pulmonary Artery Enlargement": 0.022054,
    "Pulmonary Fibrosis": 0.011472,
    "Rib Fracture": 0.005459,
    "Scoliosis": 0.065185,
    "Subcutaneous Emphysema": 0.002388,
    "Thickening": 0.033576,
    "Volume Loss": 0.094019,
    "normal": 0.934297
  },
  "frontal_probs": {
    "Airspace Disease": 0.04884719476103783,
    "Bronchiectasis": 8.468827581964433e-05,
    "Bronchiolitis": 2.904147913795896e-05,
    "Bullous Disease": 0.0013156941859051585,
    "Calcified Granuloma": 0.056747935712337494,
    "Calcinosis": 0.04338749498128891,
    "Cardiac Shadow (abnormal)": 0.0018520295852795243,
    "Cardiomegaly": 0.01670534536242485,
    "Consolidation": 0.011997195892035961,
    "Degenerative Change": 0.039885733276605606,
    "Edema": 0.011911654844880104,
    "Effusion": 0.002103258855640888,
    "Emphysema": 0.013152818195521832,
    "Fibrosis": 0.03353789076209068,
    "Fractures": 0.03478238731622696,
    "Hernia": 0.005886144936084747,
    "Hyperinflation": 0.04571732506155968,
    "Increased Lung Markings": 0.03158049285411835,
    "Interstitial Lung Disease": 0.0019171551102772355,
    "Kyphosis": 0.0018635366577655077,
    "Lesion": 0.06379420310258865,
    "Mass": 0.000675250485073775,
    "Nodule": 0.048840053379535675,
    "Osteophyte": 0.029278147965669632,
    "Pleural Effusion": 0.014773333445191383,
    "Pleural Thickening": 0.02610393427312374,
    "Pneumothorax": 0.07674187421798706,
    "Pulmonary Artery Enlargement": 0.0013059350894764066,
    "Pulmonary Fibrosis": 0.00037967690150253475,
    "Rib Fracture": 0.00029441798687912524,
    "Scoliosis": 0.03600143641233444,
    "Subcutaneous Emphysema": 0.00032240853761322796,
    "Thickening": 0.0072985547594726086,
    "Volume Loss": 0.06502766162157059,
    "normal": 0.966304361820221
  },
  "lateral_probs": {
    "Airspace Disease": 0.17850634455680847,
    "Bronchiectasis": 0.01578032411634922,
    "Bronchiolitis": 0.0006481746095232666,
    "Bullous Disease": 0.005271528381854296,
    "Calcified Granuloma": 0.24631881713867188,
    "Calcinosis": 0.1926521211862564,
    "Cardiac Shadow (abnormal)": 0.03716659173369408,
    "Cardiomegaly": 0.11562170088291168,
    "Consolidation": 0.1274702101945877,
    "Degenerative Change": 0.27812445163726807,
    "Edema": 0.045352254062891006,
    "Effusion": 0.03054061159491539,
    "Emphysema": 0.15167297422885895,
    "Fibrosis": 0.15997406840324402,
    "Fractures": 0.12188755720853806,
    "Hernia": 0.15162530541419983,
    "Hyperinflation": 0.24420198798179626,
    "Increased Lung Markings": 0.10319768637418747,
    "Interstitial Lung Disease": 0.05643823370337486,
    "Kyphosis": 0.011469440534710884,
    "Lesion": 0.31695815920829773,
    "Mass": 0.12747208774089813,
    "Nodule": 0.1263447254896164,
    "Osteophyte": 0.11452615261077881,
    "Pleural Effusion": 0.09004109352827072,
    "Pleural Thickening": 0.11330147087574005,
    "Pneumothorax": 0.07354618608951569,
    "Pulmonary Artery Enlargement": 0.06058717146515846,
    "Pulmonary Fibrosis": 0.03207287937402725,
    "Rib Fracture": 0.01504986546933651,
    "Scoliosis": 0.11938388645648956,
    "Subcutaneous Emphysema": 0.0062247454188764095,
    "Thickening": 0.08237789571285248,
    "Volume Loss": 0.14785882830619812,
    "normal": 0.8748541474342346
  }
}