{
  "uid": "3673",
  "frontal_image": "3673_IM-1828-1001.dcm.png",
  "lateral_image": "3673_IM-1828-1002.dcm.png",
  "fusion_mode": "weighted_avg(f=0.65,l=0.35)",
  "predicted_classes": [
    "normal",
    "Lesion"
  ],
  "resolved_classes": [
    "Lesion"
  ],
  "kg_classes": [
    "Lesion"
  ],
  "num_predicted": 1,
  "conflict_resolution": "disease_dominates",
  "is_uncertain": false,
  "uncertainty_reason": "",
  "inference_time_s": 0.2843,
  "gt_labels": "Calcinosis;Emphysema;Lesion",
  "probabilities": {
    "Airspace Disease": 0.356867,
    "Bronchiectasis": 0.211659,
    "Bronchiolitis": 0.056703,
    "Bullous Disease": 0.117895,
    "Calcified Granuloma": 0.417084,
    "Calcinosis": 0.385628,
    "Cardiac Shadow (abnormal)": 0.185583,
    "Cardiomegaly": 0.331543,
    "Consolidation": 0.318423,
    "Degenerative Change": 0.464002,
    "Edema": 0.277896,
    "Effusion": 0.089096,
    "Emphysema": 0.396537,
    "Fibrosis": 0.361612,
    "Fractures": 0.248186,
    "Hernia": 0.29583,
    "Hyperinflation": 0.42428,
    "Increased Lung Markings": 0.30036,
    "Interstitial Lung Disease": 0.332363,
    "Kyphosis": 0.195374,
    "Lesion": 0.535853,
    "Mass": 0.20646,
    "Nodule": 0.303285,
    "Osteophyte": 0.315235,
    "Pleural Effusion": 0.245083,
    "Pleural Thickening": 0.254265,
    "Pneumothorax": 0.135835,
    "Pulmonary Artery Enlargement": 0.132065,
    "Pulmonary Fibrosis": 0.231637,
    "Rib Fracture": 0.09621,
    "Scoliosis": 0.24766,
    "Subcutaneous Emphysema": 0.06948,
    "Thickening": 0.285071,
    "Volume Loss": 0.368553,
    "normal": 0.578713
  },
  "frontal_probs": {
    "Airspace Disease": 0.41847994923591614,
    "Bronchiectasis": 0.2719874680042267,
    "Bronchiolitis": 0.08187543600797653,
    "Bullous Disease": 0.1605200320482254,
    "Calcified Granuloma": 0.4465864300727844,
    "Calcinosis": 0.4411539137363434,
    "Cardiac Shadow (abnormal)": 0.21425186097621918,
    "Cardiomegaly": 0.3524722158908844,
    "Consolidation": 0.3634914755821228,
    "Degenerative Change": 0.4533689618110657,
    "Edema": 0.3220997154712677,
    "Effusion": 0.09961625933647156,
    "Emphysema": 0.44935500621795654,
    "Fibrosis": 0.3846779763698578,
    "Fractures": 0.2800712287425995,
    "Hernia": 0.306277871131897,
    "Hyperinflation": 0.4555584788322449,
    "Increased Lung Markings": 0.34488528966903687,
    "Interstitial Lung Disease": 0.3945785164833069,
    "Kyphosis": 0.2449408620595932,
    "Lesion": 0.5900832414627075,
    "Mass": 0.23134547472000122,
    "Nodule": 0.3645336627960205,
    "Osteophyte": 0.314532607793808,
    "Pleural Effusion": 0.27494126558303833,
    "Pleural Thickening": 0.29584527015686035,
    "Pneumothorax": 0.13193124532699585,
    "Pulmonary Artery Enlargement": 0.14358200132846832,
    "Pulmonary Fibrosis": 0.28326934576034546,
    "Rib Fracture": 0.11436673998832703,
    "Scoliosis": 0.255808562040329,
    "Subcutaneous Emphysema": 0.0867181345820427,
    "Thickening": 0.333042711019516,
    "Volume Loss": 0.39933857321739197,
    "normal": 0.5478547811508179
  },
  "lateral_probs": {
    "Airspace Disease": 0.24244236946105957,
    "Bronchiectasis": 0.09962106496095657,
    "Bronchiolitis": 0.009953616186976433,
    "Bullous Disease": 0.038733214139938354,
    "Calcified Granuloma": 0.3622925281524658,
    "Calcinosis": 0.28250807523727417,
    "Cardiac Shadow (abnormal)": 0.13234061002731323,
    "Cardiomegaly": 0.29267317056655884,
    "Consolidation": 0.23472316563129425,
    "Degenerative Change": 0.4837478697299957,
    "Edema": 0.19580420851707458,
    "Effusion": 0.06955917924642563,
    "Emphysema": 0.29844632744789124,
    "Fibrosis": 0.31877565383911133,
    "Fractures": 0.18897153437137604,
    "Hernia": 0.2764270305633545,
    "Hyperinflation": 0.3661910891532898,
    "Increased Lung Markings": 0.21766920387744904,
    "Interstitial Lung Disease": 0.21681907773017883,
    "Kyphosis": 0.10332170873880386,
    "Lesion": 0.43514055013656616,
    "Mass": 0.16024382412433624,
    "Nodule": 0.18953797221183777,
    "Osteophyte": 0.31653931736946106,
    "Pleural Effusion": 0.1896306872367859,
    "Pleural Thickening": 0.17704468965530396,
    "Pneumothorax": 0.14308412373065948,
    "Pulmonary Artery Enlargement": 0.11067631840705872,
    "Pulmonary Fibrosis": 0.1357472985982895,
    "Rib Fracture": 0.06248995661735535,
    "Scoliosis": 0.23252703249454498,
    "Subcutaneous Emphysema": 0.03746498003602028,
    "Thickening": 0.19597989320755005,
    "Volume Loss": 0.31138038635253906,
    "normal": 0.6360206007957458
  }
}