{
  "uid": "3519",
  "frontal_image": "3519_IM-1717-1001.dcm.png",
  "lateral_image": "3519_IM-1717-1002.dcm.png",
  "fusion_mode": "weighted_avg(f=0.65,l=0.35)",
  "predicted_classes": [
    "Cardiomegaly",
    "Pleural Effusion",
    "Lesion"
  ],
  "resolved_classes": [
    "Cardiomegaly",
    "Pleural Effusion",
    "Lesion"
  ],
  "kg_classes": [
    "Cardiomegaly",
    "Pleural Effusion",
    "Lesion"
  ],
  "num_predicted": 3,
  "conflict_resolution": "no_conflict",
  "is_uncertain": false,
  "uncertainty_reason": "",
  "inference_time_s": 0.2653,
  "gt_labels": "Cardiac Shadow (abnormal);Lesion;Pleural Effusion",
  "probabilities": {
    "Airspace Disease": 0.482045,
    "Bronchiectasis": 0.092479,
    "Bronchiolitis": 0.022947,
    "Bullous Disease": 0.092778,
    "Calcified Granuloma": 0.30264,
    "Calcinosis": 0.315072,
    "Cardiac Shadow (abnormal)": 0.380506,
    "Cardiomegaly": 0.565394,
    "Consolidation": 0.354568,
    "Degenerative Change": 0.452359,
    "Edema": 0.374662,
    "Effusion": 0.168529,
    "Emphysema": 0.245155,
    "Fibrosis": 0.324792,
    "Fractures": 0.251826,
    "Hernia": 0.281236,
    "Hyperinflation": 0.475192,
    "Increased Lung Markings": 0.312737,
    "Interstitial Lung Disease": 0.225063,
    "Kyphosis": 0.25234,
    "Lesion": 0.503283,
    "Mass": 0.097411,
    "Nodule": 0.245923,
    "Osteophyte": 0.206743,
    "Pleural Effusion": 0.537979,
    "Pleural Thickening": 0.264882,
    "Pneumothorax": 0.159448,
    "Pulmonary Artery Enlargement": 0.124653,
    "Pulmonary Fibrosis": 0.272804,
    "Rib Fracture": 0.049703,
    "Scoliosis": 0.273798,
    "Subcutaneous Emphysema": 0.0593,
    "Thickening": 0.312139,
    "Volume Loss": 0.469711,
    "normal": 0.475096
  },
  "frontal_probs": {
    "Airspace Disease": 0.5234037637710571,
    "Bronchiectasis": 0.07982056587934494,
    "Bronchiolitis": 0.026370523497462273,
    "Bullous Disease": 0.09314156323671341,
    "Calcified Granuloma": 0.29596400260925293,
    "Calcinosis": 0.31848374009132385,
    "Cardiac Shadow (abnormal)": 0.40134644508361816,
    "Cardiomegaly": 0.5925143957138062,
    "Consolidation": 0.3840777277946472,
    "Degenerative Change": 0.46355140209198,
    "Edema": 0.3556443154811859,
    "Effusion": 0.18446563184261322,
    "Emphysema": 0.24695666134357452,
    "Fibrosis": 0.3461316227912903,
    "Fractures": 0.2223818451166153,
    "Hernia": 0.3001284897327423,
    "Hyperinflation": 0.47712740302085876,
    "Increased Lung Markings": 0.2803804278373718,
    "Interstitial Lung Disease": 0.21232475340366364,
    "Kyphosis": 0.2823328375816345,
    "Lesion": 0.49321576952934265,
    "Mass": 0.07722942531108856,
    "Nodule": 0.25775548815727234,
    "Osteophyte": 0.21506746113300323,
    "Pleural Effusion": 0.5619627833366394,
    "Pleural Thickening": 0.24690629541873932,
    "Pneumothorax": 0.1534142941236496,
    "Pulmonary Artery Enlargement": 0.12735016644001007,
    "Pulmonary Fibrosis": 0.30694863200187683,
    "Rib Fracture": 0.04164734482765198,
    "Scoliosis": 0.2786981165409088,
    "Subcutaneous Emphysema": 0.05928461626172066,
    "Thickening": 0.3359096348285675,
    "Volume Loss": 0.46918031573295593,
    "normal": 0.44943296909332275
  },
  "lateral_probs": {
    "Airspace Disease": 0.40523678064346313,
    "Bronchiectasis": 0.11598671227693558,
    "Bronchiolitis": 0.016588890925049782,
    "Bullous Disease": 0.0921027734875679,
    "Calcified Granuloma": 0.31503862142562866,
    "Calcinosis": 0.30873483419418335,
    "Cardiac Shadow (abnormal)": 0.3418029248714447,
    "Cardiomegaly": 0.5150264501571655,
    "Consolidation": 0.29976534843444824,
    "Degenerative Change": 0.4315735101699829,
    "Edema": 0.4099791646003723,
    "Effusion": 0.1389334499835968,
    "Emphysema": 0.24181045591831207,
    "Fibrosis": 0.28516218066215515,
    "Fractures": 0.30650681257247925,
    "Hernia": 0.24614876508712769,
    "Hyperinflation": 0.47159695625305176,
    "Increased Lung Markings": 0.3728286325931549,
    "Interstitial Lung Disease": 0.24871893227100372,
    "Kyphosis": 0.19663916528224945,
    "Lesion": 0.5219785571098328,
    "Mass": 0.13489174842834473,
    "Nodule": 0.22394782304763794,
    "Osteophyte": 0.1912822276353836,
    "Pleural Effusion": 0.4934389293193817,
    "Pleural Thickening": 0.298264741897583,
    "Pneumothorax": 0.1706531047821045,
    "Pulmonary Artery Enlargement": 0.11964453011751175,
    "Pulmonary Fibrosis": 0.2093917578458786,
    "Rib Fracture": 0.06466248631477356,
    "Scoliosis": 0.2646964192390442,
    "Subcutaneous Emphysema": 0.05932982638478279,
    "Thickening": 0.2679923176765442,
    "Volume Loss": 0.47069522738456726,
    "normal": 0.5227559208869934
  }
}