{
  "uid": "3517",
  "frontal_image": "",
  "lateral_image": "3517_IM-1716-2001.dcm.png",
  "fusion_mode": "lateral_only",
  "predicted_classes": [
    "normal",
    "Hyperinflation"
  ],
  "resolved_classes": [
    "Hyperinflation"
  ],
  "kg_classes": [
    "Hyperinflation"
  ],
  "num_predicted": 1,
  "conflict_resolution": "disease_dominates",
  "is_uncertain": false,
  "uncertainty_reason": "",
  "inference_time_s": 0.1232,
  "gt_labels": "Degenerative Change",
  "probabilities": {
    "Airspace Disease": 0.3277437686920166,
    "Bronchiectasis": 0.05727708339691162,
    "Bronchiolitis": 0.022011909633874893,
    "Bullous Disease": 0.0691256895661354,
    "Calcified Granuloma": 0.4111931622028351,
    "Calcinosis": 0.32154929637908936,
    "Cardiac Shadow (abnormal)": 0.36394867300987244,
    "Cardiomegaly": 0.36805233359336853,
    "Consolidation": 0.2147286832332611,
    "Degenerative Change": 0.46674010157585144,
    "Edema": 0.2539656460285187,
    "Effusion": 0.1272086352109909,
    "Emphysema": 0.3344781696796417,
    "Fibrosis": 0.41279518604278564,
    "Fractures": 0.25480058789253235,
    "Hernia": 0.23747621476650238,
    "Hyperinflation": 0.515700101852417,
    "Increased Lung Markings": 0.29344642162323,
    "Interstitial Lung Disease": 0.20820216834545135,
    "Kyphosis": 0.28503698110580444,
    "Lesion": 0.46770593523979187,
    "Mass": 0.09874249994754791,
    "Nodule": 0.23127508163452148,
    "Osteophyte": 0.21360276639461517,
    "Pleural Effusion": 0.3384028673171997,
    "Pleural Thickening": 0.2262510508298874,
    "Pneumothorax": 0.1864340901374817,
    "Pulmonary Artery Enlargement": 0.13685250282287598,
    "Pulmonary Fibrosis": 0.16453143954277039,
    "Rib Fracture": 0.0452418252825737,
    "Scoliosis": 0.17351898550987244,
    "Subcutaneous Emphysema": 0.072458915412426,
    "Thickening": 0.19104968011379242,
    "Volume Loss": 0.34030669927597046,
    "normal": 0.5620272755622864
  },
  "frontal_probs": {
    "Airspace Disease": 0.0,
    "Bronchiectasis": 0.0,
    "Bronchiolitis": 0.0,
    "Bullous Disease": 0.0,
    "Calcified Granuloma": 0.0,
    "Calcinosis": 0.0,
    "Cardiac Shadow (abnormal)": 0.0,
    "Cardiomegaly": 0.0,
    "Consolidation": 0.0,
    "Degenerative Change": 0.0,
    "Edema": 0.0,
    "Effusion": 0.0,
    "Emphysema": 0.0,
    "Fibrosis": 0.0,
    "Fractures": 0.0,
    "Hernia": 0.0,
    "Hyperinflation": 0.0,
    "Increased Lung Markings": 0.0,
    "Interstitial Lung Disease": 0.0,
    "Kyphosis": 0.0,
    "Lesion": 0.0,
    "Mass": 0.0,
    "Nodule": 0.0,
    "Osteophyte": 0.0,
    "Pleural Effusion": 0.0,
    "Pleural Thickening": 0.0,
    "Pneumothorax": 0.0,
    "Pulmonary Artery Enlargement": 0.0,
    "Pulmonary Fibrosis": 0.0,
    "Rib Fracture": 0.0,
    "Scoliosis": 0.0,
    "Subcutaneous Emphysema": 0.0,
    "Thickening": 0.0,
    "Volume Loss": 0.0,
    "normal": 0.0
  },
  "lateral_probs": {
    "Airspace Disease": 0.3277437686920166,
    "Bronchiectasis": 0.05727708339691162,
    "Bronchiolitis": 0.022011909633874893,
    "Bullous Disease": 0.0691256895661354,
    "Calcified Granuloma": 0.4111931622028351,
    "Calcinosis": 0.32154929637908936,
    "Cardiac Shadow (abnormal)": 0.36394867300987244,
    "Cardiomegaly": 0.36805233359336853,
    "Consolidation": 0.2147286832332611,
    "Degenerative Change": 0.46674010157585144,
    "Edema": 0.2539656460285187,
    "Effusion": 0.1272086352109909,
    "Emphysema": 0.3344781696796417,
    "Fibrosis": 0.41279518604278564,
    "Fractures": 0.25480058789253235,
    "Hernia": 0.23747621476650238,
    "Hyperinflation": 0.515700101852417,
    "Increased Lung Markings": 0.29344642162323,
    "Interstitial Lung Disease": 0.20820216834545135,
    "Kyphosis": 0.28503698110580444,
    "Lesion": 0.46770593523979187,
    "Mass": 0.09874249994754791,
    "Nodule": 0.23127508163452148,
    "Osteophyte": 0.21360276639461517,
    "Pleural Effusion": 0.3384028673171997,
    "Pleural Thickening": 0.2262510508298874,
    "Pneumothorax": 0.1864340901374817,
    "Pulmonary Artery Enlargement": 0.13685250282287598,
    "Pulmonary Fibrosis": 0.16453143954277039,
    "Rib Fracture": 0.0452418252825737,
    "Scoliosis": 0.17351898550987244,
    "Subcutaneous Emphysema": 0.072458915412426,
    "Thickening": 0.19104968011379242,
    "Volume Loss": 0.34030669927597046,
    "normal": 0.5620272755622864
  }
}