{
  "uid": "3700",
  "frontal_image": "3700_IM-1848-1001.dcm.png",
  "lateral_image": "",
  "fusion_mode": "frontal_only",
  "predicted_classes": [
    "Cardiomegaly",
    "normal"
  ],
  "resolved_classes": [
    "Cardiomegaly"
  ],
  "kg_classes": [
    "Cardiomegaly"
  ],
  "num_predicted": 1,
  "conflict_resolution": "disease_dominates",
  "is_uncertain": false,
  "uncertainty_reason": "",
  "inference_time_s": 0.1169,
  "gt_labels": "Cardiomegaly;Edema",
  "probabilities": {
    "Airspace Disease": 0.34600383043289185,
    "Bronchiectasis": 0.2412181943655014,
    "Bronchiolitis": 0.07462002336978912,
    "Bullous Disease": 0.08339518308639526,
    "Calcified Granuloma": 0.36448413133621216,
    "Calcinosis": 0.3582727015018463,
    "Cardiac Shadow (abnormal)": 0.31467604637145996,
    "Cardiomegaly": 0.5274944305419922,
    "Consolidation": 0.33570656180381775,
    "Degenerative Change": 0.42116719484329224,
    "Edema": 0.47771769762039185,
    "Effusion": 0.18589578568935394,
    "Emphysema": 0.35995879769325256,
    "Fibrosis": 0.32379037141799927,
    "Fractures": 0.2005666345357895,
    "Hernia": 0.2388789802789688,
    "Hyperinflation": 0.4667474329471588,
    "Increased Lung Markings": 0.3361705243587494,
    "Interstitial Lung Disease": 0.33382850885391235,
    "Kyphosis": 0.1733822226524353,
    "Lesion": 0.4518588185310364,
    "Mass": 0.12904801964759827,
    "Nodule": 0.3434554934501648,
    "Osteophyte": 0.20798996090888977,
    "Pleural Effusion": 0.4096476137638092,
    "Pleural Thickening": 0.3673464059829712,
    "Pneumothorax": 0.07228454202413559,
    "Pulmonary Artery Enlargement": 0.17463621497154236,
    "Pulmonary Fibrosis": 0.3022824823856354,
    "Rib Fracture": 0.08601561933755875,
    "Scoliosis": 0.3452485203742981,
    "Subcutaneous Emphysema": 0.12159334123134613,
    "Thickening": 0.31734487414360046,
    "Volume Loss": 0.39015698432922363,
    "normal": 0.5170915722846985
  },
  "frontal_probs": {
    "Airspace Disease": 0.34600383043289185,
    "Bronchiectasis": 0.2412181943655014,
    "Bronchiolitis": 0.07462002336978912,
    "Bullous Disease": 0.08339518308639526,
    "Calcified Granuloma": 0.36448413133621216,
    "Calcinosis": 0.3582727015018463,
    "Cardiac Shadow (abnormal)": 0.31467604637145996,
    "Cardiomegaly": 0.5274944305419922,
    "Consolidation": 0.33570656180381775,
    "Degenerative Change": 0.42116719484329224,
    "Edema": 0.47771769762039185,
    "Effusion": 0.18589578568935394,
    "Emphysema": 0.35995879769325256,
    "Fibrosis": 0.32379037141799927,
    "Fractures": 0.2005666345357895,
    "Hernia": 0.2388789802789688,
    "Hyperinflation": 0.4667474329471588,
    "Increased Lung Markings": 0.3361705243587494,
    "Interstitial Lung Disease": 0.33382850885391235,
    "Kyphosis": 0.1733822226524353,
    "Lesion": 0.4518588185310364,
    "Mass": 0.12904801964759827,
    "Nodule": 0.3434554934501648,
    "Osteophyte": 0.20798996090888977,
    "Pleural Effusion": 0.4096476137638092,
    "Pleural Thickening": 0.3673464059829712,
    "Pneumothorax": 0.07228454202413559,
    "Pulmonary Artery Enlargement": 0.17463621497154236,
    "Pulmonary Fibrosis": 0.3022824823856354,
    "Rib Fracture": 0.08601561933755875,
    "Scoliosis": 0.3452485203742981,
    "Subcutaneous Emphysema": 0.12159334123134613,
    "Thickening": 0.31734487414360046,
    "Volume Loss": 0.39015698432922363,
    "normal": 0.5170915722846985
  },
  "lateral_probs": {
    "Airspace Disease": 0.0,
    "Bronchiectasis": 0.0,
    "Bronchiolitis": 0.0,
    "Bullous Disease": 0.0,
    "Calcified Granuloma": 0.0,
    "Calcinosis": 0.0,
    "Cardiac Shadow (abnormal)": 0.0,
    "Cardiomegaly": 0.0,
    "Consolidation": 0.0,
    "Degenerative Change": 0.0,
    "Edema": 0.0,
    "Effusion": 0.0,
    "Emphysema": 0.0,
    "Fibrosis": 0.0,
    "Fractures": 0.0,
    "Hernia": 0.0,
    "Hyperinflation": 0.0,
    "Increased Lung Markings": 0.0,
    "Interstitial Lung Disease": 0.0,
    "Kyphosis": 0.0,
    "Lesion": 0.0,
    "Mass": 0.0,
    "Nodule": 0.0,
    "Osteophyte": 0.0,
    "Pleural Effusion": 0.0,
    "Pleural Thickening": 0.0,
    "Pneumothorax": 0.0,
    "Pulmonary Artery Enlargement": 0.0,
    "Pulmonary Fibrosis": 0.0,
    "Rib Fracture": 0.0,
    "Scoliosis": 0.0,
    "Subcutaneous Emphysema": 0.0,
    "Thickening": 0.0,
    "Volume Loss": 0.0,
    "normal": 0.0
  }
}