{
  "uid": "3488",
  "frontal_image": "3488_IM-1696-4004.dcm.png",
  "lateral_image": "3488_IM-1696-1001.dcm.png",
  "fusion_mode": "weighted_avg(f=0.65,l=0.35)",
  "predicted_classes": [
    "normal"
  ],
  "resolved_classes": [
    "normal"
  ],
  "kg_classes": [
    "Normal"
  ],
  "num_predicted": 1,
  "conflict_resolution": "no_conflict",
  "is_uncertain": false,
  "uncertainty_reason": "",
  "inference_time_s": 0.2695,
  "gt_labels": "Degenerative Change",
  "probabilities": {
    "Airspace Disease": 0.145583,
    "Bronchiectasis": 0.019771,
    "Bronchiolitis": 0.004302,
    "Bullous Disease": 0.020512,
    "Calcified Granuloma": 0.154323,
    "Calcinosis": 0.135694,
    "Cardiac Shadow (abnormal)": 0.099928,
    "Cardiomegaly": 0.224544,
    "Consolidation": 0.053656,
    "Degenerative Change": 0.243796,
    "Edema": 0.112745,
    "Effusion": 0.042143,
    "Emphysema": 0.073938,
    "Fibrosis": 0.090826,
    "Fractures": 0.107776,
    "Hernia": 0.134007,
    "Hyperinflation": 0.259174,
    "Increased Lung Markings": 0.219359,
    "Interstitial Lung Disease": 0.095511,
    "Kyphosis": 0.107004,
    "Lesion": 0.254285,
    "Mass": 0.047852,
    "Nodule": 0.098262,
    "Osteophyte": 0.103667,
    "Pleural Effusion": 0.150644,
    "Pleural Thickening": 0.065153,
    "Pneumothorax": 0.070937,
    "Pulmonary Artery Enlargement": 0.0292,
    "Pulmonary Fibrosis": 0.04375,
    "Rib Fracture": 0.014721,
    "Scoliosis": 0.114609,
    "Subcutaneous Emphysema": 0.021899,
    "Thickening": 0.056814,
    "Volume Loss": 0.185589,
    "normal": 0.747777
  },
  "frontal_probs": {
    "Airspace Disease": 0.05203810706734657,
    "Bronchiectasis": 0.0001604937860975042,
    "Bronchiolitis": 5.7988432672573254e-05,
    "Bullous Disease": 0.0007659737602807581,
    "Calcified Granuloma": 0.0886814221739769,
    "Calcinosis": 0.03775123506784439,
    "Cardiac Shadow (abnormal)": 0.005323439370840788,
    "Cardiomegaly": 0.030522845685482025,
    "Consolidation": 0.02193968929350376,
    "Degenerative Change": 0.09139897674322128,
    "Edema": 0.014386791735887527,
    "Effusion": 0.0014784954255446792,
    "Emphysema": 0.010096604935824871,
    "Fibrosis": 0.027365518733859062,
    "Fractures": 0.03192884847521782,
    "Hernia": 0.017657361924648285,
    "Hyperinflation": 0.08461374789476395,
    "Increased Lung Markings": 0.08820264041423798,
    "Interstitial Lung Disease": 0.002469750354066491,
    "Kyphosis": 0.0030987451318651438,
    "Lesion": 0.08453363180160522,
    "Mass": 0.003745874622836709,
    "Nodule": 0.04943067952990532,
    "Osteophyte": 0.05666840821504593,
    "Pleural Effusion": 0.02483380399644375,
    "Pleural Thickening": 0.013294005766510963,
    "Pneumothorax": 0.02586461417376995,
    "Pulmonary Artery Enlargement": 0.003913343884050846,
    "Pulmonary Fibrosis": 0.0004474350716918707,
    "Rib Fracture": 0.0006277074571698904,
    "Scoliosis": 0.04714522138237953,
    "Subcutaneous Emphysema": 0.00040264660492539406,
    "Thickening": 0.012658231891691685,
    "Volume Loss": 0.05903533101081848,
    "normal": 0.9482402205467224
  },
  "lateral_probs": {
    "Airspace Disease": 0.31930863857269287,
    "Bronchiectasis": 0.05619075894355774,
    "Bronchiolitis": 0.012183751910924911,
    "Bullous Disease": 0.05718335509300232,
    "Calcified Granuloma": 0.27622973918914795,
    "Calcinosis": 0.31758782267570496,
    "Cardiac Shadow (abnormal)": 0.275621235370636,
    "Cardiomegaly": 0.5848681330680847,
    "Consolidation": 0.11255665868520737,
    "Degenerative Change": 0.5268204212188721,
    "Edema": 0.2954101264476776,
    "Effusion": 0.11766180396080017,
    "Emphysema": 0.19250136613845825,
    "Fibrosis": 0.20868085324764252,
    "Fractures": 0.24863559007644653,
    "Hernia": 0.3500852882862091,
    "Hyperinflation": 0.5833560228347778,
    "Increased Lung Markings": 0.4629356563091278,
    "Interstitial Lung Disease": 0.2683008313179016,
    "Kyphosis": 0.2999717891216278,
    "Lesion": 0.5695374011993408,
    "Mass": 0.12976214289665222,
    "Nodule": 0.18894994258880615,
    "Osteophyte": 0.19095146656036377,
    "Pleural Effusion": 0.3842912018299103,
    "Pleural Thickening": 0.1614614725112915,
    "Pneumothorax": 0.15464428067207336,
    "Pulmonary Artery Enlargement": 0.0761597529053688,
    "Pulmonary Fibrosis": 0.12416847795248032,
    "Rib Fracture": 0.040895361453294754,
    "Scoliosis": 0.23989836871623993,
    "Subcutaneous Emphysema": 0.06182200461626053,
    "Thickening": 0.13881655037403107,
    "Volume Loss": 0.42061764001846313,
    "normal": 0.37548747658729553
  }
}