{
  "uid": "3243",
  "frontal_image": "3243_IM-1535-0001-0001.dcm.png",
  "lateral_image": "",
  "fusion_mode": "frontal_only",
  "predicted_classes": [
    "normal"
  ],
  "resolved_classes": [
    "normal"
  ],
  "kg_classes": [
    "Normal"
  ],
  "num_predicted": 1,
  "conflict_resolution": "no_conflict",
  "is_uncertain": true,
  "uncertainty_reason": "normal_prob=0.632 (<0.73) with elevated disease scores: Lesion=0.408, Hyperinflation=0.386, Calcified Granuloma=0.339",
  "inference_time_s": 0.14,
  "gt_labels": "Lesion",
  "probabilities": {
    "Airspace Disease": 0.24173904955387115,
    "Bronchiectasis": 0.022325139492750168,
    "Bronchiolitis": 0.007336034905165434,
    "Bullous Disease": 0.02411331608891487,
    "Calcified Granuloma": 0.3389308750629425,
    "Calcinosis": 0.2635788917541504,
    "Cardiac Shadow (abnormal)": 0.09725498408079147,
    "Cardiomegaly": 0.13841651380062103,
    "Consolidation": 0.10509809851646423,
    "Degenerative Change": 0.2999528646469116,
    "Edema": 0.1606018841266632,
    "Effusion": 0.021648427471518517,
    "Emphysema": 0.20088917016983032,
    "Fibrosis": 0.24327054619789124,
    "Fractures": 0.22244229912757874,
    "Hernia": 0.16053056716918945,
    "Hyperinflation": 0.38634592294692993,
    "Increased Lung Markings": 0.2769957184791565,
    "Interstitial Lung Disease": 0.12169404327869415,
    "Kyphosis": 0.07207952439785004,
    "Lesion": 0.4083058536052704,
    "Mass": 0.029947223141789436,
    "Nodule": 0.22362054884433746,
    "Osteophyte": 0.21189823746681213,
    "Pleural Effusion": 0.18077406287193298,
    "Pleural Thickening": 0.16920042037963867,
    "Pneumothorax": 0.1170942634344101,
    "Pulmonary Artery Enlargement": 0.05678100138902664,
    "Pulmonary Fibrosis": 0.03282494843006134,
    "Rib Fracture": 0.031205976381897926,
    "Scoliosis": 0.2132953554391861,
    "Subcutaneous Emphysema": 0.016681527718901634,
    "Thickening": 0.12159094959497452,
    "Volume Loss": 0.3008703589439392,
    "normal": 0.6319552063941956
  },
  "frontal_probs": {
    "Airspace Disease": 0.24173904955387115,
    "Bronchiectasis": 0.022325139492750168,
    "Bronchiolitis": 0.007336034905165434,
    "Bullous Disease": 0.02411331608891487,
    "Calcified Granuloma": 0.3389308750629425,
    "Calcinosis": 0.2635788917541504,
    "Cardiac Shadow (abnormal)": 0.09725498408079147,
    "Cardiomegaly": 0.13841651380062103,
    "Consolidation": 0.10509809851646423,
    "Degenerative Change": 0.2999528646469116,
    "Edema": 0.1606018841266632,
    "Effusion": 0.021648427471518517,
    "Emphysema": 0.20088917016983032,
    "Fibrosis": 0.24327054619789124,
    "Fractures": 0.22244229912757874,
    "Hernia": 0.16053056716918945,
    "Hyperinflation": 0.38634592294692993,
    "Increased Lung Markings": 0.2769957184791565,
    "Interstitial Lung Disease": 0.12169404327869415,
    "Kyphosis": 0.07207952439785004,
    "Lesion": 0.4083058536052704,
    "Mass": 0.029947223141789436,
    "Nodule": 0.22362054884433746,
    "Osteophyte": 0.21189823746681213,
    "Pleural Effusion": 0.18077406287193298,
    "Pleural Thickening": 0.16920042037963867,
    "Pneumothorax": 0.1170942634344101,
    "Pulmonary Artery Enlargement": 0.05678100138902664,
    "Pulmonary Fibrosis": 0.03282494843006134,
    "Rib Fracture": 0.031205976381897926,
    "Scoliosis": 0.2132953554391861,
    "Subcutaneous Emphysema": 0.016681527718901634,
    "Thickening": 0.12159094959497452,
    "Volume Loss": 0.3008703589439392,
    "normal": 0.6319552063941956
  },
  "lateral_probs": {
    "Airspace Disease": 0.0,
    "Bronchiectasis": 0.0,
    "Bronchiolitis": 0.0,
    "Bullous Disease": 0.0,
    "Calcified Granuloma": 0.0,
    "Calcinosis": 0.0,
    "Cardiac Shadow (abnormal)": 0.0,
    "Cardiomegaly": 0.0,
    "Consolidation": 0.0,
    "Degenerative Change": 0.0,
    "Edema": 0.0,
    "Effusion": 0.0,
    "Emphysema": 0.0,
    "Fibrosis": 0.0,
    "Fractures": 0.0,
    "Hernia": 0.0,
    "Hyperinflation": 0.0,
    "Increased Lung Markings": 0.0,
    "Interstitial Lung Disease": 0.0,
    "Kyphosis": 0.0,
    "Lesion": 0.0,
    "Mass": 0.0,
    "Nodule": 0.0,
    "Osteophyte": 0.0,
    "Pleural Effusion": 0.0,
    "Pleural Thickening": 0.0,
    "Pneumothorax": 0.0,
    "Pulmonary Artery Enlargement": 0.0,
    "Pulmonary Fibrosis": 0.0,
    "Rib Fracture": 0.0,
    "Scoliosis": 0.0,
    "Subcutaneous Emphysema": 0.0,
    "Thickening": 0.0,
    "Volume Loss": 0.0,
    "normal": 0.0
  }
}