{
  "uid": "3426",
  "frontal_image": "3426_IM-1656-1001.dcm.png",
  "lateral_image": "3426_IM-1656-2001.dcm.png",
  "fusion_mode": "weighted_avg(f=0.65,l=0.35)",
  "predicted_classes": [
    "normal"
  ],
  "resolved_classes": [
    "normal"
  ],
  "kg_classes": [
    "Normal"
  ],
  "num_predicted": 1,
  "conflict_resolution": "no_conflict",
  "is_uncertain": false,
  "uncertainty_reason": "",
  "inference_time_s": 0.2536,
  "gt_labels": "Degenerative Change",
  "probabilities": {
    "Airspace Disease": 0.08758,
    "Bronchiectasis": 0.005992,
    "Bronchiolitis": 0.00051,
    "Bullous Disease": 0.003373,
    "Calcified Granuloma": 0.21947,
    "Calcinosis": 0.12134,
    "Cardiac Shadow (abnormal)": 0.031777,
    "Cardiomegaly": 0.109133,
    "Consolidation": 0.063407,
    "Degenerative Change": 0.255541,
    "Edema": 0.032544,
    "Effusion": 0.008339,
    "Emphysema": 0.051236,
    "Fibrosis": 0.119724,
    "Fractures": 0.077884,
    "Hernia": 0.134359,
    "Hyperinflation": 0.15331,
    "Increased Lung Markings": 0.103564,
    "Interstitial Lung Disease": 0.041906,
    "Kyphosis": 0.028828,
    "Lesion": 0.168981,
    "Mass": 0.025928,
    "Nodule": 0.092188,
    "Osteophyte": 0.142695,
    "Pleural Effusion": 0.040235,
    "Pleural Thickening": 0.051566,
    "Pneumothorax": 0.017705,
    "Pulmonary Artery Enlargement": 0.028172,
    "Pulmonary Fibrosis": 0.014729,
    "Rib Fracture": 0.006095,
    "Scoliosis": 0.105934,
    "Subcutaneous Emphysema": 0.003237,
    "Thickening": 0.045923,
    "Volume Loss": 0.105231,
    "normal": 0.900947
  },
  "frontal_probs": {
    "Airspace Disease": 0.020523114129900932,
    "Bronchiectasis": 0.000183103111339733,
    "Bronchiolitis": 0.0001822704798541963,
    "Bullous Disease": 0.00036072893999516964,
    "Calcified Granuloma": 0.15608523786067963,
    "Calcinosis": 0.0678972378373146,
    "Cardiac Shadow (abnormal)": 0.008922483772039413,
    "Cardiomegaly": 0.07675975561141968,
    "Consolidation": 0.012236524373292923,
    "Degenerative Change": 0.18307466804981232,
    "Edema": 0.0058488319627940655,
    "Effusion": 0.001112140598706901,
    "Emphysema": 0.009925850667059422,
    "Fibrosis": 0.043057091534137726,
    "Fractures": 0.04451039433479309,
    "Hernia": 0.11672872304916382,
    "Hyperinflation": 0.08014819025993347,
    "Increased Lung Markings": 0.06523854285478592,
    "Interstitial Lung Disease": 0.005796431098133326,
    "Kyphosis": 0.02023184671998024,
    "Lesion": 0.060851484537124634,
    "Mass": 0.0043152328580617905,
    "Nodule": 0.07247227430343628,
    "Osteophyte": 0.12007901072502136,
    "Pleural Effusion": 0.011190930381417274,
    "Pleural Thickening": 0.009787332266569138,
    "Pneumothorax": 0.005163692403584719,
    "Pulmonary Artery Enlargement": 0.00909342896193266,
    "Pulmonary Fibrosis": 0.0008120988495647907,
    "Rib Fracture": 0.0013223157729953527,
    "Scoliosis": 0.06464555859565735,
    "Subcutaneous Emphysema": 0.000307050853734836,
    "Thickening": 0.01639893278479576,
    "Volume Loss": 0.043576765805482864,
    "normal": 0.9572924375534058
  },
  "lateral_probs": {
    "Airspace Disease": 0.21211391687393188,
    "Bronchiectasis": 0.016779934987425804,
    "Bronchiolitis": 0.0011199824512004852,
    "Bullous Disease": 0.008967828936874866,
    "Calcified Granuloma": 0.337185800075531,
    "Calcinosis": 0.22059141099452972,
    "Cardiac Shadow (abnormal)": 0.0742219015955925,
    "Cardiomegaly": 0.1692536324262619,
    "Consolidation": 0.1584387570619583,
    "Degenerative Change": 0.39012259244918823,
    "Edema": 0.08212104439735413,
    "Effusion": 0.021760430186986923,
    "Emphysema": 0.12795506417751312,
    "Fibrosis": 0.2621065080165863,
    "Fractures": 0.13986261188983917,
    "Hernia": 0.16710099577903748,
    "Hyperinflation": 0.28918328881263733,
    "Increased Lung Markings": 0.17474062740802765,
    "Interstitial Lung Disease": 0.10896573960781097,
    "Kyphosis": 0.04479321464896202,
    "Lesion": 0.36979353427886963,
    "Mass": 0.06606683880090714,
    "Nodule": 0.12880267202854156,
    "Osteophyte": 0.18469753861427307,
    "Pleural Effusion": 0.09417436271905899,
    "Pleural Thickening": 0.12915492057800293,
    "Pneumothorax": 0.04099506512284279,
    "Pulmonary Artery Enlargement": 0.06360465288162231,
    "Pulmonary Fibrosis": 0.04057474806904793,
    "Rib Fracture": 0.014959131367504597,
    "Scoliosis": 0.18261197209358215,
    "Subcutaneous Emphysema": 0.008677950128912926,
    "Thickening": 0.10075337439775467,
    "Volume Loss": 0.21973152458667755,
    "normal": 0.7963047623634338
  }
}