{
  "uid": "3872",
  "frontal_image": "3872_IM-1964-1001.dcm.png",
  "lateral_image": "3872_IM-1964-2001.dcm.png",
  "fusion_mode": "weighted_avg(f=0.65,l=0.35)",
  "predicted_classes": [
    "normal"
  ],
  "resolved_classes": [
    "normal"
  ],
  "kg_classes": [
    "Normal"
  ],
  "num_predicted": 1,
  "conflict_resolution": "no_conflict",
  "is_uncertain": false,
  "uncertainty_reason": "",
  "inference_time_s": 0.2475,
  "gt_labels": "Degenerative Change",
  "probabilities": {
    "Airspace Disease": 0.062229,
    "Bronchiectasis": 0.010444,
    "Bronchiolitis": 0.00074,
    "Bullous Disease": 0.004543,
    "Calcified Granuloma": 0.169267,
    "Calcinosis": 0.114612,
    "Cardiac Shadow (abnormal)": 0.025063,
    "Cardiomegaly": 0.0635,
    "Consolidation": 0.039195,
    "Degenerative Change": 0.193434,
    "Edema": 0.037428,
    "Effusion": 0.015304,
    "Emphysema": 0.085601,
    "Fibrosis": 0.108969,
    "Fractures": 0.075773,
    "Hernia": 0.055126,
    "Hyperinflation": 0.141793,
    "Increased Lung Markings": 0.065418,
    "Interstitial Lung Disease": 0.073822,
    "Kyphosis": 0.02249,
    "Lesion": 0.118233,
    "Mass": 0.022225,
    "Nodule": 0.089,
    "Osteophyte": 0.110322,
    "Pleural Effusion": 0.033322,
    "Pleural Thickening": 0.047545,
    "Pneumothorax": 0.018388,
    "Pulmonary Artery Enlargement": 0.024982,
    "Pulmonary Fibrosis": 0.026673,
    "Rib Fracture": 0.006482,
    "Scoliosis": 0.070487,
    "Subcutaneous Emphysema": 0.006013,
    "Thickening": 0.043677,
    "Volume Loss": 0.090502,
    "normal": 0.906993
  },
  "frontal_probs": {
    "Airspace Disease": 0.004426184110343456,
    "Bronchiectasis": 7.63980278861709e-06,
    "Bronchiolitis": 3.6558772080752533e-06,
    "Bullous Disease": 2.932428651547525e-05,
    "Calcified Granuloma": 0.07105129212141037,
    "Calcinosis": 0.014737398363649845,
    "Cardiac Shadow (abnormal)": 0.0004366836801636964,
    "Cardiomegaly": 0.006563658360391855,
    "Consolidation": 0.0016008531674742699,
    "Degenerative Change": 0.046174343675374985,
    "Edema": 0.0006564162904396653,
    "Effusion": 6.500287418020889e-05,
    "Emphysema": 0.002041416009888053,
    "Fibrosis": 0.015073279850184917,
    "Fractures": 0.009923986159265041,
    "Hernia": 0.01107023935765028,
    "Hyperinflation": 0.01677641086280346,
    "Increased Lung Markings": 0.012824461795389652,
    "Interstitial Lung Disease": 0.0006145276129245758,
    "Kyphosis": 0.0018249412532895803,
    "Lesion": 0.008059181272983551,
    "Mass": 0.000283812201814726,
    "Nodule": 0.01860535703599453,
    "Osteophyte": 0.04934867471456528,
    "Pleural Effusion": 0.0011527955066412687,
    "Pleural Thickening": 0.0028802291490137577,
    "Pneumothorax": 0.0019216567743569613,
    "Pulmonary Artery Enlargement": 0.0019271639175713062,
    "Pulmonary Fibrosis": 4.029058982268907e-05,
    "Rib Fracture": 4.956821067025885e-05,
    "Scoliosis": 0.018169045448303223,
    "Subcutaneous Emphysema": 2.3075284843798727e-05,
    "Thickening": 0.0016396513674408197,
    "Volume Loss": 0.00965502206236124,
    "normal": 0.9935610294342041
  },
  "lateral_probs": {
    "Airspace Disease": 0.16957643628120422,
    "Bronchiectasis": 0.029824741184711456,
    "Bronchiolitis": 0.002106213476508856,
    "Bullous Disease": 0.01292459573596716,
    "Calcified Granuloma": 0.35166656970977783,
    "Calcinosis": 0.30009201169013977,
    "Cardiac Shadow (abnormal)": 0.07079775631427765,
    "Cardiomegaly": 0.1692391037940979,
    "Consolidation": 0.10901205241680145,
    "Degenerative Change": 0.46691614389419556,
    "Edema": 0.10571718961000443,
    "Effusion": 0.043605610728263855,
    "Emphysema": 0.24078255891799927,
    "Fibrosis": 0.28334710001945496,
    "Fractures": 0.19806315004825592,
    "Hernia": 0.13694509863853455,
    "Hyperinflation": 0.37396639585494995,
    "Increased Lung Markings": 0.1630917191505432,
    "Interstitial Lung Disease": 0.2097792625427246,
    "Kyphosis": 0.060868654400110245,
    "Lesion": 0.32284265756607056,
    "Mass": 0.0629737600684166,
    "Nodule": 0.2197330892086029,
    "Osteophyte": 0.22355683147907257,
    "Pleural Effusion": 0.0930648073554039,
    "Pleural Thickening": 0.13049477338790894,
    "Pneumothorax": 0.04896844923496246,
    "Pulmonary Artery Enlargement": 0.06779910624027252,
    "Pulmonary Fibrosis": 0.0761340856552124,
    "Rib Fracture": 0.018428383395075798,
    "Scoliosis": 0.16764764487743378,
    "Subcutaneous Emphysema": 0.017135784029960632,
    "Thickening": 0.1217477098107338,
    "Volume Loss": 0.24064689874649048,
    "normal": 0.7462232708930969
  }
}