{
  "uid": "3907",
  "frontal_image": "3907_IM-1985-1001.dcm.png",
  "lateral_image": "",
  "fusion_mode": "frontal_only",
  "predicted_classes": [
    "Cardiomegaly",
    "Lesion"
  ],
  "resolved_classes": [
    "Cardiomegaly",
    "Lesion"
  ],
  "kg_classes": [
    "Cardiomegaly",
    "Lesion"
  ],
  "num_predicted": 2,
  "conflict_resolution": "no_conflict",
  "is_uncertain": false,
  "uncertainty_reason": "",
  "inference_time_s": 0.1378,
  "gt_labels": "Cardiac Shadow (abnormal);Cardiomegaly;Degenerative Change;Hyperinflation;Increased Lung Markings;Lesion;Volume Loss",
  "probabilities": {
    "Airspace Disease": 0.27775660157203674,
    "Bronchiectasis": 0.016250209882855415,
    "Bronchiolitis": 0.017681844532489777,
    "Bullous Disease": 0.036492519080638885,
    "Calcified Granuloma": 0.26752686500549316,
    "Calcinosis": 0.29231444001197815,
    "Cardiac Shadow (abnormal)": 0.3286069929599762,
    "Cardiomegaly": 0.5449160933494568,
    "Consolidation": 0.12042351812124252,
    "Degenerative Change": 0.4985502064228058,
    "Edema": 0.29307734966278076,
    "Effusion": 0.03632571920752525,
    "Emphysema": 0.08135378360748291,
    "Fibrosis": 0.2548690140247345,
    "Fractures": 0.2332266867160797,
    "Hernia": 0.2766544222831726,
    "Hyperinflation": 0.4621294140815735,
    "Increased Lung Markings": 0.3919697701931,
    "Interstitial Lung Disease": 0.07616721838712692,
    "Kyphosis": 0.24492108821868896,
    "Lesion": 0.5023448467254639,
    "Mass": 0.06674865633249283,
    "Nodule": 0.1964004635810852,
    "Osteophyte": 0.21828947961330414,
    "Pleural Effusion": 0.2364724576473236,
    "Pleural Thickening": 0.1429297775030136,
    "Pneumothorax": 0.09313952922821045,
    "Pulmonary Artery Enlargement": 0.15385429561138153,
    "Pulmonary Fibrosis": 0.05597992613911629,
    "Rib Fracture": 0.030078759416937828,
    "Scoliosis": 0.19039984047412872,
    "Subcutaneous Emphysema": 0.01673148013651371,
    "Thickening": 0.16418859362602234,
    "Volume Loss": 0.41211819648742676,
    "normal": 0.4701065123081207
  },
  "frontal_probs": {
    "Airspace Disease": 0.27775660157203674,
    "Bronchiectasis": 0.016250209882855415,
    "Bronchiolitis": 0.017681844532489777,
    "Bullous Disease": 0.036492519080638885,
    "Calcified Granuloma": 0.26752686500549316,
    "Calcinosis": 0.29231444001197815,
    "Cardiac Shadow (abnormal)": 0.3286069929599762,
    "Cardiomegaly": 0.5449160933494568,
    "Consolidation": 0.12042351812124252,
    "Degenerative Change": 0.4985502064228058,
    "Edema": 0.29307734966278076,
    "Effusion": 0.03632571920752525,
    "Emphysema": 0.08135378360748291,
    "Fibrosis": 0.2548690140247345,
    "Fractures": 0.2332266867160797,
    "Hernia": 0.2766544222831726,
    "Hyperinflation": 0.4621294140815735,
    "Increased Lung Markings": 0.3919697701931,
    "Interstitial Lung Disease": 0.07616721838712692,
    "Kyphosis": 0.24492108821868896,
    "Lesion": 0.5023448467254639,
    "Mass": 0.06674865633249283,
    "Nodule": 0.1964004635810852,
    "Osteophyte": 0.21828947961330414,
    "Pleural Effusion": 0.2364724576473236,
    "Pleural Thickening": 0.1429297775030136,
    "Pneumothorax": 0.09313952922821045,
    "Pulmonary Artery Enlargement": 0.15385429561138153,
    "Pulmonary Fibrosis": 0.05597992613911629,
    "Rib Fracture": 0.030078759416937828,
    "Scoliosis": 0.19039984047412872,
    "Subcutaneous Emphysema": 0.01673148013651371,
    "Thickening": 0.16418859362602234,
    "Volume Loss": 0.41211819648742676,
    "normal": 0.4701065123081207
  },
  "lateral_probs": {
    "Airspace Disease": 0.0,
    "Bronchiectasis": 0.0,
    "Bronchiolitis": 0.0,
    "Bullous Disease": 0.0,
    "Calcified Granuloma": 0.0,
    "Calcinosis": 0.0,
    "Cardiac Shadow (abnormal)": 0.0,
    "Cardiomegaly": 0.0,
    "Consolidation": 0.0,
    "Degenerative Change": 0.0,
    "Edema": 0.0,
    "Effusion": 0.0,
    "Emphysema": 0.0,
    "Fibrosis": 0.0,
    "Fractures": 0.0,
    "Hernia": 0.0,
    "Hyperinflation": 0.0,
    "Increased Lung Markings": 0.0,
    "Interstitial Lung Disease": 0.0,
    "Kyphosis": 0.0,
    "Lesion": 0.0,
    "Mass": 0.0,
    "Nodule": 0.0,
    "Osteophyte": 0.0,
    "Pleural Effusion": 0.0,
    "Pleural Thickening": 0.0,
    "Pneumothorax": 0.0,
    "Pulmonary Artery Enlargement": 0.0,
    "Pulmonary Fibrosis": 0.0,
    "Rib Fracture": 0.0,
    "Scoliosis": 0.0,
    "Subcutaneous Emphysema": 0.0,
    "Thickening": 0.0,
    "Volume Loss": 0.0,
    "normal": 0.0
  }
}