{
  "uid": "3231",
  "frontal_image": "3231_IM-1528-1001.dcm.png",
  "lateral_image": "3231_IM-1528-2001.dcm.png",
  "fusion_mode": "weighted_avg(f=0.65,l=0.35)",
  "predicted_classes": [
    "normal"
  ],
  "resolved_classes": [
    "normal"
  ],
  "kg_classes": [
    "Normal"
  ],
  "num_predicted": 1,
  "conflict_resolution": "no_conflict",
  "is_uncertain": true,
  "uncertainty_reason": "normal_prob=0.617 (<0.73) with elevated disease scores: Lesion=0.439, Degenerative Change=0.426, Hyperinflation=0.416",
  "inference_time_s": 0.2594,
  "gt_labels": "Hyperinflation;Pulmonary Artery Enlargement;Thickening",
  "probabilities": {
    "Airspace Disease": 0.276698,
    "Bronchiectasis": 0.056041,
    "Bronchiolitis": 0.025324,
    "Bullous Disease": 0.065909,
    "Calcified Granuloma": 0.343504,
    "Calcinosis": 0.371124,
    "Cardiac Shadow (abnormal)": 0.195691,
    "Cardiomegaly": 0.390344,
    "Consolidation": 0.190884,
    "Degenerative Change": 0.426219,
    "Edema": 0.255589,
    "Effusion": 0.12177,
    "Emphysema": 0.238015,
    "Fibrosis": 0.295635,
    "Fractures": 0.285744,
    "Hernia": 0.244427,
    "Hyperinflation": 0.415603,
    "Increased Lung Markings": 0.325195,
    "Interstitial Lung Disease": 0.160516,
    "Kyphosis": 0.148254,
    "Lesion": 0.438814,
    "Mass": 0.125049,
    "Nodule": 0.278361,
    "Osteophyte": 0.250982,
    "Pleural Effusion": 0.209011,
    "Pleural Thickening": 0.209672,
    "Pneumothorax": 0.145742,
    "Pulmonary Artery Enlargement": 0.158444,
    "Pulmonary Fibrosis": 0.128793,
    "Rib Fracture": 0.056877,
    "Scoliosis": 0.254311,
    "Subcutaneous Emphysema": 0.063665,
    "Thickening": 0.183665,
    "Volume Loss": 0.316135,
    "normal": 0.616847
  },
  "frontal_probs": {
    "Airspace Disease": 0.27470284700393677,
    "Bronchiectasis": 0.05534518137574196,
    "Bronchiolitis": 0.03567366302013397,
    "Bullous Disease": 0.08446275442838669,
    "Calcified Granuloma": 0.3524954617023468,
    "Calcinosis": 0.41999807953834534,
    "Cardiac Shadow (abnormal)": 0.2214374840259552,
    "Cardiomegaly": 0.44718897342681885,
    "Consolidation": 0.15523232519626617,
    "Degenerative Change": 0.4606931209564209,
    "Edema": 0.2911888360977173,
    "Effusion": 0.12798652052879333,
    "Emphysema": 0.23970788717269897,
    "Fibrosis": 0.285177618265152,
    "Fractures": 0.33296331763267517,
    "Hernia": 0.24866878986358643,
    "Hyperinflation": 0.41819435358047485,
    "Increased Lung Markings": 0.36238938570022583,
    "Interstitial Lung Disease": 0.15496774017810822,
    "Kyphosis": 0.19195637106895447,
    "Lesion": 0.4693508446216583,
    "Mass": 0.13236397504806519,
    "Nodule": 0.30308493971824646,
    "Osteophyte": 0.27345624566078186,
    "Pleural Effusion": 0.21479691565036774,
    "Pleural Thickening": 0.21267588436603546,
    "Pneumothorax": 0.1636655032634735,
    "Pulmonary Artery Enlargement": 0.17385584115982056,
    "Pulmonary Fibrosis": 0.1305161714553833,
    "Rib Fracture": 0.06279723346233368,
    "Scoliosis": 0.28102388978004456,
    "Subcutaneous Emphysema": 0.08080139011144638,
    "Thickening": 0.18421663343906403,
    "Volume Loss": 0.32846733927726746,
    "normal": 0.5579082369804382
  },
  "lateral_probs": {
    "Airspace Disease": 0.28040409088134766,
    "Bronchiectasis": 0.057334449142217636,
    "Bronchiolitis": 0.006104351487010717,
    "Bullous Disease": 0.03145280480384827,
    "Calcified Granuloma": 0.3268054127693176,
    "Calcinosis": 0.2803575396537781,
    "Cardiac Shadow (abnormal)": 0.14787596464157104,
    "Cardiomegaly": 0.28477558493614197,
    "Consolidation": 0.2570953965187073,
    "Degenerative Change": 0.36219483613967896,
    "Edema": 0.18947480618953705,
    "Effusion": 0.11022642254829407,
    "Emphysema": 0.23486964404582977,
    "Fibrosis": 0.3150559067726135,
    "Fractures": 0.19805212318897247,
    "Hernia": 0.23654872179031372,
    "Hyperinflation": 0.4107908010482788,
    "Increased Lung Markings": 0.2561204731464386,
    "Interstitial Lung Disease": 0.17082060873508453,
    "Kyphosis": 0.06709195673465729,
    "Lesion": 0.38210320472717285,
    "Mass": 0.11146355420351028,
    "Nodule": 0.23244450986385345,
    "Osteophyte": 0.20924481749534607,
    "Pleural Effusion": 0.19826552271842957,
    "Pleural Thickening": 0.20409224927425385,
    "Pneumothorax": 0.11245552450418472,
    "Pulmonary Artery Enlargement": 0.12982089817523956,
    "Pulmonary Fibrosis": 0.12559401988983154,
    "Rib Fracture": 0.04588116332888603,
    "Scoliosis": 0.20470060408115387,
    "Subcutaneous Emphysema": 0.03184143826365471,
    "Thickening": 0.18264064192771912,
    "Volume Loss": 0.29323336482048035,
    "normal": 0.7263032793998718
  }
}