{
  "uid": "3370",
  "frontal_image": "3370_IM-1622-2001.dcm.png",
  "lateral_image": "3370_IM-1622-1001.dcm.png",
  "fusion_mode": "weighted_avg(f=0.65,l=0.35)",
  "predicted_classes": [
    "Lesion"
  ],
  "resolved_classes": [
    "Lesion"
  ],
  "kg_classes": [
    "Lesion"
  ],
  "num_predicted": 1,
  "conflict_resolution": "no_conflict",
  "is_uncertain": false,
  "uncertainty_reason": "",
  "inference_time_s": 0.2648,
  "gt_labels": "normal",
  "probabilities": {
    "Airspace Disease": 0.354782,
    "Bronchiectasis": 0.059062,
    "Bronchiolitis": 0.02041,
    "Bullous Disease": 0.057712,
    "Calcified Granuloma": 0.341284,
    "Calcinosis": 0.332832,
    "Cardiac Shadow (abnormal)": 0.281899,
    "Cardiomegaly": 0.450018,
    "Consolidation": 0.20553,
    "Degenerative Change": 0.461881,
    "Edema": 0.334428,
    "Effusion": 0.130604,
    "Emphysema": 0.23728,
    "Fibrosis": 0.299586,
    "Fractures": 0.294834,
    "Hernia": 0.269952,
    "Hyperinflation": 0.434003,
    "Increased Lung Markings": 0.332864,
    "Interstitial Lung Disease": 0.203603,
    "Kyphosis": 0.198851,
    "Lesion": 0.530459,
    "Mass": 0.136627,
    "Nodule": 0.213137,
    "Osteophyte": 0.224306,
    "Pleural Effusion": 0.365226,
    "Pleural Thickening": 0.265222,
    "Pneumothorax": 0.231907,
    "Pulmonary Artery Enlargement": 0.123916,
    "Pulmonary Fibrosis": 0.150406,
    "Rib Fracture": 0.059438,
    "Scoliosis": 0.209306,
    "Subcutaneous Emphysema": 0.088018,
    "Thickening": 0.23877,
    "Volume Loss": 0.405924,
    "normal": 0.484554
  },
  "frontal_probs": {
    "Airspace Disease": 0.432055801153183,
    "Bronchiectasis": 0.07830850780010223,
    "Bronchiolitis": 0.027820127084851265,
    "Bullous Disease": 0.0678791031241417,
    "Calcified Granuloma": 0.3407621383666992,
    "Calcinosis": 0.3380012512207031,
    "Cardiac Shadow (abnormal)": 0.31784993410110474,
    "Cardiomegaly": 0.5086693167686462,
    "Consolidation": 0.26242154836654663,
    "Degenerative Change": 0.4690317213535309,
    "Edema": 0.4178524613380432,
    "Effusion": 0.16287390887737274,
    "Emphysema": 0.22556747496128082,
    "Fibrosis": 0.3018653094768524,
    "Fractures": 0.31526994705200195,
    "Hernia": 0.3282598853111267,
    "Hyperinflation": 0.45317062735557556,
    "Increased Lung Markings": 0.36672478914260864,
    "Interstitial Lung Disease": 0.221171036362648,
    "Kyphosis": 0.24989716708660126,
    "Lesion": 0.5712226033210754,
    "Mass": 0.16197344660758972,
    "Nodule": 0.21752716600894928,
    "Osteophyte": 0.22794072329998016,
    "Pleural Effusion": 0.4750599265098572,
    "Pleural Thickening": 0.3204520642757416,
    "Pneumothorax": 0.2766803503036499,
    "Pulmonary Artery Enlargement": 0.1430629938840866,
    "Pulmonary Fibrosis": 0.18738332390785217,
    "Rib Fracture": 0.07747647911310196,
    "Scoliosis": 0.2562420666217804,
    "Subcutaneous Emphysema": 0.1054486483335495,
    "Thickening": 0.28074926137924194,
    "Volume Loss": 0.4568552076816559,
    "normal": 0.4233356714248657
  },
  "lateral_probs": {
    "Airspace Disease": 0.2112739086151123,
    "Bronchiectasis": 0.023318294435739517,
    "Bronchiolitis": 0.006647312548011541,
    "Bullous Disease": 0.03883163630962372,
    "Calcified Granuloma": 0.34225258231163025,
    "Calcinosis": 0.32323285937309265,
    "Cardiac Shadow (abnormal)": 0.21513248980045319,
    "Cardiomegaly": 0.3410934507846832,
    "Consolidation": 0.09987419843673706,
    "Degenerative Change": 0.4486008584499359,
    "Edema": 0.17949800193309784,
    "Effusion": 0.07067535817623138,
    "Emphysema": 0.25903159379959106,
    "Fibrosis": 0.295352965593338,
    "Fractures": 0.25688278675079346,
    "Hernia": 0.1616651564836502,
    "Hyperinflation": 0.3984062373638153,
    "Increased Lung Markings": 0.2699810862541199,
    "Interstitial Lung Disease": 0.170975923538208,
    "Kyphosis": 0.10405042767524719,
    "Lesion": 0.4547557234764099,
    "Mass": 0.08955439180135727,
    "Nodule": 0.2049848884344101,
    "Osteophyte": 0.21755611896514893,
    "Pleural Effusion": 0.1612492799758911,
    "Pleural Thickening": 0.16265060007572174,
    "Pneumothorax": 0.14875569939613342,
    "Pulmonary Artery Enlargement": 0.08835829049348831,
    "Pulmonary Fibrosis": 0.08173441141843796,
    "Rib Fracture": 0.025937044993042946,
    "Scoliosis": 0.12213964015245438,
    "Subcutaneous Emphysema": 0.05564653128385544,
    "Thickening": 0.16080956161022186,
    "Volume Loss": 0.31133610010147095,
    "normal": 0.5982451438903809
  }
}