{
  "uid": "3779",
  "frontal_image": "3779_IM-1894-1001.dcm.png",
  "lateral_image": "3779_IM-1894-2001.dcm.png",
  "fusion_mode": "weighted_avg(f=0.65,l=0.35)",
  "predicted_classes": [
    "normal"
  ],
  "resolved_classes": [
    "normal"
  ],
  "kg_classes": [
    "Normal"
  ],
  "num_predicted": 1,
  "conflict_resolution": "no_conflict",
  "is_uncertain": false,
  "uncertainty_reason": "",
  "inference_time_s": 0.2639,
  "gt_labels": "normal",
  "probabilities": {
    "Airspace Disease": 0.064758,
    "Bronchiectasis": 0.003261,
    "Bronchiolitis": 0.000305,
    "Bullous Disease": 0.007432,
    "Calcified Granuloma": 0.235347,
    "Calcinosis": 0.174315,
    "Cardiac Shadow (abnormal)": 0.016207,
    "Cardiomegaly": 0.035318,
    "Consolidation": 0.023329,
    "Degenerative Change": 0.224831,
    "Edema": 0.027614,
    "Effusion": 0.005614,
    "Emphysema": 0.207006,
    "Fibrosis": 0.1375,
    "Fractures": 0.109366,
    "Hernia": 0.03354,
    "Hyperinflation": 0.196595,
    "Increased Lung Markings": 0.063117,
    "Interstitial Lung Disease": 0.120991,
    "Kyphosis": 0.018899,
    "Lesion": 0.137197,
    "Mass": 0.00789,
    "Nodule": 0.091613,
    "Osteophyte": 0.084346,
    "Pleural Effusion": 0.030995,
    "Pleural Thickening": 0.103582,
    "Pneumothorax": 0.144771,
    "Pulmonary Artery Enlargement": 0.011095,
    "Pulmonary Fibrosis": 0.009729,
    "Rib Fracture": 0.002943,
    "Scoliosis": 0.096136,
    "Subcutaneous Emphysema": 0.004164,
    "Thickening": 0.048864,
    "Volume Loss": 0.116718,
    "normal": 0.906655
  },
  "frontal_probs": {
    "Airspace Disease": 0.0657082125544548,
    "Bronchiectasis": 0.0010740089928731322,
    "Bronchiolitis": 0.00020872181630693376,
    "Bullous Disease": 0.007335639093071222,
    "Calcified Granuloma": 0.18545615673065186,
    "Calcinosis": 0.11585590243339539,
    "Cardiac Shadow (abnormal)": 0.004500304348766804,
    "Cardiomegaly": 0.00999191589653492,
    "Consolidation": 0.021049322560429573,
    "Degenerative Change": 0.10903853923082352,
    "Edema": 0.008801260963082314,
    "Effusion": 0.004774809814989567,
    "Emphysema": 0.16764049232006073,
    "Fibrosis": 0.1242794319987297,
    "Fractures": 0.10397983342409134,
    "Hernia": 0.022193612530827522,
    "Hyperinflation": 0.13656891882419586,
    "Increased Lung Markings": 0.042770616710186005,
    "Interstitial Lung Disease": 0.058622874319553375,
    "Kyphosis": 0.01653515361249447,
    "Lesion": 0.10102830082178116,
    "Mass": 0.0031904641073197126,
    "Nodule": 0.044530171900987625,
    "Osteophyte": 0.048037055879831314,
    "Pleural Effusion": 0.02124743163585663,
    "Pleural Thickening": 0.12377219647169113,
    "Pneumothorax": 0.2018878012895584,
    "Pulmonary Artery Enlargement": 0.00454690819606185,
    "Pulmonary Fibrosis": 0.0031086141243577003,
    "Rib Fracture": 0.0014480780810117722,
    "Scoliosis": 0.08241898566484451,
    "Subcutaneous Emphysema": 0.0033329715952277184,
    "Thickening": 0.033141884952783585,
    "Volume Loss": 0.09814168512821198,
    "normal": 0.9473052620887756
  },
  "lateral_probs": {
    "Airspace Disease": 0.0629940927028656,
    "Bronchiectasis": 0.007321548648178577,
    "Bronchiolitis": 0.00048305231030099094,
    "Bullous Disease": 0.007610942702740431,
    "Calcified Granuloma": 0.32800233364105225,
    "Calcinosis": 0.2828808128833771,
    "Cardiac Shadow (abnormal)": 0.037949338555336,
    "Cardiomegaly": 0.0823516696691513,
    "Consolidation": 0.027562370523810387,
    "Degenerative Change": 0.4398750066757202,
    "Edema": 0.06255187094211578,
    "Effusion": 0.007171264383941889,
    "Emphysema": 0.28011205792427063,
    "Fibrosis": 0.1620534062385559,
    "Fractures": 0.11936981976032257,
    "Hernia": 0.05461239442229271,
    "Hyperinflation": 0.3080706000328064,
    "Increased Lung Markings": 0.10090284049510956,
    "Interstitial Lung Disease": 0.23681695759296417,
    "Kyphosis": 0.023289591073989868,
    "Lesion": 0.20436766743659973,
    "Mass": 0.01661853864789009,
    "Nodule": 0.17905214428901672,
    "Osteophyte": 0.1517782360315323,
    "Pleural Effusion": 0.04909718409180641,
    "Pleural Thickening": 0.06608636677265167,
    "Pneumothorax": 0.038696978241205215,
    "Pulmonary Artery Enlargement": 0.02325601875782013,
    "Pulmonary Fibrosis": 0.022022711113095284,
    "Rib Fracture": 0.005717863328754902,
    "Scoliosis": 0.12161119282245636,
    "Subcutaneous Emphysema": 0.005707839038223028,
    "Thickening": 0.07806244492530823,
    "Volume Loss": 0.15121647715568542,
    "normal": 0.8311623334884644
  }
}