{
  "uid": "3565",
  "frontal_image": "3565_IM-1750-1001.dcm.png",
  "lateral_image": "3565_IM-1750-2001.dcm.png",
  "fusion_mode": "weighted_avg(f=0.65,l=0.35)",
  "predicted_classes": [
    "normal"
  ],
  "resolved_classes": [
    "normal"
  ],
  "kg_classes": [
    "Normal"
  ],
  "num_predicted": 1,
  "conflict_resolution": "no_conflict",
  "is_uncertain": true,
  "uncertainty_reason": "normal_prob=0.650 (<0.73) with elevated disease scores: Lesion=0.481, Hyperinflation=0.401, Consolidation=0.396",
  "inference_time_s": 0.2323,
  "gt_labels": "Airspace Disease;Consolidation;Lesion",
  "probabilities": {
    "Airspace Disease": 0.373538,
    "Bronchiectasis": 0.030423,
    "Bronchiolitis": 0.002992,
    "Bullous Disease": 0.019896,
    "Calcified Granuloma": 0.231179,
    "Calcinosis": 0.186674,
    "Cardiac Shadow (abnormal)": 0.130575,
    "Cardiomegaly": 0.303787,
    "Consolidation": 0.395738,
    "Degenerative Change": 0.363742,
    "Edema": 0.119036,
    "Effusion": 0.063661,
    "Emphysema": 0.098492,
    "Fibrosis": 0.250112,
    "Fractures": 0.127812,
    "Hernia": 0.136362,
    "Hyperinflation": 0.4006,
    "Increased Lung Markings": 0.184783,
    "Interstitial Lung Disease": 0.092272,
    "Kyphosis": 0.045303,
    "Lesion": 0.481143,
    "Mass": 0.27328,
    "Nodule": 0.160956,
    "Osteophyte": 0.109315,
    "Pleural Effusion": 0.337634,
    "Pleural Thickening": 0.181867,
    "Pneumothorax": 0.086199,
    "Pulmonary Artery Enlargement": 0.064258,
    "Pulmonary Fibrosis": 0.110773,
    "Rib Fracture": 0.031814,
    "Scoliosis": 0.160714,
    "Subcutaneous Emphysema": 0.022785,
    "Thickening": 0.142215,
    "Volume Loss": 0.342936,
    "normal": 0.649676
  },
  "frontal_probs": {
    "Airspace Disease": 0.49160245060920715,
    "Bronchiectasis": 0.04024004191160202,
    "Bronchiolitis": 0.004142966587096453,
    "Bullous Disease": 0.027682725340127945,
    "Calcified Granuloma": 0.2468329519033432,
    "Calcinosis": 0.19415923953056335,
    "Cardiac Shadow (abnormal)": 0.15714257955551147,
    "Cardiomegaly": 0.37021198868751526,
    "Consolidation": 0.5592629909515381,
    "Degenerative Change": 0.3947352468967438,
    "Edema": 0.1289571076631546,
    "Effusion": 0.08979969471693039,
    "Emphysema": 0.12284377217292786,
    "Fibrosis": 0.2865348160266876,
    "Fractures": 0.12654279172420502,
    "Hernia": 0.1640961915254593,
    "Hyperinflation": 0.4475124180316925,
    "Increased Lung Markings": 0.1746523529291153,
    "Interstitial Lung Disease": 0.12019505351781845,
    "Kyphosis": 0.051667165011167526,
    "Lesion": 0.5647279620170593,
    "Mass": 0.39356040954589844,
    "Nodule": 0.1587572693824768,
    "Osteophyte": 0.1067713126540184,
    "Pleural Effusion": 0.4710450768470764,
    "Pleural Thickening": 0.2426256388425827,
    "Pneumothorax": 0.09999063611030579,
    "Pulmonary Artery Enlargement": 0.08107125014066696,
    "Pulmonary Fibrosis": 0.15998560190200806,
    "Rib Fracture": 0.045476868748664856,
    "Scoliosis": 0.16093362867832184,
    "Subcutaneous Emphysema": 0.027803394943475723,
    "Thickening": 0.17277555167675018,
    "Volume Loss": 0.4169274866580963,
    "normal": 0.5380256175994873
  },
  "lateral_probs": {
    "Airspace Disease": 0.15427502989768982,
    "Bronchiectasis": 0.012192105874419212,
    "Bronchiolitis": 0.0008544204756617546,
    "Bullous Disease": 0.005433546379208565,
    "Calcified Granuloma": 0.2021060734987259,
    "Calcinosis": 0.17277221381664276,
    "Cardiac Shadow (abnormal)": 0.08123589307069778,
    "Cardiomegaly": 0.18042755126953125,
    "Consolidation": 0.09204744547605515,
    "Degenerative Change": 0.30618172883987427,
    "Edema": 0.10061132907867432,
    "Effusion": 0.015116559341549873,
    "Emphysema": 0.05326766520738602,
    "Fibrosis": 0.1824689358472824,
    "Fractures": 0.13016848266124725,
    "Hernia": 0.0848560631275177,
    "Hyperinflation": 0.3134755790233612,
    "Increased Lung Markings": 0.20359793305397034,
    "Interstitial Lung Disease": 0.04041504114866257,
    "Kyphosis": 0.033483684062957764,
    "Lesion": 0.32591381669044495,
    "Mass": 0.049903374165296555,
    "Nodule": 0.16503888368606567,
    "Osteophyte": 0.11404009908437729,
    "Pleural Effusion": 0.08986964821815491,
    "Pleural Thickening": 0.06902821362018585,
    "Pneumothorax": 0.06058679521083832,
    "Pulmonary Artery Enlargement": 0.0330323688685894,
    "Pulmonary Fibrosis": 0.019378624856472015,
    "Rib Fracture": 0.00643924018368125,
    "Scoliosis": 0.16030652821063995,
    "Subcutaneous Emphysema": 0.013464367017149925,
    "Thickening": 0.0854586735367775,
    "Volume Loss": 0.2055240124464035,
    "normal": 0.8570270538330078
  }
}