{
  "uid": "3527",
  "frontal_image": "3527_IM-1724-1001.dcm.png",
  "lateral_image": "3527_IM-1724-1002.dcm.png",
  "fusion_mode": "weighted_avg(f=0.65,l=0.35)",
  "predicted_classes": [
    "normal"
  ],
  "resolved_classes": [
    "normal"
  ],
  "kg_classes": [
    "Normal"
  ],
  "num_predicted": 1,
  "conflict_resolution": "no_conflict",
  "is_uncertain": false,
  "uncertainty_reason": "",
  "inference_time_s": 0.2592,
  "gt_labels": "normal",
  "probabilities": {
    "Airspace Disease": 0.069484,
    "Bronchiectasis": 0.032393,
    "Bronchiolitis": 0.001123,
    "Bullous Disease": 0.013624,
    "Calcified Granuloma": 0.125783,
    "Calcinosis": 0.09737,
    "Cardiac Shadow (abnormal)": 0.023743,
    "Cardiomegaly": 0.091908,
    "Consolidation": 0.088472,
    "Degenerative Change": 0.147056,
    "Edema": 0.050291,
    "Effusion": 0.011168,
    "Emphysema": 0.079571,
    "Fibrosis": 0.099951,
    "Fractures": 0.06128,
    "Hernia": 0.040346,
    "Hyperinflation": 0.124559,
    "Increased Lung Markings": 0.05037,
    "Interstitial Lung Disease": 0.064363,
    "Kyphosis": 0.020499,
    "Lesion": 0.132979,
    "Mass": 0.016314,
    "Nodule": 0.080455,
    "Osteophyte": 0.069142,
    "Pleural Effusion": 0.065801,
    "Pleural Thickening": 0.045017,
    "Pneumothorax": 0.019584,
    "Pulmonary Artery Enlargement": 0.020279,
    "Pulmonary Fibrosis": 0.033476,
    "Rib Fracture": 0.008655,
    "Scoliosis": 0.080231,
    "Subcutaneous Emphysema": 0.005809,
    "Thickening": 0.083596,
    "Volume Loss": 0.07268,
    "normal": 0.904648
  },
  "frontal_probs": {
    "Airspace Disease": 0.0015349253080785275,
    "Bronchiectasis": 1.1808792805823032e-06,
    "Bronchiolitis": 7.115301059457124e-08,
    "Bullous Disease": 3.5923403629567474e-06,
    "Calcified Granuloma": 0.024438047781586647,
    "Calcinosis": 0.0062763202004134655,
    "Cardiac Shadow (abnormal)": 4.994752453058027e-05,
    "Cardiomegaly": 0.0015787436859682202,
    "Consolidation": 0.0014128595357760787,
    "Degenerative Change": 0.009325537830591202,
    "Edema": 0.00010127401765203103,
    "Effusion": 6.985374511714326e-06,
    "Emphysema": 0.0008394942851737142,
    "Fibrosis": 0.003636264707893133,
    "Fractures": 0.0026180173736065626,
    "Hernia": 0.0019399999873712659,
    "Hyperinflation": 0.0041503566317260265,
    "Increased Lung Markings": 0.0020992534700781107,
    "Interstitial Lung Disease": 0.0003277129726484418,
    "Kyphosis": 0.00019760926079470664,
    "Lesion": 0.0033087311312556267,
    "Mass": 0.00012089021765859798,
    "Nodule": 0.005901796277612448,
    "Osteophyte": 0.008932857774198055,
    "Pleural Effusion": 0.00018848484614863992,
    "Pleural Thickening": 0.0012542002368718386,
    "Pneumothorax": 0.0003426016482990235,
    "Pulmonary Artery Enlargement": 0.00034921380574814975,
    "Pulmonary Fibrosis": 2.4009495973587036e-06,
    "Rib Fracture": 2.816654841808486e-06,
    "Scoliosis": 0.006270529702305794,
    "Subcutaneous Emphysema": 1.9516332940838765e-06,
    "Thickening": 0.0004012579738628119,
    "Volume Loss": 0.0022697991225868464,
    "normal": 0.9989945292472839
  },
  "lateral_probs": {
    "Airspace Disease": 0.19567415118217468,
    "Bronchiectasis": 0.09254836291074753,
    "Bronchiolitis": 0.0032070453744381666,
    "Bullous Disease": 0.038918036967515945,
    "Calcified Granuloma": 0.31399476528167725,
    "Calcinosis": 0.26654425263404846,
    "Cardiac Shadow (abnormal)": 0.0677439421415329,
    "Cardiomegaly": 0.2596615254878998,
    "Consolidation": 0.25015193223953247,
    "Degenerative Change": 0.4028412997722626,
    "Edema": 0.143501877784729,
    "Effusion": 0.03189516067504883,
    "Emphysema": 0.22578704357147217,
    "Fibrosis": 0.27882111072540283,
    "Fractures": 0.17022304236888885,
    "Hernia": 0.11167065054178238,
    "Hyperinflation": 0.34817591309547424,
    "Increased Lung Markings": 0.14001664519309998,
    "Interstitial Lung Disease": 0.18328574299812317,
    "Kyphosis": 0.05820079520344734,
    "Lesion": 0.373795747756958,
    "Mass": 0.04638712853193283,
    "Nodule": 0.2189096212387085,
    "Osteophyte": 0.18095912039279938,
    "Pleural Effusion": 0.18765424191951752,
    "Pleural Thickening": 0.1262897104024887,
    "Pneumothorax": 0.055317752063274384,
    "Pulmonary Artery Enlargement": 0.057292159646749496,
    "Pulmonary Fibrosis": 0.09564086049795151,
    "Rib Fracture": 0.024722067639231682,
    "Scoliosis": 0.21758496761322021,
    "Subcutaneous Emphysema": 0.016592493280768394,
    "Thickening": 0.2380998730659485,
    "Volume Loss": 0.20344170928001404,
    "normal": 0.7294330596923828
  }
}