{
  "uid": "3569",
  "frontal_image": "3569_IM-1753-1001.dcm.png",
  "lateral_image": "",
  "fusion_mode": "frontal_only",
  "predicted_classes": [
    "Degenerative Change",
    "normal"
  ],
  "resolved_classes": [
    "Degenerative Change"
  ],
  "kg_classes": [
    "Degenerative Change"
  ],
  "num_predicted": 1,
  "conflict_resolution": "disease_dominates",
  "is_uncertain": false,
  "uncertainty_reason": "",
  "inference_time_s": 0.1303,
  "gt_labels": "Hyperinflation",
  "probabilities": {
    "Airspace Disease": 0.17341770231723785,
    "Bronchiectasis": 0.006365786772221327,
    "Bronchiolitis": 0.010268074460327625,
    "Bullous Disease": 0.0228778887540102,
    "Calcified Granuloma": 0.2962936460971832,
    "Calcinosis": 0.2603423595428467,
    "Cardiac Shadow (abnormal)": 0.12400870025157928,
    "Cardiomegaly": 0.36405235528945923,
    "Consolidation": 0.05853353068232536,
    "Degenerative Change": 0.5446492433547974,
    "Edema": 0.13850416243076324,
    "Effusion": 0.01886097900569439,
    "Emphysema": 0.05418550595641136,
    "Fibrosis": 0.1748100370168686,
    "Fractures": 0.25348517298698425,
    "Hernia": 0.27695342898368835,
    "Hyperinflation": 0.4345749020576477,
    "Increased Lung Markings": 0.42364078760147095,
    "Interstitial Lung Disease": 0.06375127285718918,
    "Kyphosis": 0.17707459628582,
    "Lesion": 0.3002731204032898,
    "Mass": 0.05116962268948555,
    "Nodule": 0.16501355171203613,
    "Osteophyte": 0.2840494215488434,
    "Pleural Effusion": 0.13342809677124023,
    "Pleural Thickening": 0.09050052613019943,
    "Pneumothorax": 0.0942421555519104,
    "Pulmonary Artery Enlargement": 0.10913395881652832,
    "Pulmonary Fibrosis": 0.025932062417268753,
    "Rib Fracture": 0.028643880039453506,
    "Scoliosis": 0.18187719583511353,
    "Subcutaneous Emphysema": 0.02384854480624199,
    "Thickening": 0.12265963107347488,
    "Volume Loss": 0.3403960168361664,
    "normal": 0.5049689412117004
  },
  "frontal_probs": {
    "Airspace Disease": 0.17341770231723785,
    "Bronchiectasis": 0.006365786772221327,
    "Bronchiolitis": 0.010268074460327625,
    "Bullous Disease": 0.0228778887540102,
    "Calcified Granuloma": 0.2962936460971832,
    "Calcinosis": 0.2603423595428467,
    "Cardiac Shadow (abnormal)": 0.12400870025157928,
    "Cardiomegaly": 0.36405235528945923,
    "Consolidation": 0.05853353068232536,
    "Degenerative Change": 0.5446492433547974,
    "Edema": 0.13850416243076324,
    "Effusion": 0.01886097900569439,
    "Emphysema": 0.05418550595641136,
    "Fibrosis": 0.1748100370168686,
    "Fractures": 0.25348517298698425,
    "Hernia": 0.27695342898368835,
    "Hyperinflation": 0.4345749020576477,
    "Increased Lung Markings": 0.42364078760147095,
    "Interstitial Lung Disease": 0.06375127285718918,
    "Kyphosis": 0.17707459628582,
    "Lesion": 0.3002731204032898,
    "Mass": 0.05116962268948555,
    "Nodule": 0.16501355171203613,
    "Osteophyte": 0.2840494215488434,
    "Pleural Effusion": 0.13342809677124023,
    "Pleural Thickening": 0.09050052613019943,
    "Pneumothorax": 0.0942421555519104,
    "Pulmonary Artery Enlargement": 0.10913395881652832,
    "Pulmonary Fibrosis": 0.025932062417268753,
    "Rib Fracture": 0.028643880039453506,
    "Scoliosis": 0.18187719583511353,
    "Subcutaneous Emphysema": 0.02384854480624199,
    "Thickening": 0.12265963107347488,
    "Volume Loss": 0.3403960168361664,
    "normal": 0.5049689412117004
  },
  "lateral_probs": {
    "Airspace Disease": 0.0,
    "Bronchiectasis": 0.0,
    "Bronchiolitis": 0.0,
    "Bullous Disease": 0.0,
    "Calcified Granuloma": 0.0,
    "Calcinosis": 0.0,
    "Cardiac Shadow (abnormal)": 0.0,
    "Cardiomegaly": 0.0,
    "Consolidation": 0.0,
    "Degenerative Change": 0.0,
    "Edema": 0.0,
    "Effusion": 0.0,
    "Emphysema": 0.0,
    "Fibrosis": 0.0,
    "Fractures": 0.0,
    "Hernia": 0.0,
    "Hyperinflation": 0.0,
    "Increased Lung Markings": 0.0,
    "Interstitial Lung Disease": 0.0,
    "Kyphosis": 0.0,
    "Lesion": 0.0,
    "Mass": 0.0,
    "Nodule": 0.0,
    "Osteophyte": 0.0,
    "Pleural Effusion": 0.0,
    "Pleural Thickening": 0.0,
    "Pneumothorax": 0.0,
    "Pulmonary Artery Enlargement": 0.0,
    "Pulmonary Fibrosis": 0.0,
    "Rib Fracture": 0.0,
    "Scoliosis": 0.0,
    "Subcutaneous Emphysema": 0.0,
    "Thickening": 0.0,
    "Volume Loss": 0.0,
    "normal": 0.0
  }
}