{
  "uid": "3489",
  "frontal_image": "3489_IM-1696-1001.dcm.png",
  "lateral_image": "3489_IM-1696-2001.dcm.png",
  "fusion_mode": "weighted_avg(f=0.65,l=0.35)",
  "predicted_classes": [
    "normal"
  ],
  "resolved_classes": [
    "normal"
  ],
  "kg_classes": [
    "Normal"
  ],
  "num_predicted": 1,
  "conflict_resolution": "no_conflict",
  "is_uncertain": false,
  "uncertainty_reason": "",
  "inference_time_s": 0.2403,
  "gt_labels": "normal",
  "probabilities": {
    "Airspace Disease": 0.085022,
    "Bronchiectasis": 0.02285,
    "Bronchiolitis": 0.001397,
    "Bullous Disease": 0.010208,
    "Calcified Granuloma": 0.161943,
    "Calcinosis": 0.135414,
    "Cardiac Shadow (abnormal)": 0.032503,
    "Cardiomegaly": 0.086448,
    "Consolidation": 0.062144,
    "Degenerative Change": 0.170631,
    "Edema": 0.054971,
    "Effusion": 0.016291,
    "Emphysema": 0.113786,
    "Fibrosis": 0.119737,
    "Fractures": 0.089014,
    "Hernia": 0.055793,
    "Hyperinflation": 0.172002,
    "Increased Lung Markings": 0.088708,
    "Interstitial Lung Disease": 0.060182,
    "Kyphosis": 0.023136,
    "Lesion": 0.141408,
    "Mass": 0.033832,
    "Nodule": 0.133022,
    "Osteophyte": 0.069516,
    "Pleural Effusion": 0.06053,
    "Pleural Thickening": 0.067234,
    "Pneumothorax": 0.0282,
    "Pulmonary Artery Enlargement": 0.028491,
    "Pulmonary Fibrosis": 0.02784,
    "Rib Fracture": 0.00729,
    "Scoliosis": 0.096586,
    "Subcutaneous Emphysema": 0.013531,
    "Thickening": 0.06944,
    "Volume Loss": 0.093012,
    "normal": 0.897022
  },
  "frontal_probs": {
    "Airspace Disease": 0.01680278778076172,
    "Bronchiectasis": 0.00016770357615314424,
    "Bronchiolitis": 1.3484928786056116e-05,
    "Bullous Disease": 0.00046145342639647424,
    "Calcified Granuloma": 0.06897347420454025,
    "Calcinosis": 0.04185551777482033,
    "Cardiac Shadow (abnormal)": 0.0030171445105224848,
    "Cardiomegaly": 0.01658923365175724,
    "Consolidation": 0.004649424459785223,
    "Degenerative Change": 0.04748490825295448,
    "Edema": 0.005814245902001858,
    "Effusion": 0.00042839604429900646,
    "Emphysema": 0.024545414373278618,
    "Fibrosis": 0.019680043682456017,
    "Fractures": 0.014202403835952282,
    "Hernia": 0.011867264285683632,
    "Hyperinflation": 0.04654170945286751,
    "Increased Lung Markings": 0.023346751928329468,
    "Interstitial Lung Disease": 0.009628662839531898,
    "Kyphosis": 0.0028635563794523478,
    "Lesion": 0.023510685190558434,
    "Mass": 0.000772377010434866,
    "Nodule": 0.03992359712719917,
    "Osteophyte": 0.02214096672832966,
    "Pleural Effusion": 0.003202527528628707,
    "Pleural Thickening": 0.00837636087089777,
    "Pneumothorax": 0.0021636146120727062,
    "Pulmonary Artery Enlargement": 0.0018280614167451859,
    "Pulmonary Fibrosis": 0.00034880053135566413,
    "Rib Fracture": 0.0002385938132647425,
    "Scoliosis": 0.04441610723733902,
    "Subcutaneous Emphysema": 9.58726741373539e-05,
    "Thickening": 0.010072535835206509,
    "Volume Loss": 0.012603983283042908,
    "normal": 0.9822247624397278
  },
  "lateral_probs": {
    "Airspace Disease": 0.2117154896259308,
    "Bronchiectasis": 0.06497466564178467,
    "Bronchiolitis": 0.003965005278587341,
    "Bullous Disease": 0.02830776572227478,
    "Calcified Granuloma": 0.33459994196891785,
    "Calcinosis": 0.3091660141944885,
    "Cardiac Shadow (abnormal)": 0.08726238459348679,
    "Cardiomegaly": 0.21618463099002838,
    "Consolidation": 0.16892021894454956,
    "Degenerative Change": 0.3993295133113861,
    "Edema": 0.14626339077949524,
    "Effusion": 0.04575033858418465,
    "Emphysema": 0.27951928973197937,
    "Fibrosis": 0.3055560886859894,
    "Fractures": 0.22794976830482483,
    "Hernia": 0.13737043738365173,
    "Hyperinflation": 0.404999703168869,
    "Increased Lung Markings": 0.21009264886379242,
    "Interstitial Lung Disease": 0.15406592190265656,
    "Kyphosis": 0.0607847236096859,
    "Lesion": 0.36036035418510437,
    "Mass": 0.09522836655378342,
    "Nodule": 0.30592015385627747,
    "Osteophyte": 0.15749862790107727,
    "Pleural Effusion": 0.16699537634849548,
    "Pleural Thickening": 0.1765405833721161,
    "Pneumothorax": 0.07655323296785355,
    "Pulmonary Artery Enlargement": 0.07800830900669098,
    "Pulmonary Fibrosis": 0.07889523357152939,
    "Rib Fracture": 0.020384183153510094,
    "Scoliosis": 0.19347169995307922,
    "Subcutaneous Emphysema": 0.03848119452595711,
    "Thickening": 0.1796931028366089,
    "Volume Loss": 0.24234257638454437,
    "normal": 0.7387884855270386
  }
}