{
  "uid": "3697",
  "frontal_image": "3697_IM-1846-1001.dcm.png",
  "lateral_image": "3697_IM-1846-2001.dcm.png",
  "fusion_mode": "weighted_avg(f=0.65,l=0.35)",
  "predicted_classes": [
    "Lesion",
    "normal"
  ],
  "resolved_classes": [
    "Lesion"
  ],
  "kg_classes": [
    "Lesion"
  ],
  "num_predicted": 1,
  "conflict_resolution": "disease_dominates",
  "is_uncertain": false,
  "uncertainty_reason": "",
  "inference_time_s": 0.2674,
  "gt_labels": "Fibrosis;Lesion;Pulmonary Fibrosis",
  "probabilities": {
    "Airspace Disease": 0.440884,
    "Bronchiectasis": 0.257797,
    "Bronchiolitis": 0.073337,
    "Bullous Disease": 0.119156,
    "Calcified Granuloma": 0.358773,
    "Calcinosis": 0.341043,
    "Cardiac Shadow (abnormal)": 0.301904,
    "Cardiomegaly": 0.461782,
    "Consolidation": 0.426421,
    "Degenerative Change": 0.468544,
    "Edema": 0.419012,
    "Effusion": 0.294472,
    "Emphysema": 0.325377,
    "Fibrosis": 0.382668,
    "Fractures": 0.304302,
    "Hernia": 0.325424,
    "Hyperinflation": 0.442555,
    "Increased Lung Markings": 0.36217,
    "Interstitial Lung Disease": 0.318122,
    "Kyphosis": 0.203619,
    "Lesion": 0.536146,
    "Mass": 0.228817,
    "Nodule": 0.273925,
    "Osteophyte": 0.284338,
    "Pleural Effusion": 0.463557,
    "Pleural Thickening": 0.394347,
    "Pneumothorax": 0.201003,
    "Pulmonary Artery Enlargement": 0.234207,
    "Pulmonary Fibrosis": 0.323382,
    "Rib Fracture": 0.185626,
    "Scoliosis": 0.286274,
    "Subcutaneous Emphysema": 0.16363,
    "Thickening": 0.344418,
    "Volume Loss": 0.459584,
    "normal": 0.525952
  },
  "frontal_probs": {
    "Airspace Disease": 0.45768874883651733,
    "Bronchiectasis": 0.3474907875061035,
    "Bronchiolitis": 0.1065497025847435,
    "Bullous Disease": 0.1598176509141922,
    "Calcified Granuloma": 0.37148529291152954,
    "Calcinosis": 0.3771243691444397,
    "Cardiac Shadow (abnormal)": 0.3193710148334503,
    "Cardiomegaly": 0.4643124043941498,
    "Consolidation": 0.4809845983982086,
    "Degenerative Change": 0.46538451313972473,
    "Edema": 0.46427756547927856,
    "Effusion": 0.4095417261123657,
    "Emphysema": 0.3717348873615265,
    "Fibrosis": 0.4132190942764282,
    "Fractures": 0.3523724675178528,
    "Hernia": 0.3732689619064331,
    "Hyperinflation": 0.4422267973423004,
    "Increased Lung Markings": 0.38350796699523926,
    "Interstitial Lung Disease": 0.3448679447174072,
    "Kyphosis": 0.23535650968551636,
    "Lesion": 0.5537879467010498,
    "Mass": 0.2871018648147583,
    "Nodule": 0.31045499444007874,
    "Osteophyte": 0.3243553936481476,
    "Pleural Effusion": 0.5349004864692688,
    "Pleural Thickening": 0.42217954993247986,
    "Pneumothorax": 0.24884377419948578,
    "Pulmonary Artery Enlargement": 0.2642223834991455,
    "Pulmonary Fibrosis": 0.41163018345832825,
    "Rib Fracture": 0.2479000687599182,
    "Scoliosis": 0.33788877725601196,
    "Subcutaneous Emphysema": 0.23228797316551208,
    "Thickening": 0.40212282538414,
    "Volume Loss": 0.49689504504203796,
    "normal": 0.49128472805023193
  },
  "lateral_probs": {
    "Airspace Disease": 0.4096747040748596,
    "Bronchiectasis": 0.0912235826253891,
    "Bronchiolitis": 0.011656470596790314,
    "Bullous Disease": 0.04364079236984253,
    "Calcified Granuloma": 0.335163950920105,
    "Calcinosis": 0.2740338146686554,
    "Cardiac Shadow (abnormal)": 0.269464910030365,
    "Cardiomegaly": 0.4570823311805725,
    "Consolidation": 0.32508885860443115,
    "Degenerative Change": 0.4744130074977875,
    "Edema": 0.3349473178386688,
    "Effusion": 0.08077007532119751,
    "Emphysema": 0.23928241431713104,
    "Fibrosis": 0.32592934370040894,
    "Fractures": 0.21502970159053802,
    "Hernia": 0.23656927049160004,
    "Hyperinflation": 0.44316479563713074,
    "Increased Lung Markings": 0.32254233956336975,
    "Interstitial Lung Disease": 0.26845115423202515,
    "Kyphosis": 0.1446782648563385,
    "Lesion": 0.5033827424049377,
    "Mass": 0.1205739825963974,
    "Nodule": 0.20608477294445038,
    "Osteophyte": 0.21002021431922913,
    "Pleural Effusion": 0.3310621380805969,
    "Pleural Thickening": 0.34265923500061035,
    "Pneumothorax": 0.11215676367282867,
    "Pulmonary Artery Enlargement": 0.17846426367759705,
    "Pulmonary Fibrosis": 0.15949273109436035,
    "Rib Fracture": 0.06997504830360413,
    "Scoliosis": 0.19041752815246582,
    "Subcutaneous Emphysema": 0.036123741418123245,
    "Thickening": 0.23725220561027527,
    "Volume Loss": 0.3902921974658966,
    "normal": 0.5903338193893433
  }
}