{
  "uid": "3431",
  "frontal_image": "3431_IM-1660-1001.dcm.png",
  "lateral_image": "3431_IM-1660-2001.dcm.png",
  "fusion_mode": "weighted_avg(f=0.65,l=0.35)",
  "predicted_classes": [
    "normal"
  ],
  "resolved_classes": [
    "normal"
  ],
  "kg_classes": [
    "Normal"
  ],
  "num_predicted": 1,
  "conflict_resolution": "no_conflict",
  "is_uncertain": false,
  "uncertainty_reason": "",
  "inference_time_s": 0.2568,
  "gt_labels": "normal",
  "probabilities": {
    "Airspace Disease": 0.115731,
    "Bronchiectasis": 0.011706,
    "Bronchiolitis": 0.001022,
    "Bullous Disease": 0.008994,
    "Calcified Granuloma": 0.240062,
    "Calcinosis": 0.181505,
    "Cardiac Shadow (abnormal)": 0.031357,
    "Cardiomegaly": 0.070056,
    "Consolidation": 0.066176,
    "Degenerative Change": 0.2238,
    "Edema": 0.041007,
    "Effusion": 0.010325,
    "Emphysema": 0.168951,
    "Fibrosis": 0.173617,
    "Fractures": 0.103154,
    "Hernia": 0.070573,
    "Hyperinflation": 0.190432,
    "Increased Lung Markings": 0.090263,
    "Interstitial Lung Disease": 0.075766,
    "Kyphosis": 0.022605,
    "Lesion": 0.198599,
    "Mass": 0.033598,
    "Nodule": 0.141583,
    "Osteophyte": 0.096629,
    "Pleural Effusion": 0.050483,
    "Pleural Thickening": 0.079814,
    "Pneumothorax": 0.037125,
    "Pulmonary Artery Enlargement": 0.01761,
    "Pulmonary Fibrosis": 0.022665,
    "Rib Fracture": 0.009364,
    "Scoliosis": 0.103575,
    "Subcutaneous Emphysema": 0.005686,
    "Thickening": 0.078131,
    "Volume Loss": 0.111254,
    "normal": 0.886618
  },
  "frontal_probs": {
    "Airspace Disease": 0.08003295958042145,
    "Bronchiectasis": 0.0019519811030477285,
    "Bronchiolitis": 0.00037680755485780537,
    "Bullous Disease": 0.006529845297336578,
    "Calcified Granuloma": 0.18763387203216553,
    "Calcinosis": 0.1347263902425766,
    "Cardiac Shadow (abnormal)": 0.011631036177277565,
    "Cardiomegaly": 0.02894350327551365,
    "Consolidation": 0.02569895051419735,
    "Degenerative Change": 0.10769853740930557,
    "Edema": 0.021748743951320648,
    "Effusion": 0.004013189114630222,
    "Emphysema": 0.15853549540042877,
    "Fibrosis": 0.11768527328968048,
    "Fractures": 0.07055984437465668,
    "Hernia": 0.034562692046165466,
    "Hyperinflation": 0.10999562591314316,
    "Increased Lung Markings": 0.040973711758852005,
    "Interstitial Lung Disease": 0.04555211961269379,
    "Kyphosis": 0.00921249482780695,
    "Lesion": 0.10664309561252594,
    "Mass": 0.004031018819659948,
    "Nodule": 0.12306666374206543,
    "Osteophyte": 0.04754466935992241,
    "Pleural Effusion": 0.016063230112195015,
    "Pleural Thickening": 0.07434871792793274,
    "Pneumothorax": 0.015035240910947323,
    "Pulmonary Artery Enlargement": 0.004576077219098806,
    "Pulmonary Fibrosis": 0.005365252494812012,
    "Rib Fracture": 0.0037968032993376255,
    "Scoliosis": 0.062211524695158005,
    "Subcutaneous Emphysema": 0.0016576050547882915,
    "Thickening": 0.05029352009296417,
    "Volume Loss": 0.05848920717835426,
    "normal": 0.9431455135345459
  },
  "lateral_probs": {
    "Airspace Disease": 0.18202877044677734,
    "Bronchiectasis": 0.029822003096342087,
    "Bronchiolitis": 0.0022198036313056946,
    "Bullous Disease": 0.013569634407758713,
    "Calcified Granuloma": 0.3374292254447937,
    "Calcinosis": 0.26837846636772156,
    "Cardiac Shadow (abnormal)": 0.06798962503671646,
    "Cardiomegaly": 0.14640676975250244,
    "Consolidation": 0.14134791493415833,
    "Degenerative Change": 0.43941739201545715,
    "Edema": 0.07677240669727325,
    "Effusion": 0.02204579859972,
    "Emphysema": 0.1882951557636261,
    "Fibrosis": 0.27748966217041016,
    "Fractures": 0.1636868566274643,
    "Hernia": 0.13744905591011047,
    "Hyperinflation": 0.3398130238056183,
    "Increased Lung Markings": 0.18180079758167267,
    "Interstitial Lung Disease": 0.1318783313035965,
    "Kyphosis": 0.04747597500681877,
    "Lesion": 0.3693743944168091,
    "Mass": 0.08850829303264618,
    "Nodule": 0.1759715974330902,
    "Osteophyte": 0.18778494000434875,
    "Pleural Effusion": 0.11440499126911163,
    "Pleural Thickening": 0.08996380865573883,
    "Pneumothorax": 0.07814958691596985,
    "Pulmonary Artery Enlargement": 0.041816532611846924,
    "Pulmonary Fibrosis": 0.054794445633888245,
    "Rib Fracture": 0.019703779369592667,
    "Scoliosis": 0.1803920865058899,
    "Subcutaneous Emphysema": 0.013166540302336216,
    "Thickening": 0.12982991337776184,
    "Volume Loss": 0.20924673974514008,
    "normal": 0.7816393971443176
  }
}