{
  "uid": "3805",
  "frontal_image": "3805_IM-1915-1001.dcm.png",
  "lateral_image": "",
  "fusion_mode": "frontal_only",
  "predicted_classes": [
    "normal"
  ],
  "resolved_classes": [
    "normal"
  ],
  "kg_classes": [
    "Normal"
  ],
  "num_predicted": 1,
  "conflict_resolution": "no_conflict",
  "is_uncertain": false,
  "uncertainty_reason": "",
  "inference_time_s": 0.1452,
  "gt_labels": "normal",
  "probabilities": {
    "Airspace Disease": 0.037297993898391724,
    "Bronchiectasis": 0.001664953539147973,
    "Bronchiolitis": 0.0002301968343090266,
    "Bullous Disease": 0.009480764158070087,
    "Calcified Granuloma": 0.2555530369281769,
    "Calcinosis": 0.16164860129356384,
    "Cardiac Shadow (abnormal)": 0.00620581628754735,
    "Cardiomegaly": 0.020317522808909416,
    "Consolidation": 0.01599520444869995,
    "Degenerative Change": 0.1861988753080368,
    "Edema": 0.0069204955361783504,
    "Effusion": 0.0013862414052709937,
    "Emphysema": 0.16753923892974854,
    "Fibrosis": 0.1404905766248703,
    "Fractures": 0.14050091803073883,
    "Hernia": 0.07535097002983093,
    "Hyperinflation": 0.09971321374177933,
    "Increased Lung Markings": 0.022790255025029182,
    "Interstitial Lung Disease": 0.11912452429533005,
    "Kyphosis": 0.0231790728867054,
    "Lesion": 0.08311154693365097,
    "Mass": 0.010290893726050854,
    "Nodule": 0.1028645783662796,
    "Osteophyte": 0.07311521470546722,
    "Pleural Effusion": 0.010810700245201588,
    "Pleural Thickening": 0.0662502869963646,
    "Pneumothorax": 0.01887405291199684,
    "Pulmonary Artery Enlargement": 0.013279897160828114,
    "Pulmonary Fibrosis": 0.009125534445047379,
    "Rib Fracture": 0.0017478972440585494,
    "Scoliosis": 0.04570889100432396,
    "Subcutaneous Emphysema": 0.001547652413137257,
    "Thickening": 0.013731453567743301,
    "Volume Loss": 0.05651240423321724,
    "normal": 0.958055317401886
  },
  "frontal_probs": {
    "Airspace Disease": 0.037297993898391724,
    "Bronchiectasis": 0.001664953539147973,
    "Bronchiolitis": 0.0002301968343090266,
    "Bullous Disease": 0.009480764158070087,
    "Calcified Granuloma": 0.2555530369281769,
    "Calcinosis": 0.16164860129356384,
    "Cardiac Shadow (abnormal)": 0.00620581628754735,
    "Cardiomegaly": 0.020317522808909416,
    "Consolidation": 0.01599520444869995,
    "Degenerative Change": 0.1861988753080368,
    "Edema": 0.0069204955361783504,
    "Effusion": 0.0013862414052709937,
    "Emphysema": 0.16753923892974854,
    "Fibrosis": 0.1404905766248703,
    "Fractures": 0.14050091803073883,
    "Hernia": 0.07535097002983093,
    "Hyperinflation": 0.09971321374177933,
    "Increased Lung Markings": 0.022790255025029182,
    "Interstitial Lung Disease": 0.11912452429533005,
    "Kyphosis": 0.0231790728867054,
    "Lesion": 0.08311154693365097,
    "Mass": 0.010290893726050854,
    "Nodule": 0.1028645783662796,
    "Osteophyte": 0.07311521470546722,
    "Pleural Effusion": 0.010810700245201588,
    "Pleural Thickening": 0.0662502869963646,
    "Pneumothorax": 0.01887405291199684,
    "Pulmonary Artery Enlargement": 0.013279897160828114,
    "Pulmonary Fibrosis": 0.009125534445047379,
    "Rib Fracture": 0.0017478972440585494,
    "Scoliosis": 0.04570889100432396,
    "Subcutaneous Emphysema": 0.001547652413137257,
    "Thickening": 0.013731453567743301,
    "Volume Loss": 0.05651240423321724,
    "normal": 0.958055317401886
  },
  "lateral_probs": {
    "Airspace Disease": 0.0,
    "Bronchiectasis": 0.0,
    "Bronchiolitis": 0.0,
    "Bullous Disease": 0.0,
    "Calcified Granuloma": 0.0,
    "Calcinosis": 0.0,
    "Cardiac Shadow (abnormal)": 0.0,
    "Cardiomegaly": 0.0,
    "Consolidation": 0.0,
    "Degenerative Change": 0.0,
    "Edema": 0.0,
    "Effusion": 0.0,
    "Emphysema": 0.0,
    "Fibrosis": 0.0,
    "Fractures": 0.0,
    "Hernia": 0.0,
    "Hyperinflation": 0.0,
    "Increased Lung Markings": 0.0,
    "Interstitial Lung Disease": 0.0,
    "Kyphosis": 0.0,
    "Lesion": 0.0,
    "Mass": 0.0,
    "Nodule": 0.0,
    "Osteophyte": 0.0,
    "Pleural Effusion": 0.0,
    "Pleural Thickening": 0.0,
    "Pneumothorax": 0.0,
    "Pulmonary Artery Enlargement": 0.0,
    "Pulmonary Fibrosis": 0.0,
    "Rib Fracture": 0.0,
    "Scoliosis": 0.0,
    "Subcutaneous Emphysema": 0.0,
    "Thickening": 0.0,
    "Volume Loss": 0.0,
    "normal": 0.0
  }
}