{
  "uid": "3532",
  "frontal_image": "3532_IM-1726-2001.dcm.png|3532_IM-1726-3001.dcm.png",
  "lateral_image": "3532_IM-1726-1001.dcm.png",
  "fusion_mode": "weighted_avg(f=0.65,l=0.35)",
  "predicted_classes": [
    "normal"
  ],
  "resolved_classes": [
    "normal"
  ],
  "kg_classes": [
    "Normal"
  ],
  "num_predicted": 1,
  "conflict_resolution": "no_conflict",
  "is_uncertain": false,
  "uncertainty_reason": "",
  "inference_time_s": 0.4073,
  "gt_labels": "normal",
  "probabilities": {
    "Airspace Disease": 0.182235,
    "Bronchiectasis": 0.023537,
    "Bronchiolitis": 0.005711,
    "Bullous Disease": 0.027873,
    "Calcified Granuloma": 0.236759,
    "Calcinosis": 0.185478,
    "Cardiac Shadow (abnormal)": 0.097417,
    "Cardiomegaly": 0.154869,
    "Consolidation": 0.089155,
    "Degenerative Change": 0.270673,
    "Edema": 0.107022,
    "Effusion": 0.042443,
    "Emphysema": 0.178861,
    "Fibrosis": 0.181007,
    "Fractures": 0.143215,
    "Hernia": 0.124262,
    "Hyperinflation": 0.296549,
    "Increased Lung Markings": 0.183477,
    "Interstitial Lung Disease": 0.105525,
    "Kyphosis": 0.072597,
    "Lesion": 0.265735,
    "Mass": 0.069874,
    "Nodule": 0.156129,
    "Osteophyte": 0.177502,
    "Pleural Effusion": 0.099207,
    "Pleural Thickening": 0.138289,
    "Pneumothorax": 0.172013,
    "Pulmonary Artery Enlargement": 0.056372,
    "Pulmonary Fibrosis": 0.048286,
    "Rib Fracture": 0.019072,
    "Scoliosis": 0.144112,
    "Subcutaneous Emphysema": 0.033308,
    "Thickening": 0.092507,
    "Volume Loss": 0.236183,
    "normal": 0.779294
  },
  "frontal_probs": {
    "Airspace Disease": 0.11152247712016106,
    "Bronchiectasis": 0.001325697492575273,
    "Bronchiolitis": 0.0004897485778201371,
    "Bullous Disease": 0.006006587529554963,
    "Calcified Granuloma": 0.15156200528144836,
    "Calcinosis": 0.10038791596889496,
    "Cardiac Shadow (abnormal)": 0.020199098624289036,
    "Cardiomegaly": 0.068997822701931,
    "Consolidation": 0.02862579934298992,
    "Degenerative Change": 0.15670514851808548,
    "Edema": 0.03875114582479,
    "Effusion": 0.01405287254601717,
    "Emphysema": 0.04023797996342182,
    "Fibrosis": 0.0873224027454853,
    "Fractures": 0.10416234657168388,
    "Hernia": 0.04131654463708401,
    "Hyperinflation": 0.19532795995473862,
    "Increased Lung Markings": 0.1367405354976654,
    "Interstitial Lung Disease": 0.01780201494693756,
    "Kyphosis": 0.02492983266711235,
    "Lesion": 0.16500601172447205,
    "Mass": 0.005093842977657914,
    "Nodule": 0.09157302230596542,
    "Osteophyte": 0.0800107903778553,
    "Pleural Effusion": 0.0548877976834774,
    "Pleural Thickening": 0.0649227686226368,
    "Pneumothorax": 0.15936489775776863,
    "Pulmonary Artery Enlargement": 0.011698020622134209,
    "Pulmonary Fibrosis": 0.0060644319746643305,
    "Rib Fracture": 0.0022790353978052735,
    "Scoliosis": 0.12392051890492439,
    "Subcutaneous Emphysema": 0.005958512192592025,
    "Thickening": 0.054267751052975655,
    "Volume Loss": 0.17503511905670166,
    "normal": 0.8895647525787354
  },
  "lateral_probs": {
    "Airspace Disease": 0.31355926394462585,
    "Bronchiectasis": 0.0647854208946228,
    "Bronchiolitis": 0.015407448634505272,
    "Bullous Disease": 0.06848133355379105,
    "Calcified Granuloma": 0.3949829339981079,
    "Calcinosis": 0.3435036838054657,
    "Cardiac Shadow (abnormal)": 0.2408214807510376,
    "Cardiomegaly": 0.3143426775932312,
    "Consolidation": 0.20156659185886383,
    "Degenerative Change": 0.48232877254486084,
    "Edema": 0.23381127417087555,
    "Effusion": 0.0951666310429573,
    "Emphysema": 0.4363024830818176,
    "Fibrosis": 0.35499292612075806,
    "Fractures": 0.21574150025844574,
    "Hernia": 0.27830225229263306,
    "Hyperinflation": 0.4845314025878906,
    "Increased Lung Markings": 0.27027276158332825,
    "Interstitial Lung Disease": 0.26843926310539246,
    "Kyphosis": 0.1611221432685852,
    "Lesion": 0.45280444622039795,
    "Mass": 0.19018055498600006,
    "Nodule": 0.27601858973503113,
    "Osteophyte": 0.3585565984249115,
    "Pleural Effusion": 0.1815153956413269,
    "Pleural Thickening": 0.2745393216609955,
    "Pneumothorax": 0.19550181925296783,
    "Pulmonary Artery Enlargement": 0.13933883607387543,
    "Pulmonary Fibrosis": 0.1266961395740509,
    "Rib Fracture": 0.05025884509086609,
    "Scoliosis": 0.18161000311374664,
    "Subcutaneous Emphysema": 0.0841003879904747,
    "Thickening": 0.16352388262748718,
    "Volume Loss": 0.34974247217178345,
    "normal": 0.5745052099227905
  }
}