{
  "uid": "3386",
  "frontal_image": "3386_IM-1633-1001.dcm.png",
  "lateral_image": "3386_IM-1633-2001.dcm.png",
  "fusion_mode": "weighted_avg(f=0.65,l=0.35)",
  "predicted_classes": [
    "normal"
  ],
  "resolved_classes": [
    "normal"
  ],
  "kg_classes": [
    "Normal"
  ],
  "num_predicted": 1,
  "conflict_resolution": "no_conflict",
  "is_uncertain": false,
  "uncertainty_reason": "",
  "inference_time_s": 0.2826,
  "gt_labels": "normal",
  "probabilities": {
    "Airspace Disease": 0.074073,
    "Bronchiectasis": 0.005573,
    "Bronchiolitis": 0.000317,
    "Bullous Disease": 0.005814,
    "Calcified Granuloma": 0.097372,
    "Calcinosis": 0.115643,
    "Cardiac Shadow (abnormal)": 0.016689,
    "Cardiomegaly": 0.058453,
    "Consolidation": 0.051498,
    "Degenerative Change": 0.134853,
    "Edema": 0.041487,
    "Effusion": 0.011541,
    "Emphysema": 0.077634,
    "Fibrosis": 0.088517,
    "Fractures": 0.07348,
    "Hernia": 0.023404,
    "Hyperinflation": 0.120479,
    "Increased Lung Markings": 0.051932,
    "Interstitial Lung Disease": 0.061586,
    "Kyphosis": 0.008624,
    "Lesion": 0.103676,
    "Mass": 0.013465,
    "Nodule": 0.069255,
    "Osteophyte": 0.040382,
    "Pleural Effusion": 0.039028,
    "Pleural Thickening": 0.042938,
    "Pneumothorax": 0.033696,
    "Pulmonary Artery Enlargement": 0.020039,
    "Pulmonary Fibrosis": 0.016826,
    "Rib Fracture": 0.00466,
    "Scoliosis": 0.079026,
    "Subcutaneous Emphysema": 0.004364,
    "Thickening": 0.054659,
    "Volume Loss": 0.073072,
    "normal": 0.92913
  },
  "frontal_probs": {
    "Airspace Disease": 0.013855163007974625,
    "Bronchiectasis": 5.3738483984488994e-05,
    "Bronchiolitis": 5.65623440706986e-06,
    "Bullous Disease": 0.0006180609343573451,
    "Calcified Granuloma": 0.0379963181912899,
    "Calcinosis": 0.028588948771357536,
    "Cardiac Shadow (abnormal)": 0.0007884819060564041,
    "Cardiomegaly": 0.008217967115342617,
    "Consolidation": 0.003468286944553256,
    "Degenerative Change": 0.01959732174873352,
    "Edema": 0.004229229409247637,
    "Effusion": 0.0007391583058051765,
    "Emphysema": 0.014720423147082329,
    "Fibrosis": 0.026957020163536072,
    "Fractures": 0.016030756756663322,
    "Hernia": 0.0028557286132127047,
    "Hyperinflation": 0.029866093769669533,
    "Increased Lung Markings": 0.007915187627077103,
    "Interstitial Lung Disease": 0.0032730991952121258,
    "Kyphosis": 0.0018857707036659122,
    "Lesion": 0.017313452437520027,
    "Mass": 0.0001322932803304866,
    "Nodule": 0.019777337089180946,
    "Osteophyte": 0.010344899259507656,
    "Pleural Effusion": 0.00435675447806716,
    "Pleural Thickening": 0.024111822247505188,
    "Pneumothorax": 0.021488776430487633,
    "Pulmonary Artery Enlargement": 0.0011289374670013785,
    "Pulmonary Fibrosis": 0.00019483506912365556,
    "Rib Fracture": 3.752635166165419e-05,
    "Scoliosis": 0.03246261551976204,
    "Subcutaneous Emphysema": 6.698293145745993e-05,
    "Thickening": 0.004747188650071621,
    "Volume Loss": 0.020349206402897835,
    "normal": 0.9897065162658691
  },
  "lateral_probs": {
    "Airspace Disease": 0.18590638041496277,
    "Bronchiectasis": 0.015822742134332657,
    "Bronchiolitis": 0.0008948842296376824,
    "Bullous Disease": 0.015464664436876774,
    "Calcified Granuloma": 0.20764099061489105,
    "Calcinosis": 0.27731600403785706,
    "Cardiac Shadow (abnormal)": 0.04621734842658043,
    "Cardiomegaly": 0.1517464965581894,
    "Consolidation": 0.14069649577140808,
    "Degenerative Change": 0.3488999903202057,
    "Edema": 0.11068117618560791,
    "Effusion": 0.031602852046489716,
    "Emphysema": 0.19447433948516846,
    "Fibrosis": 0.20284323394298553,
    "Fractures": 0.18017147481441498,
    "Hernia": 0.061565935611724854,
    "Hyperinflation": 0.28876057267189026,
    "Increased Lung Markings": 0.13367833197116852,
    "Interstitial Lung Disease": 0.1698826104402542,
    "Kyphosis": 0.021137995645403862,
    "Lesion": 0.26406392455101013,
    "Mass": 0.03822699189186096,
    "Nodule": 0.16114239394664764,
    "Osteophyte": 0.09616544842720032,
    "Pleural Effusion": 0.10341741889715195,
    "Pleural Thickening": 0.07790153473615646,
    "Pneumothorax": 0.056366823613643646,
    "Pulmonary Artery Enlargement": 0.05515773594379425,
    "Pulmonary Fibrosis": 0.047713421285152435,
    "Rib Fracture": 0.013244066387414932,
    "Scoliosis": 0.1654997020959854,
    "Subcutaneous Emphysema": 0.012345544062554836,
    "Thickening": 0.1473528891801834,
    "Volume Loss": 0.17098435759544373,
    "normal": 0.8166319131851196
  }
}