{
  "uid": "3301",
  "frontal_image": "3301_IM-1579-1001.dcm.png",
  "lateral_image": "3301_IM-1579-2001.dcm.png",
  "fusion_mode": "weighted_avg(f=0.65,l=0.35)",
  "predicted_classes": [
    "normal"
  ],
  "resolved_classes": [
    "normal"
  ],
  "kg_classes": [
    "Normal"
  ],
  "num_predicted": 1,
  "conflict_resolution": "no_conflict",
  "is_uncertain": false,
  "uncertainty_reason": "",
  "inference_time_s": 0.2661,
  "gt_labels": "normal",
  "probabilities": {
    "Airspace Disease": 0.10009,
    "Bronchiectasis": 0.009458,
    "Bronchiolitis": 0.000627,
    "Bullous Disease": 0.003878,
    "Calcified Granuloma": 0.189266,
    "Calcinosis": 0.122369,
    "Cardiac Shadow (abnormal)": 0.026917,
    "Cardiomegaly": 0.070042,
    "Consolidation": 0.087307,
    "Degenerative Change": 0.184957,
    "Edema": 0.037714,
    "Effusion": 0.013916,
    "Emphysema": 0.094555,
    "Fibrosis": 0.099385,
    "Fractures": 0.08956,
    "Hernia": 0.072698,
    "Hyperinflation": 0.134063,
    "Increased Lung Markings": 0.059308,
    "Interstitial Lung Disease": 0.069601,
    "Kyphosis": 0.020711,
    "Lesion": 0.137338,
    "Mass": 0.06236,
    "Nodule": 0.080125,
    "Osteophyte": 0.088829,
    "Pleural Effusion": 0.052284,
    "Pleural Thickening": 0.061046,
    "Pneumothorax": 0.020909,
    "Pulmonary Artery Enlargement": 0.032347,
    "Pulmonary Fibrosis": 0.020441,
    "Rib Fracture": 0.009984,
    "Scoliosis": 0.084298,
    "Subcutaneous Emphysema": 0.004865,
    "Thickening": 0.042959,
    "Volume Loss": 0.084793,
    "normal": 0.922589
  },
  "frontal_probs": {
    "Airspace Disease": 0.03365425020456314,
    "Bronchiectasis": 0.0002750233397819102,
    "Bronchiolitis": 6.603451038245112e-05,
    "Bullous Disease": 0.0009962436743080616,
    "Calcified Granuloma": 0.131333589553833,
    "Calcinosis": 0.07392354309558868,
    "Cardiac Shadow (abnormal)": 0.0017499594250693917,
    "Cardiomegaly": 0.017885906621813774,
    "Consolidation": 0.04176928102970123,
    "Degenerative Change": 0.08235666155815125,
    "Edema": 0.004828954115509987,
    "Effusion": 0.0007593166665174067,
    "Emphysema": 0.07519698143005371,
    "Fibrosis": 0.0469643659889698,
    "Fractures": 0.06515759974718094,
    "Hernia": 0.02675139158964157,
    "Hyperinflation": 0.05512377247214317,
    "Increased Lung Markings": 0.014068322256207466,
    "Interstitial Lung Disease": 0.048111915588378906,
    "Kyphosis": 0.006579599808901548,
    "Lesion": 0.0483182854950428,
    "Mass": 0.027621004730463028,
    "Nodule": 0.04014316946268082,
    "Osteophyte": 0.04463204741477966,
    "Pleural Effusion": 0.008009473793208599,
    "Pleural Thickening": 0.027904286980628967,
    "Pneumothorax": 0.005218046251684427,
    "Pulmonary Artery Enlargement": 0.006417139433324337,
    "Pulmonary Fibrosis": 0.0007834541029296815,
    "Rib Fracture": 0.0008007856667973101,
    "Scoliosis": 0.041119787842035294,
    "Subcutaneous Emphysema": 0.0005305062513798475,
    "Thickening": 0.011448390781879425,
    "Volume Loss": 0.03308622166514397,
    "normal": 0.973998486995697
  },
  "lateral_probs": {
    "Airspace Disease": 0.22347138822078705,
    "Bronchiectasis": 0.02651291899383068,
    "Bronchiolitis": 0.001668207230977714,
    "Bullous Disease": 0.00923019926995039,
    "Calcified Granuloma": 0.29685601592063904,
    "Calcinosis": 0.21233782172203064,
    "Cardiac Shadow (abnormal)": 0.07365656644105911,
    "Cardiomegaly": 0.16690300405025482,
    "Consolidation": 0.17187829315662384,
    "Degenerative Change": 0.37549999356269836,
    "Edema": 0.0987873375415802,
    "Effusion": 0.038348712027072906,
    "Emphysema": 0.13050448894500732,
    "Fibrosis": 0.1967383325099945,
    "Fractures": 0.13487888872623444,
    "Hernia": 0.15802764892578125,
    "Hyperinflation": 0.28066515922546387,
    "Increased Lung Markings": 0.14332431554794312,
    "Interstitial Lung Disease": 0.10951041430234909,
    "Kyphosis": 0.04695611447095871,
    "Lesion": 0.3026600182056427,
    "Mass": 0.12687663733959198,
    "Nodule": 0.15437792241573334,
    "Osteophyte": 0.1709100902080536,
    "Pleural Effusion": 0.13450737297534943,
    "Pleural Thickening": 0.12259389460086823,
    "Pneumothorax": 0.05004917085170746,
    "Pulmonary Artery Enlargement": 0.08050340414047241,
    "Pulmonary Fibrosis": 0.05694699287414551,
    "Rib Fracture": 0.02703733555972576,
    "Scoliosis": 0.16448605060577393,
    "Subcutaneous Emphysema": 0.012914319522678852,
    "Thickening": 0.1014779582619667,
    "Volume Loss": 0.1808195859193802,
    "normal": 0.8271155953407288
  }
}