{
  "uid": "3925",
  "frontal_image": "3925_IM-1999-1002001.dcm.png|3925_IM-1999-1003002.dcm.png",
  "lateral_image": "3925_IM-1999-1004003.dcm.png",
  "fusion_mode": "weighted_avg(f=0.65,l=0.35)",
  "predicted_classes": [
    "Degenerative Change",
    "Lesion"
  ],
  "resolved_classes": [
    "Degenerative Change",
    "Lesion"
  ],
  "kg_classes": [
    "Degenerative Change",
    "Lesion"
  ],
  "num_predicted": 2,
  "conflict_resolution": "no_conflict",
  "is_uncertain": false,
  "uncertainty_reason": "",
  "inference_time_s": 0.4046,
  "gt_labels": "Calcinosis;Degenerative Change",
  "probabilities": {
    "Airspace Disease": 0.360296,
    "Bronchiectasis": 0.113444,
    "Bronchiolitis": 0.053947,
    "Bullous Disease": 0.107643,
    "Calcified Granuloma": 0.412034,
    "Calcinosis": 0.438073,
    "Cardiac Shadow (abnormal)": 0.254774,
    "Cardiomegaly": 0.37354,
    "Consolidation": 0.189601,
    "Degenerative Change": 0.526304,
    "Edema": 0.263947,
    "Effusion": 0.085835,
    "Emphysema": 0.372252,
    "Fibrosis": 0.376453,
    "Fractures": 0.29134,
    "Hernia": 0.250387,
    "Hyperinflation": 0.445417,
    "Increased Lung Markings": 0.305418,
    "Interstitial Lung Disease": 0.266639,
    "Kyphosis": 0.269287,
    "Lesion": 0.505903,
    "Mass": 0.1407,
    "Nodule": 0.303253,
    "Osteophyte": 0.22686,
    "Pleural Effusion": 0.289193,
    "Pleural Thickening": 0.30295,
    "Pneumothorax": 0.107458,
    "Pulmonary Artery Enlargement": 0.103669,
    "Pulmonary Fibrosis": 0.140637,
    "Rib Fracture": 0.073792,
    "Scoliosis": 0.203993,
    "Subcutaneous Emphysema": 0.076335,
    "Thickening": 0.242316,
    "Volume Loss": 0.362081,
    "normal": 0.486117
  },
  "frontal_probs": {
    "Airspace Disease": 0.40267933905124664,
    "Bronchiectasis": 0.13935021311044693,
    "Bronchiolitis": 0.07543254643678665,
    "Bullous Disease": 0.1406863071024418,
    "Calcified Granuloma": 0.4334658235311508,
    "Calcinosis": 0.46170593798160553,
    "Cardiac Shadow (abnormal)": 0.26111262291669846,
    "Cardiomegaly": 0.3251103460788727,
    "Consolidation": 0.252205453813076,
    "Degenerative Change": 0.5062988996505737,
    "Edema": 0.2772650644183159,
    "Effusion": 0.10053283721208572,
    "Emphysema": 0.4229050278663635,
    "Fibrosis": 0.4412636011838913,
    "Fractures": 0.30492672324180603,
    "Hernia": 0.28046780824661255,
    "Hyperinflation": 0.47496484220027924,
    "Increased Lung Markings": 0.3124423921108246,
    "Interstitial Lung Disease": 0.26851655542850494,
    "Kyphosis": 0.2195671945810318,
    "Lesion": 0.5784576833248138,
    "Mass": 0.1554393619298935,
    "Nodule": 0.32377515733242035,
    "Osteophyte": 0.2243896648287773,
    "Pleural Effusion": 0.3454630672931671,
    "Pleural Thickening": 0.36058828234672546,
    "Pneumothorax": 0.13119300454854965,
    "Pulmonary Artery Enlargement": 0.1107538491487503,
    "Pulmonary Fibrosis": 0.16621729731559753,
    "Rib Fracture": 0.09859021008014679,
    "Scoliosis": 0.20362289249897003,
    "Subcutaneous Emphysema": 0.09088893607258797,
    "Thickening": 0.2937932014465332,
    "Volume Loss": 0.38998743891716003,
    "normal": 0.47075900435447693
  },
  "lateral_probs": {
    "Airspace Disease": 0.2815830707550049,
    "Bronchiectasis": 0.06533380597829819,
    "Bronchiolitis": 0.014044689945876598,
    "Bullous Disease": 0.04627744108438492,
    "Calcified Granuloma": 0.3722330331802368,
    "Calcinosis": 0.39418283104896545,
    "Cardiac Shadow (abnormal)": 0.24300093948841095,
    "Cardiomegaly": 0.4634794294834137,
    "Consolidation": 0.07333613932132721,
    "Degenerative Change": 0.5634564161300659,
    "Edema": 0.2392137199640274,
    "Effusion": 0.05853969603776932,
    "Emphysema": 0.2781808376312256,
    "Fibrosis": 0.2560914158821106,
    "Fractures": 0.2661081552505493,
    "Hernia": 0.1945233941078186,
    "Hyperinflation": 0.3905434012413025,
    "Increased Lung Markings": 0.2923736572265625,
    "Interstitial Lung Disease": 0.26315340399742126,
    "Kyphosis": 0.36162275075912476,
    "Lesion": 0.3711576759815216,
    "Mass": 0.11332567781209946,
    "Nodule": 0.26513904333114624,
    "Osteophyte": 0.23144829273223877,
    "Pleural Effusion": 0.18469251692295074,
    "Pleural Thickening": 0.1959078013896942,
    "Pneumothorax": 0.0633784681558609,
    "Pulmonary Artery Enlargement": 0.09051232039928436,
    "Pulmonary Fibrosis": 0.0931306704878807,
    "Rib Fracture": 0.02773917466402054,
    "Scoliosis": 0.20468135178089142,
    "Subcutaneous Emphysema": 0.0493059866130352,
    "Thickening": 0.14671508967876434,
    "Volume Loss": 0.3102545738220215,
    "normal": 0.51463782787323
  }
}