{
  "uid": "3786",
  "frontal_image": "",
  "lateral_image": "3786_IM-1899-1001.dcm.png",
  "fusion_mode": "lateral_only",
  "predicted_classes": [
    "Lesion"
  ],
  "resolved_classes": [
    "Lesion"
  ],
  "kg_classes": [
    "Lesion"
  ],
  "num_predicted": 1,
  "conflict_resolution": "no_conflict",
  "is_uncertain": false,
  "uncertainty_reason": "",
  "inference_time_s": 0.1361,
  "gt_labels": "Airspace Disease;Cardiomegaly;Consolidation",
  "probabilities": {
    "Airspace Disease": 0.3999278247356415,
    "Bronchiectasis": 0.051458459347486496,
    "Bronchiolitis": 0.00917158555239439,
    "Bullous Disease": 0.055427469313144684,
    "Calcified Granuloma": 0.37207821011543274,
    "Calcinosis": 0.29345688223838806,
    "Cardiac Shadow (abnormal)": 0.22787518799304962,
    "Cardiomegaly": 0.4165613055229187,
    "Consolidation": 0.257508248090744,
    "Degenerative Change": 0.4438806176185608,
    "Edema": 0.28011012077331543,
    "Effusion": 0.09562139213085175,
    "Emphysema": 0.2827008366584778,
    "Fibrosis": 0.32646283507347107,
    "Fractures": 0.21443137526512146,
    "Hernia": 0.30111461877822876,
    "Hyperinflation": 0.48855844140052795,
    "Increased Lung Markings": 0.29453006386756897,
    "Interstitial Lung Disease": 0.2581266760826111,
    "Kyphosis": 0.12966789305210114,
    "Lesion": 0.5391771197319031,
    "Mass": 0.0720222145318985,
    "Nodule": 0.1992310881614685,
    "Osteophyte": 0.17481248080730438,
    "Pleural Effusion": 0.36866021156311035,
    "Pleural Thickening": 0.22243869304656982,
    "Pneumothorax": 0.27481332421302795,
    "Pulmonary Artery Enlargement": 0.07820611447095871,
    "Pulmonary Fibrosis": 0.17208106815814972,
    "Rib Fracture": 0.0417468436062336,
    "Scoliosis": 0.22368468344211578,
    "Subcutaneous Emphysema": 0.05640193447470665,
    "Thickening": 0.19489039480686188,
    "Volume Loss": 0.36388319730758667,
    "normal": 0.4974333643913269
  },
  "frontal_probs": {
    "Airspace Disease": 0.0,
    "Bronchiectasis": 0.0,
    "Bronchiolitis": 0.0,
    "Bullous Disease": 0.0,
    "Calcified Granuloma": 0.0,
    "Calcinosis": 0.0,
    "Cardiac Shadow (abnormal)": 0.0,
    "Cardiomegaly": 0.0,
    "Consolidation": 0.0,
    "Degenerative Change": 0.0,
    "Edema": 0.0,
    "Effusion": 0.0,
    "Emphysema": 0.0,
    "Fibrosis": 0.0,
    "Fractures": 0.0,
    "Hernia": 0.0,
    "Hyperinflation": 0.0,
    "Increased Lung Markings": 0.0,
    "Interstitial Lung Disease": 0.0,
    "Kyphosis": 0.0,
    "Lesion": 0.0,
    "Mass": 0.0,
    "Nodule": 0.0,
    "Osteophyte": 0.0,
    "Pleural Effusion": 0.0,
    "Pleural Thickening": 0.0,
    "Pneumothorax": 0.0,
    "Pulmonary Artery Enlargement": 0.0,
    "Pulmonary Fibrosis": 0.0,
    "Rib Fracture": 0.0,
    "Scoliosis": 0.0,
    "Subcutaneous Emphysema": 0.0,
    "Thickening": 0.0,
    "Volume Loss": 0.0,
    "normal": 0.0
  },
  "lateral_probs": {
    "Airspace Disease": 0.3999278247356415,
    "Bronchiectasis": 0.051458459347486496,
    "Bronchiolitis": 0.00917158555239439,
    "Bullous Disease": 0.055427469313144684,
    "Calcified Granuloma": 0.37207821011543274,
    "Calcinosis": 0.29345688223838806,
    "Cardiac Shadow (abnormal)": 0.22787518799304962,
    "Cardiomegaly": 0.4165613055229187,
    "Consolidation": 0.257508248090744,
    "Degenerative Change": 0.4438806176185608,
    "Edema": 0.28011012077331543,
    "Effusion": 0.09562139213085175,
    "Emphysema": 0.2827008366584778,
    "Fibrosis": 0.32646283507347107,
    "Fractures": 0.21443137526512146,
    "Hernia": 0.30111461877822876,
    "Hyperinflation": 0.48855844140052795,
    "Increased Lung Markings": 0.29453006386756897,
    "Interstitial Lung Disease": 0.2581266760826111,
    "Kyphosis": 0.12966789305210114,
    "Lesion": 0.5391771197319031,
    "Mass": 0.0720222145318985,
    "Nodule": 0.1992310881614685,
    "Osteophyte": 0.17481248080730438,
    "Pleural Effusion": 0.36866021156311035,
    "Pleural Thickening": 0.22243869304656982,
    "Pneumothorax": 0.27481332421302795,
    "Pulmonary Artery Enlargement": 0.07820611447095871,
    "Pulmonary Fibrosis": 0.17208106815814972,
    "Rib Fracture": 0.0417468436062336,
    "Scoliosis": 0.22368468344211578,
    "Subcutaneous Emphysema": 0.05640193447470665,
    "Thickening": 0.19489039480686188,
    "Volume Loss": 0.36388319730758667,
    "normal": 0.4974333643913269
  }
}