{
  "uid": "3961",
  "frontal_image": "3961_IM-2026-1001.dcm.png",
  "lateral_image": "3961_IM-2026-2001.dcm.png",
  "fusion_mode": "weighted_avg(f=0.65,l=0.35)",
  "predicted_classes": [
    "Lesion",
    "normal"
  ],
  "resolved_classes": [
    "Lesion"
  ],
  "kg_classes": [
    "Lesion"
  ],
  "num_predicted": 1,
  "conflict_resolution": "disease_dominates",
  "is_uncertain": false,
  "uncertainty_reason": "",
  "inference_time_s": 0.2758,
  "gt_labels": "Airspace Disease;Consolidation;Lesion",
  "probabilities": {
    "Airspace Disease": 0.452517,
    "Bronchiectasis": 0.218874,
    "Bronchiolitis": 0.025284,
    "Bullous Disease": 0.145577,
    "Calcified Granuloma": 0.354449,
    "Calcinosis": 0.34876,
    "Cardiac Shadow (abnormal)": 0.18042,
    "Cardiomegaly": 0.320875,
    "Consolidation": 0.421762,
    "Degenerative Change": 0.467459,
    "Edema": 0.263062,
    "Effusion": 0.224378,
    "Emphysema": 0.349718,
    "Fibrosis": 0.400995,
    "Fractures": 0.237191,
    "Hernia": 0.279353,
    "Hyperinflation": 0.471889,
    "Increased Lung Markings": 0.276991,
    "Interstitial Lung Disease": 0.211912,
    "Kyphosis": 0.094057,
    "Lesion": 0.579473,
    "Mass": 0.214602,
    "Nodule": 0.306349,
    "Osteophyte": 0.239529,
    "Pleural Effusion": 0.418351,
    "Pleural Thickening": 0.334248,
    "Pneumothorax": 0.282964,
    "Pulmonary Artery Enlargement": 0.11788,
    "Pulmonary Fibrosis": 0.199761,
    "Rib Fracture": 0.088833,
    "Scoliosis": 0.289581,
    "Subcutaneous Emphysema": 0.121072,
    "Thickening": 0.248025,
    "Volume Loss": 0.398164,
    "normal": 0.515722
  },
  "frontal_probs": {
    "Airspace Disease": 0.4773150682449341,
    "Bronchiectasis": 0.24694189429283142,
    "Bronchiolitis": 0.028175130486488342,
    "Bullous Disease": 0.19478845596313477,
    "Calcified Granuloma": 0.35097813606262207,
    "Calcinosis": 0.3840622007846832,
    "Cardiac Shadow (abnormal)": 0.14653488993644714,
    "Cardiomegaly": 0.28319182991981506,
    "Consolidation": 0.43547505140304565,
    "Degenerative Change": 0.505095362663269,
    "Edema": 0.22792860865592957,
    "Effusion": 0.26244238018989563,
    "Emphysema": 0.36727777123451233,
    "Fibrosis": 0.40987643599510193,
    "Fractures": 0.24138668179512024,
    "Hernia": 0.2990652620792389,
    "Hyperinflation": 0.46786150336265564,
    "Increased Lung Markings": 0.27228736877441406,
    "Interstitial Lung Disease": 0.20693665742874146,
    "Kyphosis": 0.08177781850099564,
    "Lesion": 0.6474640965461731,
    "Mass": 0.2528495490550995,
    "Nodule": 0.3166511058807373,
    "Osteophyte": 0.23364534974098206,
    "Pleural Effusion": 0.4666840136051178,
    "Pleural Thickening": 0.3232441842556,
    "Pneumothorax": 0.3524538278579712,
    "Pulmonary Artery Enlargement": 0.09698101878166199,
    "Pulmonary Fibrosis": 0.203683003783226,
    "Rib Fracture": 0.10208787769079208,
    "Scoliosis": 0.32823118567466736,
    "Subcutaneous Emphysema": 0.15738564729690552,
    "Thickening": 0.26579177379608154,
    "Volume Loss": 0.3948794901371002,
    "normal": 0.46858876943588257
  },
  "lateral_probs": {
    "Airspace Disease": 0.4064622223377228,
    "Bronchiectasis": 0.16674649715423584,
    "Bronchiolitis": 0.019914347678422928,
    "Bullous Disease": 0.05418417602777481,
    "Calcified Granuloma": 0.36089423298835754,
    "Calcinosis": 0.28319787979125977,
    "Cardiac Shadow (abnormal)": 0.24335074424743652,
    "Cardiomegaly": 0.39085835218429565,
    "Consolidation": 0.39629411697387695,
    "Degenerative Change": 0.39756298065185547,
    "Edema": 0.3283109664916992,
    "Effusion": 0.1536881923675537,
    "Emphysema": 0.31710779666900635,
    "Fibrosis": 0.38450074195861816,
    "Fractures": 0.22939817607402802,
    "Hernia": 0.24274514615535736,
    "Hyperinflation": 0.4793679714202881,
    "Increased Lung Markings": 0.2857259213924408,
    "Interstitial Lung Disease": 0.22115084528923035,
    "Kyphosis": 0.11685983836650848,
    "Lesion": 0.4532025456428528,
    "Mass": 0.14357122778892517,
    "Nodule": 0.2872173488140106,
    "Osteophyte": 0.25045710802078247,
    "Pleural Effusion": 0.32859012484550476,
    "Pleural Thickening": 0.3546833097934723,
    "Pneumothorax": 0.15391027927398682,
    "Pulmonary Artery Enlargement": 0.15669336915016174,
    "Pulmonary Fibrosis": 0.19247634708881378,
    "Rib Fracture": 0.06421604752540588,
    "Scoliosis": 0.21780076622962952,
    "Subcutaneous Emphysema": 0.053631238639354706,
    "Thickening": 0.21503053605556488,
    "Volume Loss": 0.40426433086395264,
    "normal": 0.6032562851905823
  }
}