{
  "uid": "3791",
  "frontal_image": "3791_IM-1905-1001.dcm.png",
  "lateral_image": "3791_IM-1905-2001.dcm.png",
  "fusion_mode": "weighted_avg(f=0.65,l=0.35)",
  "predicted_classes": [
    "normal"
  ],
  "resolved_classes": [
    "normal"
  ],
  "kg_classes": [
    "Normal"
  ],
  "num_predicted": 1,
  "conflict_resolution": "no_conflict",
  "is_uncertain": false,
  "uncertainty_reason": "",
  "inference_time_s": 0.2402,
  "gt_labels": "Mass",
  "probabilities": {
    "Airspace Disease": 0.172314,
    "Bronchiectasis": 0.043028,
    "Bronchiolitis": 0.002344,
    "Bullous Disease": 0.015298,
    "Calcified Granuloma": 0.258201,
    "Calcinosis": 0.267706,
    "Cardiac Shadow (abnormal)": 0.06242,
    "Cardiomegaly": 0.139033,
    "Consolidation": 0.132568,
    "Degenerative Change": 0.301965,
    "Edema": 0.089749,
    "Effusion": 0.019362,
    "Emphysema": 0.208294,
    "Fibrosis": 0.221311,
    "Fractures": 0.143911,
    "Hernia": 0.12504,
    "Hyperinflation": 0.286335,
    "Increased Lung Markings": 0.150607,
    "Interstitial Lung Disease": 0.107661,
    "Kyphosis": 0.045482,
    "Lesion": 0.309206,
    "Mass": 0.071136,
    "Nodule": 0.176262,
    "Osteophyte": 0.142954,
    "Pleural Effusion": 0.082327,
    "Pleural Thickening": 0.128986,
    "Pneumothorax": 0.044673,
    "Pulmonary Artery Enlargement": 0.06631,
    "Pulmonary Fibrosis": 0.046899,
    "Rib Fracture": 0.013896,
    "Scoliosis": 0.237923,
    "Subcutaneous Emphysema": 0.015981,
    "Thickening": 0.143785,
    "Volume Loss": 0.17522,
    "normal": 0.779578
  },
  "frontal_probs": {
    "Airspace Disease": 0.16165916621685028,
    "Bronchiectasis": 0.03454131260514259,
    "Bronchiolitis": 0.0024299579672515392,
    "Bullous Disease": 0.014128915965557098,
    "Calcified Granuloma": 0.22506320476531982,
    "Calcinosis": 0.2831750810146332,
    "Cardiac Shadow (abnormal)": 0.06814229488372803,
    "Cardiomegaly": 0.14293597638607025,
    "Consolidation": 0.13495144248008728,
    "Degenerative Change": 0.20222125947475433,
    "Edema": 0.07968991994857788,
    "Effusion": 0.019494259729981422,
    "Emphysema": 0.17724011838436127,
    "Fibrosis": 0.2204684168100357,
    "Fractures": 0.13861800730228424,
    "Hernia": 0.11330701410770416,
    "Hyperinflation": 0.2812230587005615,
    "Increased Lung Markings": 0.1687634289264679,
    "Interstitial Lung Disease": 0.07724257558584213,
    "Kyphosis": 0.046021100133657455,
    "Lesion": 0.27525994181632996,
    "Mass": 0.07912366092205048,
    "Nodule": 0.190273717045784,
    "Osteophyte": 0.09385062754154205,
    "Pleural Effusion": 0.06337819993495941,
    "Pleural Thickening": 0.10321061313152313,
    "Pneumothorax": 0.03399687260389328,
    "Pulmonary Artery Enlargement": 0.06530565768480301,
    "Pulmonary Fibrosis": 0.047633860260248184,
    "Rib Fracture": 0.010605155490338802,
    "Scoliosis": 0.2592427432537079,
    "Subcutaneous Emphysema": 0.018352728337049484,
    "Thickening": 0.14152634143829346,
    "Volume Loss": 0.1493222564458847,
    "normal": 0.8099445104598999
  },
  "lateral_probs": {
    "Airspace Disease": 0.19210273027420044,
    "Bronchiectasis": 0.05878905951976776,
    "Bronchiolitis": 0.0021850033663213253,
    "Bullous Disease": 0.0174691304564476,
    "Calcified Granuloma": 0.3197416067123413,
    "Calcinosis": 0.23897680640220642,
    "Cardiac Shadow (abnormal)": 0.05179156735539436,
    "Cardiomegaly": 0.13178440928459167,
    "Consolidation": 0.12814217805862427,
    "Degenerative Change": 0.4872039258480072,
    "Edema": 0.10842939466238022,
    "Effusion": 0.019117290154099464,
    "Emphysema": 0.26596498489379883,
    "Fibrosis": 0.22287699580192566,
    "Fractures": 0.15374132990837097,
    "Hernia": 0.1468306928873062,
    "Hyperinflation": 0.29582953453063965,
    "Increased Lung Markings": 0.11688684672117233,
    "Interstitial Lung Disease": 0.16415190696716309,
    "Kyphosis": 0.04448142275214195,
    "Lesion": 0.3722477853298187,
    "Mass": 0.056300483644008636,
    "Nodule": 0.15024085342884064,
    "Osteophyte": 0.2341468334197998,
    "Pleural Effusion": 0.11751653999090195,
    "Pleural Thickening": 0.1768547147512436,
    "Pneumothorax": 0.06450148671865463,
    "Pulmonary Artery Enlargement": 0.06817556917667389,
    "Pulmonary Fibrosis": 0.04553300887346268,
    "Rib Fracture": 0.020006971433758736,
    "Scoliosis": 0.19832788407802582,
    "Subcutaneous Emphysema": 0.011575862765312195,
    "Thickening": 0.14797921478748322,
    "Volume Loss": 0.22331473231315613,
    "normal": 0.7231828570365906
  }
}