{
  "uid": "3420",
  "frontal_image": "3420_IM-1656-1001.dcm.png",
  "lateral_image": "3420_IM-1656-2001.dcm.png",
  "fusion_mode": "weighted_avg(f=0.65,l=0.35)",
  "predicted_classes": [
    "normal"
  ],
  "resolved_classes": [
    "normal"
  ],
  "kg_classes": [
    "Normal"
  ],
  "num_predicted": 1,
  "conflict_resolution": "no_conflict",
  "is_uncertain": false,
  "uncertainty_reason": "",
  "inference_time_s": 0.274,
  "gt_labels": "normal",
  "probabilities": {
    "Airspace Disease": 0.077958,
    "Bronchiectasis": 0.00924,
    "Bronchiolitis": 0.0024,
    "Bullous Disease": 0.012285,
    "Calcified Granuloma": 0.326079,
    "Calcinosis": 0.256636,
    "Cardiac Shadow (abnormal)": 0.037413,
    "Cardiomegaly": 0.120574,
    "Consolidation": 0.056933,
    "Degenerative Change": 0.385988,
    "Edema": 0.035488,
    "Effusion": 0.013102,
    "Emphysema": 0.130768,
    "Fibrosis": 0.204647,
    "Fractures": 0.135274,
    "Hernia": 0.144304,
    "Hyperinflation": 0.235272,
    "Increased Lung Markings": 0.09738,
    "Interstitial Lung Disease": 0.065502,
    "Kyphosis": 0.058064,
    "Lesion": 0.231232,
    "Mass": 0.043915,
    "Nodule": 0.188593,
    "Osteophyte": 0.194616,
    "Pleural Effusion": 0.039697,
    "Pleural Thickening": 0.062945,
    "Pneumothorax": 0.036807,
    "Pulmonary Artery Enlargement": 0.059393,
    "Pulmonary Fibrosis": 0.038465,
    "Rib Fracture": 0.009396,
    "Scoliosis": 0.130267,
    "Subcutaneous Emphysema": 0.006439,
    "Thickening": 0.043052,
    "Volume Loss": 0.158636,
    "normal": 0.85927
  },
  "frontal_probs": {
    "Airspace Disease": 0.03409624844789505,
    "Bronchiectasis": 0.005634332541376352,
    "Bronchiolitis": 0.003315418027341366,
    "Bullous Disease": 0.01563764363527298,
    "Calcified Granuloma": 0.31473904848098755,
    "Calcinosis": 0.2793073058128357,
    "Cardiac Shadow (abnormal)": 0.029750794172286987,
    "Cardiomegaly": 0.12272811681032181,
    "Consolidation": 0.019017226994037628,
    "Degenerative Change": 0.3857649266719818,
    "Edema": 0.019142471253871918,
    "Effusion": 0.004089450463652611,
    "Emphysema": 0.10466404259204865,
    "Fibrosis": 0.16444633901119232,
    "Fractures": 0.12587976455688477,
    "Hernia": 0.16060350835323334,
    "Hyperinflation": 0.1769806444644928,
    "Increased Lung Markings": 0.08888943493366241,
    "Interstitial Lung Disease": 0.04677440598607063,
    "Kyphosis": 0.07276564091444016,
    "Lesion": 0.2017863690853119,
    "Mass": 0.03173108771443367,
    "Nodule": 0.20910874009132385,
    "Osteophyte": 0.21494634449481964,
    "Pleural Effusion": 0.029579613357782364,
    "Pleural Thickening": 0.05385282635688782,
    "Pneumothorax": 0.021354155614972115,
    "Pulmonary Artery Enlargement": 0.05793365091085434,
    "Pulmonary Fibrosis": 0.03190326690673828,
    "Rib Fracture": 0.007534411735832691,
    "Scoliosis": 0.1466890126466751,
    "Subcutaneous Emphysema": 0.0037706976290792227,
    "Thickening": 0.03468834608793259,
    "Volume Loss": 0.14037813246250153,
    "normal": 0.8667522668838501
  },
  "lateral_probs": {
    "Airspace Disease": 0.1594168245792389,
    "Bronchiectasis": 0.015937427058815956,
    "Bronchiolitis": 0.0007006570231169462,
    "Bullous Disease": 0.0060587995685637,
    "Calcified Granuloma": 0.34713834524154663,
    "Calcinosis": 0.21453215181827545,
    "Cardiac Shadow (abnormal)": 0.05164196342229843,
    "Cardiomegaly": 0.11657357215881348,
    "Consolidation": 0.12734724581241608,
    "Degenerative Change": 0.3864014148712158,
    "Edema": 0.06584257632493973,
    "Effusion": 0.02983986958861351,
    "Emphysema": 0.17924638092517853,
    "Fibrosis": 0.27930477261543274,
    "Fractures": 0.1527206301689148,
    "Hernia": 0.11403418332338333,
    "Hyperinflation": 0.34352847933769226,
    "Increased Lung Markings": 0.11314797401428223,
    "Interstitial Lung Disease": 0.10028224438428879,
    "Kyphosis": 0.03075970709323883,
    "Lesion": 0.28591564297676086,
    "Mass": 0.06654329597949982,
    "Nodule": 0.15049126744270325,
    "Osteophyte": 0.1568596065044403,
    "Pleural Effusion": 0.05848505720496178,
    "Pleural Thickening": 0.07983100414276123,
    "Pneumothorax": 0.06550624221563339,
    "Pulmonary Artery Enlargement": 0.06210436299443245,
    "Pulmonary Fibrosis": 0.05065193399786949,
    "Rib Fracture": 0.01285270880907774,
    "Scoliosis": 0.09976877272129059,
    "Subcutaneous Emphysema": 0.011394260451197624,
    "Thickening": 0.05858388543128967,
    "Volume Loss": 0.19254247844219208,
    "normal": 0.8453747630119324
  }
}