{
  "uid": "3821",
  "frontal_image": "3821_IM-1929-1001.dcm.png",
  "lateral_image": "3821_IM-1929-2001.dcm.png",
  "fusion_mode": "weighted_avg(f=0.65,l=0.35)",
  "predicted_classes": [
    "normal"
  ],
  "resolved_classes": [
    "normal"
  ],
  "kg_classes": [
    "Normal"
  ],
  "num_predicted": 1,
  "conflict_resolution": "no_conflict",
  "is_uncertain": false,
  "uncertainty_reason": "",
  "inference_time_s": 0.2759,
  "gt_labels": "normal",
  "probabilities": {
    "Airspace Disease": 0.122177,
    "Bronchiectasis": 0.008503,
    "Bronchiolitis": 0.000378,
    "Bullous Disease": 0.018362,
    "Calcified Granuloma": 0.197297,
    "Calcinosis": 0.199586,
    "Cardiac Shadow (abnormal)": 0.017105,
    "Cardiomegaly": 0.061008,
    "Consolidation": 0.060973,
    "Degenerative Change": 0.171399,
    "Edema": 0.035628,
    "Effusion": 0.015492,
    "Emphysema": 0.174386,
    "Fibrosis": 0.166943,
    "Fractures": 0.099874,
    "Hernia": 0.046919,
    "Hyperinflation": 0.193622,
    "Increased Lung Markings": 0.06668,
    "Interstitial Lung Disease": 0.05532,
    "Kyphosis": 0.024776,
    "Lesion": 0.199823,
    "Mass": 0.01662,
    "Nodule": 0.109207,
    "Osteophyte": 0.068409,
    "Pleural Effusion": 0.031616,
    "Pleural Thickening": 0.119345,
    "Pneumothorax": 0.070157,
    "Pulmonary Artery Enlargement": 0.02112,
    "Pulmonary Fibrosis": 0.019527,
    "Rib Fracture": 0.00343,
    "Scoliosis": 0.106612,
    "Subcutaneous Emphysema": 0.003988,
    "Thickening": 0.053761,
    "Volume Loss": 0.12017,
    "normal": 0.906329
  },
  "frontal_probs": {
    "Airspace Disease": 0.10559305548667908,
    "Bronchiectasis": 0.006737760733813047,
    "Bronchiolitis": 0.0004380954778753221,
    "Bullous Disease": 0.02620185911655426,
    "Calcified Granuloma": 0.16481585800647736,
    "Calcinosis": 0.20766641199588776,
    "Cardiac Shadow (abnormal)": 0.00859699584543705,
    "Cardiomegaly": 0.033452000468969345,
    "Consolidation": 0.032585371285676956,
    "Degenerative Change": 0.11233627796173096,
    "Edema": 0.018930448219180107,
    "Effusion": 0.012404651381075382,
    "Emphysema": 0.1888219118118286,
    "Fibrosis": 0.1574452668428421,
    "Fractures": 0.08813494443893433,
    "Hernia": 0.03922099992632866,
    "Hyperinflation": 0.1376892328262329,
    "Increased Lung Markings": 0.040635958313941956,
    "Interstitial Lung Disease": 0.05147740989923477,
    "Kyphosis": 0.03232938051223755,
    "Lesion": 0.18053674697875977,
    "Mass": 0.002790645230561495,
    "Nodule": 0.06387542188167572,
    "Osteophyte": 0.044867902994155884,
    "Pleural Effusion": 0.025465527549386024,
    "Pleural Thickening": 0.13830788433551788,
    "Pneumothorax": 0.09321258217096329,
    "Pulmonary Artery Enlargement": 0.008418500423431396,
    "Pulmonary Fibrosis": 0.01499240193516016,
    "Rib Fracture": 0.0008959617116488516,
    "Scoliosis": 0.10333891957998276,
    "Subcutaneous Emphysema": 0.0030481538269668818,
    "Thickening": 0.04002111777663231,
    "Volume Loss": 0.10355397313833237,
    "normal": 0.9121489524841309
  },
  "lateral_probs": {
    "Airspace Disease": 0.15297703444957733,
    "Bronchiectasis": 0.011779951862990856,
    "Bronchiolitis": 0.00026750678080134094,
    "Bullous Disease": 0.00380128575488925,
    "Calcified Granuloma": 0.2576204240322113,
    "Calcinosis": 0.18457907438278198,
    "Cardiac Shadow (abnormal)": 0.03290524706244469,
    "Cardiomegaly": 0.11218217760324478,
    "Consolidation": 0.11369423568248749,
    "Degenerative Change": 0.2810867130756378,
    "Edema": 0.06663726270198822,
    "Effusion": 0.021225128322839737,
    "Emphysema": 0.14757516980171204,
    "Fibrosis": 0.18458138406276703,
    "Fractures": 0.12167492508888245,
    "Hernia": 0.06121481582522392,
    "Hyperinflation": 0.29749658703804016,
    "Increased Lung Markings": 0.11504827439785004,
    "Interstitial Lung Disease": 0.062456145882606506,
    "Kyphosis": 0.010748996399343014,
    "Lesion": 0.23564167320728302,
    "Mass": 0.0423029325902462,
    "Nodule": 0.19339436292648315,
    "Osteophyte": 0.11212684959173203,
    "Pleural Effusion": 0.04303904250264168,
    "Pleural Thickening": 0.08412832766771317,
    "Pneumothorax": 0.027338393032550812,
    "Pulmonary Artery Enlargement": 0.044708408415317535,
    "Pulmonary Fibrosis": 0.027948221191763878,
    "Rib Fracture": 0.008136513642966747,
    "Scoliosis": 0.11269152164459229,
    "Subcutaneous Emphysema": 0.005733703263103962,
    "Thickening": 0.07927883416414261,
    "Volume Loss": 0.1510278880596161,
    "normal": 0.8955199718475342
  }
}