{
  "uid": "3713",
  "frontal_image": "3713_IM-1855-1001.dcm.png",
  "lateral_image": "3713_IM-1855-2001.dcm.png",
  "fusion_mode": "weighted_avg(f=0.65,l=0.35)",
  "predicted_classes": [
    "normal"
  ],
  "resolved_classes": [
    "normal"
  ],
  "kg_classes": [
    "Normal"
  ],
  "num_predicted": 1,
  "conflict_resolution": "no_conflict",
  "is_uncertain": false,
  "uncertainty_reason": "",
  "inference_time_s": 0.2678,
  "gt_labels": "normal",
  "probabilities": {
    "Airspace Disease": 0.121443,
    "Bronchiectasis": 0.01262,
    "Bronchiolitis": 0.002519,
    "Bullous Disease": 0.010554,
    "Calcified Granuloma": 0.258515,
    "Calcinosis": 0.226822,
    "Cardiac Shadow (abnormal)": 0.048123,
    "Cardiomegaly": 0.112747,
    "Consolidation": 0.056111,
    "Degenerative Change": 0.269973,
    "Edema": 0.064915,
    "Effusion": 0.016076,
    "Emphysema": 0.118388,
    "Fibrosis": 0.191809,
    "Fractures": 0.16288,
    "Hernia": 0.080236,
    "Hyperinflation": 0.248411,
    "Increased Lung Markings": 0.13483,
    "Interstitial Lung Disease": 0.084573,
    "Kyphosis": 0.07603,
    "Lesion": 0.169718,
    "Mass": 0.030579,
    "Nodule": 0.118148,
    "Osteophyte": 0.134466,
    "Pleural Effusion": 0.073318,
    "Pleural Thickening": 0.085224,
    "Pneumothorax": 0.09083,
    "Pulmonary Artery Enlargement": 0.030615,
    "Pulmonary Fibrosis": 0.030545,
    "Rib Fracture": 0.007547,
    "Scoliosis": 0.196447,
    "Subcutaneous Emphysema": 0.01785,
    "Thickening": 0.079584,
    "Volume Loss": 0.159279,
    "normal": 0.813661
  },
  "frontal_probs": {
    "Airspace Disease": 0.058310575783252716,
    "Bronchiectasis": 0.001828565145842731,
    "Bronchiolitis": 0.0006796478992328048,
    "Bullous Disease": 0.004933341406285763,
    "Calcified Granuloma": 0.16160090267658234,
    "Calcinosis": 0.14788463711738586,
    "Cardiac Shadow (abnormal)": 0.008636225946247578,
    "Cardiomegaly": 0.03235025703907013,
    "Consolidation": 0.030701184645295143,
    "Degenerative Change": 0.13642142713069916,
    "Edema": 0.022754881531000137,
    "Effusion": 0.005294145084917545,
    "Emphysema": 0.05754571408033371,
    "Fibrosis": 0.12813442945480347,
    "Fractures": 0.13534292578697205,
    "Hernia": 0.04203057289123535,
    "Hyperinflation": 0.17238172888755798,
    "Increased Lung Markings": 0.08067039400339127,
    "Interstitial Lung Disease": 0.028433602303266525,
    "Kyphosis": 0.04378899931907654,
    "Lesion": 0.08023671805858612,
    "Mass": 0.0037556493189185858,
    "Nodule": 0.047648973762989044,
    "Osteophyte": 0.059057630598545074,
    "Pleural Effusion": 0.05196801945567131,
    "Pleural Thickening": 0.05368701368570328,
    "Pneumothorax": 0.0899299830198288,
    "Pulmonary Artery Enlargement": 0.008682730607688427,
    "Pulmonary Fibrosis": 0.008099435828626156,
    "Rib Fracture": 0.0013428202364593744,
    "Scoliosis": 0.19905544817447662,
    "Subcutaneous Emphysema": 0.0032803283538669348,
    "Thickening": 0.03933187201619148,
    "Volume Loss": 0.11059965938329697,
    "normal": 0.894429087638855
  },
  "lateral_probs": {
    "Airspace Disease": 0.23868857324123383,
    "Bronchiectasis": 0.0326605960726738,
    "Bronchiolitis": 0.005935160908848047,
    "Bullous Disease": 0.020992470905184746,
    "Calcified Granuloma": 0.4384995102882385,
    "Calcinosis": 0.373419851064682,
    "Cardiac Shadow (abnormal)": 0.12145426124334335,
    "Cardiomegaly": 0.2620563209056854,
    "Consolidation": 0.10330057889223099,
    "Degenerative Change": 0.5179964900016785,
    "Edema": 0.14321163296699524,
    "Effusion": 0.036098673939704895,
    "Emphysema": 0.23137988150119781,
    "Fibrosis": 0.3100624084472656,
    "Fractures": 0.2140214890241623,
    "Hernia": 0.15118934214115143,
    "Hyperinflation": 0.3896093964576721,
    "Increased Lung Markings": 0.23541340231895447,
    "Interstitial Lung Disease": 0.18883159756660461,
    "Kyphosis": 0.13590693473815918,
    "Lesion": 0.33589816093444824,
    "Mass": 0.0803932473063469,
    "Nodule": 0.24907520413398743,
    "Osteophyte": 0.2745092809200287,
    "Pleural Effusion": 0.1129673570394516,
    "Pleural Thickening": 0.1437937617301941,
    "Pneumothorax": 0.09250274300575256,
    "Pulmonary Artery Enlargement": 0.07134757190942764,
    "Pulmonary Fibrosis": 0.07223079353570938,
    "Rib Fracture": 0.019068052992224693,
    "Scoliosis": 0.19160138070583344,
    "Subcutaneous Emphysema": 0.04490719363093376,
    "Thickening": 0.15433844923973083,
    "Volume Loss": 0.24968217313289642,
    "normal": 0.6636621952056885
  }
}