{
  "uid": "3815",
  "frontal_image": "3815_IM-1924-1001.dcm.png",
  "lateral_image": "3815_IM-1924-2001.dcm.png",
  "fusion_mode": "weighted_avg(f=0.65,l=0.35)",
  "predicted_classes": [
    "normal"
  ],
  "resolved_classes": [
    "normal"
  ],
  "kg_classes": [
    "Normal"
  ],
  "num_predicted": 1,
  "conflict_resolution": "no_conflict",
  "is_uncertain": false,
  "uncertainty_reason": "",
  "inference_time_s": 0.2399,
  "gt_labels": "Airspace Disease;Hyperinflation",
  "probabilities": {
    "Airspace Disease": 0.187258,
    "Bronchiectasis": 0.007031,
    "Bronchiolitis": 0.004798,
    "Bullous Disease": 0.011685,
    "Calcified Granuloma": 0.263483,
    "Calcinosis": 0.220416,
    "Cardiac Shadow (abnormal)": 0.038721,
    "Cardiomegaly": 0.088443,
    "Consolidation": 0.117922,
    "Degenerative Change": 0.333484,
    "Edema": 0.04141,
    "Effusion": 0.008717,
    "Emphysema": 0.101219,
    "Fibrosis": 0.190585,
    "Fractures": 0.121264,
    "Hernia": 0.107275,
    "Hyperinflation": 0.284704,
    "Increased Lung Markings": 0.194575,
    "Interstitial Lung Disease": 0.078586,
    "Kyphosis": 0.052774,
    "Lesion": 0.288022,
    "Mass": 0.032736,
    "Nodule": 0.118652,
    "Osteophyte": 0.137434,
    "Pleural Effusion": 0.169633,
    "Pleural Thickening": 0.11945,
    "Pneumothorax": 0.029206,
    "Pulmonary Artery Enlargement": 0.027191,
    "Pulmonary Fibrosis": 0.020152,
    "Rib Fracture": 0.009153,
    "Scoliosis": 0.229317,
    "Subcutaneous Emphysema": 0.008025,
    "Thickening": 0.102381,
    "Volume Loss": 0.240971,
    "normal": 0.811142
  },
  "frontal_probs": {
    "Airspace Disease": 0.23077569901943207,
    "Bronchiectasis": 0.00887585524469614,
    "Bronchiolitis": 0.007303120102733374,
    "Bullous Disease": 0.016150789335370064,
    "Calcified Granuloma": 0.253388911485672,
    "Calcinosis": 0.24773727357387543,
    "Cardiac Shadow (abnormal)": 0.05169479176402092,
    "Cardiomegaly": 0.10664060711860657,
    "Consolidation": 0.14701232314109802,
    "Degenerative Change": 0.32480815052986145,
    "Edema": 0.05173997953534126,
    "Effusion": 0.011406982317566872,
    "Emphysema": 0.11061932891607285,
    "Fibrosis": 0.2221841812133789,
    "Fractures": 0.14549916982650757,
    "Hernia": 0.14090900123119354,
    "Hyperinflation": 0.35271337628364563,
    "Increased Lung Markings": 0.2645057141780853,
    "Interstitial Lung Disease": 0.07062698155641556,
    "Kyphosis": 0.06687689572572708,
    "Lesion": 0.34466442465782166,
    "Mass": 0.04134860262274742,
    "Nodule": 0.12600651383399963,
    "Osteophyte": 0.15241418778896332,
    "Pleural Effusion": 0.2343216985464096,
    "Pleural Thickening": 0.16302400827407837,
    "Pneumothorax": 0.036703381687402725,
    "Pulmonary Artery Enlargement": 0.02586175873875618,
    "Pulmonary Fibrosis": 0.02280651032924652,
    "Rib Fracture": 0.013045128434896469,
    "Scoliosis": 0.3049272894859314,
    "Subcutaneous Emphysema": 0.011043131351470947,
    "Thickening": 0.12868577241897583,
    "Volume Loss": 0.309469610452652,
    "normal": 0.7542183995246887
  },
  "lateral_probs": {
    "Airspace Disease": 0.10643836110830307,
    "Bronchiectasis": 0.0036061396822333336,
    "Bronchiolitis": 0.00014427774294745177,
    "Bullous Disease": 0.0033928100019693375,
    "Calcified Granuloma": 0.2822297513484955,
    "Calcinosis": 0.16967539489269257,
    "Cardiac Shadow (abnormal)": 0.014626476913690567,
    "Cardiomegaly": 0.05464809015393257,
    "Consolidation": 0.06389720737934113,
    "Degenerative Change": 0.34959501028060913,
    "Edema": 0.02222452126443386,
    "Effusion": 0.003720849519595504,
    "Emphysema": 0.08376263082027435,
    "Fibrosis": 0.13190104067325592,
    "Fractures": 0.07625547051429749,
    "Hernia": 0.04481241852045059,
    "Hyperinflation": 0.15840141475200653,
    "Increased Lung Markings": 0.0647040456533432,
    "Interstitial Lung Disease": 0.09336581081151962,
    "Kyphosis": 0.026583876460790634,
    "Lesion": 0.18282969295978546,
    "Mass": 0.01674053445458412,
    "Nodule": 0.10499364882707596,
    "Osteophyte": 0.10961394757032394,
    "Pleural Effusion": 0.04949728026986122,
    "Pleural Thickening": 0.038526397198438644,
    "Pneumothorax": 0.015283115208148956,
    "Pulmonary Artery Enlargement": 0.02965943142771721,
    "Pulmonary Fibrosis": 0.015221379697322845,
    "Rib Fracture": 0.0019240003312006593,
    "Scoliosis": 0.08889827877283096,
    "Subcutaneous Emphysema": 0.0024201779160648584,
    "Thickening": 0.053530555218458176,
    "Volume Loss": 0.11375878006219864,
    "normal": 0.9168583750724792
  }
}