{
  "uid": "3661",
  "frontal_image": "3661_IM-1821-1001.dcm.png",
  "lateral_image": "3661_IM-1821-2001.dcm.png",
  "fusion_mode": "weighted_avg(f=0.65,l=0.35)",
  "predicted_classes": [
    "normal"
  ],
  "resolved_classes": [
    "normal"
  ],
  "kg_classes": [
    "Normal"
  ],
  "num_predicted": 1,
  "conflict_resolution": "no_conflict",
  "is_uncertain": false,
  "uncertainty_reason": "",
  "inference_time_s": 0.2625,
  "gt_labels": "normal",
  "probabilities": {
    "Airspace Disease": 0.072826,
    "Bronchiectasis": 0.007895,
    "Bronchiolitis": 0.000582,
    "Bullous Disease": 0.002979,
    "Calcified Granuloma": 0.141736,
    "Calcinosis": 0.086547,
    "Cardiac Shadow (abnormal)": 0.019814,
    "Cardiomegaly": 0.069782,
    "Consolidation": 0.047697,
    "Degenerative Change": 0.185384,
    "Edema": 0.028733,
    "Effusion": 0.00664,
    "Emphysema": 0.053797,
    "Fibrosis": 0.113626,
    "Fractures": 0.059205,
    "Hernia": 0.059109,
    "Hyperinflation": 0.113016,
    "Increased Lung Markings": 0.056502,
    "Interstitial Lung Disease": 0.039327,
    "Kyphosis": 0.027024,
    "Lesion": 0.1409,
    "Mass": 0.026275,
    "Nodule": 0.058827,
    "Osteophyte": 0.078801,
    "Pleural Effusion": 0.046748,
    "Pleural Thickening": 0.032626,
    "Pneumothorax": 0.024448,
    "Pulmonary Artery Enlargement": 0.035924,
    "Pulmonary Fibrosis": 0.021578,
    "Rib Fracture": 0.006005,
    "Scoliosis": 0.070571,
    "Subcutaneous Emphysema": 0.004735,
    "Thickening": 0.037599,
    "Volume Loss": 0.08565,
    "normal": 0.917373
  },
  "frontal_probs": {
    "Airspace Disease": 0.006835391744971275,
    "Bronchiectasis": 3.890454081556527e-06,
    "Bronchiolitis": 2.7827702524518827e-06,
    "Bullous Disease": 3.5612480132840574e-05,
    "Calcified Granuloma": 0.050683774054050446,
    "Calcinosis": 0.01673365943133831,
    "Cardiac Shadow (abnormal)": 0.00023055265774019063,
    "Cardiomegaly": 0.006179777439683676,
    "Consolidation": 0.0034899055026471615,
    "Degenerative Change": 0.03173810988664627,
    "Edema": 0.000924473162740469,
    "Effusion": 7.216165977297351e-05,
    "Emphysema": 0.0023067642468959093,
    "Fibrosis": 0.017983851954340935,
    "Fractures": 0.012519451789557934,
    "Hernia": 0.005101928487420082,
    "Hyperinflation": 0.018884629011154175,
    "Increased Lung Markings": 0.0106993792578578,
    "Interstitial Lung Disease": 0.0008440075907856226,
    "Kyphosis": 0.0014849910512566566,
    "Lesion": 0.011400751769542694,
    "Mass": 0.00024890314671210945,
    "Nodule": 0.01320677250623703,
    "Osteophyte": 0.018437214195728302,
    "Pleural Effusion": 0.0013512237928807735,
    "Pleural Thickening": 0.003712365636602044,
    "Pneumothorax": 0.004347320180386305,
    "Pulmonary Artery Enlargement": 0.001492891344241798,
    "Pulmonary Fibrosis": 2.492317435098812e-05,
    "Rib Fracture": 2.0035295165143907e-05,
    "Scoliosis": 0.02540949545800686,
    "Subcutaneous Emphysema": 2.9545848519774154e-05,
    "Thickening": 0.002088674809783697,
    "Volume Loss": 0.013869752176105976,
    "normal": 0.9921534657478333
  },
  "lateral_probs": {
    "Airspace Disease": 0.19537858664989471,
    "Bronchiectasis": 0.022550899535417557,
    "Bronchiolitis": 0.001657352433539927,
    "Bullous Disease": 0.008444780483841896,
    "Calcified Granuloma": 0.3108322024345398,
    "Calcinosis": 0.21620167791843414,
    "Cardiac Shadow (abnormal)": 0.05618325248360634,
    "Cardiomegaly": 0.18790046870708466,
    "Consolidation": 0.1297948807477951,
    "Degenerative Change": 0.47072672843933105,
    "Edema": 0.08037714660167694,
    "Effusion": 0.018837377429008484,
    "Emphysema": 0.14942164719104767,
    "Fibrosis": 0.2912464439868927,
    "Fractures": 0.1459057480096817,
    "Hernia": 0.1594090312719345,
    "Hyperinflation": 0.28783243894577026,
    "Increased Lung Markings": 0.14156374335289001,
    "Interstitial Lung Disease": 0.11079423129558563,
    "Kyphosis": 0.07445348799228668,
    "Lesion": 0.3813982903957367,
    "Mass": 0.07461024820804596,
    "Nodule": 0.1435488760471344,
    "Osteophyte": 0.19090647995471954,
    "Pleural Effusion": 0.13105525076389313,
    "Pleural Thickening": 0.08632245659828186,
    "Pneumothorax": 0.06177917867898941,
    "Pulmonary Artery Enlargement": 0.09986800700426102,
    "Pulmonary Fibrosis": 0.06160636246204376,
    "Rib Fracture": 0.01711876690387726,
    "Scoliosis": 0.15444310009479523,
    "Subcutaneous Emphysema": 0.01347406767308712,
    "Thickening": 0.10354593396186829,
    "Volume Loss": 0.2189570963382721,
    "normal": 0.7784962058067322
  }
}