{
  "uid": "3712",
  "frontal_image": "3712_IM-1854-1001.dcm.png",
  "lateral_image": "3712_IM-1854-2001.dcm.png",
  "fusion_mode": "weighted_avg(f=0.65,l=0.35)",
  "predicted_classes": [
    "normal"
  ],
  "resolved_classes": [
    "normal"
  ],
  "kg_classes": [
    "Normal"
  ],
  "num_predicted": 1,
  "conflict_resolution": "no_conflict",
  "is_uncertain": true,
  "uncertainty_reason": "normal_prob=0.554 (<0.73) with elevated disease scores: Hyperinflation=0.448, Lesion=0.425, Increased Lung Markings=0.401",
  "inference_time_s": 0.2511,
  "gt_labels": "Degenerative Change",
  "probabilities": {
    "Airspace Disease": 0.292819,
    "Bronchiectasis": 0.030369,
    "Bronchiolitis": 0.005162,
    "Bullous Disease": 0.033622,
    "Calcified Granuloma": 0.264719,
    "Calcinosis": 0.181745,
    "Cardiac Shadow (abnormal)": 0.145535,
    "Cardiomegaly": 0.307597,
    "Consolidation": 0.12628,
    "Degenerative Change": 0.337753,
    "Edema": 0.170981,
    "Effusion": 0.098155,
    "Emphysema": 0.102357,
    "Fibrosis": 0.155055,
    "Fractures": 0.127524,
    "Hernia": 0.122731,
    "Hyperinflation": 0.447523,
    "Increased Lung Markings": 0.400613,
    "Interstitial Lung Disease": 0.082587,
    "Kyphosis": 0.10881,
    "Lesion": 0.425281,
    "Mass": 0.033557,
    "Nodule": 0.217852,
    "Osteophyte": 0.148749,
    "Pleural Effusion": 0.312698,
    "Pleural Thickening": 0.152546,
    "Pneumothorax": 0.145413,
    "Pulmonary Artery Enlargement": 0.042518,
    "Pulmonary Fibrosis": 0.051034,
    "Rib Fracture": 0.01493,
    "Scoliosis": 0.192675,
    "Subcutaneous Emphysema": 0.042848,
    "Thickening": 0.090853,
    "Volume Loss": 0.232625,
    "normal": 0.554118
  },
  "frontal_probs": {
    "Airspace Disease": 0.2310074269771576,
    "Bronchiectasis": 0.011910722590982914,
    "Bronchiolitis": 0.0008994965464808047,
    "Bullous Disease": 0.01382929552346468,
    "Calcified Granuloma": 0.23170551657676697,
    "Calcinosis": 0.11795955896377563,
    "Cardiac Shadow (abnormal)": 0.03948685899376869,
    "Cardiomegaly": 0.18987049162387848,
    "Consolidation": 0.09024421125650406,
    "Degenerative Change": 0.2737305462360382,
    "Edema": 0.08926793932914734,
    "Effusion": 0.059413809329271317,
    "Emphysema": 0.04514484107494354,
    "Fibrosis": 0.10987677425146103,
    "Fractures": 0.07940695434808731,
    "Hernia": 0.038714077323675156,
    "Hyperinflation": 0.41141277551651,
    "Increased Lung Markings": 0.36693012714385986,
    "Interstitial Lung Disease": 0.030993109568953514,
    "Kyphosis": 0.03297857940196991,
    "Lesion": 0.35322681069374084,
    "Mass": 0.0038155484944581985,
    "Nodule": 0.20057938992977142,
    "Osteophyte": 0.12522952258586884,
    "Pleural Effusion": 0.23931041359901428,
    "Pleural Thickening": 0.09409649670124054,
    "Pneumothorax": 0.1402800977230072,
    "Pulmonary Artery Enlargement": 0.017650257796049118,
    "Pulmonary Fibrosis": 0.014629500918090343,
    "Rib Fracture": 0.002909047994762659,
    "Scoliosis": 0.15979944169521332,
    "Subcutaneous Emphysema": 0.010594818741083145,
    "Thickening": 0.0620158426463604,
    "Volume Loss": 0.18475937843322754,
    "normal": 0.5941290855407715
  },
  "lateral_probs": {
    "Airspace Disease": 0.40761107206344604,
    "Bronchiectasis": 0.06465005874633789,
    "Bronchiolitis": 0.013077553361654282,
    "Bullous Disease": 0.07038097828626633,
    "Calcified Granuloma": 0.32603025436401367,
    "Calcinosis": 0.30020490288734436,
    "Cardiac Shadow (abnormal)": 0.3424806296825409,
    "Cardiomegaly": 0.526231586933136,
    "Consolidation": 0.1932043731212616,
    "Degenerative Change": 0.45665112137794495,
    "Edema": 0.3227337896823883,
    "Effusion": 0.17010197043418884,
    "Emphysema": 0.20860803127288818,
    "Fibrosis": 0.2389563024044037,
    "Fractures": 0.21688325703144073,
    "Hernia": 0.2787618637084961,
    "Hyperinflation": 0.5145841836929321,
    "Increased Lung Markings": 0.46316805481910706,
    "Interstitial Lung Disease": 0.1784048229455948,
    "Kyphosis": 0.24964098632335663,
    "Lesion": 0.5590964555740356,
    "Mass": 0.08879216760396957,
    "Nodule": 0.2499285191297531,
    "Osteophyte": 0.19242890179157257,
    "Pleural Effusion": 0.4489891529083252,
    "Pleural Thickening": 0.26109549403190613,
    "Pneumothorax": 0.15494480729103088,
    "Pulmonary Artery Enlargement": 0.08870046585798264,
    "Pulmonary Fibrosis": 0.11864197254180908,
    "Rib Fracture": 0.037255119532346725,
    "Scoliosis": 0.25373098254203796,
    "Subcutaneous Emphysema": 0.1027471125125885,
    "Thickening": 0.14440685510635376,
    "Volume Loss": 0.3215179741382599,
    "normal": 0.47981107234954834
  }
}