{
  "uid": "3469",
  "frontal_image": "3469_IM-1685-1001.dcm.png",
  "lateral_image": "3469_IM-1685-2001.dcm.png",
  "fusion_mode": "weighted_avg(f=0.65,l=0.35)",
  "predicted_classes": [
    "Lesion",
    "Degenerative Change",
    "normal"
  ],
  "resolved_classes": [
    "Lesion",
    "Degenerative Change"
  ],
  "kg_classes": [
    "Lesion",
    "Degenerative Change"
  ],
  "num_predicted": 2,
  "conflict_resolution": "disease_dominates",
  "is_uncertain": false,
  "uncertainty_reason": "",
  "inference_time_s": 0.285,
  "gt_labels": "Fibrosis;Hyperinflation;Lesion",
  "probabilities": {
    "Airspace Disease": 0.347569,
    "Bronchiectasis": 0.200232,
    "Bronchiolitis": 0.110834,
    "Bullous Disease": 0.150688,
    "Calcified Granuloma": 0.42874,
    "Calcinosis": 0.430995,
    "Cardiac Shadow (abnormal)": 0.247667,
    "Cardiomegaly": 0.314319,
    "Consolidation": 0.280326,
    "Degenerative Change": 0.514709,
    "Edema": 0.302374,
    "Effusion": 0.129827,
    "Emphysema": 0.465028,
    "Fibrosis": 0.462327,
    "Fractures": 0.324229,
    "Hernia": 0.303234,
    "Hyperinflation": 0.446462,
    "Increased Lung Markings": 0.358163,
    "Interstitial Lung Disease": 0.285234,
    "Kyphosis": 0.244186,
    "Lesion": 0.546107,
    "Mass": 0.184995,
    "Nodule": 0.319756,
    "Osteophyte": 0.286829,
    "Pleural Effusion": 0.353722,
    "Pleural Thickening": 0.26238,
    "Pneumothorax": 0.215811,
    "Pulmonary Artery Enlargement": 0.136823,
    "Pulmonary Fibrosis": 0.244763,
    "Rib Fracture": 0.102678,
    "Scoliosis": 0.26579,
    "Subcutaneous Emphysema": 0.144562,
    "Thickening": 0.304884,
    "Volume Loss": 0.390001,
    "normal": 0.508969
  },
  "frontal_probs": {
    "Airspace Disease": 0.3824727535247803,
    "Bronchiectasis": 0.2663452923297882,
    "Bronchiolitis": 0.16383464634418488,
    "Bullous Disease": 0.20102769136428833,
    "Calcified Granuloma": 0.45151981711387634,
    "Calcinosis": 0.49696263670921326,
    "Cardiac Shadow (abnormal)": 0.2891046404838562,
    "Cardiomegaly": 0.34315353631973267,
    "Consolidation": 0.30196815729141235,
    "Degenerative Change": 0.5309990644454956,
    "Edema": 0.34348064661026,
    "Effusion": 0.15560472011566162,
    "Emphysema": 0.4896934926509857,
    "Fibrosis": 0.5141107439994812,
    "Fractures": 0.38703951239585876,
    "Hernia": 0.35291868448257446,
    "Hyperinflation": 0.439367413520813,
    "Increased Lung Markings": 0.42188024520874023,
    "Interstitial Lung Disease": 0.2984852194786072,
    "Kyphosis": 0.3006027638912201,
    "Lesion": 0.6029219627380371,
    "Mass": 0.23309855163097382,
    "Nodule": 0.3664895296096802,
    "Osteophyte": 0.3004007041454315,
    "Pleural Effusion": 0.4214962422847748,
    "Pleural Thickening": 0.29167646169662476,
    "Pneumothorax": 0.2485375553369522,
    "Pulmonary Artery Enlargement": 0.14673952758312225,
    "Pulmonary Fibrosis": 0.30734604597091675,
    "Rib Fracture": 0.13581380248069763,
    "Scoliosis": 0.29769042134284973,
    "Subcutaneous Emphysema": 0.20125794410705566,
    "Thickening": 0.3648231029510498,
    "Volume Loss": 0.4376770555973053,
    "normal": 0.4526765048503876
  },
  "lateral_probs": {
    "Airspace Disease": 0.2827485203742981,
    "Bronchiectasis": 0.07744940370321274,
    "Bronchiolitis": 0.012403921224176884,
    "Bullous Disease": 0.05719973146915436,
    "Calcified Granuloma": 0.38643524050712585,
    "Calcinosis": 0.30848392844200134,
    "Cardiac Shadow (abnormal)": 0.170710489153862,
    "Cardiomegaly": 0.2607693672180176,
    "Consolidation": 0.24013403058052063,
    "Degenerative Change": 0.48445674777030945,
    "Edema": 0.22603297233581543,
    "Effusion": 0.08195509761571884,
    "Emphysema": 0.4192199409008026,
    "Fibrosis": 0.36615824699401855,
    "Fractures": 0.2075796276330948,
    "Hernia": 0.2109612375497818,
    "Hyperinflation": 0.4596366584300995,
    "Increased Lung Markings": 0.2398313283920288,
    "Interstitial Lung Disease": 0.2606249749660492,
    "Kyphosis": 0.13941268622875214,
    "Lesion": 0.44059285521507263,
    "Mass": 0.0956593006849289,
    "Nodule": 0.2329665720462799,
    "Osteophyte": 0.26162439584732056,
    "Pleural Effusion": 0.22785533964633942,
    "Pleural Thickening": 0.20797330141067505,
    "Pneumothorax": 0.155034139752388,
    "Pulmonary Artery Enlargement": 0.11840540170669556,
    "Pulmonary Fibrosis": 0.12853595614433289,
    "Rib Fracture": 0.04114009812474251,
    "Scoliosis": 0.2065473049879074,
    "Subcutaneous Emphysema": 0.03926992043852806,
    "Thickening": 0.19356831908226013,
    "Volume Loss": 0.30145883560180664,
    "normal": 0.6135125756263733
  }
}