{
  "uid": "3792",
  "frontal_image": "3792_IM-1906-1001.dcm.png",
  "lateral_image": "3792_IM-1906-1002.dcm.png",
  "fusion_mode": "weighted_avg(f=0.65,l=0.35)",
  "predicted_classes": [
    "normal"
  ],
  "resolved_classes": [
    "normal"
  ],
  "kg_classes": [
    "Normal"
  ],
  "num_predicted": 1,
  "conflict_resolution": "no_conflict",
  "is_uncertain": false,
  "uncertainty_reason": "",
  "inference_time_s": 0.2564,
  "gt_labels": "normal",
  "probabilities": {
    "Airspace Disease": 0.116269,
    "Bronchiectasis": 0.012554,
    "Bronchiolitis": 0.001829,
    "Bullous Disease": 0.010591,
    "Calcified Granuloma": 0.26204,
    "Calcinosis": 0.167313,
    "Cardiac Shadow (abnormal)": 0.076256,
    "Cardiomegaly": 0.17942,
    "Consolidation": 0.059818,
    "Degenerative Change": 0.284776,
    "Edema": 0.089358,
    "Effusion": 0.020758,
    "Emphysema": 0.102332,
    "Fibrosis": 0.169307,
    "Fractures": 0.116933,
    "Hernia": 0.149519,
    "Hyperinflation": 0.246385,
    "Increased Lung Markings": 0.161697,
    "Interstitial Lung Disease": 0.064814,
    "Kyphosis": 0.051146,
    "Lesion": 0.20097,
    "Mass": 0.037918,
    "Nodule": 0.178032,
    "Osteophyte": 0.18151,
    "Pleural Effusion": 0.07027,
    "Pleural Thickening": 0.091548,
    "Pneumothorax": 0.046832,
    "Pulmonary Artery Enlargement": 0.056169,
    "Pulmonary Fibrosis": 0.023991,
    "Rib Fracture": 0.00948,
    "Scoliosis": 0.130109,
    "Subcutaneous Emphysema": 0.014604,
    "Thickening": 0.073367,
    "Volume Loss": 0.154841,
    "normal": 0.837993
  },
  "frontal_probs": {
    "Airspace Disease": 0.03373848274350166,
    "Bronchiectasis": 0.0013550680596381426,
    "Bronchiolitis": 0.0009694531327113509,
    "Bullous Disease": 0.001933759544044733,
    "Calcified Granuloma": 0.20889437198638916,
    "Calcinosis": 0.11778730154037476,
    "Cardiac Shadow (abnormal)": 0.025312459096312523,
    "Cardiomegaly": 0.11725154519081116,
    "Consolidation": 0.020828671753406525,
    "Degenerative Change": 0.211852565407753,
    "Edema": 0.029981719329953194,
    "Effusion": 0.004763337783515453,
    "Emphysema": 0.036709610372781754,
    "Fibrosis": 0.10793913155794144,
    "Fractures": 0.06664154678583145,
    "Hernia": 0.1405523717403412,
    "Hyperinflation": 0.14171449840068817,
    "Increased Lung Markings": 0.10230384767055511,
    "Interstitial Lung Disease": 0.021593179553747177,
    "Kyphosis": 0.01649870164692402,
    "Lesion": 0.11115071177482605,
    "Mass": 0.013874636963009834,
    "Nodule": 0.12634584307670593,
    "Osteophyte": 0.15793783962726593,
    "Pleural Effusion": 0.02057466097176075,
    "Pleural Thickening": 0.028681248426437378,
    "Pneumothorax": 0.01658940501511097,
    "Pulmonary Artery Enlargement": 0.02801688387989998,
    "Pulmonary Fibrosis": 0.004490782506763935,
    "Rib Fracture": 0.006469460669904947,
    "Scoliosis": 0.1029171571135521,
    "Subcutaneous Emphysema": 0.0017547730822116137,
    "Thickening": 0.0321761816740036,
    "Volume Loss": 0.09479783475399017,
    "normal": 0.9202558398246765
  },
  "lateral_probs": {
    "Airspace Disease": 0.26953908801078796,
    "Bronchiectasis": 0.03335128724575043,
    "Bronchiolitis": 0.0034250891767442226,
    "Bullous Disease": 0.026667341589927673,
    "Calcified Granuloma": 0.3607390522956848,
    "Calcinosis": 0.2592880129814148,
    "Cardiac Shadow (abnormal)": 0.17086412012577057,
    "Cardiomegaly": 0.29487571120262146,
    "Consolidation": 0.1322263479232788,
    "Degenerative Change": 0.42020586133003235,
    "Edema": 0.19962918758392334,
    "Effusion": 0.05046193674206734,
    "Emphysema": 0.22420117259025574,
    "Fibrosis": 0.28327515721321106,
    "Fractures": 0.2103324830532074,
    "Hernia": 0.16617000102996826,
    "Hyperinflation": 0.4407739043235779,
    "Increased Lung Markings": 0.2719983756542206,
    "Interstitial Lung Disease": 0.14508111774921417,
    "Kyphosis": 0.1154896691441536,
    "Lesion": 0.367776483297348,
    "Mass": 0.0825713723897934,
    "Nodule": 0.27402064204216003,
    "Osteophyte": 0.22528791427612305,
    "Pleural Effusion": 0.1625617891550064,
    "Pleural Thickening": 0.2083006501197815,
    "Pneumothorax": 0.10299587994813919,
    "Pulmonary Artery Enlargement": 0.10845290124416351,
    "Pulmonary Fibrosis": 0.06020452827215195,
    "Rib Fracture": 0.015070164576172829,
    "Scoliosis": 0.1806071698665619,
    "Subcutaneous Emphysema": 0.03846709057688713,
    "Thickening": 0.14986445009708405,
    "Volume Loss": 0.2663496434688568,
    "normal": 0.6852185726165771
  }
}